{"numbers":[["1","2","3","4","-","5","6","7","8","9","-","10","11","12","13"],["14","","","","-","15","","","","","-","16","","",""],["17","","","","-","18","","","","","-","19","","",""],["20","","","","21","","","","","","22","","-","-","-"],["-","-","-","-","23","","","-","-","-","24","","25","26","-"],["27","28","29","30","","","-","31","32","33","","","","","34"],["35","","","","","-","36","","","","-","-","37","",""],["38","","","","","39","","","","","40","41","","",""],["42","","","-","-","43","","","","-","44","","","",""],["45","","","46","47","","","","-","48","","","","",""],["-","49","","","","-","-","-","50","","","-","-","-","-"],["-","-","-","51","","52","53","54","","","","55","56","57","58"],["59","60","61","","-","62","","","","","-","63","","",""],["64","","","","-","65","","","","","-","66","","",""],["67","","","","-","68","","","","","-","69","","",""]],"clues":{"1a":"List ender","5a":"Intrinsically","10a":"N.Y.C. station","14a":"Coveted review","15a":"Love in Limoges","16a":"\"___, Brute?\"","17a":"Part of the eye","18a":"Rams and Jets, e.g.","19a":"Newspaperman Adolph","20a":"\"No guarantees\"","23a":"___ Alte (Adenauer)","24a":"540-1600 on a radio","27a":"Calpurnia's husband","31a":"Oner","35a":"Fluorescent-lamp filler","36a":"Intoxicating drink of the gods","37a":"Follower's suffix","38a":"Unwelcome one","42a":"Shad delicacy","43a":"Tight positions?","44a":"Record","45a":"Second self","48a":"Declare","49a":"Thrall of yore","50a":"MS. perusers","51a":"Willy-nilly","59a":"Concerning","62a":"Related maternally","63a":"Assist a prankster","64a":"___ bene","65a":"Adder or asp","66a":"Secure, in a way","67a":"Not up","68a":"That is","69a":"___ Domini","1d":"\"The Red\"","2d":"\"G.W.T.W.\" locale","3d":"Tel ___","4d":"Majesty lead-in","5d":"Little feet do it","6d":"Title in Turkey","7d":"Indulge one's wanderlust","8d":"Waste reservoir","9d":"Once, once","10d":"Bradley University site","11d":"Another list ender","12d":"Highest degree","13d":"Mus' followers","21d":"Hersey novel town","22d":"Harem room","25d":"Control a 747","26d":"Antiseptic-surgery pioneer Joseph","27d":"\"Lost Horizon\" director","28d":"Tissue gap","29d":"They may be snowy","30d":"\"Mayday!\"","31d":"Musical form ending a sonata","32d":"Freeman Gosden radio role","33d":"Sought office","34d":"Embark","36d":"Squealed","39d":"Society-page word","40d":"Artist's paste","41d":"T.L.C. is their forte","46d":"Nonet, for one","47d":"Early auto","48d":"Commercial, in British slang","50d":"___ Park, Colorado","52d":"Jeans maker Strauss","53d":"Writer Bagnold","54d":"Neck part","55d":"Miss Cantrell","56d":"\"Voice of Israel\" author, 1957","57d":"Nurnberg no","58d":"Capital of Manche","59d":"___ nutshell","60d":"San Francisco hill","61d":"I-95, e.g.: Abbr."},"answers":{"1a":"ETAL","5a":"PERSE","10a":"PENN","14a":"RAVE","15a":"AMOUR","16a":"ETTU","17a":"IRIS","18a":"TEAMS","19a":"OCHS","20a":"CAVEATEMPTOR","23a":"DER","24a":"DIAL","27a":"CAESAR","31a":"RARAAVIS","35a":"ARGON","36a":"SOMA","37a":"IST","38a":"PERSONANONGRATA","42a":"ROE","43a":"ENDS","44a":"ENTER","45a":"ALTEREGO","48a":"ASSERT","49a":"ESNE","50a":"EDS","51a":"NOLENSVOLENS","59a":"INRE","62a":"ENATE","63a":"ABET","64a":"NOTA","65a":"VIPER","66a":"NAIL","67a":"ABED","68a":"IDEST","69a":"ANNO","1d":"ERIC","2d":"TARA","3d":"AVIV","4d":"LESE","5d":"PATTER","6d":"EMEER","7d":"ROAM","8d":"SUMP","9d":"ERST","10d":"PEORIA","11d":"ETC","12d":"NTH","13d":"NUS","21d":"ADANO","22d":"ODA","25d":"AVIATE","26d":"LISTER","27d":"CAPRA","28d":"AREOLE","29d":"EGRETS","30d":"SOS","31d":"RONDO","32d":"AMOS","33d":"RAN","34d":"START","36d":"SANG","39d":"NEE","40d":"GESSO","41d":"RNS","46d":"ENNEAD","47d":"REO","48d":"ADVERT","50d":"ESTES","52d":"LEVI","53d":"ENID","54d":"NAPE","55d":"LANA","56d":"EBAN","57d":"NEIN","58d":"STLO","59d":"INA","60d":"NOB","61d":"RTE"}}