{"numbers":[["1","2","3","4","-","5","6","7","8","-","9","10","11","12","13"],["14","","","","-","15","","","","-","16","","","",""],["17","","","","-","18","","","","-","19","","","",""],["20","","","","21","","","","","22","","-","23","",""],["-","-","-","-","24","","","-","25","","","-","26","",""],["27","28","29","30","","","-","31","","","","32","","-","-"],["33","","","","","-","34","","","","-","35","","36","37"],["38","","","","","-","39","","","-","40","","","",""],["41","","","","-","42","","","","-","43","","","",""],["-","-","44","","45","","","","-","46","","","","",""],["47","48","","-","49","","","-","50","","","-","-","-","-"],["51","","","-","52","","","53","","","","54","55","56","57"],["58","","","59","","-","60","","","","-","61","","",""],["62","","","","","-","63","","","","-","64","","",""],["65","","","","","-","66","","","","-","67","","",""]],"clues":{"1a":"Mississippi Senator Cochran","5a":"Nutty","9a":"Gangbusters at the box office","14a":"River to the Rhine","15a":"Lena of recent films","16a":"Like the skies in \"Ulalume\"","17a":"Sorts","18a":"Carty of baseball","19a":"Oh, so many moons","20a":"Go astray","23a":"Stack-blowing feeling","24a":"Countdown start","25a":"Tak's opposite","26a":"Alphabetic run","27a":"As a whole","31a":"Bit","33a":"Mezzo-soprano Marilyn","34a":"Santa Fe Trail town","35a":"Pickle","38a":"Red of firefighting fame","39a":"Words of wonderment","40a":"With respect to","41a":"\"Whip It\" rock group","42a":"Drawing card","43a":"The Divine Miss M.","44a":"Play the siren","46a":"Smelt, e.g.","47a":"Aquarium oddity","49a":"Cry of delight","50a":"It has its point","51a":"Harvest goddess","52a":"Not yet in full bloom","58a":"Tubby the Tuba creator Paul","60a":"Reed of note","61a":"Light-footed","62a":"Hint","63a":"An order of the court","64a":"W.W. I German admiral","65a":"Pond covering","66a":"Silent O.K.'s","67a":"With defects and all","1d":"Shadow","2d":"Christmas play prop","3d":"Synagogue cabinets","4d":"Not dose","5d":"World's third-largest island","6d":"'79 sci-fi thriller","7d":"Muscle spasms","8d":"Bird that summers in the Arctic","9d":"Agree","10d":"Sugary suffix","11d":"Many skiers use these when they [see diagonal starting in upper left corner]","12d":"Writers Jean and Walter","13d":"Assault","21d":"Mink's relative","22d":"Pretension","27d":"'64 musical \"___a Ball\"","28d":"Leaf's starting point","29d":"Getting across","30d":"Stew ingredient","31d":"Skier Phil","32d":"Original Jed Clampett","34d":"Score for Barry Sanders","36d":"Observe","37d":"Great Scott of 1857","40d":"Sound as ___","42d":"Animal that sleeps with its eyes open","45d":"Noodle topper","46d":"Candy","47d":"Must, slangily","48d":"Part of an Argentine autumn","50d":"Steer clear of","53d":"River of Spain","54d":"Greek peak","55d":"Third addendum to a letter","56d":"\"...___ saw Elba\"","57d":"Shoemakers' bottles","59d":"Trevino's org."},"answers":{"1a":"THAD","5a":"BATS","9a":"SOCKO","14a":"AARE","15a":"OLIN","16a":"ASHEN","17a":"ILKS","18a":"RICO","19a":"YEARS","20a":"LOSEONESWAY","23a":"IRE","24a":"TEN","25a":"GIE","26a":"RST","27a":"INTOTO","31a":"MORSEL","33a":"HORNE","34a":"TAOS","35a":"BIND","38a":"ADAIR","39a":"OHS","40a":"ASFOR","41a":"DEVO","42a":"LURE","43a":"BETTE","44a":"ENTICE","46a":"SENSED","47a":"GAR","49a":"OOH","50a":"AWL","51a":"OPS","52a":"UNDEVELOPED","58a":"TRIPP","60a":"OBOE","61a":"SPRY","62a":"TINGE","63a":"WRIT","64a":"SPEE","65a":"ALGAE","66a":"NODS","67a":"ASIS","1d":"TAIL","2d":"HALO","3d":"ARKS","4d":"DESE","5d":"BORNEO","6d":"ALIEN","7d":"TICS","8d":"SNOWGOOSE","9d":"SAYYES","10d":"OSE","11d":"CHAIRLIFTS","12d":"KERRS","13d":"ONSET","21d":"OTTER","22d":"AIRS","27d":"IHAD","28d":"NODE","29d":"TRAVERSING","30d":"ONION","31d":"MAHRE","32d":"EBSEN","34d":"TOUCHDOWN","36d":"NOTE","37d":"DRED","40d":"ABELL","42d":"LION","45d":"TOUPEE","46d":"SWEETS","47d":"GOTTA","48d":"APRIL","50d":"AVOID","53d":"EBRO","54d":"OSSA","55d":"PPPS","56d":"EREI","57d":"DYES","59d":"PGA"}}