{"numbers":[["1","2","3","4","5","6","7","-","8","9","10","11","12","13","14"],["15","","","","","","","-","16","","","","","",""],["17","","","","","","","18","","","","","","",""],["19","","","","-","20","","","","","-","21","","",""],["22","","","-","-","-","23","","","-","-","-","24","",""],["25","","","26","-","27","","","","28","-","29","","",""],["30","","","","31","","","-","32","","33","","","",""],["-","-","-","34","","","-","-","-","35","","","-","-","-"],["36","37","38","","","","39","-","40","","","","41","42","43"],["44","","","","-","45","","46","","","-","47","","",""],["48","","","-","-","-","49","","","-","-","-","50","",""],["51","","","52","-","53","","","","54","-","55","","",""],["56","","","","57","","","","","","58","","","",""],["59","","","","","","","-","60","","","","","",""],["61","","","","","","","-","62","","","","","",""]],"clues":{"1a":"Kind of publishing","8a":"Car buyer's concern","15a":"Nonresident doctor: Var.","16a":"Italian rice dish","17a":"\"Fowl\" language?","19a":"She loves in Latin","20a":"Suckle","21a":"Sign on","22a":"Cooper novel, with \"The\"","23a":"E.T.S. offering","24a":"Mop topper","25a":"Part of G.E.: Abbr.","27a":"It's an old story","29a":"\"Bye-bye\"","30a":"Go for more oil","32a":"Stored some hay","34a":"Author Kobo of Japan","35a":"Take notes","36a":"Victims in a Bologna sculpture","40a":"Mariner's guide","44a":"President Arthur's middle name","45a":"Hang around","47a":"Table salt","48a":"Puzzle fodder: Abbr.","49a":"___ chi (meditative exercises)","50a":"Juno, but not Jupiter","51a":"Hard to grasp","53a":"Simile start","55a":"Can-opener targets","56a":"Way to mumble 17-Across","59a":"Attic function","60a":"Early worker?","61a":"Kind of proverbial pole","62a":"Rests under a sombrero","1d":"He'll humiliate you","2d":"Role model, e.g.","3d":"Wandered off","4d":"Lane lover?","5d":"Make a federal case of?","6d":"___ impulse","7d":"Quick read","8d":"Bridge support","9d":"Ready enough","10d":"\"___ was saying...\"","11d":"Does once?","12d":"Leading the good life","13d":"Say again","14d":"Reporter's book","18d":"Unexciting","26d":"Business-news publisher Keith","27d":"Arms in the water?","28d":"Use with relish","29d":"Business big shot","31d":"___ Saud","33d":"Roman Helios","36d":"Carpenter's floor cover","37d":"Pasta style","38d":"Book-to-movie words","39d":"Faux wool","40d":"Altar egos","41d":"Glowing","42d":"Summer cooler","43d":"Knifes","46d":"It might turn over a new leaf","52d":"Broadway showing, for short","53d":"NBC's peacock, e.g.","54d":"Shelter: Fr.","55d":"Napoopoo neckwear","57d":"P.V. Narasimha ___, Indian P.M.","58d":"___ Dawn Chong"},"answers":{"1a":"DESKTOP","8a":"TRADEIN","15a":"EXTERNE","16a":"RISOTTO","17a":"BARNYARDEPITHET","19a":"AMAT","20a":"NURSE","21a":"HIRE","22a":"SPY","23a":"SAT","24a":"CAP","25a":"ELEC","27a":"FABLE","29a":"TATA","30a":"REDRILL","32a":"ENSILED","34a":"ABE","35a":"JOT","36a":"SABINES","40a":"POLARIS","44a":"ALAN","45a":"TARRY","47a":"NACL","48a":"WDS","49a":"TAI","50a":"DEA","51a":"DEEP","53a":"LIKEA","55a":"LIDS","56a":"UNDERONESBREATH","59a":"STORAGE","60a":"TRAINEE","61a":"TENFOOT","62a":"SIESTAS","1d":"DEBASER","2d":"EXAMPLE","3d":"STRAYED","4d":"KENT","5d":"TRY","6d":"ONAN","7d":"PERUSAL","8d":"TRESTLE","9d":"RIPE","10d":"ASI","11d":"DOTH","12d":"ETHICAL","13d":"ITERATE","14d":"NOTEPAD","18d":"DRAB","26d":"CRAIN","27d":"FLEET","28d":"ENJOY","29d":"TITAN","31d":"IBN","33d":"SOL","36d":"SAWDUST","37d":"ALDENTE","38d":"BASEDON","39d":"SATINET","40d":"PRIESTS","41d":"RADIANT","42d":"ICEDTEA","43d":"SLASHES","46d":"RAKE","52d":"PERF","53d":"LOGO","54d":"ABRI","55d":"LEIS","57d":"RAO","58d":"RAE"}}