{"numbers":[["1","2","3","-","4","5","6","7","8","-","9","10","11","12","13"],["14","","","-","15","","","","","-","16","","","",""],["17","","","-","18","","","","","19","","","","",""],["20","","","21","","","-","22","","","","","-","-","-"],["23","","","","-","-","24","","","","-","25","26","27","28"],["29","","","","30","31","","-","-","-","32","","","",""],["-","-","-","33","","","","34","35","36","","-","37","",""],["-","-","38","","","","","","","","","39","","-","-"],["40","41","","-","42","","","","","","","","-","-","-"],["43","","","44","","-","-","-","45","","","","46","47","48"],["49","","","","-","50","51","52","","-","-","53","","",""],["-","-","-","54","55","","","","-","56","57","","","",""],["58","59","60","","","","","","61","","","-","62","",""],["63","","","","","-","64","","","","","-","65","",""],["66","","","","","-","67","","","","","-","68","",""]],"clues":{"1a":"Understood","4a":"Some tracks","9a":"___ Rizzo ('69 Hoffman role)","14a":"Santa ___ winds","15a":"Actress Anouk","16a":"Significant person?","17a":"Kauai keepsake","18a":"Small person","20a":"Legit","22a":"Caroline Schlossberg, to Ted Kennedy","23a":"Type style: Abbr.","24a":"Big Mama","25a":"Church part","29a":"Rummy variety","32a":"The mark on the Č in Čapek","33a":"Calendar period, to Kirk","37a":"Caustic substance","38a":"Traditional tune","40a":"Pub quaff","42a":"Logical newsman?","43a":"Long-lasting curls","45a":"Depicts","49a":"Health-food store staple","50a":"Jerry Herman composition","53a":"Dash","54a":"Michelangelo masterpiece","56a":"Journalist Greeley","58a":"Used booster cables","62a":"Tina's ex","63a":"Correspond, grammatically","64a":"Regarded favorably","65a":"Pince-___","66a":"Former Justice Byron","67a":"Air-show maneuvers","68a":"Palindrome center","1d":"French","2d":"___ time (singly)","3d":"Taipei's land","4d":"Honolulu locale","5d":"Fat fiddle","6d":"Fuse word","7d":"First name in hotels","8d":"Big rigs","9d":"Campus mil. grp.","10d":"Daughter of Zeus","11d":"Calendar abbr.","12d":"Theology sch.","13d":"Eye","19d":"___-man (flunky)","21d":"Hooch container","24d":"Magna ___","26d":"Rights grp.","27d":"\"Oy ___!\"","28d":"___ out (supplement)","30d":"Hoosegows","31d":"Footrace terminus","32d":"Stage actress Hayes","34d":"MS follower?","35d":"Love, Italian style","36d":"Newcastle-upon-___, England","38d":"Esne","39d":"Judge's exhortation","40d":"Prone","41d":"Name of 13 popes","44d":"Oscar the Grouch, for one","46d":"Julia Louis-Dreyfus on \"Seinfeld\"","47d":"Pool-ball gatherer","48d":"Common cause for blessing","50d":"Strawberry, once","51d":"\"Any Time ___\" (Beatles tune)","52d":"Auto-racer Andretti","55d":"Words of comprehension","56d":"\"David Copperfield\" character","57d":"Ten to one, e.g.","58d":"Gossip","59d":"\"That's disgusting!\"","60d":"High-tech med. diagnostics","61d":"Foreman stat"},"answers":{"1a":"GOT","4a":"OVALS","9a":"RATSO","14a":"ANA","15a":"AIMEE","16a":"OTHER","17a":"LEI","18a":"HOPOMYTHUMB","20a":"LAWFUL","22a":"NIECE","23a":"ITAL","24a":"CASS","25a":"NAVE","29a":"CANASTA","32a":"HACEK","33a":"STARDATE","37a":"LYE","38a":"SKIPTOMYLOU","40a":"ALE","42a":"REASONER","43a":"PERMS","45a":"RENDERS","49a":"TOFU","50a":"MAME","53a":"ELAN","54a":"PIETA","56a":"HORACE","58a":"JUMPSTARTED","62a":"IKE","63a":"AGREE","64a":"LIKED","65a":"NEZ","66a":"WHITE","67a":"LOOPS","68a":"ERE","1d":"GALLIC","2d":"ONEATA","3d":"TAIWAN","4d":"OAHU","5d":"VIOL","6d":"AMP","7d":"LEONA","8d":"SEMIS","9d":"ROTC","10d":"ATHENA","11d":"THU","12d":"SEM","13d":"ORB","19d":"YES","21d":"FLASK","24d":"CARTA","26d":"ACLU","27d":"VEY","28d":"EKE","30d":"STIRS","31d":"TAPE","32d":"HELEN","34d":"DOS","35d":"AMORE","36d":"TYNE","38d":"SERF","39d":"ORDER","40d":"APT","41d":"LEO","44d":"MUPPET","46d":"ELAINE","47d":"RACKER","48d":"SNEEZE","50d":"MET","51d":"ATALL","52d":"MARIO","55d":"ISEE","56d":"HEEP","57d":"ODDS","58d":"JAW","59d":"UGH","60d":"MRI","61d":"TKO"}}