{"numbers":[["1","2","3","4","-","5","6","7","8","9","-","10","11","12","13"],["14","","","","-","15","","","","","-","16","","",""],["17","","","","18","","","","","","19","","","",""],["20","","","","","","","","-","-","21","","","",""],["-","-","-","-","22","","","-","23","24","","","-","-","-"],["25","26","27","28","","","-","29","","","","-","30","31","32"],["33","","","","-","-","34","","","","","-","35","",""],["36","","","","37","38","","","","","","39","","",""],["40","","","-","41","","","","","-","-","42","","",""],["43","","","-","44","","","","-","45","46","","","",""],["-","-","-","47","","","","-","48","","","-","-","-","-"],["49","50","51","","","-","-","52","","","","53","54","55","56"],["57","","","","","58","59","","","","","","","",""],["60","","","","-","61","","","","","-","62","","",""],["63","","","","-","64","","","","","-","65","","",""]],"clues":{"1a":"\"Charlie's Angels\" actress","5a":"Jimmies","10a":"One who follows orders?","14a":"The cheaper spread","15a":"Campus clubs, for short","16a":"He jumps through hoops","17a":"New York cultural site","20a":"Squirrellike monkey","21a":"Weird","22a":"Molly Bloom's last word","23a":"Smidgens","25a":"Tempest locale","29a":"Ambiance","30a":"Vote (for)","33a":"Woody's son","34a":"Not on all fours","35a":"Fido's foot","36a":"London cultural site","40a":"Juliette Low org.","41a":"Dearest ones","42a":"___ of Samothrace","43a":"Poetic contraction","44a":"Bad day for Caesar","45a":"Moulin Rouge attraction","47a":"1947 Pulitzer composer","48a":"1987 Michael Jackson album","49a":"Swiss capital","52a":"Universal","57a":"Milan cultural site","60a":"Spur","61a":"More frigid","62a":"It sticks out of a scabbard","63a":"Emulate Icarus","64a":"Suspicious","65a":"Wordsworth works","1d":"Rich soil","2d":"Tenor Luigi","3d":"Bucks, e.g.","4d":"Coed quarters","5d":"Press type","6d":"Jimmies","7d":"Bridge position","8d":"___ degree","9d":"Compass pt.","10d":"Phoenix source","11d":"Yellowstone sighting","12d":"Singaraja's island","13d":"Vogue rival","18d":"Tom Smothers plaything","19d":"Manufacturer's come-on","23d":"Quartet after a breakup?","24d":"Mischievous","25d":"\"T\" to ham operators","26d":"VCR button","27d":"Sacrifice site","28d":"Baked Hawaiian dish","29d":"City where van Gogh painted","30d":"The eye","31d":"Skier's garment","32d":"10-to-12-year old","34d":"Gutter locale","37d":"Dickens waif","38d":"Lymph ___","39d":"Actress Reinking","45d":"Informer","46d":"Puts two and two together","47d":"___ alia","48d":"Field worker","49d":"Heat quantities: Abbr.","50d":"Mr. Saarinen","51d":"Shankar piece","52d":"Ballet bend","53d":"Quick comeback?","54d":"One of a \"Mikado\" trio","55d":"\"Winnie ___ Pu\"","56d":"Musical that opened 10/7/82","58d":"Kind of painting","59d":"Sizzling serve"},"answers":{"1a":"LADD","5a":"OPENS","10a":"ABBE","14a":"OLEO","15a":"FRATS","16a":"SEAL","17a":"AVERYFISHERHALL","20a":"MARMOSET","21a":"EERIE","22a":"YES","23a":"DABS","25a":"TEAPOT","29a":"AURA","30a":"OPT","33a":"ARLO","34a":"ERECT","35a":"PAW","36a":"NATIONALTHEATRE","40a":"GSA","41a":"LOVES","42a":"NIKE","43a":"OER","44a":"IDES","45a":"CANCAN","47a":"IVES","48a":"BAD","49a":"BERNE","52a":"PANDEMIC","57a":"TEATROALLASCALA","60a":"URGE","61a":"ICIER","62a":"HILT","63a":"SOAR","64a":"LEERY","65a":"ODES","1d":"LOAM","2d":"ALVA","3d":"DEER","4d":"DORM","5d":"OFFSET","6d":"PRIES","7d":"EAST","8d":"NTH","9d":"SSE","10d":"ASHES","11d":"BEAR","12d":"BALI","13d":"ELLE","18d":"YOYO","19d":"REBATE","23d":"DUETS","24d":"ARCH","25d":"TANGO","26d":"ERASE","27d":"ALTAR","28d":"POI","29d":"ARLES","30d":"OPTIC","31d":"PARKA","32d":"TWEEN","34d":"EAVES","37d":"OLIVER","38d":"NODE","39d":"ANN","45d":"CANARY","46d":"ADDS","47d":"INTER","48d":"BALER","49d":"BTUS","50d":"EERO","51d":"RAGA","52d":"PLIE","53d":"ECHO","54d":"MAID","55d":"ILLE","56d":"CATS","58d":"OIL","59d":"ACE"}}