{"numbers":[["-","1","2","3","4","-","-","5","6","7","8","9","10","-","-","11","12","13","14","15","16"],["17","","","","","18","-","19","","","","","","20","-","21","","","","",""],["22","","","","","","-","23","","","","","","","-","24","","","","",""],["25","","","","-","26","27","","","-","-","28","","","29","-","30","","","-","-"],["31","","","-","-","32","","","-","33","34","","","-","35","36","","","","37","38"],["39","","","40","-","41","","","-","42","","","-","43","","","","-","44","",""],["-","-","-","45","46","","-","47","48","","","-","49","","","","-","50","","",""],["51","52","53","","","","54","-","55","","","-","56","","","","57","","-","-","-"],["58","","","-","59","","","-","60","","","61","","","","-","62","","63","64","65"],["66","","","-","67","","","-","-","-","68","","","","-","69","","","","",""],["70","","","71","","","-","72","73","74","","","","","-","75","","","","",""],["76","","","","","","-","77","","","","-","-","-","78","","","-","79","",""],["80","","","","","-","81","","","","","82","83","-","84","","","-","85","",""],["-","-","-","86","","87","","","","-","88","","","-","89","","","90","","",""],["91","92","93","","-","94","","","","-","95","","","96","-","97","","","-","-","-"],["98","","","-","99","","","","-","100","","","-","101","102","","-","103","104","105","106"],["107","","","108","","","","-","109","","","","-","110","","","-","-","111","",""],["-","-","112","","","-","113","114","","","-","-","115","","","","-","116","","",""],["117","118","","","","119","-","120","","","121","122","","","-","123","124","","","",""],["125","","","","","","-","126","","","","","","","-","127","","","","",""],["128","","","","","","-","-","129","","","","","","-","-","130","","","","-"]],"clues":{"1a":"Site of the Shandog Peninsula","5a":"\"Closer to Fine\" singers","11a":"Capital near Lake Tuz","17a":"MasterCard rival","19a":"Petrarch works","21a":"Took it easy","22a":"Swami routine of the old \"Tonight Show\"","23a":"Interminable","24a":"Some are French-cut","25a":"\"The African Queen\" scriptwriter","26a":"Bud, eventually","28a":"River to the Caspian","30a":"Polish writer Stanislaw","31a":"1961 Pulitzer-winning author","32a":"Orson's planet in 70's TV","33a":"TV show about agents Robinson and Scott","35a":"Makes, as a living","39a":"Horned vipers","41a":"Average grade","42a":"Pitcher Young and namesakes","43a":"Exploits","44a":"Judo level","45a":"Grill","47a":"Lose control on the road","49a":"Srta., across the Pyrenees","50a":"Retsyn-filled mint","51a":"Trinkets","55a":"Nighttime's start, in poetry","56a":"Verdi opera","58a":"\"Bird ___ Wire\"","59a":"Salon works","60a":"Name of 16 popes","62a":"Nora Helmer's creator","66a":"1968-75 Norris Trophy winner","67a":"Dept. of the Treasury div.","68a":"Luke was his disciple","69a":"Make a big effort","70a":"Table linen, often","72a":"After-shower scene","75a":"Doctor","76a":"Toxic defoliant","77a":"Lover of Aphrodite","78a":"Flight board abbr.","79a":"Edison, e.g.: Abbr.","80a":"Tanzanian coins","81a":"Coquette","84a":"Actress Zadora","85a":"Kind of ball or card","86a":"Basketball ploy","88a":"Cell stuff","89a":"Lures into wrongdoing","91a":"\"I hear you,\" to a CB operator","94a":"Fermented","95a":"Years and years","97a":"Josh","98a":"Coach Parseghian","99a":"It's shocking!","100a":"Poivre's partner","101a":"One-fifth of MMV","103a":"Shoe coverer","107a":"Most colored by the sun","109a":"Tad","110a":"___ Tin Tin","111a":"Louisville Slugger material","112a":"Douglas, for example","113a":"Sale place","115a":"Mao successor","116a":"Hugh Hefner prop","117a":"Negatively charged atoms","120a":"Where to see 72 Across","123a":"1986 Spacek/Kline flick","125a":"Algiers's old quarter","126a":"Run-scoring bunt","127a":"Vonnegut's \"The ___ of Titan\"","128a":"Name of two English kings","129a":"Made an MRI picture","130a":"Letter opener?","1d":"It might have the heading \"Vacuum-Van\"","2d":"Silkwood portrayer","3d":"\"___ kleine Nachtmusik\"","4d":"Doogie Howser's org.","5d":"They prey on small mammals","6d":"Boo-boo","7d":"B&amp;B","8d":"Hosp. workers","9d":"Pauses","10d":"Floor","11d":"\"Let's Stay Together\" singer","12d":"They always have titles","13d":"Some MOMA paintings","14d":"Dessert option","15d":"Stimpy's buddy","16d":"Commercials","17d":"Central Florida city","18d":"Novel that features the language Nadsat","20d":"Health club","27d":"Before, to Byron","29d":"Stahl of \"60 Minutes\"","33d":"More frigid","34d":"Actor in \"The Maltese Falcon\" and \"Casablanca\"","36d":"Hull attachment","37d":"Old Mideast inits.","38d":"Explosive stuff","40d":"Wilt","43d":"Kind of lamp","46d":"Cruel","48d":"College party essential","49d":"Song also recorded as \"Harlem Footwarmers\"","50d":"Army attack helicopter","51d":"___ gold","52d":"Incense","53d":"Soldiers","54d":"Draft org.","57d":"Intellectuals","61d":"Michigan Wolverine cheer","63d":"Glass ingredient","64d":"Tie","65d":"Anxiety","69d":"Self-effacing people","71d":"Uneasy","72d":"Bridge situation","73d":"Curacao ingredient","74d":"Less brave","78d":"Imitate","81d":"Allegiance","82d":"___ Gay","83d":"Kurosawa's \"King Lear\"","87d":"Greek letters","90d":"Rural rtes.","91d":"Socks, e.g.","92d":"___ pro nobis","93d":"Perch, for example","96d":"Fastened with threads?","99d":"Springy","100d":"It explodes when wet","102d":"Racket","104d":"Sock sorter","105d":"Fluttering trees","106d":"Despondency","108d":"Tantalus's daughter","109d":"Kirkuk native","114d":"\"___ magna\" (anagrams, appropriately)","115d":"Nap","116d":"___-mutuel","117d":"King's superior","118d":"Actor Pendleton","119d":"Bit","121d":"Teachers' org.","122d":"Petition","124d":"Family girl"},"answers":{"1a":"YELLOWSEA","5a":"INDIGOGIRLS","11a":"ANKARA","17a":"OPTIMA","19a":"SONNETS","21a":"LOLLED","22a":"CARNAC","23a":"NONSTOP","24a":"GREENBEANS","25a":"AGEE","26a":"LEAF","28a":"URAL","30a":"LEM","31a":"LEE","32a":"ORK","33a":"ISPY","35a":"EKESOUT","39a":"ASPS","41a":"CEE","42a":"CYS","43a":"USES","44a":"DAN","45a":"ASK","47a":"SKID","49a":"MLLE","50a":"CERT","51a":"GEWGAWS","55a":"EEN","56a":"OTELLO","58a":"ONA","59a":"DOS","60a":"GREGORY","62a":"IBSEN","66a":"ORR","67a":"IRS","68a":"YODA","69a":"STRIVE","70a":"DAMASK","72a":"REDORANGEYELLOWGREENBLUEINDIGOVIOLET","75a":"HEALER","76a":"AGENTORANGE","77a":"ARES","78a":"ARR","79a":"INV","80a":"SENTI","81a":"FLIRTER","84a":"PIA","85a":"CUE","86a":"SCREEN","88a":"RNA","89a":"ENTRAPS","91a":"COPY","94a":"HARD","95a":"EONS","97a":"KID","98a":"ARA","99a":"VOLT","100a":"SEL","101a":"CDI","103a":"SPAT","107a":"TANNEST","109a":"IOTA","110a":"RIN","111a":"ASH","112a":"FIR","113a":"YARD","115a":"DENG","116a":"PIPE","117a":"ANIONS","120a":"RAINBOW","123a":"VIOLETSAREBLUE","125a":"CASBAH","126a":"SQUEEZE","127a":"SIRENS","128a":"ETHELRED","129a":"IMAGED","130a":"SIRS","1d":"YELLOWPAGES","2d":"STREEP","3d":"EINE","4d":"AMA","5d":"INDIGOSNAKES","6d":"GOOF","7d":"INN","8d":"RNS","9d":"LETUPS","10d":"STORY","11d":"ALGREEN","12d":"NOBLES","13d":"KLEES","14d":"ALAMODE","15d":"REN","16d":"ADS","17d":"OCALA","18d":"ACLOCKWORKORANGE","20d":"SPA","27d":"ERE","29d":"LESLEY","33d":"ICIER","34d":"SYDNEYGREENSTREET","36d":"KEEL","37d":"UAR","38d":"TNT","40d":"SAG","43d":"ULTRAVIOLET","46d":"SADISTIC","48d":"KEG","49d":"MOODINDIGO","50d":"COBRA","51d":"GOODAS","52d":"ENRAGE","53d":"WARMEN","54d":"SSS","57d":"LITERATI","61d":"GOBLUE","63d":"SILICA","64d":"EVENUP","65d":"NERVES","69d":"SHRINKINGVIOLETS","71d":"ANTSY","72d":"REDALERT","73d":"ORANGERIND","74d":"YELLOWER","78d":"APE","81d":"FEALTY","82d":"ENOLA","83d":"RAN","87d":"RHOS","90d":"RDS","91d":"CAT","92d":"ORA","93d":"PANFISH","96d":"SCREWED","99d":"VERNAL","100d":"SODIUM","102d":"DIN","104d":"PAIRER","105d":"ASPENS","106d":"THEBLUES","108d":"NIOBE","109d":"IRAQI","114d":"ARS","115d":"DOZE","116d":"PARI","117d":"ACE","118d":"NAT","119d":"SHRED","121d":"NEA","122d":"BEG","124d":"SIS"}}