{"numbers":[["1","2","3","4","-","5","6","7","8","-","-","9","10","11","12"],["13","","","","-","14","","","","15","-","16","","",""],["17","","","","18","","","","","","-","19","","",""],["20","","","","","-","-","21","","","22","","","-","-"],["-","-","-","23","","24","-","25","","","","-","26","27","28"],["29","30","31","-","32","","33","","-","-","34","35","","",""],["36","","","37","-","38","","","39","40","-","41","","",""],["42","","","","-","43","","","","","-","44","","",""],["45","","","","-","46","","","","","-","47","","",""],["48","","","","49","-","-","50","","","51","-","52","",""],["53","","","-","54","55","56","","-","57","","58","-","-","-"],["-","-","59","60","","","","","-","-","61","","62","63","64"],["65","66","","","-","67","","","68","69","","","","",""],["70","","","","-","71","","","","","-","72","","",""],["73","","","","-","-","74","","","","-","75","","",""]],"clues":{"1a":"New Woman rival","5a":"One-liners","9a":"Soccer legend","13a":"Egg-shaped","14a":"TV oldie \"Green ___\"","16a":"Vientiane's land","17a":"Building code requirement","19a":"Prod","20a":"Pilgrim John","21a":"Most pleasant","23a":"Madam's mate","25a":"July 4, 1776, e.g.","26a":"Opposite of vert.","29a":"W. Hemisphere org.","32a":"Mr. Arnaz","34a":"The lowdown on dancing?","36a":"Kind of car or sandwich","38a":"Use a crayon","41a":"Ratted (on)","42a":"Armbone","43a":"By oneself","44a":"Writer Hunter","45a":"Hauls","46a":"Stimulate, as curiosity","47a":"Measure out","48a":"Provence city","50a":"Stalin ruled it","52a":"\"The Bridge of San Luis___\"","53a":"Stephen of \"The Crying Game\"","54a":"Late tennis V.I.P.","57a":"Dawn goddess","59a":"Lustrous fabric","61a":"\"Faust,\" for one","65a":"[Shock!]","67a":"Summer treat","70a":"Matures","71a":"Go 1-1 in a doubleheader","72a":"Letterman's \"Top Ten,\" e.g.","73a":"Model's position","74a":"\"Auld Lang ___\"","75a":"Not so much","1d":"Divan","2d":"\"Hear no___ ...\"","3d":"Cooking fat","4d":"Hightails it","5d":"Oil alternative","6d":"U.N.C. and U.Va. grp.","7d":"In a lofty style","8d":"Artist's brown","9d":"+","10d":"Bulldozer","11d":"Captain's record","12d":"Language suffix","15d":"Church offshoot","18d":"Arthurian lady","22d":"Slippery one","24d":"Sum up","27d":"Not quite spherical","28d":"Los Angeles motorist King","29d":"Of the eyes","30d":"Magnetism","31d":"Shades","33d":"By oneself: Prefix","35d":"News entry","37d":"Home port","39d":"Burden","40d":"Hall-of-Famer Pee Wee","49d":"Was in session","51d":"Motel vacancy","55d":"Does needlework","56d":"Mounds","58d":"\"How do you ___ relief?\"","60d":"Church nook","62d":"Writer Wiesel","63d":"Flagmaker Betsy","64d":"Picnic pests","65d":"Cumberland, e.g.","66d":"In the past","68d":"One for Wilhelm","69d":"Numbered rd."},"answers":{"1a":"SELF","5a":"GAGS","9a":"PELE","13a":"OVAL","14a":"ACRES","16a":"LAOS","17a":"FIREESCAPE","19a":"URGE","20a":"ALDEN","21a":"NICEST","23a":"SIR","25a":"DATE","26a":"HOR","29a":"OAS","32a":"DESI","34a":"LIMBO","36a":"CLUB","38a":"COLOR","41a":"TOLD","42a":"ULNA","43a":"ALONE","44a":"EVAN","45a":"LUGS","46a":"PIQUE","47a":"METE","48a":"ARLES","50a":"USSR","52a":"REY","53a":"REA","54a":"ASHE","57a":"EOS","59a":"SATEEN","61a":"OPERA","65a":"GASP","67a":"WATERMELON","70a":"AGES","71a":"SPLIT","72a":"LIST","73a":"POSE","74a":"SYNE","75a":"LESS","1d":"SOFA","2d":"EVIL","3d":"LARD","4d":"FLEES","5d":"GAS","6d":"ACC","7d":"GRANDILOQUENTLY","8d":"SEPIA","9d":"PLUS","10d":"EARTHMOVER","11d":"LOG","12d":"ESE","15d":"SECT","18d":"ENID","22d":"EEL","24d":"RECAP","27d":"OBLATE","28d":"RODNEY","29d":"OCULAR","30d":"ALLURE","31d":"SUNGLASSES","33d":"SOLI","35d":"ITEM","37d":"BASE","39d":"ONUS","40d":"REESE","49d":"SAT","51d":"ROOM","55d":"SEWS","56d":"HEAPS","58d":"SPELL","60d":"APSE","62d":"ELIE","63d":"ROSS","64d":"ANTS","65d":"GAP","66d":"AGO","68d":"EIN","69d":"RTE"}}