{"numbers":[["1","2","3","-","-","4","5","6","7","8","-","9","10","11","12"],["13","","","14","-","15","","","","","-","16","","",""],["17","","","","-","18","","","","","-","19","","",""],["20","","","","-","21","","","","-","22","","","",""],["23","","","","24","","-","25","","26","","","-","-","-"],["-","-","-","27","","","28","","-","29","","","30","31","32"],["33","34","35","","","","","","36","","-","37","","",""],["38","","","","","-","39","","","-","40","","","",""],["41","","","","-","42","","","","43","","","","",""],["44","","","","45","","-","46","","","","","-","-","-"],["-","-","-","47","","","48","","-","49","","","50","51","52"],["53","54","55","","","-","56","","57","","-","58","","",""],["59","","","","-","60","","","","","-","61","","",""],["62","","","","-","63","","","","","-","64","","",""],["65","","","","-","66","","","","","-","-","67","",""]],"clues":{"1a":"Snake with a nasty bite","4a":"Snide","9a":"Doggone pest?","13a":"Rung","15a":"Sap sucker","16a":"Galley propellers","17a":"Tight closure","18a":"Bulls and Bears, e.g.","19a":"Abdul-Jabbar's alma mater","20a":"Slippery","21a":"\"Cubist\" Rubik","22a":"Nixon's infamous '72 org.","23a":"Aftershock","25a":"Poisonous Asian snake","27a":"Some General Motors cars","29a":"Flower named for a Swedish botanist","33a":"Freighters' delays","37a":"Gull's cousin","38a":"Friendship","39a":"Disencumber","40a":"Oncoming","41a":"Well-off","42a":"\"And then...\" stories","44a":"\"Light\" ammunition?","46a":"\"...bombs bursting ___\"","47a":"___ a million","49a":"Nag","53a":"Easily split rock","56a":"Eye","58a":"Unsavory bar","59a":"It can be a stretch","60a":"Witch's home","61a":"First name in cookies","62a":"Astronaut Shepard","63a":"Radio hostess Hansen","64a":"Harness fitting","65a":"Award for \"Kiss of the Spider Woman\"","66a":"Hen, perhaps","67a":"Just in","1d":"Figure in black?","2d":"Guide","3d":"Painter Charles Willson ___","4d":"Party provider","5d":"Mimic","6d":"November 25, this year","7d":"Indonesian island","8d":"Football gains: Abbr.","9d":"Date for 6-down","10d":"Doily material","11d":"First name in detective fiction","12d":"Immediately","14d":"Site of the first 6-down","22d":"O.S.S. successor","24d":"Grand Ole ___","26d":"Plugs, of a sort","28d":"Hog fat","30d":"Lecherous look","31d":"\"Dies ___\"","32d":"No ifs, ___ ...","33d":"Bull's-eye hitter","34d":"Abu Dhabi V.I.P.","35d":"Isinglass","36d":"Churchill successor","40d":"End in ___ (draw)","42d":"\"We ___ not amused\"","43d":"Officer in charge of the king's table linen","45d":"Wind dir.","48d":"Ancient land on the Aegean","50d":"\"___ of Athens\"","51d":"Bring out","52d":"Fix stitching","53d":"Louver","54d":"Hawaiian port","55d":"\"That's one small step for ___ ...\"","57d":"Solitary","60d":"Building wing"},"answers":{"1a":"ASP","4a":"CATTY","9a":"FLEA","13a":"STEP","15a":"APHID","16a":"OARS","17a":"SEAL","18a":"TEAMS","19a":"UCLA","20a":"EELY","21a":"ERNO","22a":"CREEP","23a":"TREMOR","25a":"KRAIT","27a":"OPELS","29a":"DAHLIA","33a":"DEMURRAGES","37a":"TERN","38a":"AMITY","39a":"RID","40a":"AHEAD","41a":"RICH","42a":"ADVENTURES","44a":"TRACER","46a":"INAIR","47a":"ONEIN","49a":"PESTER","53a":"SHALE","56a":"OGLE","58a":"DIVE","59a":"LIMO","60a":"ENDOR","61a":"AMOS","62a":"ALAN","63a":"LIANE","64a":"YOKE","65a":"TONY","66a":"LAYER","67a":"NEW","1d":"ASSET","2d":"STEER","3d":"PEALE","4d":"CATERER","5d":"APER","6d":"THANKSGIVINGDAY","7d":"TIMOR","8d":"YDS","9d":"FOURTHTHURSDAY","10d":"LACE","11d":"ERLE","12d":"ASAP","14d":"PLYMOUTHCOLONY","22d":"CIA","24d":"OPRY","26d":"ADS","28d":"LARD","30d":"LEER","31d":"IRAE","32d":"ANDS","33d":"DART","34d":"EMIR","35d":"MICA","36d":"EDEN","40d":"ATIE","42d":"ARE","43d":"NAPERER","45d":"ENE","48d":"IONIA","50d":"TIMON","51d":"EVOKE","52d":"RESEW","53d":"SLAT","54d":"HILO","55d":"AMAN","57d":"LONE","60d":"ELL"}}