{"numbers":[["1","2","3","4","-","5","6","7","8","9","-","10","11","12","13"],["14","","","","-","15","","","","","-","16","","",""],["17","","","","18","","","","","","19","","","",""],["20","","","","","","","","-","21","","","","",""],["-","-","-","22","","","","-","23","","","","-","-","-"],["24","25","26","","","","-","27","","","","-","28","29","30"],["31","","","","","-","32","","","","-","33","","",""],["34","","","","","35","","","","","36","","","",""],["37","","","","-","38","","","","-","39","","","",""],["40","","","-","41","","","","-","42","","","","",""],["-","-","-","43","","","","-","44","","","","-","-","-"],["45","46","47","","","","-","48","","","","","49","50","51"],["52","","","","","","53","","","","","","","",""],["54","","","","-","55","","","","","-","56","","",""],["57","","","","-","58","","","","","-","59","","",""]],"clues":{"1a":"Rolling stone's deficiency","5a":"Anchor position","10a":"Complain","14a":"Aleutian island","15a":"___Loa","16a":"Literally \"high wood\"","17a":"Obstinate","20a":"Royal spouses","21a":"Be on the brink","22a":"Professional bean counters","23a":"Designer Christian","24a":"Hardy's pal","27a":"Describe","28a":"Org. founded in 1948","31a":"Bandleader Shaw","32a":"Imparted","33a":"Sondheim's \"___ the Woods\"","34a":"Elusive","37a":"Branch Davidians, e.g.","38a":"Speaker's platform","39a":"Worker's wish","40a":"Off___ tangent","41a":"Curb, with \"in\"","42a":"Daredevil acts","43a":"Actor Sean","44a":"Lady in an apron","45a":"\"Yessir,\" e.g.","48a":"Moon of Jupiter","52a":"In the altogether","54a":"Final notice","55a":"Teach one-on-one","56a":"Lion's den","57a":"Like 52-Across","58a":"Atlanta university","59a":"Thompson of \"Howards End\"","1d":"Opposite of fem.","2d":"Mr. Preminger","3d":"Daze","4d":"Like the 2 in B2","5d":"Not knowing right from wrong","6d":"Small pies","7d":"Hosiery snags","8d":"Actress Claire","9d":"Diversions","10d":"Future star","11d":"Border on","12d":"Actor's part","13d":"Look with squinty eyes","18d":"Sheepish lass","19d":"A long time","23d":"Prima donnas","24d":"Rope a dogie","25d":"Senator Specter","26d":"City east of Syracuse","27d":"Store up","28d":"___ a million","29d":"Alamogordo event, 7/16/45","30d":"Shoe bottoms","32d":"Rye or corn","33d":"Silent, or almost so","35d":"Toothless","36d":"With pretentiousness","41d":"Tear","42d":"$200,000, for Clinton","43d":"Pro golfer Calvin","44d":"TV's\"___Dad\"","45d":"Presently","46d":"\"Elephant Boy\" star, 1937","47d":"Have brake problems","48d":"Roman statesman and censor","49d":"Thailand, once","50d":"Adjust the sails","51d":"Polish border river","53d":"Add"},"answers":{"1a":"MOSS","5a":"ATRIP","10a":"CARP","14a":"ATTU","15a":"MAUNA","16a":"OBOE","17a":"STUBBORNASAMULE","20a":"CONSORTS","21a":"TEETER","22a":"CPAS","23a":"DIOR","24a":"LAUREL","27a":"LIMN","28a":"OAS","31a":"ARTIE","32a":"GAVE","33a":"INTO","34a":"SLIPPERYASANEEL","37a":"SECT","38a":"DAIS","39a":"RAISE","40a":"ONA","41a":"REIN","42a":"STUNTS","43a":"PENN","44a":"MAID","45a":"ASSENT","48a":"CALLISTO","52a":"NAKEDASAJAYBIRD","54a":"OBIT","55a":"TUTOR","56a":"LAIR","57a":"NUDE","58a":"EMORY","59a":"EMMA","1d":"MASC","2d":"OTTO","3d":"STUN","4d":"SUBSCRIPT","5d":"AMORAL","6d":"TARTS","7d":"RUNS","8d":"INA","9d":"PASTIMES","10d":"COMER","11d":"ABUT","12d":"ROLE","13d":"PEER","18d":"BOPEEP","19d":"AEON","23d":"DIVAS","24d":"LASSO","25d":"ARLEN","26d":"UTICA","27d":"LAYIN","28d":"ONEIN","29d":"ATEST","30d":"SOLES","32d":"GRAIN","33d":"INAUDIBLE","35d":"EDENTATE","36d":"ARTILY","41d":"REND","42d":"SALARY","43d":"PEETE","44d":"MAJOR","45d":"ANON","46d":"SABU","47d":"SKID","48d":"CATO","49d":"SIAM","50d":"TRIM","51d":"ODRA","53d":"SUM"}}