{"numbers":[["1","2","3","4","5","-","6","7","8","9","10","-","11","12","13","14","15","16","-","17","18","19","20","21","22"],["23","","","","","-","24","","","","","-","25","","","","","","-","26","","","","",""],["27","","","","","-","28","","","","","-","29","","","","","","-","30","","","","",""],["31","","","","","32","","","","","","33","","","","","","","34","","-","35","","",""],["-","-","-","-","36","","","","-","-","-","37","","","","-","-","-","38","","39","","-","-","-"],["40","41","42","43","","","","","-","44","45","","","","","-","46","47","","","","","48","49","50"],["51","","","","","","","-","-","52","","","","-","53","54","","","-","-","55","","","",""],["56","","","","","-","-","-","-","57","","","-","-","-","58","","","59","-","60","","","",""],["61","","","-","62","63","64","65","66","","","","-","67","68","","","","","69","-","-","70","",""],["-","-","-","-","-","71","","","","","","-","72","","","","","-","73","","74","75","","",""],["76","77","78","-","79","","","","","","-","80","","","","","","-","81","","","","-","-","-"],["82","","","-","83","","","","","-","84","","","","","","-","-","-","-","85","","86","87","88"],["89","","","90","","","","","","91","","","","","","","92","93","94","95","","","","",""],["96","","","","","-","-","-","-","97","","","","","","-","98","","","","","-","99","",""],["-","-","-","100","","101","102","-","103","","","","","","-","104","","","","","","-","105","",""],["106","107","108","","","","","-","109","","","","","-","110","","","","","","-","-","-","-","-"],["111","","","-","-","112","","113","","","","","-","114","","","","","","","115","-","116","117","118"],["119","","","120","121","-","122","","","","-","-","-","123","","","-","-","-","-","124","125","","",""],["126","","","","","-","-","127","","","128","-","129","","","","-","-","130","131","","","","",""],["132","","","","","133","134","","","-","135","136","","","","","-","137","","","","","","",""],["-","-","-","138","","","","-","-","-","139","","","","-","-","-","140","","","","-","-","-","-"],["141","142","143","","-","144","","145","146","147","","","","","148","149","150","","","","","151","152","153","154"],["155","","","","156","","-","157","","","","","","-","158","","","","","-","159","","","",""],["160","","","","","","-","161","","","","","","-","162","","","","","-","163","","","",""],["164","","","","","","-","165","","","","","","-","166","","","","","-","167","","","",""]],"clues":{"1a":"Tv excerpts","6a":"Adjective for an elf","11a":"Ate like a bird","17a":"Grated cheese","23a":"Rousseau or Matisse","24a":"Copier requirement","25a":"Darting ballet movement","26a":"Writer Wylie","27a":"Landed","28a":"Woolly, maybe","29a":"The emu, for one","30a":"Sampled","31a":"1969 Anthony Quinn film","35a":"Pale aqua","36a":"Lament","37a":"\"The ___ Love\" (Gershwin tune)","38a":"The Flintstones' \"snorkasaurus\"","40a":"Foretells","44a":"Black suit","46a":"Longfellow poem","51a":"Wined and dined","52a":"James Farmer grp.","53a":"Be doctor to","55a":"Toyed with","56a":"One way to be taken","57a":"Any Louis from I to XVIII","58a":"Closefitting","60a":"Patois","61a":"William Gaines founded it in 1953","62a":"Long-running NBC soap","67a":"Forbearing","70a":"Actress Sue ___ Langdon","71a":"Roosters, in a way","72a":"Rosie's bolt","73a":"Like the ankylosaur","76a":"\"Mazel ___!\"","79a":"Jagger's band, with \"the\"","80a":"Site of a 1975 \"Thrilla\"","81a":"Stadium level","82a":"Japan's largest lake","83a":"French world","84a":"Peyote","85a":"Early-blooming, in old poetry","89a":"Reply for Miss O'Hanlon","96a":"Slowpoke","97a":"Scroogelike, in a way","98a":"Nucleus of officers","99a":"\"Great Expectations\" hero","100a":"Nudnik","103a":"Ten through ace","104a":"Waco university","105a":"Piggery","106a":"___ kill (doll up)","109a":"Abdominal ailment","110a":"Zoom and fisheye","111a":"Grig","112a":"Parvenu","114a":"Beethoven's Sixth","116a":"Legend locale?","119a":"Shake like ___","122a":"Splinter group","123a":"Popular card game","124a":"Sultan Said, e.g.","126a":"Washer cycle","127a":"One of the five W's","129a":"City in northern Brazil","130a":"Baked holiday treat","132a":"\"26 Miles\" island","135a":"Call to a waitress","137a":"Embassies","138a":"Piccadilly Circus statue","139a":"Ancient temple","140a":"\"So that's what you mean\"","141a":"\"Miracle Mile\" star","144a":"Train in a song by 74-Down","155a":"Hidden","157a":"John Wayne film set in Africa","158a":"Wolf herring","159a":"Elite Navy group","160a":"Sports racquet","161a":"Peaceful","162a":"\"All kidding ___ ...\"","163a":"Radiuses' partners","164a":"Sank a sinker","165a":"Nobelist Mother","166a":"Netherworld","167a":"\"Beetle Bailey\" intellect","1d":"Bat the breeze","2d":"Walesa of Warsaw","3d":"As to","4d":"Chief exec.","5d":"December bell ringer","6d":"Floored","7d":"Huts","8d":"\"Step ___!\"","9d":"City west of Sparks","10d":"Not kosher","11d":"Spread throughout","12d":"Galahad's mother","13d":"Spiteful","14d":"Make a bootee","15d":"Prefix used in \"Ghostbusters\"","16d":"Stag party?","17d":"Market","18d":"Wave on the Ebro","19d":"\"Prairie dog,\" for example","20d":"Opposed","21d":"\"The First ___\"","22d":"General Wingate","32d":"\"Amos &amp; Andres\" star Nicolas","33d":"One of Niña's companions","34d":"Dictator Amin","39d":"Vincent Lopez's theme song","40d":"Baby buggy","41d":"Singer McEntire","42d":"\"Zounds!\"","43d":"Cul-de ___","44d":"Beats it","45d":"Standard &amp; ___","46d":"Noted California race track","47d":"Air duct","48d":"Mystery award","49d":"Peter of Herman's Hermits","50d":"Pitched in?","54d":"Actress Getty","59d":"Annoying buzzer","63d":"Ulan ___","64d":"\"___ came a spider...\"","65d":"\"Amazing\" magician","66d":"Deep brownish-green","67d":"Lobster claws","68d":"Place where many flights originate","69d":"Part of TNT","72d":"Bacon slices","74d":"See 144-Across","75d":"Sounded","76d":"North Pole exports","77d":"Straw in the wind","78d":"Discover rival","79d":"Beams","80d":"Allocate","84d":"To the ___ born","86d":"\"Lights out\" indicator","87d":"Twice quatre","88d":"Agriculture Secretary Mike","90d":"Big wheels","91d":"Seclude","92d":"\"___ Stop Loving You\"","93d":"Go-ahead","94d":"Sherlock Holmes's love Irene ___","95d":"City north of San Francisco","101d":"Erwin of 50's TV","102d":"First-class","103d":"___ ride (thumb)","104d":"Twiggy brooms","106d":"Yuletide salutation","107d":"Museum artifact","108d":"Turgenev heroine","110d":"Bucolic byways","113d":"Darned","114d":"Stickler","115d":"Relaxes","116d":"Deadly shark","117d":"Have ___ with","118d":"Sondheim's \"The Worst ___ in London\"","120d":"Phone button","121d":"Trepidation","125d":"\"Pardonnez- ___!\"","128d":"Irrational","129d":"Los Angeles suburb","130d":"Capital of Equatorial Guinea, once","131d":"State workers' union: Abbr.","133d":"Well-heeled","134d":"Suffix with lobby or hobby","136d":"Japanese coats","137d":"Nanki-Poo's father","141d":"\"Alphabet Song\" start","142d":"Expert","143d":"Elvis ___ Presley","145d":"Gambler's marker","146d":"Lagomorph","147d":"Brain passage","148d":"Turkish rooms","149d":"Ritzy","150d":"Sight from Sandusky","151d":"Name in paperback publishing","152d":"Kind of winds","153d":"Fizzless","154d":"Old gas brand","156d":"Language ending"},"answers":{"1a":"CLIPS","6a":"SHORT","11a":"PECKED","17a":"ROMANO","23a":"HENRI","24a":"TONER","25a":"ELANCE","26a":"ELINOR","27a":"ACRED","28a":"OVINE","29a":"RATITE","30a":"TASTED","31a":"THESECRETOFSANTAVITTORIA","35a":"NILE","36a":"WAIL","37a":"MANI","38a":"DINO","40a":"PRESAGES","44a":"SPADES","46a":"SANTAFILOMENA","51a":"REGALED","52a":"CORE","53a":"HEAL","55a":"LEDON","56a":"ABACK","57a":"ROI","58a":"SNUG","60a":"ARGOT","61a":"MAD","62a":"SANTABARBARA","67a":"PATIENT","70a":"ANE","71a":"ALARMS","72a":"RIVET","73a":"ARMORED","76a":"TOV","79a":"STONES","80a":"MANILA","81a":"TIER","82a":"OMI","83a":"MONDE","84a":"MESCAL","85a":"RATHE","89a":"YESVIRGINIATHEREISASANTACLAUS","96a":"SNAIL","97a":"SNEERY","98a":"CADRE","99a":"PIP","100a":"PEST","103a":"HONORS","104a":"BAYLOR","105a":"STY","106a":"DRESSTO","109a":"ILEUS","110a":"LENSES","111a":"EEL","112a":"UPSTART","114a":"PASTORAL","116a":"MAP","119a":"ALEAF","122a":"SECT","123a":"UNO","124a":"OMANI","126a":"RINSE","127a":"WHEN","129a":"SANTAREM","130a":"SANTACOOKIE","132a":"SANTACATALINA","135a":"OHMISS","137a":"MISSIONS","138a":"EROS","139a":"NAOS","140a":"ISEE","141a":"AGAR","144a":"ATCHISONTOPEKAANDSANTAFE","155a":"BURIED","157a":"HATARI","158a":"DORAB","159a":"SEALS","160a":"CROSSE","161a":"IRENIC","162a":"ASIDE","163a":"ULNAS","164a":"DUNKED","165a":"TERESA","166a":"SHEOL","167a":"PLATO","1d":"CHAT","2d":"LECH","3d":"INRE","4d":"PRES","5d":"SIDEWALKSANTA","6d":"STORIED","7d":"HOVELS","8d":"ONIT","9d":"RENO","10d":"TREF","11d":"PERVADE","12d":"ELAINE","13d":"CATTISH","14d":"KNIT","15d":"ECTO","16d":"DEER","17d":"RETAIL","18d":"OLA","19d":"MISNOMER","20d":"ANTI","21d":"NOEL","22d":"ORDE","32d":"CAGE","33d":"SANTAMARIA","34d":"IDI","39d":"NOLA","40d":"PRAM","41d":"REBA","42d":"EGAD","43d":"SAC","44d":"SCRAMS","45d":"POORS","46d":"SANTAANITA","47d":"FLUE","48d":"EDGAR","49d":"NOONE","50d":"ANTED","54d":"ESTELLE","59d":"GNAT","63d":"BATOR","64d":"ALONG","65d":"RANDI","66d":"BREEN","67d":"PINCERS","68d":"AVIARY","69d":"TRI","72d":"RASHERS","74d":"MERCER","75d":"ORAL","76d":"TOYS","77d":"OMEN","78d":"VISA","79d":"SMILES","80d":"METEOUT","84d":"MANNER","86d":"TAPS","87d":"HUIT","88d":"ESPY","90d":"VIPS","91d":"ISOLATE","92d":"ICANT","93d":"SAYSO","94d":"ADLER","95d":"SANTAROSA","101d":"STU","102d":"TOPS","103d":"HITCHA","104d":"BESOMS","106d":"DEARSANTA","107d":"RELIC","108d":"ELENA","110d":"LANES","113d":"SEWN","114d":"PURIST","115d":"LOOSENSUP","116d":"MAKO","117d":"ANIN","118d":"PIES","120d":"ASTERISK","121d":"FEAR","125d":"MOI","128d":"NONSANE","129d":"SANTAMONICA","130d":"SANTAISABEL","131d":"CSEA","133d":"LOADED","134d":"IST","136d":"HAORIS","137d":"MIKADO","141d":"ABCD","142d":"GURU","143d":"ARON","145d":"CHIT","146d":"HARE","147d":"ITER","148d":"ODAS","149d":"POSH","150d":"ERIE","151d":"DELL","152d":"SANTAANA","153d":"FLAT","154d":"ESSO","156d":"ESE"}}