{"numbers":[["1","2","3","4","-","5","6","7","8","-","9","10","11","12","13"],["14","","","","-","15","","","","-","16","","","",""],["17","","","","-","18","","","","-","19","","","",""],["-","20","","","21","","","","","22","","","","",""],["-","-","-","23","","","-","-","24","","","","-","-","-"],["25","26","27","-","28","","29","30","-","31","","","32","33","34"],["35","","","-","36","","","","37","-","-","38","","",""],["39","","","40","","","","","","41","42","","","",""],["43","","","","-","-","44","","","","","-","45","",""],["46","","","","47","48","-","49","","","","-","50","",""],["-","-","-","51","","","52","-","-","53","","54","-","-","-"],["55","56","57","","","","","58","59","","","","60","61","-"],["62","","","","","-","63","","","","-","64","","","65"],["66","","","","","-","67","","","","-","68","","",""],["69","","","","","-","70","","","","-","71","","",""]],"clues":{"1a":"\"Spare tire\"","5a":"Ferris wheel, e.g.","9a":"Shares quarters (with)","14a":"Furor","15a":"Airline to Haifa","16a":"Point with intent to shoot","17a":"General Bradley","18a":"Yarn irregularity","19a":"Roman goddess of flowers","20a":"Notorious 30's criminal","23a":"Smoker's intake","24a":"Subterfuge","25a":"German physicist Georg","28a":"Skin problem","31a":"Chinese veggie","35a":"F. ___ Bailey","36a":"Shankar's strings","38a":"Unaccompanied","39a":"Notorious 30's criminal","43a":"Killer whale","44a":"Massenet opera","45a":"Links position","46a":"Some flights","49a":"Janet of Justice","50a":"Mark's competitor","51a":"Quite ready","53a":"Road warning","55a":"Notorious 30's criminal","62a":"By radio, e.g.","63a":"New York Public Library figure","64a":"Cheater's aid","66a":"Rubbish","67a":"War god","68a":"He wrote \"My Way\" for Sinatra","69a":"Misogynist","70a":"Communications leader?","71a":"Walter ___ Hospital","1d":"To's opposite","2d":"Reader's aid","3d":"Seaweed derivative","4d":"Special Forces cap","5d":"Put in a straitjacket","6d":"Not wisely","7d":"Smear","8d":"Pipe joint","9d":"Church drawing","10d":"Subject of the Teapot Dome scandal","11d":"Melville novel","12d":"___Tyler Moore","13d":"Native African village","21d":"Ankle bones","22d":"Pup's sound","25d":"Actor Edward James ___","26d":"Love, on bumper stickers","27d":"Muslim's holy place","29d":"Watch part","30d":"\"Horrible\" comic character","32d":"Parrot's moniker","33d":"North, of Irangate","34d":"Senior leader","37d":"Ancient letter","40d":"O'Neill play, with \"The\"","41d":"Balderdash","42d":"Hillock","47d":"Ransacker","48d":"Baden-Baden, e.g.","52d":"Razzle-dazzle","54d":"Filmdom honor","55d":"City near Bristol","56d":"Atmosphere","57d":"Englishman, in slang","58d":"Cork's locale","59d":"\"The First___\"","60d":"Normandy river","61d":"Winged Victory","65d":"Spoiled"},"answers":{"1a":"FLAB","5a":"RIDE","9a":"ROOMS","14a":"RAGE","15a":"ELAL","16a":"AIMAT","17a":"OMAR","18a":"SLUB","19a":"FLORA","20a":"PRETTYBOYFLOYD","23a":"TAR","24a":"WILE","25a":"OHM","28a":"RASH","31a":"PEAPOD","35a":"LEE","36a":"SITAR","38a":"SOLO","39a":"MACHINEGUNKELLY","43a":"ORCA","44a":"MANON","45a":"LIE","46a":"STAIRS","49a":"RENO","50a":"YEN","51a":"RIPE","53a":"SLO","55a":"BABYFACENELSON","62a":"AURAL","63a":"LION","64a":"CRIB","66a":"TRIPE","67a":"ARES","68a":"ANKA","69a":"HATER","70a":"TELE","71a":"REED","1d":"FRO","2d":"LAMP","3d":"AGAR","4d":"BERET","5d":"RESTRAIN","6d":"ILLY","7d":"DAUB","8d":"ELBOW","9d":"RAFFLE","10d":"OILLEASE","11d":"OMOO","12d":"MARY","13d":"STAD","21d":"TARSI","22d":"YIP","25d":"OLMOS","26d":"HEART","27d":"MECCA","29d":"STEM","30d":"HAGAR","32d":"POLLY","33d":"OLLIE","34d":"DOYEN","37d":"RUNE","40d":"HAIRYAPE","41d":"NONSENSE","42d":"KNOLL","47d":"RIFLER","48d":"SPA","52d":"ECLAT","54d":"OSCAR","55d":"BATH","56d":"AURA","57d":"BRIT","58d":"EIRE","59d":"NOEL","60d":"ORNE","61d":"NIKE","65d":"BAD"}}