{"numbers":[["1","2","3","4","5","6","7","8","-","-","9","10","11","12","13"],["14","","","","","","","","-","15","","","","",""],["16","","","","","","","","-","17","","","","",""],["-","-","-","-","18","","","-","19","","","","","",""],["20","21","22","23","-","24","","25","","-","-","26","","",""],["27","","","","28","-","29","","","30","31","","-","-","-"],["32","","","","","33","-","34","","","","","35","36","37"],["38","","","-","39","","40","","","","","-","41","",""],["42","","","43","","","","","-","44","","45","","",""],["-","-","-","46","","","","","47","-","48","","","",""],["49","50","51","","-","-","52","","","53","-","54","","",""],["55","","","","56","57","","-","58","","59","-","-","-","-"],["60","","","","","","-","61","","","","62","63","64","65"],["66","","","","","","-","67","","","","","","",""],["68","","","","","-","-","69","","","","","","",""]],"clues":{"1a":"Name from 50's TV","9a":"Baseball's Doubleday","14a":"Romberg product","15a":"Filmdom's Lawrence","16a":"Infant's game","17a":"Infant's shoe","18a":"Showed fear","19a":"Stupidity","20a":"Sting","24a":"Mal de___","26a":"Words of enlightenment","27a":"Mars sighting","29a":"Bestow","32a":"Blow the cover of?","34a":"Puts back","38a":"___Juana","39a":"Urban noise maker","41a":"Take this out for a spin","42a":"University founded in 1253","44a":"Locust","46a":"Exhortation","48a":"Pitcher Ryan","49a":"\"___ of you ...\"","52a":"Ear-related","54a":"\"The ___ From Brazil\"","55a":"Defective stop sign?","58a":"\"I___You Babe\"","60a":"Yogi's cartoon sidekick","61a":"Blubbered","66a":"Like spring flowers","67a":"Battery type","68a":"Physicist Freeman","69a":"Innkeeper","1d":"Person with a collar?","2d":"One rung on the evolutionary ladder","3d":"Spike, for one","4d":"Biblical vessel","5d":"Coach Bryant","6d":"Up","7d":"High","8d":"Vietnamese money unit","9d":"Accelerator item","10d":"Sticks","11d":"Dostoyevsky's \"___ From the Underground\"","12d":"Beethoven dedicatee","13d":"Singer Della","15d":"___-Wan Kenobi","19d":"Star in Cygnus","20d":"Rabbits' tails","21d":"\"Pagliacci\" husband","22d":"Menachem's peace partner","23d":"Deface","25d":"Agony","28d":"Item of love?","30d":"Bk. of Revelation","31d":"Poison","33d":"Pioneering video game","35d":"Writer Calvino","36d":"TV show since 1/14/52","37d":"Wings have them","40d":"Wambaugh's \"The___Field\"","43d":"Bogey","45d":"Male swan","47d":"1980 Richard Gere portrayal","49d":"Hooked in a way","50d":"Definitely not a brain surgeon","51d":"Chemical compounds","53d":"Kind of tour","56d":"Continue","57d":"South Africa's ___ Paul","59d":"\"___does it!\"","61d":"Phooey's cousin","62d":"Novelist Rolvaag","63d":"Medium for Matisse","64d":"Ending with acetyl or butyl","65d":"___Spiegel"},"answers":{"1a":"CALABASH","9a":"ABNER","14a":"OPERETTA","15a":"OTOOLE","16a":"PEEKABOO","17a":"BOOTIE","18a":"RAN","19a":"DIMNESS","20a":"SCAM","24a":"TETE","26a":"ISEE","27a":"CANAL","29a":"DONATE","32a":"UNWRAP","34a":"REPOSITS","38a":"TIA","39a":"BOOMBOX","41a":"TOP","42a":"SORBONNE","44a":"CICADA","46a":"URGING","48a":"NOLAN","49a":"IBEG","52a":"OTIC","54a":"BOYS","55a":"NONAGON","58a":"GOT","60a":"BOOBOO","61a":"BOOHOOED","66a":"ABLOOM","67a":"ALKALINE","68a":"DYSON","69a":"HOSTELER","1d":"COP","2d":"APE","3d":"LEE","4d":"ARK","5d":"BEAR","6d":"ATBAT","7d":"STONED","8d":"HAO","9d":"ATOM","10d":"BOONIES","11d":"NOTES","12d":"ELISE","13d":"REESE","15d":"OBI","19d":"DENEB","20d":"SCUTS","21d":"CANIO","22d":"ANWAR","23d":"MAR","25d":"TORMENT","28d":"LABOR","30d":"APOC","31d":"TOXIN","33d":"PONG","35d":"ITALO","36d":"TODAY","37d":"SPANS","40d":"ONION","43d":"BUGABOO","45d":"COB","47d":"GIGOLO","49d":"INBAD","50d":"BOOBY","51d":"ENOLS","53d":"COOKS","56d":"GOON","57d":"OOM","59d":"THAT","61d":"BAH","62d":"OLE","63d":"OIL","64d":"ENE","65d":"DER"}}