{"numbers":[["1","2","3","4","5","-","6","7","8","9","-","10","11","12","13"],["14","","","","","-","15","","","","-","16","","",""],["17","","","","","18","","","","","-","19","","",""],["20","","","","","","","-","21","","22","","","",""],["-","-","-","-","23","","","24","-","-","25","","","",""],["26","27","28","29","","","-","30","31","32","","-","-","-","-"],["33","","","","-","-","34","","","","","-","35","36","37"],["38","","","","39","40","","","","","","41","","",""],["42","","","-","43","","","","","-","-","44","","",""],["-","-","-","-","45","","","","-","46","47","","","",""],["48","49","50","51","","-","-","52","53","","","-","-","-","-"],["54","","","","","55","56","-","57","","","58","59","60","61"],["62","","","","-","63","","64","","","","","","",""],["65","","","","-","66","","","","-","67","","","",""],["68","","","","-","69","","","","-","70","","","",""]],"clues":{"1a":"Like Caspar Milquetoast","6a":"Yodeling locale","10a":"Quantities: Abbr.","14a":"City south of Gainesville","15a":"Chip's partner","16a":"Attack of the flu","17a":"Hook's flag","19a":"Florence's river","20a":"Like some shopping","21a":"Just say no?","23a":"Grp. founded in 1960","25a":"Present, for one","26a":"Antiknock number","30a":"___ and hounds","33a":"Calhoun of \"The Texan\"","34a":"Swiss mathematician","35a":"Son-gun link","38a":"Dr. Seuss classic","42a":"Da or ja","43a":"Onetime pupa","44a":"Austen's Woodhouse","45a":"Duchamp subject","46a":"Gym class, for short","48a":"\"Siddhartha\" author","52a":"Stat starter","54a":"Craftsperson","57a":"Short vocal solo","62a":"\"Jurassic Park\" beast, for short","63a":"Ocean denizen","65a":"It's nothing","66a":"Split___","67a":"Ottoman: Prefix","68a":"South-of-the- border shouts","69a":"Catch some Z's","70a":"Torpedoes","1d":"Axis leader","2d":"Macintosh screen symbol","3d":"Type of bonding?","4d":"Miseries","5d":"Wright brothers' home","6d":"See 18-Down","7d":"Jet follower","8d":"No contest, e.g.","9d":"Belgrade resident","10d":"Cut down","11d":"Notorious Bugs","12d":"City near the ruins of Carthage","13d":"\"JFK\" director","18d":"With 6-Down, Ali maneuver","22d":"\"Private Parts\" author","24d":"Locomotive, perhaps","26d":"Overindulgence","27d":"Roy lnnis's org.","28d":"Very, in Versailles","29d":"Parliament vote","31d":"What's more","32d":"Davidson's \"The Crying Game\" co-star","34d":"\"Holy cow!\"","35d":"Resistance figures","36d":"Celebrity","37d":"Make ___ dash for","39d":"Dress to the ___","40d":"Cassowary kin","41d":"Susan of \"L.A. Law\"","46d":"Saucy","47d":"Block and tackle et al.","48d":"Little Iodine creator","49d":"\"My Wicked, Wicked Ways\" author Flynn","50d":"Eydie's partner","51d":"Boxcars","53d":"Medieval guild","55d":"Like some cheeses","56d":"El ___ (ocean current)","58d":"Lateral lead-in","59d":"Go sour","60d":"___ off (anger)","61d":"Commotions","64d":"Cooper's tool"},"answers":{"1a":"TIMID","6a":"ALPS","10a":"AMTS","14a":"OCALA","15a":"DALE","16a":"BOUT","17a":"JOLLYROGER","19a":"ARNO","20a":"ONESTOP","21a":"ABSTAIN","23a":"OPEC","25a":"TENSE","26a":"OCTANE","30a":"HARE","33a":"RORY","34a":"EULER","35a":"OFA","38a":"GREENEGGSANDHAM","42a":"YES","43a":"IMAGO","44a":"EMMA","45a":"NUDE","46a":"PHYSED","48a":"HESSE","52a":"RHEO","54a":"ARTISAN","57a":"ARIETTA","62a":"TREX","63a":"GIANTSQUID","65a":"LOVE","66a":"ENDS","67a":"TURCO","68a":"OLES","69a":"DOZE","70a":"SINKS","1d":"TOJO","2d":"ICON","3d":"MALE","4d":"ILLS","5d":"DAYTON","6d":"ADOPE","7d":"LAG","8d":"PLEA","9d":"SERB","10d":"ABATE","11d":"MORAN","12d":"TUNIS","13d":"STONE","18d":"ROPE","22d":"STERN","24d":"CHUGGER","26d":"ORGY","27d":"CORE","28d":"TRES","29d":"AYE","31d":"ALSO","32d":"REA","34d":"EGAD","35d":"OHMS","36d":"FAME","37d":"AMAD","39d":"NINES","40d":"EMU","41d":"DEY","46d":"PERT","47d":"HOISTS","48d":"HATLO","49d":"ERROL","50d":"STEVE","51d":"SIXES","53d":"HANSE","55d":"AGED","56d":"NINO","58d":"EQUI","59d":"TURN","60d":"TICK","61d":"ADOS","64d":"ADZ"}}