{"numbers":[["1","2","3","-","4","5","6","7","8","9","-","10","11","12","13","-","-","14","15","16","17"],["18","","","-","19","","","","","","-","20","","","","21","-","22","","",""],["23","","","24","","","","","","","-","25","","","","","-","26","","",""],["27","","","","-","-","-","28","","","29","","","","","","30","","","",""],["31","","","","-","32","33","","","","","","-","34","","","","","-","-","-"],["-","-","-","35","36","","","-","-","-","37","","38","","-","39","","","40","41","42"],["43","44","45","","","","","46","47","48","","","","-","49","","","","","",""],["50","","","","","","-","51","","","","-","52","53","","","-","54","","",""],["55","","","-","-","56","57","","","","-","-","58","","","-","59","","","",""],["60","","","61","-","62","","","","","63","64","","","","-","65","","","",""],["-","-","-","66","67","","","-","-","68","","","-","-","69","70","","","-","-","-"],["71","72","73","","","-","74","75","76","","","","77","78","","","-","79","80","81","82"],["83","","","","","-","84","","","-","-","85","","","","","-","-","86","",""],["87","","","","-","88","","","","-","89","","","","-","90","91","92","","",""],["93","","","","94","","","-","95","96","","","","","97","","","","","",""],["98","","","","","","-","99","","","","-","-","-","100","","","","-","-","-"],["-","-","-","101","","","102","","-","103","","104","105","106","","","-","107","108","109","110"],["111","112","113","","","","","","114","","","","","","-","-","-","115","","",""],["116","","","","-","117","","","","","-","118","","","119","120","121","","","",""],["122","","","","-","123","","","","","-","124","","","","","","-","125","",""],["126","","","","-","-","127","","","","-","128","","","","","","-","129","",""]],"clues":{"1a":"Olive's cousin","4a":"Lets down or out","10a":"A little night music?","14a":"Improvisation with leftovers","18a":"Ref's ring decision","19a":"\"Do you really ___?\"","20a":"Kate Nelligan title role, 1985","22a":"Land in the water","23a":"Arctic newspaper?","25a":"A quarter of Paris","26a":"Speed","27a":"It may be on a roll","28a":"Hades newspaper?","31a":"Pole, e.g.","32a":"Anatomize","34a":"Gable's \"G.W.T.W.\" costar","35a":"Dynamic beginning","37a":"Discovery cries","39a":"Sad, to Sade","43a":"Hoteliers' newspaper?","49a":"Rocket flight event","50a":"Abates","51a":"Horse hair","52a":"Middle March","54a":"Tackle","55a":"Scrap of scrapple","56a":"Get the lead out, in a way","58a":"Agnus ___","59a":"Hammett hero","60a":"Journeys","62a":"Courthouse newspaper?","65a":"Result of riddling","66a":"Fodders for mudders","68a":"Start of a Faulkner title","69a":"Spots","71a":"Part of N.L.R.B.","74a":"Hairdressers' newspaper?","79a":"Wee bairns","83a":"Senora's sayonara","84a":"Author Levin","85a":"Sounder","86a":"Excusez-___","87a":"Not on the rocks","88a":"Filling for a taco","89a":"Dough for a taco?","90a":"Hit man's \"icing\"","93a":"Thickness measurer","95a":"Photographers' newspaper?","98a":"Donahue of \"Father Knows Best\"","99a":"Tatum's dad","100a":"A Bates","101a":"Must, slangily","103a":"Tee-hees","107a":"Terribly urgent","111a":"Disk jockeys' newspaper?","115a":"Macmillan's predecessor as P.M.","116a":"Philosopher from Königsberg","117a":"Union platform?","118a":"Financial newspaper?","122a":"Movie Chase","123a":"Alabama city on the Alabama","124a":"Slicker","125a":"Expert","126a":"Earth's shape","127a":"Tight closure","128a":"Oktoberfest souvenirs","129a":"Eng. Inc.","1d":"A Musketeer","2d":"Head of the anatomy class","3d":"Prophetic son of Beeri","4d":"First name in etiquette","5d":"Book after Exod.","6d":"Lao-tzu's universal","7d":"Bagnold and Markey","8d":"Mushes, as potatoes","9d":"Rock singer Tyler","10d":"\"To ___ Truth\"","11d":"Sighing word","12d":"Corolla components","13d":"Cutting","14d":"Nuptial newspaper?","15d":"On the briny","16d":"Blind piece","17d":"Now partner","21d":"Come-ons?","24d":"Muriel cigar pitchman of the 50's","29d":"Caesar's \"veni\"","30d":"Folklore fiend","32d":"Stops in","33d":"Debtor's letters","36d":"Richmond, Ky., coll.","38d":"Out of the way","40d":"Bargain for a burglar?","41d":"NASDAQ transaction","42d":"A Bronte heroine's family","43d":"Stop up","44d":"Lunch order","45d":"Luncheon finisher","46d":"Phony bill collectors","47d":"Soft mineral","48d":"Because","49d":"Put out a new edition","53d":"___ Moines","57d":"Mark of the N.H.L.","59d":"The lass","61d":"Western outlaw's newspaper?","63d":"Omega preceder","64d":"Gets the suds out","67d":"Horace's \"___ Poetica\"","70d":"Registers","71d":"Uhlan's weapon","72d":"Hall's \"Let's Make ___\"","73d":"Bagel alternative: Var.","75d":"Rather than, to Cowper","76d":"Challenge for denture wearers","77d":"Big cut","78d":"Elitist, in a way","80d":"Leave out","81d":"Author Morrison","82d":"Omen or \"Open\", e.g.","88d":"Wide, lacy collars","89d":"Riot of a kind","91d":"Sunshine St.","92d":"Wheel guard","94d":"Tigger's friend","96d":"A pass that isn't forward","97d":"Nasser led it: Abbr.","99d":"Fluster","102d":"Scrabble squares","104d":"Stirs","105d":"Quality","106d":"Roman official","108d":"Perfect","109d":"Respond to a provocation","110d":"Brought to a close","111d":"Leave out","112d":"Bull, cob or tom, e.g.","113d":"\"Diana\" singer","114d":"Sita's husband, in myth","119d":"Weeks per annum","120d":"Hankering","121d":"Condo-ad abbr."},"answers":{"1a":"ASH","4a":"ALTERS","10a":"TAPS","14a":"HASH","18a":"TKO","19a":"MEANIT","20a":"ELENI","22a":"ISLE","23a":"HUSKYVOICE","25a":"LATIN","26a":"TEAR","27a":"OLEO","28a":"DEVILSADVOCATE","31a":"SLAV","32a":"DISSECT","34a":"LEIGH","35a":"AERO","37a":"AHAS","39a":"TRISTE","43a":"CHECKOUTTIMES","49a":"REENTRY","50a":"LETSUP","51a":"MANE","52a":"IDES","54a":"GEAR","55a":"ORT","56a":"SMELT","58a":"DEI","59a":"SPADE","60a":"GOES","62a":"BENCHPRESS","65a":"HOLES","66a":"HAYS","68a":"ASI","69a":"SEES","71a":"LABOR","74a":"SETTINGSUN","79a":"TOTS","83a":"ADIOS","84a":"IRA","85a":"SANER","86a":"MOI","87a":"NEAT","88a":"BEEF","89a":"PESO","90a":"OFFING","93a":"CALIPER","95a":"FLASHBULLETIN","98a":"ELINOR","99a":"RYAN","100a":"ALAN","101a":"GOTTA","103a":"TITTERS","107a":"DIRE","111a":"SMASHHITRECORD","115a":"EDEN","116a":"KANT","117a":"ALTAR","118a":"DAILYBREAD","122a":"ILKA","123a":"SELMA","124a":"OILIER","125a":"ACE","126a":"PEAR","127a":"SEAL","128a":"STEINS","129a":"LTD","1d":"ATHOS","2d":"SKULL","3d":"HOSEA","4d":"AMY","5d":"LEV","6d":"TAO","7d":"ENIDS","8d":"RICES","9d":"STEVE","10d":"TELLTHE","11d":"ALAS","12d":"PETALS","13d":"SNIDE","14d":"HITCHINGPOST","15d":"ASEA","16d":"SLAT","17d":"HERE","21d":"INVITES","24d":"KOVACS","29d":"ICAME","30d":"OGRE","32d":"DROPSBY","33d":"IOU","36d":"EKU","38d":"ASIDE","40d":"STEAL","41d":"TRADE","42d":"EYRES","43d":"CLOG","44d":"HERO","45d":"ETTE","46d":"TMEN","47d":"TALC","48d":"INTHAT","49d":"REISSUE","53d":"DES","57d":"MESSIER","59d":"SHE","61d":"SHOOTINGSTAR","63d":"PSI","64d":"RINSES","67d":"ARS","70d":"ENROLLS","71d":"LANCE","72d":"ADEAL","73d":"BIALI","75d":"ERE","76d":"TAFFY","77d":"GASH","78d":"SNOB","80d":"OMIT","81d":"TONI","82d":"SIGN","88d":"BERTHAS","89d":"PANIC","91d":"FLA","92d":"FENDER","94d":"POOH","96d":"LATERAL","97d":"UAR","99d":"RATTLE","102d":"TILES","104d":"TODOS","105d":"TRAIT","106d":"EDILE","108d":"IDEAL","109d":"REACT","110d":"ENDED","111d":"SKIP","112d":"MALE","113d":"ANKA","114d":"RAMA","119d":"LII","120d":"YEN","121d":"BRS"}}