{"numbers":[["1","2","3","4","-","5","6","7","8","9","-","10","11","12","13"],["14","","","","-","15","","","","","-","16","","",""],["17","","","","-","18","","","","","-","19","","",""],["-","20","","","21","","","","","","22","","","","-"],["-","23","","","","-","-","-","24","","","-","25","","26"],["-","27","","","","28","29","30","-","31","","32","","",""],["-","-","-","33","","","","","34","-","-","35","","",""],["-","36","37","","","","","","","38","39","","","","-"],["40","","","","-","-","41","","","","","","-","-","-"],["42","","","","43","44","-","45","","","","","46","47","-"],["48","","","-","49","","50","-","-","-","51","","","","-"],["-","52","","53","","","","54","55","56","","","","","-"],["57","","","","-","58","","","","","-","59","","","60"],["61","","","","-","62","","","","","-","63","","",""],["64","","","","-","65","","","","","-","66","","",""]],"clues":{"1a":"Food critic Sheraton","5a":"In the van","10a":"___law (rule of electricity)","14a":"Green acres?","15a":"Brendan Byrne, e.g.","16a":"Muumuu accessories","17a":"Tilt","18a":"Jabbered","19a":"Alternative word","20a":"Massachusetts musical ensemble","23a":"Othello's nemesis","24a":"Louvre annex architect","25a":"Soviet space station","27a":"Brussels ___","31a":"Fill driveway holes","33a":"In back","35a":"Somme summers","36a":"Parental substitutes, emotionally","40a":"Swamp","41a":"Hairsplitter","42a":"Wore away","45a":"Chapel next to St. Peter's","48a":"It's often seen ringside","49a":"Carpet down","51a":"Get ___ the ground floor","52a":"Harvestman","57a":"French novelist Pierre","58a":"Skiing mecca","59a":"Grammatical subject","61a":"Sponsorship","62a":"Shiny fur","63a":"Mrs. Dithers","64a":"Yiddish writer Sholem___","65a":"Western \"justice\"","66a":"Genesis locale","1d":"Actor Brooks","2d":"Eye malady","3d":"Bad luck","4d":"Kind of circuit","5d":"Vegas game","6d":"Retirement nest eggs","7d":"Flat payment?","8d":"Person with a big nose?","9d":"\"The Resurrection of Lazarus\" painter","10d":"Backdrop for a TV scene","11d":"Spouse","12d":"Letters","13d":"Compass dir.","21d":"Salvation Army founder","22d":"Eskimo___","26d":"Latin things","28d":"Suffix with press or moist","29d":"Maryland athlete","30d":"They're sometimes cracked","32d":"Aptness","34d":"\"___, Pagliaccio\"","36d":"Andirons","37d":"Sweet smelling","38d":"Fill-up filler","39d":"\"___ Tomorrow\" (Sammy Kaye hit)","40d":"Columnist Greenfield","43d":"Windup","44d":"Wright-Patterson base site","46d":"Worthless","47d":"Nail down","50d":"Greek Academy founder","53d":"Gossip","54d":"\"___ be in England...\"","55d":"Turndowns","56d":"\"Sommersby\" star","57d":"___&amp; Perrins","60d":"Bert Bobbsey's twin"},"answers":{"1a":"MIMI","5a":"FIRST","10a":"OHMS","14a":"ERIN","15a":"ARENA","16a":"LEIS","17a":"LIST","18a":"RANON","19a":"ELSE","20a":"THEBOSTONPOPS","23a":"IAGO","24a":"PEI","25a":"MIR","27a":"SPROUTS","31a":"REPAVE","33a":"ATREAR","35a":"ETES","36a":"FATHERFIGURES","40a":"MIRE","41a":"PEDANT","42a":"ERODED","45a":"SISTINE","48a":"GEM","49a":"NAP","51a":"INON","52a":"DADDYLONGLEGS","57a":"LOTI","58a":"TAHOE","59a":"NOUN","61a":"EGIS","62a":"OTTER","63a":"CORA","64a":"ASCH","65a":"NOOSE","66a":"EDEN","1d":"MEL","2d":"IRITIS","3d":"MISHAP","4d":"INTEGRATED","5d":"FARO","6d":"IRAS","7d":"RENT","8d":"SNOOP","9d":"TANNER","10d":"OLEO","11d":"HELPMATE","12d":"MISSIVES","13d":"SSE","21d":"BOOTH","22d":"PIE","26d":"RES","28d":"URE","29d":"TERP","30d":"SAFES","32d":"PERTINENCE","34d":"RIDI","36d":"FIREDOGS","37d":"AROMATIC","38d":"GAS","39d":"UNTIL","40d":"MEG","43d":"END","44d":"DAYTON","46d":"NOGOOD","47d":"ENSURE","50d":"PLATO","53d":"DISH","54d":"OHTO","55d":"NOES","56d":"GERE","57d":"LEA","60d":"NAN"}}