{"numbers":[["1","2","3","4","-","5","6","7","8","9","-","10","11","12","13"],["14","","","","-","15","","","","","-","16","","",""],["17","","","","18","","","","","","19","","","",""],["20","","","","","","","","-","21","","","","",""],["-","-","-","22","","","","-","23","","","","-","-","-"],["24","25","26","","","","-","27","","","","-","28","29","30"],["31","","","","","-","32","","","","-","33","","",""],["34","","","","","35","","","","","36","","","",""],["37","","","","-","38","","","","-","39","","","",""],["40","","","-","41","","","","-","42","","","","",""],["-","-","-","43","","","","-","44","","","","-","-","-"],["45","46","47","","","","-","48","","","","","49","50","51"],["52","","","","","","53","","","","","","","",""],["54","","","","-","55","","","","","-","56","","",""],["57","","","","-","58","","","","","-","59","","",""]],"clues":{"1a":"Christiania today","5a":"Noggin tops","10a":"Hind's mate","14a":"Hullabaloo","15a":"Open-eyed","16a":"\"Damn Yankees\" vamp","17a":"Ike was one","20a":"Track officials","21a":"Testify","22a":"\"Rule, Britannia\" composer","23a":"Early Briton","24a":"Social groups","27a":"Garlic relative","28a":"Asian holiday","31a":"Culture mores","32a":"Coxswain's crew","33a":"___Marquette","34a":"G.I. newspaper","37a":"Cures leather","38a":"\"That's interesting\"","39a":"Opt","40a":"Two-by-two vessel","41a":"Reared","42a":"Worth","43a":"Shed","44a":"Escape","45a":"Roman villa locale","48a":"Apollyon adherent","52a":"Biblical beacon","54a":"Seller's caveat","55a":"Backcomb hair","56a":"Mechanical memorization","57a":"Smoker's sound","58a":"Mead research site","59a":"Animal team","1d":"Switch settings","2d":"Eye opening","3d":"Kind of flow","4d":"Bell workers","5d":"Thin metal disks","6d":"Cognizant","7d":"Salts","8d":"Dr.'s graph","9d":"Most rundown","10d":"Nodded","11d":"Pamplona runner","12d":"Hale of \"Gilligan's Island\"","13d":"10 on the Beaufort scale","18d":"Pressure","19d":"Spoon","23d":"Intrinsically","24d":"Jai alai basket","25d":"It makes scents","26d":"Part of the evening","27d":"Put on cargo","28d":"Dakota digs","29d":"Upright","30d":"Blood and acid, e.g.","32d":"Beginning","33d":"Bohemian beers","35d":"Berlin events of 1948","36d":"Recap","41d":"Machetelike knife","42d":"Wimbledon champ Gibson","43d":"Code name","44d":"1980 DeLuise flick","45d":"Royal Russian","46d":"\"___girl!\"","47d":"Ski spot","48d":"Coal stratum","49d":"Hotcakes acronym","50d":"Bristle","51d":"Revenuers, for short","53d":"\"___ sport\""},"answers":{"1a":"OSLO","5a":"PATES","10a":"STAG","14a":"FLAP","15a":"AWAKE","16a":"LOLA","17a":"FIVESTARGENERAL","20a":"STARTERS","21a":"DEPONE","22a":"ARNE","23a":"PICT","24a":"CASTES","27a":"LEEK","28a":"TET","31a":"ETHOS","32a":"OARS","33a":"PERE","34a":"STARSANDSTRIPES","37a":"TANS","38a":"ISEE","39a":"ELECT","40a":"ARK","41a":"BRED","42a":"ASSETS","43a":"MOLT","44a":"FLEE","45a":"TIVOLI","48a":"SATANIST","52a":"STAROFBETHLEHEM","54a":"ASIS","55a":"TEASE","56a":"ROTE","57a":"RALE","58a":"SAMOA","59a":"SPAN","1d":"OFFS","2d":"SLIT","3d":"LAVA","4d":"OPERATORS","5d":"PATENS","6d":"AWARE","7d":"TARS","8d":"EKG","9d":"SEEDIEST","10d":"SLEPT","11d":"TORO","12d":"ALAN","13d":"GALE","18d":"STRESS","19d":"NECK","23d":"PERSE","24d":"CESTA","25d":"ATTAR","26d":"SHANK","27d":"LADED","28d":"TEPEE","29d":"ERECT","30d":"TESTS","32d":"ONSET","33d":"PILSENERS","35d":"AIRLIFTS","36d":"RESEAL","41d":"BOLO","42d":"ALTHEA","43d":"MORSE","44d":"FATSO","45d":"TSAR","46d":"ITSA","47d":"VAIL","48d":"SEAM","49d":"IHOP","50d":"SETA","51d":"TMEN","53d":"BEA"}}