{"numbers":[["1","2","3","4","-","5","6","7","8","9","-","10","11","12","13"],["14","","","","-","15","","","","","-","16","","",""],["17","","","","-","18","","","","","19","","","",""],["20","","","","21","","","","-","-","22","","","",""],["-","-","-","23","","","","-","24","25","","","-","-","-"],["26","27","28","","","","-","29","","","","","30","31","32"],["33","","","","","-","34","","","","","-","35","",""],["36","","","","-","37","","","","","-","38","","",""],["39","","","-","40","","","","","-","41","","","",""],["42","","","43","","","","","-","44","","","","",""],["-","-","-","45","","","","-","46","","","","-","-","-"],["47","48","49","","","-","-","50","","","","","51","52","53"],["54","","","","","55","56","","","","-","57","","",""],["58","","","","-","59","","","","","-","60","","",""],["61","","","","-","62","","","","","-","63","","",""]],"clues":{"1a":"David Bowie's model wife","5a":"Famed Dublin theater","10a":"Terrier of fiction","14a":"Canceled","15a":"Pen","16a":"Paula of \"CBS This Morning\"","17a":"Burgeon","18a":"\"Read my lips\" declaration","20a":"Never","22a":"Actress Graft of \"Mr. Belvedere\"","23a":"It's forbidden","24a":"It may be blind","26a":"Veteran sailor","29a":"Polite refusal","33a":"Montreal street sign","34a":"Indian craft","35a":"Suffix with diet or planet","36a":"Bush Attorney General William","37a":"Become misty","38a":"Computer symbol","39a":"\"How was ___ know?\"","40a":"Buy a round","41a":"Cultural: Prefix","42a":"1987 Costner thriller","44a":"Carried on","45a":"PC operator","46a":"Country ballroom?","47a":"Alamogordo's county","50a":"\"Jack Sprat could ___\"","54a":"Straight from the shoulder","57a":"Bear up?","58a":"Kuwaiti ruler","59a":"Get ___ of one's own medicine","60a":"Go smoothly","61a":"Actress Thompson","62a":"Kind of situation","63a":"Noted Ferrara family","1d":"Swenson of \"Benson\"","2d":"Satirist Sahl","3d":"Attic contest","4d":"\"I'm not surprised!\"","5d":"Storefront sight","6d":"Headache easer, for short","7d":"Twining stem","8d":"Riviera season","9d":"Material for archers' bows","10d":"Rhododendron","11d":"___-Coburg (former duchy)","12d":"\"___He Kissed Me\" (1963 hit)","13d":"Addie's husband in \"As I Lay Dying\"","19d":"Church gift","21d":"Drinking binge","24d":"Dunking item","25d":"Over","26d":"Polio fighter","27d":"Lyrist of myth","28d":"\"This way\" sign","29d":"Complain relentlessly to","30d":"Strauss's \"Eine ___in Venedig\"","31d":"Jockey Julie","32d":"Religious council","34d":"___d'Alene, Idaho","37d":"Splitting tool","38d":"\"I can't go on!\"","40d":"Spinks defeater, 1988","41d":"Deserve","43d":"Roman Eos","44d":"Mediterranean vessel","46d":"Ezio Pinza and others","47d":"Singles","48d":"Tony Musante TV series","49d":"Novelist Bagnold","50d":"Sufficient, once","51d":"Lippo Lippi et al.","52d":"Didion's \"Play It ___ Lays\"","53d":"Chaucer piece","55d":"Antonio or Juan","56d":"Conductor de Waart"},"answers":{"1a":"IMAN","5a":"ABBEY","10a":"ASTA","14a":"NOGO","15a":"WRITE","16a":"ZAHN","17a":"GROW","18a":"NONEWTAXES","20a":"ATNOTIME","22a":"ILENE","23a":"NONO","24a":"DATE","26a":"SEADOG","29a":"NOTHANKS","33a":"ARRET","34a":"CANOE","35a":"ARY","36a":"BARR","37a":"FOGUP","38a":"ICON","39a":"ITO","40a":"TREAT","41a":"ETHNO","42a":"NOWAYOUT","44a":"LASTED","45a":"USER","46a":"BARN","47a":"OTERO","50a":"EATNOFAT","54a":"NONONSENSE","57a":"URSA","58a":"EMIR","59a":"ADOSE","60a":"SAIL","61a":"SADA","62a":"NOWIN","63a":"ESTE","1d":"INGA","2d":"MORT","3d":"AGON","4d":"NOWONDER","5d":"AWNING","6d":"BROMO","7d":"BINE","8d":"ETE","9d":"YEW","10d":"AZALEA","11d":"SAXE","12d":"THEN","13d":"ANSE","19d":"TITHE","21d":"TOOT","24d":"DONUT","25d":"ATOP","26d":"SABIN","27d":"ERATO","28d":"ARROW","29d":"NAGAT","30d":"NACHT","31d":"KRONE","32d":"SYNOD","34d":"COEUR","37d":"FROE","38d":"ITSNOUSE","40d":"TYSON","41d":"EARN","43d":"AURORA","44d":"LATEEN","46d":"BASSI","47d":"ONES","48d":"TOMA","49d":"ENID","50d":"ENOW","51d":"FRAS","52d":"ASIT","53d":"TALE","55d":"SAN","56d":"EDO"}}