{"numbers":[["1","2","3","4","-","5","6","7","8","9","-","10","11","12","13"],["14","","","","-","15","","","","","-","16","","",""],["17","","","","18","","","","","","19","","","",""],["20","","","","","","-","21","","","","-","22","",""],["-","23","","","","-","-","24","","","","25","-","-","-"],["-","-","-","-","26","27","28","-","29","","","","30","31","32"],["33","34","35","36","","","","37","-","-","-","38","","",""],["39","","","","","","","","40","41","42","","","",""],["43","","","","-","-","-","44","","","","","","",""],["45","","","","46","47","48","-","49","","","-","-","-","-"],["-","-","-","50","","","","51","-","-","52","53","54","55","-"],["56","57","58","-","59","","","","-","60","","","","","61"],["62","","","63","","","","","64","","","","","",""],["65","","","","-","66","","","","","-","67","","",""],["68","","","","-","69","","","","","-","70","","",""]],"clues":{"1a":"Kind of race or queen","5a":"___ point","10a":"Malign","14a":"Morning wind personified","15a":"Rocket stage","16a":"Actress Sedgwick","17a":"End of \"America the Beautiful,\" in brief","20a":"Circus workers","21a":"All-purpose song lyrics","22a":"Society page word","23a":"Put on board","24a":"1987 #1 hit by Heart","26a":"Playmate","29a":"Learned","33a":"Success story","38a":"To be, in Paree","39a":"Beatitudes phrase, in brief","43a":"Cotton pod","44a":"They're alphabetized in phone directories","45a":"Books that suffer where and tear?","49a":"Queensland neighbor: Abbr.","50a":"Customs","52a":"Broadway's Harold","56a":"1981 Blake Edwards comedy","59a":"Plaster backing","60a":"Thermoplastics","62a":"Event of 12/16/1773, in brief","65a":"Deputy","66a":"Actress Verdugo","67a":"Debt satisfier","68a":"Winning margin, maybe","69a":"Haggadah reading occasion","70a":"Peeved","1d":"Unhinged","2d":"Part of R.E.A.","3d":"Bouquet","4d":"Staked","5d":"Congratulates in a way","6d":"Kind of mania","7d":"Inventor Nikola","8d":"Take a drag on","9d":"Shakespeare's Robin Starveling","10d":"Schuss","11d":"Boston suburb","12d":"Push for","13d":"Iditarod, e.g.","18d":"Brunch fare","19d":"Part of Mork's sign-off","25d":"Swelling","27d":"___ atque vale","28d":"Ruled","30d":"Particular","31d":"Math diagram","32d":"Comic screams","33d":"Palindromic pop group","34d":"Coagulate","35d":"\"The Divine Comedy\" locale","36d":"Arabic word meaning \"submission\"","37d":"B. &amp; O., and others","40d":"Large wine cask","41d":"Nolte's \"48 ___\"","42d":"Bundle up","46d":"Tutti's opposite, in music","47d":"Does away with","48d":"Finalize","51d":"Like some horses","53d":"Feared exams","54d":"Linguist Pei","55d":"Register","56d":"Saxophonist Getz","57d":"Columbus's home","58d":"Some of them are twins","60d":"Wisher's sight","61d":"New Year's word","63d":"Busy one","64d":"Ship's heading"},"answers":{"1a":"DRAG","5a":"PETIT","10a":"SLUR","14a":"AURA","15a":"AGENA","16a":"KYRA","17a":"FROMCTOSHININGC","20a":"TAMERS","21a":"LALA","22a":"NEE","23a":"LADE","24a":"ALONE","26a":"PAL","29a":"ERUDITE","33a":"ACHIEVER","38a":"ETRE","39a":"BLESSEDRTHEMEEK","43a":"BOLL","44a":"SURNAMES","45a":"ATLASES","49a":"NSW","50a":"MORES","52a":"ROME","56a":"SOB","59a":"LATH","60a":"SARANS","62a":"THEBOSTONTPARTY","65a":"AIDE","66a":"ELENA","67a":"LIEN","68a":"NOSE","69a":"SEDER","70a":"SORE","1d":"DAFT","2d":"RURAL","3d":"AROMA","4d":"GAMED","5d":"PATS","6d":"EGO","7d":"TESLA","8d":"INHALE","9d":"TAILOR","10d":"SKI","11d":"LYNN","12d":"URGE","13d":"RACE","18d":"CREPES","19d":"NANU","25d":"EDEMA","27d":"AVE","28d":"LED","30d":"ITEM","31d":"TREE","32d":"EEKS","33d":"ABBA","34d":"CLOT","35d":"HELL","36d":"ISLAM","37d":"RRS","40d":"TUN","41d":"HRS","42d":"ENWRAP","46d":"SOLO","47d":"ERASES","48d":"SETTLE","51d":"SHOED","53d":"ORALS","54d":"MARIO","55d":"ENTER","56d":"STAN","57d":"OHIO","58d":"BEDS","60d":"STAR","61d":"SYNE","63d":"BEE","64d":"NNE"}}