{"numbers":[["1","2","3","4","-","5","6","7","8","-","9","10","11","12","13"],["14","","","","-","15","","","","-","16","","","",""],["17","","","","-","18","","","","-","19","","","",""],["20","","","-","21","","","","","22","","","","",""],["23","","","24","","","-","-","25","","","-","-","-","-"],["-","-","26","","","","27","28","-","29","","30","31","32","33"],["34","35","","","","-","36","","37","","-","38","","",""],["39","","","","","40","","","","","41","","","",""],["42","","","","-","43","","","","-","44","","","",""],["45","","","","46","","-","47","","48","","","","-","-"],["-","-","-","-","49","","50","-","-","51","","","","52","53"],["54","55","56","57","","","","58","59","","","-","60","",""],["61","","","","","-","62","","","","-","63","","",""],["64","","","","","-","65","","","","-","66","","",""],["67","","","","","-","68","","","","-","69","","",""]],"clues":{"1a":"Canyon sound","5a":"Cross-legged exercises","9a":"August forecast","14a":"Bumbler","15a":"50-50","16a":"Mohawk Valley city","17a":"Kitchen fat","18a":"Shea Stadium nine","19a":"Pressed one's luck","20a":"Big-eared animal","21a":"Vacation locale","23a":"In ___ (ready for release)","25a":"Sign of summer","26a":"Cordage","29a":"It will be printed tomorrow","34a":"Gerald Ford's birthplace","36a":"Banned apple spray","38a":"By way of","39a":"Vacation locale","42a":"Declare","43a":"Congressman Gingrich","44a":"Solemn procedures","45a":"\"___ forget\"","47a":"1959 Fiestas song","49a":"Comic Charlotte","51a":"Outcome","54a":"Vacation locale","60a":"Have a tab","61a":"Like gold","62a":"On-the-cob treat","63a":"Ilsa of \"Casablanca\"","64a":"Wrist movement","65a":"Tale starter","66a":"Pre-owned","67a":"Army vehicles (You're welcome!)","68a":"Blue-green","69a":"Jolly, to the British","1d":"Brilliance","2d":"Sharply disagree","3d":"Monmouth Park events","4d":"___ man out","5d":"Sana native","6d":"\"Back to you\"","7d":"Fetches","8d":"Photographer Adams","9d":"Rock of Hollywood","10d":"Jazz locale","11d":"Muralist Joan","12d":"Cake decorator","13d":"Janet Reno's home county","21d":"Lacquer","22d":"Pine","24d":"Associate","27d":"Put the finger on","28d":"Is brilliant","30d":"Painter's mishaps","31d":"Russian parliament building","32d":"Sea swooper","33d":"\"Broom Hilda\" creator Myers","34d":"Whitish gem","35d":"Military command?","37d":"\"Wheels\"","40d":"Late-late show hour","41d":"Vacation events","46d":"Violent downfalls","48d":"Tornado part","50d":"Orlando attraction","52d":"Shareholder","53d":"Sleepwear item","54d":"___-Hartley Act","55d":"Hip-shaking in Kauai","56d":"Actress Moran","57d":"Rube","58d":"TV knob","59d":"Whale of a movie","63d":"Broadway hit of 1964-65"},"answers":{"1a":"ECHO","5a":"YOGA","9a":"HUMID","14a":"CLOD","15a":"EVEN","16a":"UTICA","17a":"LARD","18a":"METS","19a":"DARED","20a":"ASS","21a":"JERSEYSHORE","23a":"THECAN","25a":"LEO","26a":"ROPING","29a":"ANSWER","34a":"OMAHA","36a":"ALAR","38a":"THRU","39a":"POCONOMOUNTAINS","42a":"AVER","43a":"NEWT","44a":"RITES","45a":"LESTWE","47a":"SOFINE","49a":"RAE","51a":"UPSHOT","54a":"THEHAMPTONS","60a":"OWE","61a":"AURIC","62a":"CORN","63a":"LUND","64a":"FLICK","65a":"ONCE","66a":"USED","67a":"TANKS","68a":"TEAL","69a":"VERY","1d":"ECLAT","2d":"CLASH","3d":"HORSERACES","4d":"ODD","5d":"YEMENI","6d":"OVER","7d":"GETS","8d":"ANSEL","9d":"HUDSON","10d":"UTAH","11d":"MIRO","12d":"ICER","13d":"DADE","21d":"JAPAN","22d":"YEARN","24d":"COHORT","27d":"NAME","28d":"GLOWS","30d":"STAINS","31d":"WHITEHOUSE","32d":"ERNE","33d":"RUSS","34d":"OPAL","35d":"MOVE","37d":"AUTO","40d":"ONEAM","41d":"TRIPS","46d":"WRACKS","48d":"FUNNEL","50d":"EPCOT","52d":"OWNER","53d":"TEDDY","54d":"TAFT","55d":"HULA","56d":"ERIN","57d":"HICK","58d":"TONE","59d":"ORCA","63d":"LUV"}}