{"numbers":[["1","2","3","4","5","-","6","7","8","-","9","10","11","12","13"],["14","","","","","15","","","","16","","","","",""],["17","","","","","","","","","","","","","",""],["18","","","-","19","","","","","","","-","20","",""],["-","-","-","21","","","","-","22","","","23","-","-","-"],["-","24","25","","","","-","26","","","","","27","28","-"],["29","","","","","-","30","","","","","","","","31"],["32","","","","-","33","","","","","-","34","","",""],["35","","","","36","","","","","-","37","","","",""],["-","38","","","","","","","-","39","","","","","-"],["-","-","-","40","","","","-","41","","","","-","-","-"],["42","43","44","-","45","","","46","","","","-","47","48","49"],["50","","","51","","","","","","","","52","","",""],["53","","","","","","","","","","","","","",""],["54","","","","","-","55","","","-","56","","","",""]],"clues":{"1a":"Hayes of \"Shaft\"","6a":"Literary monogram","9a":"Restaurateur Vincent","14a":"Edgartown's locale","17a":"Food processor?","18a":"Piquer du ___ (nose-dive)","19a":"Totally rad, in teen talk","20a":"\"Does she or doesn't she?\" mystery","21a":"Mira or Vega","22a":"Sweeping hairstyle","24a":"More inadequate","26a":"Tries again","29a":"Bode","30a":"Act of bending back","32a":"Lash","33a":"Pipsqueaks","34a":"Dispirited","35a":"\"Let's vary piracee with a little ___\":W.S. Gilbert","37a":"Stole","38a":"They run before dinner","39a":"Crooked","40a":"Medicine Nobelist ___ Von Behring","41a":"Hoover employee?","42a":"Cold's kin","45a":"More obstreperous","47a":"Lanka leader","50a":"Grimm tale","53a":"Trials","54a":"Dick and Schick, e.g.","55a":"Indicator of 22-kt. gold","56a":"90-degree headings","1d":"Model who told of Somalia's plight","2d":"Unloading time?","3d":"ZIP codes starting 85- and 86-: Abbr.","4d":"PIN-dependent source of funds","5d":"Con man","6d":"Poly ending","7d":"Trouper Gardner et al.","8d":"Whirl","9d":"Virginia in 1861","10d":"Granada governess","11d":"South African money","12d":"Cart","13d":"Faineant","15d":"Camp David guest, 1978","16d":"Lolitas","21d":"Shirk duties?","23d":"Healthful cereal choice","24d":"Dillies","25d":"Ancient bazaar","26d":"French President Coty and others","27d":"Upset","28d":"Overly sentimental","29d":"Lackland or Lowry, for short","30d":"\"Aw shucks\" and \"Gee whillikers,\" e.g.","31d":"Open fabric","33d":"Chef Boyardee serving","36d":"Artists","37d":"Medicinal paper strips","39d":"Offputting fish?","41d":"Cleaning for military inspection","42d":"Toss and turn","43d":"Elegance","44d":"They cover all the bases","46d":"Leave in","47d":"Travels between the poles?","48d":"Major flare-up","49d":"Travel guide listings","51d":"Stroke","52d":"Amtrak stop: Abbr."},"answers":{"1a":"ISAAC","6a":"EAP","9a":"SARDI","14a":"MARTHASVINEYARD","17a":"ALIMENTARYCANAL","18a":"NEZ","19a":"AWESOME","20a":"DYE","21a":"STAR","22a":"UPDO","24a":"LAMER","26a":"REHEARS","29a":"AUGUR","30a":"RETORTION","32a":"FLOG","33a":"RUNTS","34a":"BLUE","35a":"BURGLAREE","37a":"CREPT","38a":"SALIVAS","39a":"SHADY","40a":"EMIL","41a":"GMAN","42a":"FLU","45a":"NOISIER","47a":"SRI","50a":"RUMPELSTILTSKIN","53a":"EXPERIMENTATION","54a":"TESTS","55a":"STG","56a":"EASTS","1d":"IMAN","2d":"SALE","3d":"ARIZ","4d":"ATM","5d":"CHEATER","6d":"ESTER","7d":"AVAS","8d":"PIROUETTE","9d":"SECEDER","10d":"AYA","11d":"RAND","12d":"DRAY","13d":"IDLE","15d":"ANWAR","16d":"NYMPHOS","21d":"SMUGGLE","23d":"OATBRAN","24d":"LULUS","25d":"AGORA","26d":"RENES","27d":"RILED","28d":"SOUPY","29d":"AFB","30d":"RURALISMS","31d":"NET","33d":"RAVIOLI","36d":"LIMNERS","37d":"CHARTAE","39d":"SMELT","41d":"GIING","42d":"FRET","43d":"LUXE","44d":"UMPS","46d":"STET","47d":"SKIS","48d":"RIOT","49d":"INNS","51d":"PET","52d":"STA"}}