{"numbers":[["1","2","3","4","5","-","6","7","8","9","-","10","11","12","13"],["14","","","","","-","15","","","","-","16","","",""],["17","","","","","18","","","","","19","","","",""],["20","","","","","","-","21","","","","","","","-"],["-","-","-","-","22","","23","-","-","24","","","-","-","-"],["25","26","27","28","","","","29","30","","","","31","32","33"],["34","","","","-","-","35","","","","","-","36","",""],["37","","","","38","-","39","","","-","40","41","","",""],["42","","","-","43","44","","","","-","-","45","","",""],["46","","","47","","","","","","48","49","","","",""],["-","-","-","50","","","-","-","51","","","-","-","-","-"],["-","52","53","","","","54","55","-","56","","57","58","59","60"],["61","","","","","","","","62","","","","","",""],["63","","","","-","64","","","","-","65","","","",""],["66","","","","-","67","","","","-","68","","","",""]],"clues":{"1a":"They're plucked","6a":"Busy as ___","10a":"Lake formed by Hoover Dam","14a":"Bye","15a":"Druid, e.g.","16a":"Presque___, Me.","17a":"Close behind","20a":"Chair plan","21a":"Setter or retriever","22a":"\"Fables in Slang\" author","24a":"Part of a bridal bio","25a":"Words after \"The last time I saw Paris\"","34a":"Buck follower","35a":"Muddies the water","36a":"\"The Company\"","37a":"Bara and Negri","39a":"Years in Paris","40a":"Mole","42a":"Native: Suffix","43a":"Comedienne Fields","45a":"Hebrides language","46a":"Completely unperturbed","50a":"Olympian: Abbr.","51a":"Knock-knock joke, e.g.","52a":"Sounds the hour","56a":"1967-70 war site","61a":"Discourage","63a":"Japanese aboriginal","64a":"Assassinate","65a":"Put up","66a":"Cuff","67a":"Cod relative","68a":"Drinks with straws","1d":"It's a laugh","2d":"1985 film \"My Life as ___\"","3d":"___ of passage","4d":"Drudge","5d":"Dairy bar order","6d":"Otto's \"oh!\"","7d":"English channel, with \"the\"","8d":"Like many textbook publishers","9d":"Adjective for Rome","10d":"Cellar growth","11d":"Old gas brand","12d":"Sleep like___","13d":"Excellent, in slang","18d":"Cry of achievement","19d":"Ancient capital of Macedonian kings","23d":"Corrigenda","25d":"June in Hollywood","26d":"Sister of Thalia","27d":"Alfa ___","28d":"Sock ___","29d":"Quinine water","30d":"Smarten","31d":"Lip-puckering","32d":"Hair-coloring solution","33d":"___et Magistra (1961 encyclical)","38d":"It causes sparks","41d":"Lapidarist's object of study","44d":"City on Lake Winnebago","47d":"Tar","48d":"Actor Gooding","49d":"Glues","52d":"Earth","53d":"Bluefin","54d":"Scat cat","55d":"It's north of Neb.","57d":"Flying: Prefix","58d":"TV exec Friendly","59d":"Cape ___ (westernmost point in continental Europe)","60d":"Colonists","61d":"___de deux","62d":"Fork"},"answers":{"1a":"HARPS","6a":"ABEE","10a":"MEAD","14a":"ADIEU","15a":"CELT","16a":"ISLE","17a":"HOTONTHEHEELSOF","20a":"AGENDA","21a":"BIRDDOG","22a":"ADE","24a":"NEE","25a":"HERHEARTWASWARM","34a":"AROO","35a":"ROILS","36a":"CIA","37a":"VAMPS","39a":"ANS","40a":"AGENT","42a":"OTE","43a":"TOTIE","45a":"ERSE","46a":"COOLASACUCUMBER","50a":"ATH","51a":"PUN","52a":"STRIKES","56a":"BIAFRA","61a":"POURCOLDWATERON","63a":"AINU","64a":"SLAY","65a":"ERECT","66a":"SLAP","67a":"HAKE","68a":"SODAS","1d":"HAHA","2d":"ADOG","3d":"RITE","4d":"PEON","5d":"SUNDAE","6d":"ACH","7d":"BEEB","8d":"ELHI","9d":"ETERNAL","10d":"MILDEW","11d":"ESSO","12d":"ALOG","13d":"DEF","18d":"TADA","19d":"EDESSA","23d":"ERRATA","25d":"HAVOC","26d":"ERATO","27d":"ROMEO","28d":"HOP","29d":"TONIC","30d":"WISEUP","31d":"ACERB","32d":"RINSE","33d":"MATER","38d":"STATIC","41d":"GEM","44d":"OSHKOSH","47d":"LARRUP","48d":"CUBA","49d":"UNITES","52d":"SOIL","53d":"TUNA","54d":"ELLA","55d":"SDAK","57d":"AERO","58d":"FRED","59d":"ROCA","60d":"ANTS","61d":"PAS","62d":"WYE"}}