{"numbers":[["1","2","3","4","5","-","6","7","8","9","-","10","11","12","13"],["14","","","","","-","15","","","","-","16","","",""],["17","","","","","-","18","","","","-","19","","",""],["20","","","","","21","","","","","22","","","","-"],["-","-","-","23","","","-","-","24","","","","-","-","-"],["25","26","27","","-","28","29","30","-","31","","","32","33","34"],["35","","","-","36","","","","37","-","38","","","",""],["39","","","40","","","","","","41","","","","",""],["42","","","","","-","43","","","","","-","44","",""],["45","","","","","46","-","47","","","-","48","","",""],["-","-","-","49","","","50","-","-","51","52","","-","-","-"],["-","53","54","","","","","55","56","","","","57","58","59"],["60","","","","-","61","","","","-","62","","","",""],["63","","","","-","64","","","","-","65","","","",""],["66","","","","-","67","","","","-","68","","","",""]],"clues":{"1a":"Obsolete","6a":"Serpent song","10a":"Up to snuff","14a":"Type type","15a":"Put a stake on the table","16a":"Mr. Kadiddlehopper","17a":"Campaign-poster word","18a":"Night light","19a":"Litter littlest","20a":"Marquis de Sade's favorite side dish?","23a":"Before, to bards","24a":"Grandiose poetry","25a":"Wound reminder","28a":"Lingerie buy","31a":"Undiminished","35a":"Start of M-G-M's motto","36a":"Pop singer Abdul","38a":"Seven-time N.L. homer champ","39a":"Marquis de Sade's favorite entree?","42a":"Start of the ano","43a":"Begin, as winds","44a":"Morn's opposite","45a":"Wanted-poster word","47a":"Snitch","48a":"Shelley output","49a":"Lab bottle","51a":"Former Mideast monogram","53a":"Marquis de Sade's favorite vegetable?","60a":"Ambition","61a":"At the summit of","62a":"More than manly","63a":"Move like the Blob","64a":"A little","65a":"Cultural characteristics","66a":"Ran in the laundry","67a":"Had no doubt","68a":"Ocean areas","1d":"Regard","2d":"___ breve (2/2 time)","3d":"Dad's Day gifts","4d":"Whistler was one","5d":"Dissuade","6d":"Fastening device","7d":"'85. film, \"___ the Night\"","8d":"Washington, e.g.","9d":"Ranchero's wrap","10d":"Verse with a message?","11d":"In a funk","12d":"Brownie's eye?","13d":"CPR specialists","21d":"Interdict","22d":"Hanoi's region","25d":"Fencing weapon","26d":"Brom Bones's prey","27d":"In ___ (agitated)","29d":"Has misgivings about","30d":"Birch kin","32d":"Readied the press","33d":"Christopher of the screen","34d":"Crossword birds","36d":"\"Will it play in ___?\"","37d":"Official records","40d":"Made a basketball boo-boo","41d":"Ask for a loan","46d":"Upholstery fabric","48d":"Baroque","50d":"Admit","52d":"Aligned the cross hairs","53d":"Air-conditioned","54d":"Bulldoze","55d":"Igloo shape","56d":"Gush forth","57d":"Need a backrub","58d":"Karate motion","59d":"Ponderosa name","60d":"Lump"},"answers":{"1a":"DATED","6a":"HISS","10a":"ABLE","14a":"ELITE","15a":"ANTE","16a":"CLEM","17a":"ELECT","18a":"STAR","19a":"RUNT","20a":"MASHEDPOTATOES","23a":"ERE","24a":"EPOS","25a":"SCAR","28a":"BRA","31a":"ENTIRE","35a":"ARS","36a":"PAULA","38a":"KINER","39a":"BATTEREDCHICKEN","42a":"ENERO","43a":"SETIN","44a":"EVE","45a":"REWARD","47a":"RAT","48a":"ODES","49a":"VIAL","51a":"UAR","53a":"CREAMEDSPINACH","60a":"GOAL","61a":"ATOP","62a":"MACHO","63a":"OOZE","64a":"SOME","65a":"ETHOS","66a":"BLED","67a":"KNEW","68a":"DEEPS","1d":"DEEM","2d":"ALLA","3d":"TIES","4d":"ETCHER","5d":"DETER","6d":"HASP","7d":"INTO","8d":"STATE","9d":"SERAPE","10d":"ACROSTIC","11d":"BLUE","12d":"LENS","13d":"EMT","21d":"DEBAR","22d":"TONKIN","25d":"SABER","26d":"CRANE","27d":"ASTEW","29d":"RUES","30d":"ALDER","32d":"INKED","33d":"REEVE","34d":"ERNES","36d":"PEORIA","37d":"ACTA","40d":"TRAVELED","41d":"HITUP","46d":"DAMASK","48d":"ORNATE","50d":"LETON","52d":"AIMED","53d":"COOL","54d":"RAZE","55d":"DOME","56d":"SPEW","57d":"ACHE","58d":"CHOP","59d":"HOSS","60d":"GOB"}}