{"numbers":[["1","2","3","4","-","5","6","7","8","9","-","10","11","12","13"],["14","","","","-","15","","","","","-","16","","",""],["17","","","","18","","","","","","-","19","","",""],["20","","","-","21","","","-","22","","23","","","",""],["24","","","25","","","-","26","","","","","-","-","-"],["-","-","-","27","","","28","","-","29","","","30","31","32"],["33","34","35","","-","36","","","37","-","38","","","",""],["39","","","","-","40","","","","41","-","42","","",""],["43","","","","44","-","45","","","","-","46","","",""],["47","","","","","48","-","49","","","50","","-","-","-"],["-","-","-","51","","","52","","-","53","","","54","55","56"],["57","58","59","","","","","-","60","","","-","61","",""],["62","","","","-","63","","64","","","","65","","",""],["66","","","","-","67","","","","","-","68","","",""],["69","","","","-","70","","","","","-","71","","",""]],"clues":{"1a":"\"Shane\" star","5a":"Late actor Phoenix","10a":"\"Dark Lady\" singer, 1974","14a":"\"___in a manger...\"","15a":"Author Zola","16a":"\"___, from New York...\"","17a":"Haircuts?","19a":"Kathleen Battle offering","20a":"\"___ we having fun yet?\"","21a":"Glowing","22a":"Kuwaiti structure","24a":"Opening word","26a":"Broadway show based on a comic strip","27a":"Dubuque native","29a":"Imperturbable","33a":"Become frayed","36a":"Former spouses","38a":"Conceited smile","39a":"Hawkeye portrayer","40a":"Recording auditions","42a":"Garfield's canine pal","43a":"Pilots let them down","45a":"Cushy","46a":"Catches some Z's","47a":"It fugits","49a":"Gullible","51a":"Sufficient","53a":"Knucklehead","57a":"Horoscope heading","60a":"Police blotter abbr.","61a":"Prospector's find","62a":"World rotator?","63a":"Fake embroidery?","66a":"Augury","67a":"\"This way in\" sign","68a":"___ carotene","69a":"Emcee Parks","70a":"Nursery packets","71a":"Flowery verses","1d":"Actor Lorenzo","2d":"Conscious","3d":"Odense residents","4d":"Recolor","5d":"Critiqued","6d":"\"... ___a man with seven wives\"","7d":"___ordinaire","8d":"\"Candle in the Wind\" singer ___John","9d":"Copal and others","10d":"Vandalized art work?","11d":"Put on staff","12d":"Heinous","13d":"Kind of estate","18d":"Movie Tarzan ___Lincoln","23d":"Whoppers","25d":"Smog?","26d":"Showy flower","28d":"Lumber camp implements","30d":"Verdi heroine","31d":"Stumble","32d":"Makes do, with \"out\"","33d":"Float","34d":"Madame's pronoun","35d":"Eden resident","37d":"Divan","41d":"Scoundrels","44d":"Its usefulness goes to waste","48d":"Cumin and cardamom","50d":"Test tube","52d":"Actor Greene","54d":"Courted","55d":"Livid","56d":"Ann Richards's bailiwick","57d":"Poor fellow","58d":"\"Be our guest!\"","59d":"Concluded","60d":"Thunderstruck","64d":"Part of a year in Provence","65d":"Cable add-on"},"answers":{"1a":"LADD","5a":"RIVER","10a":"CHER","14a":"AWAY","15a":"EMILE","16a":"LIVE","17a":"MANEEVENTS","19a":"ARIA","20a":"ARE","21a":"LIT","22a":"OILWELL","24a":"SESAME","26a":"ANNIE","27a":"IOWAN","29a":"SEDATE","33a":"WEAR","36a":"EXES","38a":"SMIRK","39a":"ALDA","40a":"DEMOS","42a":"ODIE","43a":"FLAPS","45a":"SOFT","46a":"NAPS","47a":"TEMPUS","49a":"NAIVE","51a":"AMPLE","53a":"NITWIT","57a":"SCORPIO","60a":"AKA","61a":"ORE","62a":"LOVE","63a":"CREWELHOAX","66a":"OMEN","67a":"ENTER","68a":"BETA","69a":"BERT","70a":"SEEDS","71a":"ODES","1d":"LAMAS","2d":"AWARE","3d":"DANES","4d":"DYE","5d":"REVIEWED","6d":"IMET","7d":"VIN","8d":"ELTON","9d":"RESINS","10d":"CLAWEDMONET","11d":"HIRE","12d":"EVIL","13d":"REAL","18d":"ELMO","23d":"LIES","25d":"AIRAPPARENT","26d":"ANEMONE","28d":"AXES","30d":"AIDA","31d":"TRIP","32d":"EKES","33d":"WAFT","34d":"ELLE","35d":"ADAM","37d":"SOFA","41d":"STINKERS","44d":"SUMP","48d":"SPICES","50d":"VIAL","52d":"LORNE","54d":"WOOED","55d":"IRATE","56d":"TEXAS","57d":"SLOB","58d":"COME","59d":"OVER","60d":"AWED","64d":"ETE","65d":"HBO"}}