{"numbers":[["1","2","3","4","-","5","6","7","8","-","9","10","11","12","13"],["14","","","","-","15","","","","-","16","","","",""],["17","","","","18","","","","","19","","","","",""],["20","","","","","-","21","","","","-","22","","",""],["-","-","-","23","","24","","-","25","","26","","-","-","-"],["27","28","29","","-","30","","31","","","","","32","33","34"],["35","","","-","36","","","","-","37","","","","",""],["38","","","39","","-","40","","41","-","42","","","",""],["43","","","","","44","-","45","","46","","-","47","",""],["48","","","","","","49","","","","-","50","","",""],["-","-","-","51","","","","-","52","","53","","-","-","-"],["54","55","56","","-","57","","58","","-","59","","60","61","62"],["63","","","","64","","","","","65","","","","",""],["66","","","","","-","67","","","","-","68","","",""],["69","","","","","-","70","","","","-","71","","",""]],"clues":{"1a":"Dog star","5a":"Gull's cousin","9a":"Eyeball bender","14a":"Ground grain","15a":"Mini revelation","16a":"Red-eyed bird","17a":"Haitian despot","20a":"Cordwood measure","21a":"Dance in a shtetl","22a":"Out's opposite","23a":"Vidal's Breckinridge","25a":"Actor Young of TV's 67-Across","27a":"Is grief-stricken","30a":"Book subtitled \"His Songs and His Sayings\"","35a":"Supped","36a":"Relative of a Bap. or Presb.","37a":"Balkan capital","38a":"Gabor sister","40a":"Thimbleful","42a":"Dryden work","43a":"Help get situated","45a":"Plugs of a sort","47a":"Saturn's wife","48a":"1956 Rosalind Russell role","50a":"\"For___us a child is born\"","51a":"Headlight?","52a":"Survey chart","54a":"Seaweed product","57a":"___ fixe","59a":"Reached the total of","63a":"Popular psychologist","66a":"Paul Anka hit","67a":"See 25-Across","68a":"Deep blue","69a":"Throat malady","70a":"Achy","71a":"James Mason sci-fi role of 1954","1d":"Rock band equipment","2d":"Usher","3d":"Mend, in a way","4d":"Alternatives to The Club","5d":"Round stopper","6d":"Delights","7d":"Change the decor","8d":"Kind of network","9d":"Roman breakfast?","10d":"Light beers","11d":"\"Jewel Song,\" e.g.","12d":"Mariner's peril","13d":"Raced","18d":"She played Grace Van Owen on \"L.A. Law\"","19d":"Passepartout, to Phileas Fogg","24d":"Strongly scented plant","26d":"Stellar Ram","27d":"Fiji neighbor","28d":"City in northern Japan","29d":"Set in motion","31d":"Dinnerware","32d":"Building contractor","33d":"Not suitable","34d":"Final authority","36d":"Madness","39d":"Oust","41d":"Nurse, maybe","44d":"Directed toward a goal","46d":"Hair fixative","49d":"Office connections?","50d":"Donny Osmond, e.g.","53d":"Record-holding N.F.L. receiver ___Monk","54d":"Postfixes","55d":"Sandpaper surface","56d":"Opened a crack","58d":"Catalonian river","60d":"Hawaiian hen","61d":"In shape","62d":"Kon-Tiki Museum site","64d":"Shrill bark","65d":"Lyric poem"},"answers":{"1a":"ASTA","5a":"TERN","9a":"OPART","14a":"MEAL","15a":"KNEE","16a":"VIREO","17a":"PAPADOCDUVALIER","20a":"STERE","21a":"HORA","22a":"SAFE","23a":"MYRA","25a":"ALAN","27a":"SOBS","30a":"UNCLEREMUS","35a":"ATE","36a":"METH","37a":"TIRANA","38a":"MAGDA","40a":"SIP","42a":"ESSAY","43a":"ORIENT","45a":"NAGS","47a":"OPS","48a":"AUNTIEMAME","50a":"UNTO","51a":"HALO","52a":"PLAT","54a":"AGAR","57a":"IDEE","59a":"RANTO","63a":"DRJOYCEBROTHERS","66a":"DIANA","67a":"MRED","68a":"ANIL","69a":"STREP","70a":"SORE","71a":"NEMO","1d":"AMPS","2d":"SEAT","3d":"TAPE","4d":"ALARMS","5d":"TKO","6d":"ENCHANTS","7d":"REDO","8d":"NEURAL","9d":"OVA","10d":"PILSNERS","11d":"ARIA","12d":"REEF","13d":"TORE","18d":"DEY","19d":"VALET","24d":"RUE","26d":"ARIES","27d":"SAMOA","28d":"OTARU","29d":"BEGIN","31d":"CHINA","32d":"MASON","33d":"UNAPT","34d":"SAYSO","36d":"MANIA","39d":"DETHRONE","41d":"PAMPERER","44d":"TELIC","46d":"GEL","49d":"MODEMS","50d":"UTAHAN","53d":"ART","54d":"ADDS","55d":"GRIT","56d":"AJAR","58d":"EBRO","60d":"NENE","61d":"TRIM","62d":"OSLO","64d":"YAP","65d":"ODE"}}