{"numbers":[["1","2","3","4","-","5","6","7","8","-","9","10","11","12","13"],["14","","","","-","15","","","","-","16","","","",""],["17","","","","18","","","","","-","19","","","",""],["20","","","","","","","","","21","","","","",""],["-","-","-","22","","","-","23","","","","","-","-","-"],["24","25","26","","","","-","-","27","","","","28","29","30"],["31","","","","","-","32","33","","","","-","34","",""],["35","","","","-","36","","","","","-","37","","",""],["38","","","-","39","","","","","-","40","","","",""],["41","","","42","","","","-","-","43","","","","",""],["-","-","-","44","","","","45","-","46","","","-","-","-"],["47","48","49","","","","","","50","","","","51","52","53"],["54","","","","","-","55","","","","","","","",""],["56","","","","","-","57","","","","-","58","","",""],["59","","","","","-","60","","","","-","61","","",""]],"clues":{"1a":"Iron-pumper's pride","5a":"Washerful","9a":"Make pigtails","14a":"Columbia athlete","15a":"Oppositionist","16a":"Diploma word","17a":"Rattles","19a":"Comatose","20a":"Came upon the maharajah?","22a":"F or G, for example, but not H","23a":"\"___ Cane\" (1963 movie)","24a":"Lead ore","27a":"Forming opinions","31a":"Hugo or Tony","32a":"Neighbor of Chad","34a":"Easter preceder","35a":"Gives no stars","36a":"Got a new address","37a":"Sneaky guy?","38a":"Scratch (out)","39a":"High numbers?","40a":"Oscar-winning film of 1955","41a":"Dislike to the max","43a":"Puts in the scrapbook","44a":"An Astaire","46a":"Destiny","47a":"Intrepid Eric?","54a":"Form-related","55a":"Double-crossers","56a":"Muscat resident","57a":"Point at the table","58a":"Mountain sign abbr.","59a":"Star's small role","60a":"Slaughter in Cooperstown","61a":"Decline","1d":"Deep purple","2d":"German article","3d":"Overhead","4d":"Gym shoes","5d":"One of the Jacksons","6d":"One's partner","7d":"First-stringers","8d":"Ousts","9d":"Stupid error","10d":"Hit-or-miss","11d":"Autobahn auto","12d":"Creative input","13d":"\"Jurassic Park\" actress","18d":"The way things are going","21d":"\"You're All___ to Get By\"","24d":"Goggled","25d":"Up and about","26d":"Strike locations","28d":"Still","29d":"Night, in Napoli","30d":"Lady Jane and Zane","32d":"Long short story","33d":"\"___ Got My Eyes on You\"","36d":"Silas Marner, e.g.","37d":"Hobbies","39d":"Beethoven opera","40d":"Aucklander, maybe","42d":"16th-century dance","43d":"China, perhaps","45d":"Word maven Newman","47d":"Coll. hotshot","48d":"It's on the Tevere","49d":"\"Paradise Lost\" character","50d":"Stereo precursor","51d":"Dudley Do-Right's love","52d":"\".... ___saw Elba\"","53d":"Invitation letters"},"answers":{"1a":"PECS","5a":"LOAD","9a":"BRAID","14a":"LION","15a":"ANTI","16a":"LAUDE","17a":"UNSETTLES","19a":"UNDER","20a":"METAROYALINDIAN","22a":"KEY","23a":"MONDO","24a":"GALENA","27a":"DEEMING","31a":"AWARD","32a":"NIGER","34a":"NOR","35a":"PANS","36a":"MOVED","37a":"PETE","38a":"EKE","39a":"FIVES","40a":"MARTY","41a":"DESPISE","43a":"PASTES","44a":"ADELE","46a":"LOT","47a":"BRAVEREDMARINER","54a":"MODAL","55a":"TWOTIMERS","56a":"OMANI","57a":"TINE","58a":"ELEV","59a":"CAMEO","60a":"ENOS","61a":"SLIP","1d":"PLUM","2d":"EINE","3d":"COST","4d":"SNEAKERS","5d":"LATOYA","6d":"ONLY","7d":"ATEAM","8d":"DISLODGES","9d":"BLUNDER","10d":"RANDOM","11d":"AUDI","12d":"IDEA","13d":"DERN","18d":"TREND","21d":"INEED","24d":"GAPED","25d":"AWAKE","26d":"LANES","28d":"INERT","29d":"NOTTE","30d":"GREYS","32d":"NOVELETTE","33d":"IVE","36d":"MISER","37d":"PASTIMES","39d":"FIDELIO","40d":"MAORI","42d":"PAVANE","43d":"PLATES","45d":"EDWIN","47d":"BMOC","48d":"ROMA","49d":"ADAM","50d":"MONO","51d":"NELL","52d":"EREI","53d":"RSVP"}}