{"numbers":[["1","2","3","4","-","5","6","7","8","-","9","10","11","12","13"],["14","","","","-","15","","","","-","16","","","",""],["17","","","","18","","","","","19","","","","",""],["20","","","","","-","21","","","","","","","",""],["-","-","-","22","","23","-","-","-","24","","","-","-","-"],["25","26","27","","","","28","29","30","","","","31","32","33"],["34","","","-","35","","","","","-","36","","","",""],["37","","","38","-","39","","","","40","-","41","","",""],["42","","","","43","-","44","","","","45","-","46","",""],["47","","","","","48","","","","","","49","","",""],["-","-","-","50","","","-","-","-","51","","","-","-","-"],["52","53","54","","","","55","56","57","-","58","","59","60","61"],["62","","","","","","","","","63","","","","",""],["64","","","","","-","65","","","","-","66","","",""],["67","","","","","-","68","","","","-","69","","",""]],"clues":{"1a":"Smooth wood","5a":"Treat like a pariah","9a":"Pin place","14a":"Mixed bag","15a":"\"Self \" starter","16a":"\"Die Fledermaus\" maid","17a":"Stay tuned, Part 1","20a":"Writer Danielle","21a":"She shares the wealth","22a":"Cut (off)","24a":"___gallop","25a":"Stay tuned, Part 2","34a":"\"O.K., Ahab\"","35a":"Actress Verdugo","36a":"Borden bovine","37a":"\"Cool\"","39a":"Gounod opera","41a":"Marion's finish","42a":"Island crooner","44a":"Slangy $100 bill","46a":"Sniggler's wiggler","47a":"Stay tuned, Part 3","50a":"Ankh's cross","51a":"Midwest Indian","52a":"Disparages","58a":"Ogden Nash's feet","62a":"Stay tuned, Part 4","64a":"Signal to slow","65a":"Unguarded, in football","66a":"Radiate","67a":"Full of vim and vinegar","68a":"Word to a refusenik","69a":"Thanksgiving side dishes","1d":"Lays down the lawn","2d":"Much","3d":"Not quite Bo Derek","4d":"\"No kidding!\"","5d":"___ Tome and Principe","6d":"Hollywood 10 condemner: Abbr.","7d":"60's spy plane","8d":"Biblical 950-year-old","9d":"Gulf of Mexico pirate","10d":"Cute","11d":"A k a Edson Arantes do Nascimento","12d":"Large lodge","13d":"Minus","18d":"Boston daily","19d":"Informal agreement","23d":"Ill-gotten gains","25d":"Fish in a John Cleese comedy","26d":"\"___newt...\"","27d":"Listed","28d":"Boxer's asset","29d":"Operating","30d":"Reactions to aerialists","31d":"Fall bloomer","32d":"Given as a source","33d":"Falls (over)","38d":"London daily","40d":"Ballerina's strong points","43d":"Speaking skill","45d":"\"Roughing It\" writer","48d":"Hippo's wear in \"Fantasia\"","49d":"Dramatist Sean","52d":"Arts degs.","53d":"\"Cope Book\" Aunt","54d":"Arcing shots","55d":"Author Hubbard","56d":"Wordsmith Willard","57d":"The Graf___","59d":"N.Y. institution on 53d Street","60d":"Fedora feature","61d":"Trans-Atlantic speedsters","63d":"Prov. on Niagara Falls"},"answers":{"1a":"SAND","5a":"SHUN","9a":"LAPEL","14a":"OLIO","15a":"AUTO","16a":"ADELE","17a":"DONTGOAWAYFOLKS","20a":"STEEL","21a":"COHEIRESS","22a":"LOP","24a":"ATA","25a":"WELLBERIGHTBACK","34a":"AYE","35a":"ELENA","36a":"ELSIE","37a":"NEAT","39a":"FAUST","41a":"ETTE","42a":"DONHO","44a":"CSPOT","46a":"EEL","47a":"AFTERTHESEWORDS","50a":"TAU","51a":"SAC","52a":"BELITTLES","58a":"IAMBS","62a":"FROMOURSPONSORS","64a":"AMBER","65a":"OPEN","66a":"EMIT","67a":"SASSY","68a":"NYET","69a":"YAMS","1d":"SODS","2d":"ALOT","3d":"NINE","4d":"DOTELL","5d":"SAO","6d":"HUAC","7d":"UTWO","8d":"NOAH","9d":"LAFITTE","10d":"ADORABLE","11d":"PELE","12d":"ELKS","13d":"LESS","18d":"GLOBE","19d":"YEAH","23d":"PELF","25d":"WANDA","26d":"EYEOF","27d":"LEANT","28d":"REACH","29d":"INUSE","30d":"GASPS","31d":"ASTER","32d":"CITED","33d":"KEELS","38d":"THETIMES","40d":"TOES","43d":"ORATORY","45d":"TWAIN","48d":"TUTU","49d":"OCASEY","52d":"BFAS","53d":"ERMA","54d":"LOBS","55d":"LRON","56d":"ESPY","57d":"SPEE","59d":"MOMA","60d":"BRIM","61d":"SSTS","63d":"ONT"}}