{"numbers":[["-","-","1","2","3","4","5","6","-","7","8","9","10","11","12"],["-","13","","","","","","","14","","","","","",""],["15","","","","","","","","","","","","","",""],["16","","","","-","-","-","17","","","","","-","-","-"],["18","","","-","19","20","21","","","","-","22","23","24","25"],["26","","","27","","","","-","-","-","-","-","28","",""],["-","-","-","29","","","","30","-","31","32","33","","",""],["-","34","35","","","","","","36","","","","","","-"],["37","","","","","","-","38","","","","","-","-","-"],["39","","","-","-","-","-","-","40","","","","41","42","43"],["44","","","45","-","46","47","48","","","","-","49","",""],["-","-","-","50","51","","","","-","-","-","52","","",""],["53","54","55","","","","","","56","57","58","","","",""],["59","","","","","","","","","","","","","","-"],["60","","","","","","-","61","","","","","","-","-"]],"clues":{"1a":"Ace depository","7a":"Peter Lorre typecast","13a":"In no hurry to buy","15a":"Inexpensive","16a":"Table spread","17a":"Humiliate","18a":"Twice-told","19a":"Fairy tale kid","22a":"Hoodwink","26a":"Mosaic piece","28a":"___ -per-view","29a":"University of Maine town","31a":"Jazz star, with 36-Down","34a":"Dialing for dollars?","37a":"Slums Mother","38a":"Heavy bundles","39a":"Einstein's birthplace","40a":"lndy 500 occurrence","44a":"Humdrum","46a":"Vodka cocktail","49a":"Coach Holtz of Notre Dame","50a":"\"All systems ___\"","52a":"Survey","53a":"Spying on who's buying?","59a":"Alternatives to malls","60a":"\"Marriage is ___\": Cervantes","61a":"Saint-Tropez is one","1d":"Makes confetti","2d":"Company trademark","3d":"Clean water agcy.","4d":"Prefix with glottis or gram","5d":"Pinot Chardonnay","6d":"Downstairs: Fr.","7d":"For beginners","8d":"Armored god","9d":"Like many football stadiums","10d":"Scheduled","11d":"Reception site","12d":"N.Y. summer time","13d":"Chambre","14d":"Kotter of 70'sTV","15d":"Start, as a computer","19d":"Start of a toast","20d":"Spray, perhaps","21d":"Grandma","23d":"Knowing about","24d":"Bit of distress","25d":"Goggle","27d":"Fish entree","30d":"Sun or moon","31d":"Near riot","32d":"\"This is only ___\"","33d":"Not discounted","34d":"___ off (scold)","35d":"Anecdotal Bombeck","36d":"See 31-Across","37d":"Butter container","41d":"Writer at Orchard House","42d":"Guffaws","43d":"___ out (ignore)","45d":"\"It___Be You\" (Kahn-Jones hit)","46d":"Romance or sci-fi, e.g.","47d":"Pop music's ___Pop","48d":"Drive","51d":"Bravo and Grande","52d":"Ending with spin or speed","53d":"Art deg.","54d":"Golfer Woosnam","55d":"Sgt., for one","56d":"Color","57d":"U.F.O. occupants","58d":"___-mo (replay technique)"},"answers":{"1a":"SLEEVE","7a":"BADDIE","13a":"SHOPPINGAROUND","15a":"BARGAINBASEMENT","16a":"OLEO","17a":"ABASE","18a":"OLD","19a":"HANSEL","22a":"DUPE","26a":"TESSERA","28a":"PAY","29a":"ORONO","31a":"MALONE","34a":"TELEMARKETING","37a":"TERESA","38a":"BALES","39a":"ULM","40a":"RESTART","44a":"BLAH","46a":"GIMLET","49a":"LOU","50a":"AREGO","52a":"SCAN","53a":"MINDINGTHESTORE","59a":"FACTORYOUTLETS","60a":"ANOOSE","61a":"RESORT","1d":"SHREDS","2d":"LOGO","3d":"EPA","4d":"EPI","5d":"VIN","6d":"ENBAS","7d":"BASAL","8d":"ARES","9d":"DOMED","10d":"DUE","11d":"INN","12d":"EDT","13d":"SALLE","14d":"GABE","15d":"BOOT","19d":"HERES","20d":"AROMA","21d":"NANA","23d":"UPON","24d":"PANG","25d":"EYE","27d":"SOLE","30d":"ORB","31d":"MELEE","32d":"ATEST","33d":"LIST","34d":"TELL","35d":"ERMA","36d":"KARL","37d":"TUB","41d":"ALCOTT","42d":"ROARS","43d":"TUNE","45d":"HADTO","46d":"GENRE","47d":"IGGY","48d":"MOTOR","51d":"RIOS","52d":"STER","53d":"MFA","54d":"IAN","55d":"NCO","56d":"HUE","57d":"ETS","58d":"SLO"}}