{"numbers":[["1","2","3","4","-","5","6","7","8","9","-","10","11","12","13"],["14","","","","-","15","","","","","-","16","","",""],["17","","","","-","18","","","","","-","19","","",""],["20","","","","21","","","","","","22","","","",""],["-","-","-","23","","","","-","-","24","","","-","-","-"],["25","26","27","","","","-","28","29","","","","30","31","32"],["33","","","","","-","34","","","","-","-","35","",""],["36","","","","","37","","","","","38","39","","",""],["40","","","-","-","41","","","","-","42","","","",""],["43","","","44","45","","","","-","46","","","","",""],["-","-","-","47","","","-","-","48","","","","-","-","-"],["49","50","51","","","","52","53","","","","","54","55","56"],["57","","","","-","58","","","","","-","59","","",""],["60","","","","-","61","","","","","-","62","","",""],["63","","","","-","64","","","","","-","65","","",""]],"clues":{"1a":"Man has seven","5a":"Small groove","10a":"Trims the tree","14a":"Barbarian","15a":"Cut___swath","16a":"\"___Her on Monday\" (1942 hit)","17a":"Mercury or Saturn","18a":"Treacherous person","19a":"Computer memory","20a":"LOCK...","23a":"Praise loudly","24a":"Giant's third word","25a":"Fling","28a":"Cherub","33a":"Coos' partner","34a":"Maintain","35a":"Word associated with light bulbs","36a":"STOCK...","40a":"That, in Sonora","41a":"Part of HOMES","42a":"Reagan Attorney General","43a":"Coffeecake topping","46a":"Mug","47a":"Turner or Cole","48a":"Kiddie talk?","49a":"BARREL...","57a":"Pealed","58a":"Double-check the check","59a":"\"March Madness\" org.","60a":"Energy source","61a":"N.R.A. symbol","62a":"Venetian strip","63a":"Flattop, of sorts","64a":"Hitler's architect","65a":"Gossips are all this","1d":"\"It's___!\" (wow!)","2d":"Foot problem","3d":"Luncheon follower","4d":"Work discussion","5d":"British taste","6d":"Tween","7d":"Torn and tide, e.g.","8d":"The same, to Caesar","9d":"Gaseous","10d":"A nut for cooking","11d":"Novel set on Tahiti","12d":"President Fujimori's land","13d":"Blue-pencil notation","21d":"Fort on the Oregon Trail","22d":"Craggy hill","25d":"French clerics","26d":"With 27-Down, ground level","27d":"See 26-Down","28d":"Use","29d":"Pool, in poetry","30d":"Movie shots","31d":"Items on hand","32d":"Western","34d":"Plot measure","37d":"Makes as good as new","38d":"Plain People","39d":"Knee jerk, e.g.","44d":"Mystery","45d":"Mideast inits.","46d":"It usually has a garten in back","48d":"Dipper","49d":"Pull an all-nighter","50d":"Odium","51d":"Years in Toledo","52d":"Gather","53d":"Knight's glove","54d":"Member of 59-Across","55d":"German river","56d":"Grub"},"answers":{"1a":"AGES","5a":"STRIA","10a":"LOPS","14a":"GOTH","15a":"AWIDE","16a":"IMET","17a":"AUTO","18a":"VIPER","19a":"CORE","20a":"STEPBOXSMITHOUT","23a":"TOUT","24a":"FOE","25a":"AFFAIR","28a":"AMORETTO","33a":"BILLS","34a":"AVER","35a":"AHA","36a":"BROKERCARMARKET","40a":"ESO","41a":"ERIE","42a":"MEESE","43a":"STREUSEL","46a":"KISSER","47a":"NAT","48a":"LISP","49a":"CHAIRORGANHOUSE","57a":"RANG","58a":"READD","59a":"NCAA","60a":"ATOM","61a":"EAGLE","62a":"SLAT","63a":"MESA","64a":"SPEER","65a":"EARS","1d":"AGAS","2d":"GOUT","3d":"ETTE","4d":"SHOPTALK","5d":"SAVOUR","6d":"TWIXT","7d":"RIPS","8d":"IDEM","9d":"AERIFORM","10d":"LICHEE","11d":"OMOO","12d":"PERU","13d":"STET","21d":"BOISE","22d":"TOR","25d":"ABBES","26d":"FIRST","27d":"FLOOR","28d":"AVAIL","29d":"MERE","30d":"TAKES","31d":"THESE","32d":"OATER","34d":"ACRE","37d":"RESTORES","38d":"AMISH","39d":"RESPONSE","44d":"ENIGMA","45d":"UAR","46d":"KINDER","48d":"LADLE","49d":"CRAM","50d":"HATE","51d":"ANOS","52d":"REAP","53d":"GAGE","54d":"UCLA","55d":"SAAR","56d":"EATS"}}