{"numbers":[["1","2","3","4","-","5","6","7","8","9","-","10","11","12","13"],["14","","","","-","15","","","","","-","16","","",""],["17","","","","18","","","","","","19","","","",""],["20","","","-","21","","","","","-","22","","","",""],["-","-","23","24","","","","-","-","25","","","","-","-"],["26","27","","","","","-","28","29","","","-","30","31","32"],["33","","","","-","-","34","","","","","-","35","",""],["36","","","","37","38","","","","","","39","","",""],["40","","","-","41","","","","","-","-","42","","",""],["43","","","-","44","","","","-","45","46","","","",""],["-","-","47","48","","","-","-","49","","","","","-","-"],["50","51","","","","-","52","53","","","","-","54","55","56"],["57","","","","","58","","","","","","59","","",""],["60","","","","-","61","","","","","-","62","","",""],["63","","","","-","64","","","","","-","65","","",""]],"clues":{"1a":"1975 Wimbledon champ","5a":"___ nova","10a":"High-ranking NCO","14a":"Oscar winner for \"Moonstruck\"","15a":"Sit up for","16a":"Ron Howard TV role","17a":"Irving Berlin song","20a":"Woolgatherer?","21a":"Winter forecast","22a":"Sioux Indians","23a":"\"Gimme a G ...,\" e.g.","25a":"Org.","26a":"Word in Amtrak's slogan","28a":"N.H.L legend Gordie","30a":"Wide's partner","33a":"\"La Boheme\" role","34a":"Louisiana inlet","35a":"One in France","36a":"Andrews Sisters hit","40a":"Speaker's pauses","41a":"Writer Cecil of \"The Straight Dope\"","42a":"___ me tangere","43a":"Q followers","44a":"Strength, in Variety talk","45a":"Favor","47a":"Confused thoughts","49a":"Secretaries may file these","50a":"Alpha's opposite","52a":"Unified","54a":"Profit by","57a":"Andrew Lloyd Webber song, with \"The\"","60a":"Astound","61a":"Chisholm, e.g.","62a":"Tense","63a":"1/17/94 honoree","64a":"First-year law school class","65a":"\"Rule, Britannia\" composer","1d":"Highest point","2d":"\"Pygmalion\" author","3d":"Beatles recording","4d":"Goof","5d":"Tried to save a sinking ship?","6d":"Steinbrenner, to the Yankees","7d":"Wise seasoning?","8d":"Search (through)","9d":"From ___ Z","10d":"Loses feathers","11d":"\"Mary Poppins\" tune, with \"A\"","12d":"Take's partner","13d":"Golfers' gadgets","18d":"River in Belgium","19d":"Revolted","24d":"\"Aquarius\" musical","25d":"Gone, but not forgotten?","26d":"Dinosaur DNA preserver","27d":"Coffin stands","28d":"Injures","29d":"Court cry","31d":"\"Twisted\" body part","32d":"Broadcast anew","34d":"Boast","37d":"\"The Human Comedy\" author","38d":"\"Zip___-Doo-Dah\"","39d":"Like Nash's \"lama\"","45d":"Juries","46d":"Nothing: Fr.","48d":"Ripening","49d":"Like a pitcher's perfect game","50d":"Siberian city","51d":"Conductor Riccardo","52d":"60's hair style","53d":"Asterisk","55d":"Avoid","56d":"Cigar ending","58d":"Giant Mel","59d":"\"Make___ double\""},"answers":{"1a":"ASHE","5a":"BOSSA","10a":"MSGT","14a":"CHER","15a":"AWAIT","16a":"OPIE","17a":"MARRYINGFORLOVE","20a":"EWE","21a":"SLEET","22a":"OTOES","23a":"CHEER","25a":"ASSN","26a":"ABOARD","28a":"HOWE","30a":"FAR","33a":"MIMI","34a":"BAYOU","35a":"UNE","36a":"BEERBARRELPOLKA","40a":"ERS","41a":"ADAMS","42a":"NOLI","43a":"RST","44a":"LEGS","45a":"PREFER","47a":"HAZE","49a":"NAILS","50a":"OMEGA","52a":"ASONE","54a":"USE","57a":"MUSICOFTHENIGHT","60a":"STUN","61a":"TRAIL","62a":"TAUT","63a":"KING","64a":"TORTS","65a":"ARNE","1d":"ACME","2d":"SHAW","3d":"HERECOMESTHESUN","4d":"ERR","5d":"BAILED","6d":"OWNER","7d":"SAGE","8d":"SIFT","9d":"ATO","10d":"MOLTS","11d":"SPOONFULOFSUGAR","12d":"GIVE","13d":"TEES","18d":"YSER","19d":"ROSEUP","24d":"HAIR","25d":"AWOL","26d":"AMBER","27d":"BIERS","28d":"HARMS","29d":"OYES","31d":"ANKLE","32d":"REAIR","34d":"BRAG","37d":"BALZAC","38d":"ADEE","39d":"ONEL","45d":"PANELS","46d":"RIEN","48d":"AGING","49d":"NOHIT","50d":"OMSK","51d":"MUTI","52d":"AFRO","53d":"STAR","55d":"SHUN","56d":"ETTE","58d":"OTT","59d":"ITA"}}