{"numbers":[["1","2","3","4","5","6","-","7","8","9","10","11","12","13","-"],["14","","","","","","-","15","","","","","","","-"],["16","","","","","","-","17","","","","","","","18"],["19","","","","","-","20","","","","-","21","","",""],["22","","","","-","23","","","","","-","24","","",""],["25","","","-","26","","","","","-","-","-","27","",""],["-","-","28","29","","","","","-","-","30","31","","",""],["-","-","-","32","","","","-","33","34","","","-","-","-"],["35","36","37","","","-","-","38","","","","","39","-","-"],["40","","","-","-","-","41","","","","","-","42","43","44"],["45","","","46","-","47","","","","","-","48","","",""],["49","","","","-","50","","","","-","51","","","",""],["52","","","","53","","","","-","54","","","","",""],["-","55","","","","","","","-","56","","","","",""],["-","57","","","","","","","-","58","","","","",""]],"clues":{"1a":"Puget Sound city","7a":"Escorts of a sort","14a":"Left out","15a":"Away doing research, e.g.","16a":"Went by car","17a":"Raises the hem","19a":"Sassy","20a":"\"Not guilty by reason of insanity,\" e.g.","21a":"Sticky place?","22a":"Wraps up","23a":"T, for one","24a":"Odium","25a":"Willis's \"___ Hard\"","26a":"Make up (for)","27a":"Word after flip or tip","28a":"Warmhearted","30a":"Ward off","32a":"Lover who lived by the Hellespont","33a":"Swing music","35a":"Crawls, in a way","38a":"Alecto, Megaera and Tisiphone","40a":"Actress Dawber","41a":"Added muscle, with \"up\"","42a":"Answers for Nanette?","45a":"Tennyson's \"Geraint and ___\"","47a":"Gators' kin","48a":"Madras dress","49a":"Voting nay","50a":"Sign of a saint","51a":"Aired again","52a":"Not setting the agenda","54a":"Kind of room or legend","55a":"Soft-shell clam","56a":"Repay, in a way","57a":"Not in so many words?","58a":"F.T.C. subject","1d":"Bedeviled","2d":"Reuners","3d":"Charleston college, with \"The\"","4d":"Aromas","5d":"Athletic event","6d":"Connect","7d":"A little gander?","8d":"Exist naturally","9d":"Show impolite satisfaction","10d":"\"___ the ramparts...\"","11d":"Door closer","12d":"Was gluttonous","13d":"Barbara Boxer, for one","18d":"Won all the races","20d":"Record player","23d":"Paint can direction","26d":"Welcomes","29d":"A little resistance?","30d":"Cupidinous","31d":"Churchill's sign","33d":"Snowbird","34d":"Wraths","35d":"Asparagus unit","36d":"Most sick-looking","37d":"Be a copycat","38d":"Tom's behavior","39d":"Entangling","41d":"Go places","43d":"Holland's royal family","44d":"Literature Nobelist, 1978","46d":"Food-cubing gizmo","47d":"Ding-dong","48d":"Split up","51d":"Use a cleaver","53d":"Words of gratitude","54d":"Flight from justice"},"answers":{"1a":"TACOMA","7a":"GIGOLOS","14a":"ELIDED","15a":"ONLEAVE","16a":"AUTOED","17a":"SHORTENS","19a":"SMART","20a":"PLEA","21a":"CRAW","22a":"ENDS","23a":"SHIRT","24a":"HATE","25a":"DIE","26a":"ATONE","27a":"TOP","28a":"LOVING","30a":"AVERT","32a":"HERO","33a":"JIVE","35a":"SWIMS","38a":"FURIES","40a":"PAM","41a":"TONED","42a":"NOS","45a":"ENID","47a":"CROCS","48a":"SARI","49a":"ANTI","50a":"HALO","51a":"RERAN","52a":"REACTIVE","54a":"LIVING","55a":"STEAMER","56a":"AVENGE","57a":"TERSELY","58a":"MERGER","1d":"TEASED","2d":"ALUMNI","3d":"CITADEL","4d":"ODORS","5d":"MEET","6d":"ADD","7d":"GOSLING","8d":"INHERE","9d":"GLOAT","10d":"OER","11d":"LATCH","12d":"OVERATE","13d":"SENATOR","18d":"SWEPT","20d":"PHONO","23d":"STIR","26d":"AVES","29d":"OHM","30d":"AVID","31d":"VEE","33d":"JUNCO","34d":"IRES","35d":"SPEAR","36d":"WANNEST","37d":"IMITATE","38d":"FOOLERY","39d":"SNARING","41d":"TRAVEL","43d":"ORANGE","44d":"SINGER","46d":"DICER","47d":"CHIME","48d":"SEVER","51d":"RIVE","53d":"TAS","54d":"LAM"}}