{"numbers":[["1","2","3","4","-","5","6","7","8","-","-","9","10","11","12"],["13","","","","-","14","","","","-","15","","","",""],["16","","","","-","17","","","","-","18","","","",""],["19","","","","20","","-","21","","22","","","","","-"],["-","23","","","","","24","","","","-","-","-","-","-"],["-","-","-","25","","","","-","-","26","27","28","29","30","31"],["32","33","34","-","-","35","","36","37","-","38","","","",""],["39","","","40","41","","","","","42","","","","",""],["43","","","","","-","44","","","","-","-","45","",""],["46","","","","","47","-","-","48","","49","50","-","-","-"],["-","-","-","-","-","51","52","53","","","","","54","55","-"],["-","56","57","58","59","","","","-","60","","","","","61"],["62","","","","","-","63","","64","","-","65","","",""],["66","","","","","-","67","","","","-","68","","",""],["69","","","","-","-","70","","","","-","71","","",""]],"clues":{"1a":"Like Ike","5a":"Wellesley student","9a":"One 39-Across","13a":"\"I cannot tell ___\"","14a":"Heraldic band","15a":"Sandbags, maybe","16a":"Holds up","17a":"Cafe additive","18a":"Chemically nonreactive","19a":"Chiffonier","21a":"One 39-Across","23a":"One 39-Across","25a":"Verboten: Var.","26a":"Cantankerous","32a":"Rep.'s rival","35a":"\"___ be a cold day in Hell...\"","38a":"Ancient region of Asia Minor","39a":"Each of eight in this puzzle","43a":"Like measles","44a":"Elliptical","45a":"Compass dir.","46a":"Home to Denali National Park","48a":"Teases","51a":"One 39-Across","56a":"One 39-Across","60a":"Stay informed","62a":"Island group near Fiji","63a":"Periodical of haute couture","65a":"Small dog breed, for short","66a":"One 39-Across","67a":"Plaintiff","68a":"Get ready","69a":"Fusses","70a":"Orly birds?","71a":"Lighten up","1d":"Fishhook part","2d":"One way to read","3d":"Sign of autumn's beginning","4d":"Go AWOL","5d":"One 39-Across","6d":"___ pro nobis","7d":"Statesman Root","8d":"Coup___","9d":"Transportation Secretary Federico ___","10d":"Penultimate fairy tale word","11d":"Wonk, maybe","12d":"Pocket","15d":"Actress Ullmann","20d":"One-time link","22d":"Symbol for density","24d":"Expenditure","27d":"Singer Ocasek of the Cars","28d":"Classic drama of Japan","29d":"Seth's son","30d":"Ocho___, Jamaica","31d":"One 39-Across","32d":"1982 movie thriller","33d":"lniquitous","34d":"Pianist Hess","36d":"Broadway comedy of 1964","37d":"Live's partner","40d":"___Palmas (Canary Islands seaport)","41d":"Benevolent guy","42d":"Macs","47d":"King Kong, e.g.","49d":"Quilt-making gathering","50d":"Treeless plain","52d":"Like the Boston-accented pronunciation of many words","53d":"Card catalogue abbr.","54d":"Where the fat lady sings","55d":"Zaps","56d":"Ask to produce proof of age","57d":"Melville novel","58d":"Participates in a regatta, perhaps","59d":"One of the Bobbsey twins","61d":"___ Le Pew","62d":"Loan-granting Fed.agcy.","64d":"Fill a flat?"},"answers":{"1a":"BALD","5a":"COED","9a":"PENN","13a":"ALIE","14a":"ORLE","15a":"LEVEE","16a":"ROBS","17a":"LAIT","18a":"INERT","19a":"BUREAU","21a":"HARVARD","23a":"DARTMOUTH","25a":"TABU","26a":"ORNERY","32a":"DEM","35a":"ITLL","38a":"IONIA","39a":"IVYLEAGUESCHOOL","43a":"VIRAL","44a":"OVAL","45a":"SSE","46a":"ALASKA","48a":"RIBS","51a":"PRINCETON","56a":"CORNELL","60a":"KEEPUP","62a":"SAMOA","63a":"ELLE","65a":"PEKE","66a":"BROWN","67a":"SUER","68a":"PREP","69a":"ADOS","70a":"SSTS","71a":"EASE","1d":"BARB","2d":"ALOUD","3d":"LIBRA","4d":"DESERT","5d":"COLUMBIA","6d":"ORA","7d":"ELIHU","8d":"DETAT","9d":"PENA","10d":"EVER","11d":"NERD","12d":"NET","15d":"LIV","20d":"ATA","22d":"RHO","24d":"OUTGO","27d":"RIC","28d":"NOH","29d":"ENOS","30d":"RIOS","31d":"YALE","32d":"DIVA","33d":"EVIL","34d":"MYRA","36d":"LUV","37d":"LEARN","40d":"LAS","41d":"ELK","42d":"SLICKERS","47d":"APE","49d":"BEE","50d":"STEPPE","52d":"RLESS","53d":"ILLUS","54d":"OPERA","55d":"NUKES","56d":"CARD","57d":"OMOO","58d":"ROWS","59d":"NAN","61d":"PEPE","62d":"SBA","64d":"LET"}}