{"numbers":[["1","2","3","4","5","6","7","8","9","-","10","11","12","13","14"],["15","","","","","","","","","-","16","","","",""],["17","","","","","","","","","18","","","","",""],["19","","","","","","-","-","-","20","","","","","-"],["21","","","","-","-","22","23","24","","","-","25","","26"],["27","","","-","28","29","","","","","-","30","","",""],["-","-","-","31","","","","","","-","32","","","",""],["-","33","34","","","","","","","35","","","","","-"],["36","","","","","-","37","","","","","","-","-","-"],["38","","","","-","39","","","","","","-","40","41","42"],["43","","","-","44","","","","","-","-","45","","",""],["-","46","","47","","","-","-","-","48","49","","","",""],["50","","","","","","51","52","53","","","","","",""],["54","","","","","-","55","","","","","","","",""],["56","","","","","-","57","","","","","","","",""]],"clues":{"1a":"Colorful salad ingredient","10a":"Plant pest","15a":"Throw some light on","16a":"El ___ (Spanish painter)","17a":"Acting ambassador","19a":"Mooring rope","20a":"The sky, maybe","21a":"Perry's creator","22a":"Pop'sCarlyor Paul","25a":"It's a drag","27a":"Country rtes.","28a":"It has its ups and downs","30a":"Turner of Hollywood","31a":"\"Duke Bluebeard's Castle\" composer","32a":"Super-soaked","33a":"Literature as art","36a":"Urger's words","37a":"Aloha State","38a":"Ooze","39a":"Bombast","40a":"70's sitcom \"___ Sharkey\"","43a":"Watered-down ideas","44a":"Subsequently","45a":"Teri of \"Tootsie\"","46a":"\"___ Andronicus\"","48a":"Samantha's \"Bewitched\" husband","50a":"Facetious advice in a mystery","54a":"Indoor design","55a":"Carouse","56a":"Birthplace of 16-Across","57a":"By and large","1d":"\"...for___for poorer\"","2d":"Founder of est","3d":"Talks Dixie-style","4d":"Diagram a sentence","5d":"Competitive advantage","6d":"Boat's departure site","7d":"Rocket's departure site","8d":"It's after zeta","9d":"Foul caller","10d":"One more time","11d":"Schoolmarmish","12d":"Birthright","13d":"Bar accessory","14d":"___ Passos","18d":"Go with the___","22d":"Layup alternative","23d":"Quarantine","24d":"Be militaristic","26d":"Manner","28d":"It can sting","29d":"Before, in palindromes","30d":"Actress ___ Singer","31d":"Radar screen image","32d":"Rouse to action","33d":"Brief break","34d":"It's worth looking into","35d":"Clavell's \"___-Pan\"","36d":"Recipe abbr.","39d":"Mess-hall meal","40d":"Clint Eastwood's city","41d":"Kind of scream","42d":"Obstinate","44d":"Pelf","45d":"Miss Garbo","47d":"Jog","48d":"Hamlet, for one","49d":"Nowhere near","50d":"Fed. medical detectives","51d":"Sunny-side-up item","52d":"Lawyer Baird","53d":"Cambodia's ___Nol"},"answers":{"1a":"REDPEPPER","10a":"APHID","15a":"IRRADIATE","16a":"GRECO","17a":"CHARGEDAFFAIRES","19a":"HAWSER","20a":"LIMIT","21a":"ERLE","22a":"SIMON","25a":"TOW","27a":"RDS","28a":"SEESAW","30a":"LANA","31a":"BARTOK","32a":"SOGGY","33a":"BELLESLETTRES","36a":"TRYIT","37a":"HAWAII","38a":"SEEP","39a":"HOTAIR","40a":"CPO","43a":"PAP","44a":"LATER","45a":"GARR","46a":"TITUS","48a":"DARRIN","50a":"CHERCHEZLAFEMME","54a":"DECOR","55a":"GOONATEAR","56a":"CRETE","57a":"GENERALLY","1d":"RICHER","2d":"ERHARD","3d":"DRAWLS","4d":"PARSE","5d":"EDGE","6d":"PIER","7d":"PAD","8d":"ETA","9d":"REF","10d":"AGAIN","11d":"PRIM","12d":"HERITAGE","13d":"ICETONGS","14d":"DOS","18d":"FLOW","22d":"SETSHOT","23d":"ISOLATE","24d":"MAKEWAR","26d":"WAY","28d":"SALT","29d":"ERE","30d":"LORI","31d":"BLIP","32d":"STIR","33d":"BREATHER","34d":"EYEPIECE","35d":"TAI","36d":"TSP","39d":"HASH","40d":"CARMEL","41d":"PRIMAL","42d":"ORNERY","44d":"LUCRE","45d":"GRETA","47d":"TROT","48d":"DANE","49d":"AFAR","50d":"CDC","51d":"EGG","52d":"ZOE","53d":"LON"}}