{"numbers":[["1","2","3","4","-","5","6","7","8","9","-","10","11","12","13"],["14","","","","-","15","","","","","-","16","","",""],["17","","","","-","18","","","","","-","19","","",""],["-","20","","","21","","","","","","22","","","","-"],["-","-","-","23","","","","-","-","-","24","","","","-"],["25","26","27","","","-","-","28","29","30","","","-","-","-"],["31","","","","-","32","33","","","","","-","34","35","36"],["37","","","","38","","","","","","","39","","",""],["40","","","-","41","","","","","","-","42","","",""],["-","-","-","43","","","","","-","-","44","","","",""],["-","45","46","","","-","-","-","47","48","","","-","-","-"],["-","49","","","","50","51","52","","","","","53","54","-"],["55","","","","-","56","","","","","-","57","","","58"],["59","","","","-","60","","","","","-","61","","",""],["62","","","","-","63","","","","","-","64","","",""]],"clues":{"1a":"Outlet center?","5a":"Wheat ___ (crackers)","10a":"Stick around","14a":"The last Mrs. Chaplin","15a":"Storyteller of old Greece","16a":"Opening for a sweat bead","17a":"Ballerina's skirt","18a":"Strainer","19a":"Novelist Murdoch","20a":"Colonist's command","23a":"\"Piggies\"","24a":"Have a hunch","25a":"Like crazy","28a":"Waikiki dances","31a":"Dungeons &amp; Dragons beast","32a":"Row, e.g.","34a":"School grp.","37a":"Judy Garland's command","40a":"Embroider","41a":"Bowling lanes","42a":"The hunted","43a":"Feeds the flame","44a":"___Haute, Ind.","45a":"Thursday's eponym","47a":"In a mo","49a":"February command","55a":"Invitation word","56a":"Heretofore mentioned","57a":"Congressman Gingrich","59a":"___ even keel","60a":"Basic belief","61a":"Ballooned","62a":"Took off","63a":"Shorthand, for short","64a":"Fair to middlin'","1d":"Kitty","2d":"Musical forte?","3d":"Golden rule word","4d":"Knight's glove","5d":"Discrimination","6d":"Will-reading attendees","7d":"\"Um-hmm\"","8d":"Award-winning science show","9d":"Expedited","10d":"Places for titles","11d":"\"The Velvet Fog\"","12d":"\"The Little Mermaid\"","13d":"Sandburg's \"The People, ___\"","21d":"1982 Pryor film, with \"The\"","22d":"Best ___","25d":"May honorees","26d":"\"Let Us Now Praise Famous Men\" author","27d":"Columnist Pearson","28d":"Sharpens","29d":"___-daisy","30d":"O.K.'S","32d":"Athlete from Tres Coracoes, Brazil","33d":"Brooklet","34d":"Good engine sound","35d":"Level","36d":"\"___sow...\"","38d":"TV host Povich","39d":"Job vacancies","43d":"Incite","44d":"Candidate for day care","45d":"Butcher's cut","46d":"Rambo, e.g.","47d":"Early evening","48d":"___ a customer","50d":"Winery fixtures","51d":"Drive the get-away car, maybe","52d":"Sole","53d":"Claudius's adopted son","54d":"Sheepcote matriarchs","55d":"Intimidate","58d":"Brace"},"answers":{"1a":"PLUG","5a":"THINS","10a":"STAY","14a":"OONA","15a":"AESOP","16a":"PORE","17a":"TUTU","18a":"SIEVE","19a":"IRIS","20a":"DONTTREADONME","23a":"TOES","24a":"FEEL","25a":"MADLY","28a":"HULAS","31a":"OGRE","32a":"PROPEL","34a":"PTA","37a":"MEETMEINSTLOUIS","40a":"SEW","41a":"ALLEYS","42a":"PREY","43a":"FUELS","44a":"TERRE","45a":"THOR","47a":"SOON","49a":"BEMYVALENTINE","55a":"COME","56a":"ABOVE","57a":"NEWT","59a":"ONAN","60a":"TENET","61a":"GREW","62a":"WENT","63a":"STENO","64a":"SOSO","1d":"POT","2d":"LOUD","3d":"UNTO","4d":"GAUNTLET","5d":"TASTE","6d":"HEIRS","7d":"ISEE","8d":"NOVA","9d":"SPED","10d":"SPINES","11d":"TORME","12d":"ARIEL","13d":"YES","21d":"TOY","22d":"OFALL","25d":"MOMS","26d":"AGEE","27d":"DREW","28d":"HONES","29d":"UPSY","30d":"LETS","32d":"PELE","33d":"RILL","34d":"PURR","35d":"TIER","36d":"ASYE","38d":"MAURY","39d":"OPENINGS","43d":"FOMENT","44d":"TOT","45d":"TBONE","46d":"HEMAN","47d":"SEVEN","48d":"ONETO","50d":"VATS","51d":"ABET","52d":"LONE","53d":"NERO","54d":"EWES","55d":"COW","58d":"TWO"}}