{"numbers":[["1","2","3","4","-","5","6","7","8","-","9","10","11","12","13"],["14","","","","-","15","","","","-","16","","","",""],["17","","","","18","","","","","19","","","","",""],["20","","","","","-","21","","","","-","22","","",""],["-","-","-","23","","24","","-","25","","26","","-","-","-"],["27","28","29","","-","30","","31","","","","","32","33","34"],["35","","","-","36","","","","-","37","","","","",""],["38","","","39","","-","40","","41","-","42","","","",""],["43","","","","","44","-","45","","46","","-","47","",""],["48","","","","","","49","","","","-","50","","",""],["-","-","-","51","","","","-","52","","53","","-","-","-"],["54","55","56","","-","57","","58","","-","59","","60","61","62"],["63","","","","64","","","","","65","","","","",""],["66","","","","","-","67","","","","-","68","","",""],["69","","","","","-","70","","","","-","71","","",""]],"clues":{"1a":"Paint layer","5a":"Best of old films","9a":"Plays at Pebble Beach","14a":"Greengrocer's pods","15a":"Controversial 70's sitcom","16a":"Lit","17a":"Menu appetizer","20a":"Titter","21a":"Bambi and kin","22a":"Hints at the pool table?","23a":"___ fixe","25a":"Ta-ta in Turin","27a":"Hollywood's Barbara or Conrad","30a":"Menu entree","35a":"Lew Wallace's \"Ben-___\"","36a":"Word before mother or lively","37a":"1975 Clavell best seller","38a":"Slack-jawed","40a":"Hoover, e.g.","42a":"Clean, as a computer disk","43a":"Beaverlike fur","45a":"Collars","47a":"Herbal soother","48a":"Menu side order","50a":"Carrel","51a":"G-men","52a":"Mr. Carnegie","54a":"Mystery dog","57a":"Hacker, e.g.","59a":"Revises","63a":"Menu dessert","66a":"Lady's alternative?","67a":"Kind of log","68a":"Hammer part","69a":"1941 Bogart role","70a":"Sediment","71a":"Ocean flyer","1d":"Egyptian church member","2d":"\"The Grapes of Wrath\" worker","3d":"Foot part","4d":"Provide lodging for","5d":"Vane dir.","6d":"Walked unevenly","7d":"Scruff","8d":"Each","9d":"Dentist's anesthetic","10d":"Risque","11d":"Stead","12d":"Parole","13d":"Televisions","18d":"Calculator display: Abbr.","19d":"Crossword diagrams","24d":"Newt","26d":"Pines","27d":"Hallucinogenic drink","28d":"Bode","29d":"Seething","31d":"Toothpaste once advertised by Grace Kelly","32d":"Type size for fine print","33d":"Ponders","34d":"Underhanded fellow","36d":"View from the Quai d'Orsay","39d":"Introduced","41d":"Barbara with two sisters","44d":"\"Straight Up\" singer Paula","46d":"Youth grp. founded in 1910","49d":"Classic Montaigne work of 1580","50d":"Dock","53d":"The M-G-M lion","54d":"Book after John","55d":"Lollipop was a \"good\" one","56d":"Roman get-up","58d":"Needle case","60d":"Sunny vacation spot","61d":"Ruler until 1917","62d":"Basted","64d":"Vein find","65d":"Ran into"},"answers":{"1a":"COAT","5a":"EDNA","9a":"GOLFS","14a":"OKRA","15a":"SOAP","16a":"AFIRE","17a":"PICKLEDPIGSFEET","20a":"TEHEE","21a":"DEER","22a":"CUES","23a":"IDEE","25a":"CIAO","27a":"BAIN","30a":"FRIEDCLAMS","35a":"HUR","36a":"STEP","37a":"SHOGUN","38a":"AGAPE","40a":"DAM","42a":"ERASE","43a":"NUTRIA","45a":"NABS","47a":"TEA","48a":"GREENBEANS","50a":"DESK","51a":"FEDS","52a":"DALE","54a":"ASTA","57a":"USER","59a":"EDITS","63a":"CHOCOLATEMOUSSE","66a":"TIGER","67a":"YULE","68a":"CLAW","69a":"SPADE","70a":"SILT","71a":"TERN","1d":"COPT","2d":"OKIE","3d":"ARCH","4d":"TAKEIN","5d":"ESE","6d":"DODDERED","7d":"NAPE","8d":"APIECE","9d":"GAS","10d":"OFFCOLOR","11d":"LIEU","12d":"FREE","13d":"SETS","18d":"LED","19d":"GRIDS","24d":"EFT","26d":"ACHES","27d":"BHANG","28d":"AUGUR","29d":"IRATE","31d":"IPANA","32d":"AGATE","33d":"MUSES","34d":"SNEAK","36d":"SEINE","39d":"PREFACED","41d":"MANDRELL","44d":"ABDUL","46d":"BSA","49d":"ESSAYS","50d":"DEDUCT","53d":"LEO","54d":"ACTS","55d":"SHIP","56d":"TOGA","58d":"ETUI","60d":"ISLE","61d":"TSAR","62d":"SEWN","64d":"ORE","65d":"MET"}}