{"numbers":[["1","2","3","4","5","-","6","7","8","9","10","11","-","12","13","14","15","-","-","16","17","18"],["19","","","","","-","20","","","","","","-","21","","","","-","22","","",""],["23","","","","","24","","","","","","","25","","","","","26","","","",""],["27","","","-","28","","","","","-","29","","","","-","-","30","","","","",""],["31","","","32","","","-","33","","34","-","35","","","36","37","-","38","","","",""],["39","","","","","-","-","-","40","","41","-","42","","","","43","","-","44","",""],["-","-","-","45","","46","-","47","","","","48","-","49","","","","","50","","-","-"],["51","52","53","","","","54","","-","55","","","56","-","57","","","-","58","","59","-"],["60","","","","-","61","","","-","62","","","","63","","-","64","65","","","","66"],["67","","","-","68","","","","69","-","-","70","","","-","71","","","","","",""],["72","","","73","","-","74","","","75","76","","","","77","","-","78","","","",""],["79","","","","","80","","-","81","","","-","-","82","","","83","","-","84","",""],["85","","","","","","-","86","","","","87","88","-","89","","","-","90","","",""],["-","91","","","-","92","93","","-","94","","","","-","95","","","96","","","",""],["-","-","97","","98","","","","99","-","100","","","101","","-","102","","","-","-","-"],["103","104","","-","105","","","","","106","-","107","","","-","-","-","108","","109","110","111"],["112","","","113","","-","114","","","","115","-","116","","117","-","118","","","","",""],["119","","","","","120","-","-","121","","","122","-","123","","124","","","-","125","",""],["126","","","","","","127","128","","","","","129","","","","","","130","","",""],["131","","","","-","132","","","","-","133","","","","","","-","134","","","",""],["135","","","-","-","136","","","","-","137","","","","","","-","138","","","",""]],"clues":{"1a":"Auto accessory","6a":"Britannia","12a":"Country music's Axton","16a":"Hansom","19a":"Part of \"I, Claudius\"","20a":"Treat, as per a famous rule","21a":"Remedy for dry toast","22a":"First president of Korea","23a":"Event at which people have a ball","27a":"Sanctions","28a":"Cousin of a gimlet","29a":"Prefix with masochism","30a":"It's all downhill from here","31a":"Barely contain one's anger","33a":"Joplin tune","35a":"Madrileño, e.g.","38a":"Dismay","39a":"Land","40a":"One of the Maunas","42a":"\"Get off ___!\"","44a":"Hearty quaff","45a":"Jazz's Kid ___","47a":"Laugh-a-minute","49a":"Tenth of a joule","51a":"Ruby anniversary","55a":"Flaming Gorge Reservoir site","57a":"Opinion","58a":"Like Haydn's \"Surprise Symphony\"","60a":"\"Jake's Thing\" author","61a":"Whence Jackie got her O","62a":"Full of holes","64a":"Hugger-mugger","67a":"Stimpy's pal","68a":"Spiral-shelled snail","70a":"Additionally","71a":"Madrileño's moolah","72a":"Plankton components","74a":"Our wish to you","78a":"Three-___ (multipurpose)","79a":"Sink","81a":"History chapter","82a":"Traffic jam","84a":"Army ___","85a":"Thickset","86a":"DeNiro's \"Mean Streets\" co-star","89a":"Stack of oldies, maybe","90a":"Greek consonants","91a":"180 degrees from norte","92a":"One of the Vanderbilts","94a":"First name in architecture","95a":"Not one to go solo","97a":"Cornstalks strands","100a":"\"Understood\"","102a":"Dude","103a":"Bridle's mouthpiece","105a":"Singer Carey","107a":"Adolphe ___, musical instrument inventor","108a":"Shaped like an inner tube","112a":"Tony nominee for \"Mass Appeal\"","114a":"She's unarmed","116a":"Beak","118a":"Neat","119a":"Titular tenor in a Verdi opera","121a":"Where heros are made","123a":"\"I ___ saw...\"","125a":"Pa. neighbor","126a":"Timely opening words","131a":"Improbable","132a":"Bond foe","133a":"What it is","134a":"Sans smog","135a":"Par: Abbr.","136a":"Revue piece","137a":"Esurient","138a":"Mythical monster","1d":"Harass publicly","2d":"\"See what I got!\"","3d":"Comedian","4d":"Former White House inits.","5d":"Subject of a 1917 execution","6d":"Work like ___","7d":"Drop","8d":"Japanese puppet theater","9d":"\"___ moment\"","10d":"Baseballers Ed and Mel","11d":"\"___ a Stranger\" (1955 film)","12d":"Waits for weights","13d":"Flamenco accolade","14d":"\"Owner of a Lonely Heart\" band","15d":"Go for a ringer","16d":"New Year's welcome, frequently","17d":"You may see it on TV","18d":"Semiantique car","22d":"Beef cut","24d":"Awaited","25d":"The same","26d":"It can move mountains","32d":"Brings (out)","34d":"Outfit","36d":"Not merely pudgy","37d":"Sitarist's rendition","41d":"Kind of pilot","43d":"Psychic author Edgar","46d":"\"Sure!\"","47d":"Refrigerate a Tex-Mex dish","48d":"Leaves the ball","50d":"Torn","51d":"Capacitance units","52d":"Frittatas","53d":"Leaves the past behind","54d":"Tire pattern style","56d":"Deride the foot","59d":"Babysitter, perhaps","63d":"Quiet word in the Garter motto","65d":"Soviet poet Mandelstam","66d":"Soporific sucker","68d":"It'll last for days","69d":"Swiss abstractionist joint","71d":"Readies quick looks","73d":"Gulf of Guinea port","75d":"Cheese city of Pennsylvania","76d":"One who devours a spud","77d":"Fuel ship of a more offensive nature","80d":"Lake Malawi's old name","83d":"New London grp.","86d":"Australian novelist ___ Tennant","87d":"Piccadilly Circus statue","88d":"J.F.K.'s Boston counterpart","90d":"\"Stir Crazy\" star","93d":"Erstwhile talk-show host","96d":"Surpass Nolan Ryan","98d":"Lowercase","99d":"Setting for a diamond","101d":"Do","103d":"Promotes","104d":"\"___ All There Is?\"","106d":"Shaded","109d":"Female stand-up star","110d":"Glossy cover","111d":"Stick in the salad","113d":"Lead-in to Tishri","115d":"Word on the street","117d":"Spoke sheepishly","118d":"D.C. V.I.P.","120d":"Tote board tally","122d":"Writer of \"Happy Birthday\"","124d":"Boglike","127d":"Refuge","128d":"Numerical prefix","129d":"\"___ passa?\"","130d":"Emulating"},"answers":{"1a":"ALARM","6a":"ALBION","12a":"HOYT","16a":"CAB","19a":"COMMA","20a":"DOUNTO","21a":"OLEO","22a":"RHEE","23a":"COUNTDOWNATTIMESSQUARE","27a":"OKS","28a":"AUGER","29a":"SADO","30a":"SUMMIT","31a":"SEETHE","33a":"RAG","35a":"SENOR","38a":"APPAL","39a":"TERRA","40a":"KEA","42a":"MYBACK","44a":"ALE","45a":"ORY","47a":"CUTUP","49a":"MEGAERG","51a":"FORTIETH","55a":"UTAH","57a":"SAY","58a":"ING","60a":"AMIS","61a":"ARI","62a":"POROSE","64a":"COVERT","67a":"REN","68a":"WHELK","70a":"TOO","71a":"PESETAS","72a":"ALGAE","74a":"ALLBESTFORNINETYFIVE","78a":"INONE","79a":"DESCEND","81a":"ERA","82a":"TIEUP","84a":"ANT","85a":"STOCKY","86a":"KEITEL","89a":"LPS","90a":"PSIS","91a":"SUR","92a":"AMY","94a":"EERO","95a":"ESCORTEE","97a":"TASSELS","100a":"ROGER","102a":"GUY","103a":"BIT","105a":"MARIAH","107a":"SAX","108a":"TORIC","112a":"OSHEA","114a":"VENUS","116a":"NEB","118a":"SPRUCE","119a":"OTELLO","121a":"DELI","123a":"CAMEI","125a":"DEL","126a":"SHOULDAULDACQUAINTANCE","131a":"TALL","132a":"DRNO","133a":"NEUTER","134a":"CLEAR","135a":"STD","136a":"SKIT","137a":"GREEDY","138a":"HARPY","1d":"ACCOST","2d":"LOOKEE","3d":"AMUSER","4d":"RMN","5d":"MATAHARI","6d":"ADOG","7d":"LOWER","8d":"BUNRAKU","9d":"INA","10d":"OTTS","11d":"NOTAS","12d":"HOMONYM","13d":"OLE","14d":"YES","15d":"TOSS","16d":"CHAMPAGNETOAST","17d":"AERIAL","18d":"BEETLE","22d":"RUMP","24d":"DUE","25d":"IDEM","26d":"QUAKE","32d":"TROTS","34d":"GETUP","36d":"OBESE","37d":"RAGA","41d":"AUTO","43d":"CAYCE","46d":"YEAH","47d":"CHILLCHILI","48d":"PARTSPARTY","50d":"RIVEN","51d":"FARADS","52d":"OMELETS","53d":"RINGSOUTTHEOLD","54d":"TREADTREND","56d":"HOOTHOOF","59d":"GRANNIE","63d":"SOFTSOIT","65d":"OSIP","66d":"TSETSE","68d":"WEEK","69d":"KLEEKNEE","71d":"PREPSPEEPS","73d":"ACCRA","75d":"BRIEERIE","76d":"TATEREATER","77d":"VILEROILER","80d":"NYASA","83d":"USCG","86d":"KYLIE","87d":"EROS","88d":"LOGAN","90d":"PRYOR","93d":"MERV","96d":"OUTPITCH","98d":"SMALL","99d":"SANDLOT","101d":"EXECUTE","103d":"BOOSTS","104d":"ISTHAT","106d":"HUED","109d":"RUDNER","110d":"ICECAP","111d":"CELERY","113d":"ELUL","115d":"SLANG","117d":"BAAED","118d":"SEN","120d":"ODDS","122d":"ICER","124d":"MIRY","127d":"ARK","128d":"UNI","129d":"QUE","130d":"ALA"}}