{"numbers":[["1","2","3","-","4","5","6","7","8","-","9","10","11","12","13"],["14","","","-","15","","","","","-","16","","","",""],["17","","","18","","","","","","-","19","","","",""],["20","","","","","","","-","21","22","","","","",""],["-","-","-","23","","","","24","-","25","","","","",""],["26","27","28","","","-","29","","30","","","","","-","-"],["31","","","","","32","-","33","","","-","34","","35","36"],["37","","","-","38","","39","","","","40","-","41","",""],["42","","","43","-","44","","","-","45","","46","","",""],["-","-","47","","48","","","","49","-","50","","","",""],["51","52","","","","","-","53","","54","","","-","-","-"],["55","","","","","","56","-","57","","","","58","59","60"],["61","","","","","-","62","63","","","","","","",""],["64","","","","","-","65","","","","","-","66","",""],["67","","","","","-","68","","","","","-","69","",""]],"clues":{"1a":"Wasn't colorfast","4a":"\"Le ___ de Monte Cristo\"","9a":"Napoleon's force","14a":"Gardner of \"Mogambo\"","15a":"1935 Triple Crown winner","16a":"Closes in on","17a":"Coastal area","19a":"Birdlike","20a":"Unyielding","21a":"Driver's need","23a":"Old town official","25a":"Gets the soap out","26a":"Investigated with \"about\"","29a":"No-caffeine drink","31a":"Drives","33a":"Freight weight","34a":"Part of Q.E.D.","37a":"___ capita","38a":"Had a hankering","41a":"Anger","42a":"Barber's action","44a":"Stars and Bars inits.","45a":"Commandment breaker","47a":"Batman, to the Joker","50a":"Astronomer Carl","51a":"\"___ and rejoice\": Psalms","53a":"Under, in verse","55a":"Largest newspaper in Calif.","57a":"Became less clear","61a":"Chilean port","62a":"Major pipe","64a":"Family car","65a":"\"Hard ___!\" (nautical command)","66a":"Mr. Gershwin","67a":"Idyllic spots","68a":"Legal wrongs","69a":"\"___ Miz\"","1d":"Pro ___","2d":"Eager","3d":"Zilch, to Zapata","4d":"Like Lahr's lion","5d":"Mideasterner","6d":"Dull finishes","7d":"Word before more and merrier","8d":"Jazzman Hines","9d":"Tylenol alternative","10d":"Income","11d":"Watch's center","12d":"Clear the slate","13d":"Workers of puzzledom","18d":"Host","22d":"Worth and Castle","24d":"Give new job skills","26d":"Small drinks","27d":"Augury","28d":"Full moon occurrence","30d":"\"___ Ryan's Express\"","32d":"Leave the union","35d":"Space","36d":"Slender-billed sea bird","39d":"Palm Sunday mount","40d":"Warps","43d":"Big-billed sea bird","46d":"Biblical prophet","48d":"Marseille moms","49d":"Pie slice, in geometry","51d":"World-weary","52d":"Like many seals","54d":"On the qui vive","56d":"The Sultan of ___","58d":"Dublin's legislature","59d":"Dublin's country","60d":"Genetic materials","63d":"G.I.'s address"},"answers":{"1a":"RAN","4a":"COMTE","9a":"ARMEE","14a":"AVA","15a":"OMAHA","16a":"NEARS","17a":"TIDEWATER","19a":"AVIAN","20a":"ADAMANT","21a":"LICENSE","23a":"CRIER","25a":"RINSES","26a":"NOSED","29a":"SEVENUP","31a":"IMPELS","33a":"TON","34a":"ERAT","37a":"PER","38a":"YEARNED","41a":"IRE","42a":"SNIP","44a":"CSA","45a":"SINNER","47a":"NEMESIS","50a":"SAGAN","51a":"BEGLAD","53a":"NEATH","55a":"LATIMES","57a":"CLOUDED","61a":"ARICA","62a":"WATERMAIN","64a":"SEDAN","65a":"APORT","66a":"IRA","67a":"EDENS","68a":"TORTS","69a":"LES","1d":"RATA","2d":"AVID","3d":"NADA","4d":"COWARDLY","5d":"OMANI","6d":"MATTES","7d":"THE","8d":"EARL","9d":"ANACIN","10d":"REVENUE","11d":"MAINSPRING","12d":"ERASE","13d":"ESNES","18d":"EMCEE","22d":"IRENES","24d":"RETRAIN","26d":"NIPS","27d":"OMEN","28d":"SPRINGTIDE","30d":"VON","32d":"SECEDE","35d":"AREA","36d":"TERN","39d":"ASS","40d":"DISTORTS","43d":"PELICAN","46d":"NAHUM","48d":"MAMANS","49d":"SECTOR","51d":"BLASE","52d":"EARED","54d":"ALERT","56d":"SWAT","58d":"DAIL","59d":"EIRE","60d":"DNAS","63d":"APO"}}