{"numbers":[["1","2","3","4","-","5","6","7","8","9","-","10","11","12","13"],["14","","","","-","15","","","","","-","16","","",""],["17","","","","18","","","","","","-","19","","",""],["20","","","","","","-","21","","","22","","","","-"],["-","-","-","23","","","24","-","25","","","","-","-","-"],["26","27","28","","","","","29","-","30","","","31","32","33"],["34","","","-","35","","","","36","-","-","37","","",""],["38","","","39","","","","","","40","41","","","",""],["42","","","","-","-","43","","","","","-","44","",""],["45","","","","46","47","-","48","","","","49","","",""],["-","-","-","50","","","51","-","52","","","","-","-","-"],["-","53","54","","","","","55","-","56","","","57","58","59"],["60","","","","-","61","","","62","","","","","",""],["63","","","","-","64","","","","","-","65","","",""],["66","","","","-","67","","","","","-","68","","",""]],"clues":{"1a":"Event for Cinderella","5a":"Rewind function","10a":"Grow tiresome","14a":"Lily plant","15a":"Claw","16a":"Gobi Desert site","17a":"Cape Canaveral sights","19a":"Outbuilding","20a":"Noon","21a":"Hallowed","23a":"Women's fashion magazine","25a":"Innuendo","26a":"Nautical pulley","30a":"Hard, glossy finish","34a":"Mil. training site","35a":"Strip of equipment","37a":"Southern Filipino","38a":"Practical joker's items","42a":"Actress Albright","43a":"Triangular item","44a":"Co., in Caen","45a":"Absorb","48a":"Very hot day","50a":"Punishes in an old way","52a":"Folk dance","53a":"Earthly","56a":"Single shot, perhaps","60a":"One of the Beach Boys","61a":"1959 Day-Hudson film","63a":"Double curve","64a":"Bid one ___ (depart)","65a":"Ashtabula abuts it","66a":"Prohibits","67a":"Ferment","68a":"1860's Southerners","1d":"Salve","2d":"Kyrgyzstan's ___ Mountains","3d":"Noisy","4d":"Bank, sometimes","5d":"Citrus colorant","6d":"Séance sound","7d":"\"Welladay\"","8d":"Fizzy drinks","9d":"Preserve fodder","10d":"Deli offering","11d":"Connors rival","12d":"More than misled","13d":"Young man","18d":"Summon for service","22d":"Sister","24d":"Bearing corn","26d":"Chickens and ducks","27d":"Cause for a blessing","28d":"Sicily, to Sicilians","29d":"Cuts into cubes","31d":"Sponge","32d":"Banks of Chicago","33d":"Misfit","36d":"Deep ravine","39d":"Squirrels' hangouts","40d":"Protruded","41d":"Farm implement","46d":"Egypt, formerly: Abbr.","47d":"Settle up beforehand","49d":"Film V.I.P.","51d":"Derogatory","53d":"Palatine garb","54d":"Level","55d":"Lamb's name","57d":"Rhine feeder","58d":"Having too-easy answers","59d":"___ out (supplements)","60d":"Smash setup","62d":"Kelly's \"___ Girls\""},"answers":{"1a":"BALL","5a":"ERASE","10a":"PALL","14a":"ALOE","15a":"TALON","16a":"ASIA","17a":"LAUNCHPADS","19a":"SHED","20a":"MIDDAY","21a":"SAINTED","23a":"ELLE","25a":"SLUR","26a":"FAIRLEAD","30a":"ENAMEL","34a":"OCS","35a":"UNRIG","37a":"MORO","38a":"WHOOPEECUSHIONS","42a":"LOLA","43a":"DELTA","44a":"CIE","45a":"SOAKUP","48a":"SCORCHER","50a":"TARS","52a":"HORA","53a":"TERRENE","56a":"DOSAGE","60a":"LOVE","61a":"PILLOWTALK","63a":"OGEE","64a":"ADIEU","65a":"ERIE","66a":"BANS","67a":"YEAST","68a":"REBS","1d":"BALM","2d":"ALAI","3d":"LOUD","4d":"LENDER","5d":"ETHYLENE","6d":"RAP","7d":"ALAS","8d":"SODAS","9d":"ENSILE","10d":"PASTRAMI","11d":"ASHE","12d":"LIED","13d":"LAD","18d":"CALLUP","22d":"NUN","24d":"EARED","26d":"FOWLS","27d":"ACHOO","28d":"ISOLA","29d":"DICES","31d":"MOOCH","32d":"ERNIE","33d":"LOSER","36d":"GULCH","39d":"OAKTREES","40d":"STOODOUT","41d":"HARROW","46d":"UAR","47d":"PREPAY","49d":"CASTER","51d":"SNIDE","53d":"TOGA","54d":"EVEN","55d":"ELIA","57d":"AARE","58d":"GLIB","59d":"EKES","60d":"LOB","62d":"LES"}}