{"numbers":[["-","1","2","3","4","5","6","-","7","8","9","10","11","12","-"],["13","","","","","","","-","14","","","","","","15"],["16","","","","","","","-","17","","","","","",""],["18","","","-","19","","","20","","-","21","","","",""],["22","","","23","-","24","","","","25","-","26","","",""],["27","","","","28","-","29","","","","30","-","31","",""],["-","32","","","","33","-","34","","","","35","","",""],["-","-","-","36","","","37","","","","","","-","-","-"],["38","39","40","","","","","","-","41","","","42","43","-"],["44","","","-","45","","","","46","-","47","","","","48"],["49","","","50","-","51","","","","52","-","53","","",""],["54","","","","55","-","56","","","","57","-","58","",""],["59","","","","","60","","-","61","","","62","","",""],["63","","","","","","","-","64","","","","","",""],["-","65","","","","","","-","66","","","","","","-"]],"clues":{"1a":"More pronounced","7a":"Ladies","13a":"Law of the land","14a":"Run","16a":"Proceeds as in a car chase","17a":"They can't be beat","18a":"Bird: Prefix","19a":"Pre-Bond Moore role, with \"The\"","21a":"\"On Boxing\" author","22a":"Zodiac animal","24a":"Wooden Mortimer","26a":"Like autumn leaves","27a":"Adam's-apple warmer","29a":"Succession of wins","31a":"90's cartoon character","32a":"Yankee #9","34a":"Governess of Thornfield","36a":"New Hampshire's \"Live Free or Die\"?","38a":"Bessemer product","41a":"Jalapeño hot stuff","44a":"San Antone sobriquet","45a":"Director Lubitsch","47a":"Ugly looks","49a":"Iron pumper's routine","51a":"Golden ___ (retirees)","53a":"Turkey meat request","54a":"Varsity","56a":"Giving the once-over","58a":"Year in Canute's life","59a":"Dodgson's illustrator","61a":"Utah emblem","63a":"Hall of broadcasting","64a":"Was useful","65a":"Canary's cousins","66a":"Greased the roast","1d":"Throwback","2d":"Dance with dips and leaps","3d":"New Mexico's ___ Lake","4d":"Amer. election day","5d":"Lab heaters","6d":"Oozings","7d":"Habitants' home","8d":"Compliment, in a way","9d":"Deejay's disk","10d":"Precincts","11d":"Total control","12d":"Three-card monte shill","13d":"La ___, Milan","15d":"Palestinian sectarian","20d":"Just-born cow?","23d":"Ibsen, for one","25d":"Hockey great Potvin","28d":"Champion's claim","30d":"Kind of farm","33d":"Prickly pear","35d":"Sniggled","37d":"Peelable fruit","38d":"Class levels","39d":"Prepares for a fall","40d":"Tax form deduction","42d":"About 6,080 feet","43d":"Hit town","46d":"Like certain customs","48d":"Went downhill","50d":"Better balanced","52d":"1983 Indy 500 champ","55d":"Small model","57d":"Duds","60d":"Strauss's \"___ Heldenleben\"","62d":"Holed up"},"answers":{"1a":"ACUTER","7a":"MADAMS","13a":"STATUTE","14a":"OPERATE","16a":"CAREENS","17a":"NEMESES","18a":"AVI","19a":"SAINT","21a":"OATES","22a":"LION","24a":"SNERD","26a":"SERE","27a":"ASCOT","29a":"SWEEP","31a":"REN","32a":"MARIS","34a":"JANEEYRE","36a":"STATELINE","38a":"STEELBAR","41a":"SALSA","44a":"TEX","45a":"ERNST","47a":"LEERS","49a":"REPS","51a":"AGERS","53a":"DARK","54a":"ATEAM","56a":"EYING","58a":"MII","59a":"TENNIEL","61a":"BEEHIVE","63a":"ARSENIO","64a":"AVAILED","65a":"SERINS","66a":"LARDED","1d":"ATAVISM","2d":"CARIOCA","3d":"UTE","4d":"TUES","5d":"ETNAS","6d":"RESINS","7d":"MONTREAL","8d":"APE","9d":"DEMO","10d":"AREAS","11d":"MASTERY","12d":"STEERER","13d":"SCALA","15d":"ESSENE","20d":"NEWJERSEY","23d":"NORSE","25d":"DENIS","28d":"TITLE","30d":"PENAL","33d":"SABRA","35d":"EELED","37d":"TANGELOS","38d":"STRATA","39d":"TEETERS","40d":"EXPENSE","42d":"SEAMILE","43d":"ARRIVED","46d":"TRIBAL","48d":"SKIED","50d":"SANER","52d":"SNEVA","55d":"MINI","57d":"GEAR","60d":"EIN","62d":"HID"}}