{"numbers":[["1","2","3","4","-","5","6","7","8","9","-","10","11","12","13"],["14","","","","-","15","","","","","-","16","","",""],["17","","","","18","","","","","","-","19","","",""],["20","","","","","-","21","","","","-","22","","",""],["23","","","","","24","-","-","-","25","26","","-","-","-"],["-","-","-","27","","","28","29","30","","","","31","32","33"],["34","35","36","-","37","","","","","-","38","","","",""],["39","","","40","-","41","","","","42","-","43","","",""],["44","","","","45","-","46","","","","47","-","48","",""],["49","","","","","50","","","","","","51","-","-","-"],["-","-","-","52","","","-","-","-","53","","","54","55","56"],["57","58","59","","-","60","61","62","63","-","64","","","",""],["65","","","","-","66","","","","67","","","","",""],["68","","","","-","69","","","","","-","70","","",""],["71","","","","-","72","","","","","-","73","","",""]],"clues":{"1a":"___ cry","5a":"Abated","10a":"Summary","14a":"Alternative to pounds","15a":"\"___ Remember\" (\"Fantasticks\" song)","16a":"Stuff","17a":"Would tolerate no more","19a":"Country since 1949","20a":"Essence","21a":"Famous wirehair","22a":"\"Unto us ___ is given\"","23a":"Actress North","25a":"Branch of med.","27a":"Took the direct route","34a":"Clothing that goes to waist?","37a":"Backs","38a":"Metaphor, e.g.","39a":"Fastness","41a":"They may be rigged","43a":"Authenticating symbol","44a":"Subject of Genesis 7-8","46a":"Labors","48a":"Cunning","49a":"Get rich dishonestly","52a":"Five-centime piece","53a":"Transfers","57a":"Shopping aid","60a":"Connect","64a":"Speaker's prop","65a":"Individually","66a":"Smack hard","68a":"Tropical woe","69a":"Peace Nobelist Root","70a":"Actress McClurg","71a":"Direct means of communication","72a":"Summation","73a":"Escritoire","1d":"Noted father and son actors","2d":"Coastal inlet","3d":"Glacial aftermath","4d":"Put back in the microwave","5d":"Old English letter","6d":"Mineral tar","7d":"Column heads","8d":"Relative of une province","9d":"Senility","10d":"Queen Elizabeth and others","11d":"\"Mila 18\" author","12d":"Product of the coco yam","13d":"Telephone company employees","18d":"Opposite of baldness","24d":"Region near ancient Palestine","26d":"In the time left","28d":"Sister of Urania","29d":"Professional org.","30d":"Hand-dyed fabric","31d":"Antagonists","32d":"Shade of blue","33d":"Bank","34d":"Not operating","35d":"Machete","36d":"Dietary supplement","40d":"Conforms","42d":"Bob, for one","45d":"Mil. honor","47d":"Pegasus, e.g.","50d":"Narc's target","51d":"Timorous","54d":"Parenthetical comment","55d":"Jeans","56d":"Smooth","57d":"Wife of Jacob","58d":"\"Who steals my purse steals trash\" speaker","59d":"Rabbit's tail","61d":"Pier foundation","62d":"Suffix with idiom","63d":"Okinawa port","67d":"Means of identification"},"answers":{"1a":"AFAR","5a":"EBBED","10a":"OUTLINE","14a":"LIRE","15a":"TRYTO","16a":"CRAM","17a":"DREWTHELINEAT","19a":"EIRE","20a":"ATTAR","21a":"ASTA","22a":"ASON","23a":"SHEREE","25a":"GYN","27a":"MADEABEELINEFOR","34a":"OBI","37a":"DORSA","38a":"TROPE","39a":"FORT","41a":"MASTS","43a":"SEAL","44a":"FLOOD","46a":"TOILS","48a":"SLY","49a":"LINEONESPOCKETS","52a":"SOU","53a":"DECALS","57a":"LIST","60a":"SPAN","64a":"EASEL","65a":"EACH","66a":"HITALINEDRIVE","68a":"AGUE","69a":"ELIHU","70a":"EDIE","71a":"HOTLINE","72a":"RECAP","73a":"DESK","1d":"ALDAS","2d":"FIRTH","3d":"ARETE","4d":"REWARM","5d":"ETH","6d":"BREA","7d":"BYLINES","8d":"ETAT","9d":"DOTAGE","10d":"OCEANLINERS","11d":"URIS","12d":"TARO","13d":"LINEMEN","18d":"TREAD","24d":"EDOM","26d":"YET","28d":"ERATO","29d":"ASSOC","30d":"BATIK","31d":"FOES","32d":"OPAL","33d":"RELY","34d":"OFFLINE","35d":"BOLO","36d":"IRON","40d":"TOESTHELINE","42d":"SLED","45d":"DSO","47d":"STEED","50d":"PUSHER","51d":"SCARED","54d":"ASIDE","55d":"LEVIS","56d":"SLEEK","57d":"LEAH","58d":"IAGO","59d":"SCUT","61d":"PILE","62d":"ATIC","63d":"NAHA","67d":"LINEUP"}}