{"numbers":[["1","2","3","4","5","6","7","8","-","9","10","11","12","13","-"],["14","","","","","","","","-","15","","","","","16"],["17","","","","","","","","-","18","","","","",""],["19","","","","","-","-","20","21","","-","22","","",""],["23","","","","-","24","25","","","","26","-","27","",""],["-","28","","","29","","","-","30","","","31","","",""],["-","-","-","-","32","","","33","-","-","34","","","",""],["-","35","36","37","","","","","38","39","","","","","-"],["40","","","","","-","-","41","","","","-","-","-","-"],["42","","","","","43","44","-","45","","","46","47","48","-"],["49","","","-","50","","","51","","","-","52","","","53"],["54","","","55","-","56","","","-","-","57","","","",""],["58","","","","59","","-","60","61","62","","","","",""],["63","","","","","","-","64","","","","","","",""],["-","65","","","","","-","66","","","","","","",""]],"clues":{"1a":"Ruins","9a":"Sprees","14a":"Discuss in detail","15a":"Iced dessert","17a":"Develop slowly","18a":"\"Wanted\" poster e.g.","19a":"Governmental","20a":"Reviewer of books, for short","22a":"Endorses","23a":"Shipping need","24a":"Offensive","27a":"Charge","28a":"Crunch maker","30a":"Jewelry item","32a":"Humerus neighbor","34a":"Takes it easy","35a":"Popular TV personality","40a":"Longtime New Yorker cartoonist Charles","41a":"Saskatchewan native","42a":"Aristocratic rule","45a":"Impose","49a":"Follow persistently","50a":"Family members","52a":"Scholarship factor","54a":"Followed closely","56a":"Musical ability","57a":"Wife of 31 Down","58a":"Frisco 11","60a":"Make the best of","63a":"Hush-hush","64a":"Exposed, with \"out\"","65a":"Actress Berger","66a":"Like a savanna","1d":"Lamb essay \"Mrs. Battle's Opinions on ___\"","2d":"Banging noise","3d":"Reading pulp fiction, e.g.","4d":"Flumes","5d":"Honshu city","6d":"Marilu Henner's role on \"Evening Shade\"","7d":"Gain","8d":"Put up","9d":"Bridge holding","10d":"\"Foucault's Pendulum\" author","11d":"Some tabernacle singers","12d":"Picnic spoiler","13d":"Revolted","16d":"Starts the frame over, in bowling","21d":"Food for junior","24d":"Associate","25d":"Addition column","26d":"Double-crosses","29d":"Retire","31d":"Presidential monogram","33d":"Former nuclear power agcy.","35d":"Crates","36d":"Urgency","37d":"Applesauce","38d":"\"Dies ___\"","39d":"Agent Youngfellow's boss","40d":"Portable chairs","43d":"Catnap","44d":"\"Knock ___ Kiss\" (1942 hit)","46d":"Cloisonne feature","47d":"Phoenician, for one","48d":"Confiscates","51d":"Choral music composer William","53d":"1936 Cooper role","55d":"\"After Dark My Sweet\" star","57d":"Entangle","59d":"Military name: abbr.","61d":"By means of","62d":"Number of coins in the fountain"},"answers":{"1a":"WRECKAGE","9a":"TEARS","14a":"HASHOVER","15a":"ECLAIR","17a":"INCUBATE","18a":"NOTICE","19a":"STATE","20a":"CPA","22a":"INKS","23a":"TAPE","24a":"ATTACK","27a":"FEE","28a":"NESTLE","30a":"PENDANT","32a":"ULNA","34a":"IDLES","35a":"JERRYSEINFELD","40a":"SAXON","41a":"CREE","42a":"ELITISM","45a":"ASSESS","49a":"DOG","50a":"NIECES","52a":"NEED","54a":"APED","56a":"EAR","57a":"MAMIE","58a":"NINERS","60a":"OPTIMIZE","63a":"SECRET","64a":"FERRETED","65a":"SENTA","66a":"TREELESS","1d":"WHIST","2d":"RANTAN","3d":"ESCAPE","4d":"CHUTES","5d":"KOBE","6d":"AVA","7d":"GET","8d":"ERECT","9d":"TENACE","10d":"ECO","11d":"ALTI","12d":"RAINFALL","13d":"SICKENED","16d":"RESETS","21d":"PAP","24d":"ALLY","25d":"TENS","26d":"KNIFES","29d":"TURNIN","31d":"DDE","33d":"AEC","35d":"JALOPIES","36d":"EXIGENCE","37d":"ROT","38d":"IRAE","39d":"NESS","40d":"SEDANS","43d":"SIESTA","44d":"MEA","46d":"ENAMEL","47d":"SEMITE","48d":"SEIZES","51d":"CROFT","53d":"DEEDS","55d":"DERN","57d":"MIRE","59d":"RET","61d":"PER","62d":"TRE"}}