{"numbers":[["1","2","3","4","5","-","-","6","7","8","-","-","9","10","11","12","-","13","14","15","16"],["17","","","","","-","18","","","","19","-","20","","","","-","21","","",""],["22","","","","","-","23","","","","","-","24","","","","-","25","","",""],["26","","","","","27","","","","","","28","-","29","","","30","","","",""],["31","","","","-","32","","","-","33","","","34","","","-","35","","","",""],["-","-","-","36","37","","","","-","38","","","","","-","39","","","-","-","-"],["40","41","42","","","","","","43","","","","","-","44","","","","45","46","47"],["48","","","-","49","","","","","-","-","-","50","51","","","","-","52","",""],["53","","","54","","","","-","55","56","57","58","","","","","","59","","",""],["60","","","","","-","-","-","-","61","","","-","62","","","-","63","","",""],["-","-","-","64","","65","66","67","-","68","","","-","69","","","70","","-","-","-"],["71","72","73","","-","74","","","-","75","","","-","-","-","-","76","","77","78","79"],["80","","","","81","","","","82","","","","83","-","84","85","","","","",""],["86","","","-","87","","","","","-","-","-","88","89","","","","-","90","",""],["91","","","92","","","","-","93","94","95","96","","","","","","97","","",""],["-","-","-","98","","","-","99","","","","","-","100","","","","","-","-","-"],["101","102","103","","","-","104","","","","","","-","105","","","-","106","107","108","109"],["110","","","","","111","","","-","112","","","113","","","","114","","","",""],["115","","","","-","116","","","117","-","118","","","","","-","119","","","",""],["120","","","","-","121","","","","-","122","","","","","-","123","","","",""],["124","","","","-","125","","","","-","-","126","","","-","-","127","","","",""]],"clues":{"1a":"Rhythmic music in 4/4 time","6a":"Teutonic cry","9a":"Drink topped with nutmeg","13a":"Rotters","17a":"All points bulletin","18a":"Words after \"You can't fire me!\"","20a":"Shine's companion","21a":"Early TV backdrop","22a":"\"___ saturated fats\"","23a":"Watch over","24a":"As well","25a":"Carriage","26a":"Marlon Brando title role","29a":"Jean Stapleton title role","31a":"Actress Thompson","32a":"___ poison","33a":"Demonstrate","35a":"Lightens","36a":"Wynonna's mom","38a":"Opposite of fortis, in phonetics","39a":"Cliff-dwelling bird","40a":"Fred Astaire title role","44a":"Pounds","48a":"William Tell's home","49a":"Remove by dissolving","50a":"Iniquities","52a":"Bulldog","53a":"Travel guide, of a sort","55a":"Faye Dunaway title role","60a":"\"That is ___...\"","61a":"Robert Burns' \"The Bonnie ___ Thing\"","62a":"Poetic dusk","63a":"Christian and others","64a":"Lachrymose","68a":"Sit still for","69a":"Turkish title","71a":"Patient's complaint","74a":"Female goat","75a":"Jargon suffix","76a":"Availing","80a":"Priscilla Lane and others' title roles","84a":"Black, in a way","86a":"Common \"Wheel of Fortune\" purchase","87a":"With 122-Across, Richard Starkey","88a":"About one-ninth of an orchestra","90a":"Friend of Pooh","91a":"Isengrim's foe in fable","93a":"Elvis Presley and others' title roles","98a":"Cries of pain","99a":"Rhubarb","100a":"French kind","101a":"Poetry-reading Muse","104a":"Wound","105a":"Chopin's \"Étude ___ Major\"","106a":"Saroyan's \"My Name Is ___\"","110a":"Jacques Tati title role","112a":"Lon Chaney Jr. title role","115a":"Brief upturn","116a":"Flag down","118a":"Black tea","119a":"Ty's folks","120a":"Old-timer in Wiesbaden","121a":"Actress Jeffreys","122a":"See 87-Across","123a":"Sound from the nest","124a":"Imitation morocco","125a":"Cancelled","126a":"\"Metric\" prefix","127a":"Parts of ski runs","1d":"Popeye's buddies","2d":"Hilo hi","3d":"Imitated a Persian","4d":"Highwayman","5d":"___ time (never)","6d":"Etching on copperplate","7d":"Snippy","8d":"\"...never married, and that's ___\": Burton","9d":"___ Lippo Lippi","10d":"Amy Lowell poem","11d":"Point in question","12d":"Working class member","13d":"Wish, at times","14d":"Name on a \"Wanted\" poster","15d":"Industralist John","16d":"Some camcorders","18d":"Notorious","19d":"Tube","27d":"Wags","28d":"Symbol of one's troth","30d":"___ Draco (James Bond's wife)","34d":"Japanese-American","37d":"Nocturnal lemur","39d":"Actress Corby et al.","40d":"Conduit","41d":"\"King ___\" of old comics","42d":"Lowers, in a way","43d":"Bijou","44d":"Top of a platter","45d":"Grandpa Walton portrayer","46d":"Lohengrin's love","47d":"Perches","51d":"Prez's stand-in","54d":"\"Marius the Epicurean\" author Walter","56d":"Wise baby?","57d":"Reagan Attorney General","58d":"This could raise a red flag","59d":"Dogie catcher","65d":"Legendary Robin et al.","66d":"18 holes, generally","67d":"Peterman","70d":"The Merry Macs' \"___ Songs\"","71d":"Way off","72d":"Pitcher David","73d":"The Kingfish, to friends","77d":"Biblical letters","78d":"M-G-M symbol","79d":"Umberto and kin","81d":"Use as a resource","82d":"Adds artificially, with \"up\"","83d":"Holy person's title","84d":"Ones who say \"Amen\"","85d":"Loving one","89d":"Shaped like a sword","92d":"Closed","94d":"Medical suffix","95d":"Urban hangouts of yore","96d":"Shakespearean works","97d":"Manatees","99d":"Inasmuch (as)","101d":"Block","102d":"Jacob Abbott hero","103d":"Singer Kerr","104d":"Texas plain","107d":"Hardly sophisticates","108d":"\"Three Tall Women\" playwright","109d":"Mizzens","111d":"Earl Derr Biggers hero","113d":"Authorize","114d":"Dumas novel","117d":"One of 13 popes"},"answers":{"1a":"SAMBA","6a":"ACH","9a":"FLIP","13a":"CADS","17a":"ALERT","18a":"IQUIT","20a":"RISE","21a":"OLEO","22a":"LOWIN","23a":"NURSE","24a":"ALSO","25a":"MIEN","26a":"THEGODFATHER","29a":"AUNTMARY","31a":"SADA","32a":"RAT","33a":"EVINCE","35a":"EASES","36a":"NAOMI","38a":"LENIS","39a":"ERN","40a":"DADDYLONGLEGS","44a":"SLEDGES","48a":"URI","49a":"ELUTE","50a":"EVILS","52a":"ELI","53a":"COMPASS","55a":"MOMMIEDEAREST","60a":"TOSAY","61a":"WEE","62a":"EEN","63a":"ERAS","64a":"TEARY","68a":"LET","69a":"PASHA","71a":"ACHE","74a":"DOE","75a":"ESE","76a":"UTILE","80a":"FOURDAUGHTERS","84a":"SATANIC","86a":"ANE","87a":"RINGO","88a":"REEDS","90a":"ROO","91a":"REYNARD","93a":"KISSINCOUSINS","98a":"OWS","99a":"SETTO","100a":"SORTE","101a":"ERATO","104a":"LESION","105a":"INE","106a":"ARAM","110a":"MONONCLE","112a":"SONOFDRACULA","115a":"BLIP","116a":"HAIL","118a":"PEKOE","119a":"COBBS","120a":"ALTE","121a":"ANNE","122a":"STARR","123a":"TWEET","124a":"ROAN","125a":"NOGO","126a":"SYM","127a":"ESSES","1d":"SALTS","2d":"ALOHA","3d":"MEWED","4d":"BRIGAND","5d":"ATNO","6d":"AQUATINT","7d":"CURT","8d":"HISHELL","9d":"FRA","10d":"LILACS","11d":"ISSUE","12d":"PEON","13d":"COMMAND","14d":"ALIAS","15d":"DEERE","16d":"SONYS","18d":"INFAMOUS","19d":"TEEVEE","27d":"DROLLS","28d":"RING","30d":"TERESA","34d":"NISEI","37d":"AYEAYE","39d":"ELLENS","40d":"DUCT","41d":"AROO","42d":"DIMS","43d":"GEM","44d":"SIDEA","45d":"GEER","46d":"ELSA","47d":"SITS","51d":"VEEP","54d":"PATER","56d":"OWLET","57d":"MEESE","58d":"METER","59d":"REATA","65d":"ADAIRS","66d":"ROUND","67d":"YEGG","70d":"HUTSUT","71d":"AFAR","72d":"CONE","73d":"HUEY","77d":"INRI","78d":"LION","79d":"ECOS","81d":"DRAWON","82d":"HOKES","83d":"SRI","84d":"SECONDER","85d":"ADORER","89d":"ENSIFORM","92d":"NOTOPEN","94d":"ITIS","95d":"STOOPS","96d":"SONNETS","97d":"SEACOWS","99d":"SEEING","101d":"EMBAR","102d":"ROLLO","103d":"ANITA","104d":"LLANO","107d":"RUBES","108d":"ALBEE","109d":"MASTS","111d":"CHAN","113d":"OKAY","114d":"ACTE","117d":"LEO"}}