{"numbers":[["1","2","3","4","-","5","6","7","8","9","-","10","11","12","13"],["14","","","","-","15","","","","","-","16","","",""],["17","","","","-","18","","","","","-","19","","",""],["20","","","","21","","","","","","22","","","",""],["-","-","-","23","","","-","-","24","","","-","25","",""],["26","27","28","","","","29","30","-","31","","32","","",""],["33","","","-","-","34","","","35","","","","-","-","-"],["36","","","37","-","-","38","","","-","-","39","40","41","42"],["-","-","-","43","44","45","","","","46","-","-","47","",""],["48","49","50","","","","-","51","","","52","53","","",""],["54","","","-","55","","56","-","-","57","","","-","-","-"],["58","","","59","","","","60","61","","","","62","63","64"],["65","","","","-","66","","","","","-","67","","",""],["68","","","","-","69","","","","","-","70","","",""],["71","","","","-","72","","","","","-","73","","",""]],"clues":{"1a":"Pizarro victim","5a":"___ and dangerous","10a":"Rights org. estab. 1960","14a":"One who's socially challenged","15a":"With 4 Down, M.L.K. declaration of 8/28/63","16a":"Pentateuch: Var.","17a":"Gen. Bradley","18a":"Invoice word","19a":"\"Love ___ leave it\"","20a":"M.L.K. honor, 1964","23a":"In the past","24a":"Blaster's need","25a":"Passing mark","26a":"Cabinet department","31a":"Tosspot's spot","33a":"Chinese tea","34a":"Saint of Avila","36a":"Rights org. estab. 1942","38a":"Mr. Onassis","39a":"Rights org. led by M.L.K.","43a":"M.L.K. and others","47a":"Writer Rosten","48a":"___ rasa","51a":"Inferential","54a":"Pizarro's theft from 1 Across","55a":"Up to, briefly","57a":"Luau dish","58a":"Song sung by M.L.K. and others","65a":"See 71 Across","66a":"Nonswimmer, maybe","67a":"Drawn tight","68a":"Hanging loosely","69a":"Surrounded by","70a":"Lawyer: Abbr.","71a":"With 65 Across, former French president","72a":"Play areas","73a":"Sci. class","1d":"Aware of","2d":"Verne's captain","3d":"Cancer, zodiacally","4d":"See 15 Across","5d":"Heathrow, e.g.","6d":"Onetime Korean president","7d":"Doll's cry","8d":"Force out","9d":"Peace policy","10d":"Swizzle","11d":"Handbill heading","12d":"M.L.K.'s alma mater, 1951","13d":"Drive recklessly","21d":"T-shirt size: Abbr.","22d":"Sch. orgs.","26d":"New Deal grp.","27d":"Cry of surprise","28d":"Bang up","29d":"Tête-à-tête","30d":"Ghostlike","32d":"___ deferens","35d":"Marmalade ingredient","37d":"Outback bird","40d":"XV x X + I","41d":"Potok's \"My Name is Asher ___\"","42d":"Miler Sebastian","44d":"Lady Bird's middle name","45d":"One that keeps track?","46d":"Certain skiing events, slangily","48d":"Wrecker","49d":"Interstice","50d":"___ University (where M.L.K. earned his doctorate)","52d":"Intersection: Abbr.","53d":"Candy mint","56d":"Andean animal","59d":"Ballyhoo","60d":"Scent","61d":"Sell","62d":"\"Drat!\" is a mild one","63d":"Silent","64d":"Word origin: Abbr."},"answers":{"1a":"INCA","5a":"ARMED","10a":"SNCC","14a":"NERD","15a":"IHAVE","16a":"TORA","17a":"OMAR","18a":"REMIT","19a":"ITOR","20a":"NOBELPEACEPRIZE","23a":"AGO","24a":"TNT","25a":"CEE","26a":"COMMERCE","31a":"TAVERN","33a":"CHA","34a":"THERESA","36a":"CORE","38a":"ARI","39a":"SCLC","43a":"MARTINS","47a":"LEO","48a":"TABULA","51a":"EDUCTIVE","54a":"ORO","55a":"TIL","57a":"POI","58a":"WESHALLOVERCOME","65a":"COTY","66a":"WADER","67a":"TAUT","68a":"ALOP","69a":"AMONG","70a":"ATTY","71a":"RENE","72a":"YARDS","73a":"CHEM","1d":"INON","2d":"NEMO","3d":"CRAB","4d":"ADREAM","5d":"AIRPORT","6d":"RHEE","7d":"MAMA","8d":"EVICT","9d":"DETENTE","10d":"STIR","11d":"NOTICE","12d":"CROZER","13d":"CAREEN","21d":"LGE","22d":"PTAS","26d":"CCC","27d":"OHO","28d":"MAR","29d":"CHAT","30d":"EERIE","32d":"VAS","35d":"RIND","37d":"EMU","40d":"CLI","41d":"LEV","42d":"COE","44d":"ALTA","45d":"RAILWAY","46d":"SUPERGS","48d":"TOWCAR","49d":"AREOLE","50d":"BOSTON","52d":"COR","53d":"TICTAC","56d":"LLAMA","59d":"HYPE","60d":"ODOR","61d":"VEND","62d":"OATH","63d":"MUTE","64d":"ETYM"}}