{"numbers":[["1","2","3","4","5","-","6","7","8","9","-","10","11","12","13"],["14","","","","","-","15","","","","-","16","","",""],["17","","","","","-","18","","","","-","19","","",""],["20","","","","","21","","","","","22","-","23","",""],["-","-","-","24","","","","-","-","25","","26","","",""],["27","28","29","","","","-","30","31","","","","","-","-"],["32","","","-","33","","34","","","-","35","","","36","37"],["38","","","39","-","40","","","","41","-","42","","",""],["43","","","","44","-","45","","","","46","-","47","",""],["-","-","48","","","49","","","-","50","","51","","",""],["52","53","","","","","-","-","54","","","","-","-","-"],["55","","","-","56","","57","58","","","","","59","60","61"],["62","","","63","-","64","","","","-","65","","","",""],["66","","","","-","67","","","","-","68","","","",""],["69","","","","-","70","","","","-","71","","","",""]],"clues":{"1a":"Snitch","6a":"1986 World Series champs","10a":"\"You said it!\"","14a":"More washed out","15a":"Over","16a":"Pop singer Laura","17a":"Senator Specter","18a":"Pro ___","19a":"Bushy hairstyle","20a":"1970 George Harrison hit","23a":"Astronaut's \"fine\"","24a":"Catch sight of","25a":"Tropical animals","27a":"Bill Haley's band","30a":"Tackle box gizmo","32a":"Jazz's Kid ___","33a":"Stendahl hero Julien","35a":"Wedding guest","38a":"Take à la magicians","40a":"Sinatra standard","42a":"Wise","43a":"February forecast","45a":"Katmandu's land","47a":"Narcs' grp.","48a":"\"So Big\" author","50a":"Robert Shapiro, e.g.","52a":"Singer West","54a":"Pocket bread","55a":"Shoemaker's helper, in story","56a":"60's sitcom","62a":"Composer Janacek","64a":"Nabisco brand","65a":"Walkie-talkie","66a":"Landlocked Asian country","67a":"Void's partner","68a":"In ___ (stuck)","69a":"Scurriers","70a":"Strike out, as copy","71a":"Post offices have them","1d":"W.W. II meat","2d":"On one's guard","3d":"Woes","4d":"Shortstop Reese","5d":"Hemingway and others","6d":"\"Back to the Future\" role","7d":"List shortener","8d":"Baum dog","9d":"\"In the Heat of the Night\" locale","10d":"Literary olio","11d":"Lerner-Loewe musical","12d":"Inaccuracy","13d":"Crannies","21d":"British college","22d":"\"Tuna Fishing\" painter","26d":"Bic products","27d":"Flatfoots","28d":"Ph.D. exam","29d":"1989 Daniel Day-Lewis film","30d":"Underground way","31d":"Applaud","34d":"Sandberg of the Cubs","36d":"\"The African Queen\" screenwriter","37d":"Abrade","39d":"Track contest","41d":"Ivy Leaguer","44d":"Barbershop request","46d":"Football fling","49d":"___ question (certainly)","51d":"Japanese mustard","52d":"Perry's secretary","53d":"City SSE of Buffalo","54d":"Capitalist tool","57d":"Quiz choice","58d":"Terrible rigor","59d":"Norse chief","60d":"Supreme Court complement","61d":"Lays down the lawn","63d":"Draft letters"},"answers":{"1a":"SWIPE","6a":"METS","10a":"AMEN","14a":"PALER","15a":"ATOP","16a":"NYRO","17a":"ARLEN","18a":"RATA","19a":"AFRO","20a":"MYSWEETLORD","23a":"AOK","24a":"ESPY","25a":"TAPIRS","27a":"COMETS","30a":"SCALER","32a":"ORY","33a":"SOREL","35a":"INLAW","38a":"PALM","40a":"MYWAY","42a":"SAGE","43a":"SLEET","45a":"NEPAL","47a":"DEA","48a":"FERBER","50a":"LAWYER","52a":"DOTTIE","54a":"PITA","55a":"ELF","56a":"MYTHREESONS","62a":"LEOS","64a":"OREO","65a":"RADIO","66a":"LAOS","67a":"NULL","68a":"ABIND","69a":"ANTS","70a":"DELE","71a":"LINES","1d":"SPAM","2d":"WARY","3d":"ILLS","4d":"PEEWEE","5d":"ERNESTS","6d":"MARTY","7d":"ETAL","8d":"TOTO","9d":"SPARTA","10d":"ANA","11d":"MYFAIRLADY","12d":"ERROR","13d":"NOOKS","21d":"EPSOM","22d":"DALI","26d":"PENS","27d":"COPS","28d":"ORAL","29d":"MYLEFTFOOT","30d":"SEWER","31d":"CLAP","34d":"RYNE","36d":"AGEE","37d":"WEAR","39d":"MEET","41d":"YALIE","44d":"TRIM","46d":"LATERAL","49d":"BEYOND","51d":"WASABI","52d":"DELLA","53d":"OLEAN","54d":"PROLE","57d":"TRUE","58d":"HELL","59d":"ODIN","60d":"NINE","61d":"SODS","63d":"SSS"}}