{"numbers":[["1","2","3","-","4","5","6","7","8","-","9","10","11","12","13"],["14","","","-","15","","","","","-","16","","","",""],["17","","","18","","","","","","-","19","","","",""],["20","","","","-","21","","","","-","22","","","",""],["23","","","","24","","-","-","-","25","","","","-","-"],["-","-","-","26","","","27","28","29","","","-","30","31","32"],["33","34","35","","","-","36","","","","-","37","","",""],["38","","","","","-","39","","","-","40","","","",""],["41","","","","-","42","","","","-","43","","","",""],["44","","","-","45","","","","","46","","","-","-","-"],["-","-","47","48","","","-","-","-","49","","","50","51","52"],["53","54","","","","-","55","56","57","","-","58","","",""],["59","","","","","-","60","","","","61","","","",""],["62","","","","","-","63","","","","","-","64","",""],["65","","","","","-","66","","","","","-","67","",""]],"clues":{"1a":"TV interruptions","4a":"Support crew","9a":"Tough","14a":"Little 'un","15a":"Instrument played sitting down","16a":"A Kennedy","17a":"Singular 1960 musical?","19a":"Vacation destination","20a":"Toward shelter","21a":"Grub","22a":"Dispositions","23a":"Game of love","25a":"Those not listed","26a":"Singular celebrity?","30a":"Tight spot","33a":"Longfellow character","36a":"Way to go","37a":"Task for Holmes","38a":"Get on","39a":"Misreckon","40a":"Balked","41a":"Salinger dedicatee","42a":"Overrule","43a":"Deck or dock workers","44a":"Whippoorwill's bill","45a":"Singular club performer?","47a":"Knowledgeable about","49a":"Not quite","53a":"Walloping winds","55a":"Wagon train direction","58a":"Mr. Rubik","59a":"Muezzin's God","60a":"Singular cheer?","62a":"Grave marker","63a":"Pisces follower","64a":"Alibi guy","65a":"Church plate","66a":"Aquarium fish","67a":"Composer Rorem","1d":"Ready to swing","2d":"\"Charlie's Angels\" co-star","3d":"\"Skittle Players\" painter","4d":"___-fi","5d":"Actress Wright of \"Mrs. Miniver\"","6d":"Soprano Frances","7d":"Move like a butterfly","8d":"Opposing sides","9d":"Hypnotism pioneer","10d":"Partner of Porthos","11d":"Singular Christmas toy?","12d":"Stampeding group","13d":"Ring cheers","18d":"DDT ingredient","24d":"Gershwin's \"___ It a Pity?\"","25d":"Five-and-a-half yards","27d":"Love of money","28d":"It helps circulation","29d":"Münchhausen, e.g.","31d":"Played for a sucker","32d":"Cots and cradles","33d":"\"So be it\"","34d":"Mislay","35d":"Singular slug?","37d":"Smoothie","40d":"Cartoonist Silverstein","42d":"\"Das Lied ___ der Erde\"","45d":"\"Land o' ___!\"","46d":"\"Death Comes for the Archbishop\" author","48d":"Rembrandt, the painter","50d":"Senator Hatch","51d":"Hisser","52d":"Played (with)","53d":"Last breath","54d":"Neighbor of B.C.","55d":"\"Huh?\"","56d":"The old sod","57d":"Roasting device","61d":"Olympics chant"},"answers":{"1a":"ADS","4a":"STAFF","9a":"MACHO","14a":"TOT","15a":"CELLO","16a":"ETHEL","17a":"BYEBIRDIE","19a":"SHORE","20a":"ALEE","21a":"EATS","22a":"MOODS","23a":"TENNIS","25a":"REST","26a":"ZSAGABOR","30a":"RUB","33a":"ALDEN","36a":"ROAD","37a":"CASE","38a":"MOUNT","39a":"ERR","40a":"SHIED","41a":"ESME","42a":"VETO","43a":"HANDS","44a":"NEB","45a":"GODANCER","47a":"UPON","49a":"ALMOST","53a":"GALES","55a":"WEST","58a":"ERNO","59a":"ALLAH","60a":"HIPHURRAY","62a":"STELE","63a":"ARIES","64a":"IKE","65a":"PATEN","66a":"TETRA","67a":"NED","1d":"ATBAT","2d":"DOYLE","3d":"STEEN","4d":"SCI","5d":"TERESA","6d":"ALDA","7d":"FLIT","8d":"FOES","9d":"MESMER","10d":"ATHOS","11d":"CHOOTRAIN","12d":"HERD","13d":"OLES","18d":"BENZENE","24d":"ISNT","25d":"ROD","27d":"GREED","28d":"AORTA","29d":"BARON","31d":"USED","32d":"BEDS","33d":"AMEN","34d":"LOSE","35d":"DUMBULLET","37d":"CHARMER","40d":"SHEL","42d":"VON","45d":"GOSHEN","46d":"CATHER","48d":"PEALE","50d":"ORRIN","51d":"SNAKE","52d":"TOYED","53d":"GASP","54d":"ALTA","55d":"WHAT","56d":"EIRE","57d":"SPIT","61d":"USA"}}