{"numbers":[["1","2","3","4","5","6","-","7","8","9","-","10","11","12","13"],["14","","","","","","-","15","","","-","16","","",""],["17","","","","","","18","","","","19","","","",""],["-","-","-","20","","","","","-","-","21","","","",""],["22","23","24","-","25","","","-","26","27","","","","",""],["28","","","29","","","-","30","","","","","","","-"],["31","","","","","-","32","","","","-","-","-","-","-"],["-","33","","","","34","","","","","35","36","37","38","-"],["-","-","-","-","-","39","","","","-","40","","","","41"],["-","42","43","44","45","","","","-","46","","","","",""],["47","","","","","","","-","48","","","-","49","",""],["50","","","","","-","-","51","","","","52","-","-","-"],["53","","","","","54","55","","","","","","56","57","58"],["59","","","","-","60","","","-","61","","","","",""],["62","","","","-","63","","","-","64","","","","",""]],"clues":{"1a":"Some microwaves","7a":"Bully","10a":"Good luck charm of the Middle Ages","14a":"Comeback","15a":"Chemistry pioneer Andrew","16a":"Science series since 1974","17a":"Wrong idea","20a":"Nimbi","21a":"Sorceress of Aeaea","22a":"Butterfly's sash","25a":"Capital of Cuba","26a":"Knitted shoes","28a":"Wires by wireless","30a":"Bee, in a way","31a":"Coalesce","32a":"Ticked off","33a":"Lakes in the distance","39a":"Gnaws","40a":"File","42a":"Show fear","46a":"Sandpiper","47a":"Of the skull","48a":"Phonograph inventor's monogram","49a":"Jeanne d'Arc, e.g.: Abbr.","50a":"Pines","51a":"Three-time British Open winner","53a":"Eyeball bender","59a":"Now's companion","60a":"Pince-___","61a":"Hard, dry one-seeded fruit","62a":"London park","63a":"Baker's abbr.","64a":"Was impolite","1d":"Sandy's remark","2d":"1958 song \"Make ___ Miracle\"","3d":"Azores' loc.","4d":"Quick bite","5d":"Hawaii's is 808","6d":"Rural steps","7d":"Tarot suit","8d":"Celebrated Bruin blueliner","9d":"Minute","10d":"Type of inspection","11d":"Pears, in Paris","12d":"Long-legged shore bird","13d":"Alleys have them","18d":"Shemp and Curly's brother","19d":"Part of the U.K.","22d":"Regalia item","23d":"Unadorned","24d":"___ fixe","26d":"Enemy of Rocky and Bullwinkle","27d":"Rara avis","29d":"Officeholders","30d":"Positivism founder Auguste","32d":"Play for time","34d":"Singer McEntire","35d":"Flume","36d":"Shooter","37d":"Grigs","38d":"Please","41d":"Compass dir.","42d":"Mounted antlers, to some","43d":"Blew one's stack","44d":"Battering ram or catapult","45d":"Hodgepodge: Abbr.","46d":"Cowboy's home","47d":"Calico, e.g.","48d":"Chess champion of 1960","51d":"Effervescence","52d":"Part of the Dept. of Labor","54d":"Plus","55d":"Singer Sayer","56d":"Front end?","57d":"Together","58d":"Writer Buntline"},"answers":{"1a":"AMANAS","7a":"COW","10a":"OPAL","14a":"RETORT","15a":"URE","16a":"NOVA","17a":"FALSEIMPRESSION","20a":"HALOS","21a":"CIRCE","22a":"OBI","25a":"CEE","26a":"BOOTEES","28a":"RADIOS","30a":"CONTEST","31a":"BLEND","32a":"SORE","33a":"DESERTMIRAGES","39a":"EATS","40a":"QUEUE","42a":"TREMBLE","46a":"DUNLIN","47a":"CRANIAL","48a":"TAE","49a":"STE","50a":"LONGS","51a":"FALDO","53a":"OPTICALILLUSION","59a":"THEN","60a":"NEZ","61a":"ACHENE","62a":"HYDE","63a":"DOZ","64a":"STARED","1d":"ARF","2d":"MEA","3d":"ATL","4d":"NOSH","5d":"AREACODE","6d":"STILES","7d":"CUPS","8d":"ORR","9d":"WEE","10d":"ONSITE","11d":"POIRES","12d":"AVOCET","13d":"LANES","18d":"MOE","19d":"SCOT","22d":"ORB","23d":"BALD","24d":"IDEE","26d":"BORIS","27d":"ONER","29d":"INS","30d":"COMTE","32d":"STALL","34d":"REBA","35d":"AQUEDUCT","36d":"GUN","37d":"EELS","38d":"SUIT","41d":"ENE","42d":"TROPHY","43d":"RANTED","44d":"ENGINE","45d":"MISC","46d":"DALLAS","47d":"CLOTH","48d":"TAL","51d":"FIZZ","52d":"OSHA","54d":"AND","55d":"LEO","56d":"IER","57d":"ONE","58d":"NED"}}