{"numbers":[["1","2","3","4","5","-","6","7","8","9","-","10","11","12","13"],["14","","","","","-","15","","","","-","16","","",""],["17","","","","","18","","","","","-","19","","",""],["20","","","","","","-","-","-","21","22","","","",""],["-","-","-","-","-","23","24","25","-","26","","","","",""],["27","28","29","30","31","-","32","","33","","","-","-","-","-"],["34","","","","","-","35","","","","-","36","37","38","39"],["40","","","","","41","","","","","42","","","",""],["43","","","","-","44","","","","-","45","","","",""],["-","-","-","-","46","","","","","-","47","","","",""],["48","49","50","51","","","-","52","","53","-","-","-","-","-"],["54","","","","","","-","-","-","55","56","57","58","59","60"],["61","","","","-","62","63","64","65","","","","","",""],["66","","","","-","67","","","","-","68","","","",""],["69","","","","-","70","","","","-","71","","","",""]],"clues":{"1a":"Israeli port","6a":"\"Of ___ I sing\"","10a":"Flattened circle","14a":"Fall flower","15a":"Is under the weather","16a":"Accumulation","17a":"It's lined with bars","19a":"Palindromic pop quartet","20a":"Irritate","21a":"Snoozing","23a":"\"Just a ___\"","26a":"Failures","27a":"Leadership group","32a":"Rigorous exams","34a":"Bay window","35a":"1985 film \"___ Williams\"","36a":"Mexican coin","40a":"Carte blanche","43a":"Fly alone","44a":"Identical","45a":"Identically","46a":"Rancher's cattle","47a":"Lawn pests","48a":"Ravel work","52a":"Lair","54a":"Polar covering","55a":"Makes watertight","61a":"When doubled, a Samoan port","62a":"1959 Doris Day film","66a":"Airline to Jerusalem","67a":"___ Lackawanna Railway","68a":"Hawaiian island","69a":"Cowgirl Evans","70a":"Actor Alan","71a":"Won't","1d":"Door holder","2d":"Late tennis V.I.P.","3d":"Followers: Suffix","4d":"Yard sections","5d":"Comic Johnson","6d":"Shape of St. Anthony's cross","7d":"That guy's","8d":"Yale Bulldog","9d":"Bake in sauce","10d":"October stones","11d":"Feelings, in slang","12d":"Playwright Edward","13d":"Bounds","18d":"\"The A-Team\" star","22d":"Stranded sailor's call","24d":"Central arteries","25d":"Indulged in reveries","27d":"Corny throwaways","28d":"Folkie Guthrie","29d":"Watch's face","30d":"Nevada city","31d":"Moose","33d":"Electrical unit","36d":"Game with sticks","37d":"Sinful","38d":"\"For heaven's ___!\"","39d":"Bullring cries","41d":"Impediment, at law","42d":"Computer capacity, for short","46d":"Mrs. in Madrid","48d":"Two-legged","49d":"Florida city","50d":"Over 21, liquorwise","51d":"Pierre's school","53d":"Sgt. or cpl.","56d":"Shoemaker's tools","57d":"Beehive State","58d":"Actress Turner","59d":"Part of K.K.K.","60d":"Comical playlet","63d":"Mr. Gershwin","64d":"Cover","65d":"Conducted"},"answers":{"1a":"HAIFA","6a":"THEE","10a":"OVAL","14a":"ASTER","15a":"AILS","16a":"PILE","17a":"SHEETMUSIC","19a":"ABBA","20a":"PESTER","21a":"ASLEEP","23a":"TAD","26a":"LOSSES","27a":"CADRE","32a":"ORALS","34a":"ORIEL","35a":"REMO","36a":"PESO","40a":"BLANKETAPPROVAL","43a":"SOLO","44a":"SAME","45a":"ALIKE","46a":"STEER","47a":"MOLES","48a":"BOLERO","52a":"DEN","54a":"ICECAP","55a":"CAULKS","61a":"PAGO","62a":"PILLOWTALK","66a":"ELAL","67a":"ERIE","68a":"LANAI","69a":"DALE","70a":"LADD","71a":"SHANT","1d":"HASP","2d":"ASHE","3d":"ITES","4d":"FEET","5d":"ARTE","6d":"TAU","7d":"HIS","8d":"ELI","9d":"ESCALLOP","10d":"OPALS","11d":"VIBES","12d":"ALBEE","13d":"LEAPS","18d":"MRT","22d":"SOS","24d":"AORTAE","25d":"DREAMED","27d":"COBS","28d":"ARLO","29d":"DIAL","30d":"RENO","31d":"ELK","33d":"AMPERE","36d":"POLO","37d":"EVIL","38d":"SAKE","39d":"OLES","41d":"ESTOPPEL","42d":"RAM","46d":"SRA","48d":"BIPED","49d":"OCALA","50d":"LEGAL","51d":"ECOLE","53d":"NCO","56d":"AWLS","57d":"UTAH","58d":"LANA","59d":"KLAN","60d":"SKIT","63d":"IRA","64d":"LID","65d":"LED"}}