{"numbers":[["1","2","3","4","5","6","7","8","9","10","11","-","12","13","14"],["15","","","","","","","","","","","-","16","",""],["17","","","","","","","","","","","-","18","",""],["19","","","","","","","-","20","","","21","","",""],["-","-","-","22","","","-","23","","","-","24","","",""],["25","26","27","","-","28","29","","","-","30","","","",""],["31","","","-","32","","","","-","33","","","","",""],["34","","","35","","","","-","36","","","","","",""],["37","","","","","","-","38","","","","-","39","",""],["40","","","","","-","41","","","","-","42","","",""],["43","","","","-","44","","","-","45","46","","-","-","-"],["47","","","","48","","","-","49","","","","50","51","52"],["53","","","-","54","","","55","","","","","","",""],["56","","","-","57","","","","","","","","","",""],["58","","","-","59","","","","","","","","","",""]],"clues":{"1a":"One often called on for answers","12a":"One for the road","15a":"Pointedly punctuated","16a":"Atty.'s assn.","17a":"Monitor for 12 Across","18a":"Throw","19a":"Reddish-brown horses","20a":"Ship's peril","22a":"Malta or Martinique: Abbr.","23a":"Food cooker","24a":"Part of the plot?","25a":"Current status","28a":"Magnetic attraction","30a":"Get ___ of (see)","31a":"Fourth Spanish letter","32a":"Jalopy","33a":"Graceful and slim","34a":"Ministry, perhaps","36a":"Androgen, e.g.","37a":"Sign up","38a":"Jamie of \"M*A*S*H\"","39a":"Holiday serving","40a":"Union targets","41a":"Long dress","42a":"End of a 1/1 song","43a":"All dried up","44a":"Forest god","45a":"Jazz grp.","47a":"1980's United Nations name","49a":"Roman statesman Marcus Vipsanius ___","53a":"Uncover, poetically","54a":"Persian","56a":"Some advice","57a":"Certain brother","58a":"Vane direction","59a":"Agree","1d":"___ Millay of \"Red River\"","2d":"Big showcase","3d":"Maple genus","4d":"Priest","5d":"Charon's destination","6d":"Skin softener","7d":"___ horn (shofar)","8d":"Fr. holy one","9d":"Sleeping ___","10d":"At attention","11d":"Phoenician city","12d":"The British seized it in 1795","13d":"Oddity","14d":"The brink","21d":"Cotton machine","23d":"Detonate","25d":"9 on a hotel phone, e.g.","26d":"Run into","27d":"\"Don't You Know\" singer","29d":"Unprestigious publication","30d":"Say it's so","32d":"Leak indicator","33d":"Western attire","35d":"Subject of media law","36d":"Presidential instrument","38d":"Geisha's accessory","41d":"Thalassic","42d":"Reach by ship","44d":"Gay ___","46d":"Leaflike part","48d":"Easy questions","49d":"One of the Gibb brothers","50d":"___-dieu","51d":"Brawnless","52d":"Palindromist Jon","55d":"Shoe width"},"answers":{"1a":"TEACHERSPET","12a":"CAR","15a":"EXCLAMATORY","16a":"ABA","17a":"SPEEDOMETER","18a":"PEG","19a":"SORRELS","20a":"ICEBERG","22a":"ISL","23a":"POT","24a":"ACRE","25a":"ACDC","28a":"IRON","30a":"ALOAD","31a":"CHE","32a":"HEAP","33a":"SVELTE","34a":"CALLING","36a":"STEROID","37a":"ENLIST","38a":"FARR","39a":"NOG","40a":"SCABS","41a":"MAXI","42a":"SYNE","43a":"SERE","44a":"PAN","45a":"NBA","47a":"CUELLAR","49a":"AGRIPPA","53a":"OPE","54a":"ORIENTALRUG","56a":"DOS","57a":"BENEDICTINE","58a":"ENE","59a":"SEEEYETOEYE","1d":"TESS","2d":"EXPO","3d":"ACER","4d":"CLERIC","5d":"HADES","6d":"EMOLLIENT","7d":"RAMS","8d":"STE","9d":"POTION","10d":"ERECT","11d":"TYRE","12d":"CAPECOLONY","13d":"ABERRATION","14d":"RAGGEDEDGE","21d":"BALER","23d":"POP","25d":"ACCESSCODE","26d":"CHANCEUPON","27d":"DELLAREESE","29d":"RAG","30d":"AVER","32d":"HISS","33d":"STRINGTIE","35d":"LIBEL","36d":"SAX","38d":"FAN","41d":"MARINE","42d":"SAILTO","44d":"PAREE","46d":"BRACT","48d":"LOBS","49d":"ANDY","50d":"PRIE","51d":"PUNY","52d":"AGEE","55d":"EEE"}}