{"numbers":[["1","2","3","4","5","6","7","8","9","-","10","11","12","13","14"],["15","","","","","","","","","-","16","","","",""],["17","","","","","","","","","-","18","","","",""],["19","","","","","-","20","","","21","-","22","","",""],["23","","","","-","24","","","","","-","25","","",""],["26","","","-","27","","","","","","28","-","29","",""],["-","-","-","30","","","","-","31","","","32","","",""],["33","34","35","","","","-","-","-","36","","","","",""],["37","","","","","","38","-","39","","","","-","-","-"],["40","","","-","41","","","42","","","","-","43","44","45"],["46","","","47","-","48","","","","","-","49","","",""],["50","","","","-","51","","","","-","52","","","",""],["53","","","","54","-","55","","","56","","","","",""],["57","","","","","-","58","","","","","","","",""],["59","","","","","-","60","","","","","","","",""]],"clues":{"1a":"Restoration monarch","10a":"Asian capital, old-style","15a":"\"Wheel of Fortune\" space","16a":"Polonius's inadequate protection","17a":"Sheila Weller's 1993 biography","18a":"Active ones","19a":"Algeria's Noureddine Morceli, e.g.","20a":"Exotic zoo animal","22a":"Saint ___, France","23a":"Having more than one: Abbr.","24a":"Shellac","25a":"Ex-tyrant","26a":"Together: Prefix","27a":"1945 meeting site","29a":"Bake sale group, perhaps","30a":"1901 Maugham novel, with \"The\"","31a":"Network component","33a":"Rise","36a":"Frank's friend in the comics","37a":"Smokey, once","39a":"Batter's ploy","40a":"Butt","41a":"Acknowledgment of error?","43a":"Stanley, e.g.","46a":"Wine pitcher","48a":"Authorizes","49a":"Phone intro","50a":"Football yardage","51a":"Aches","52a":"\"So ___ I know...\"","53a":"In the vicinity of, once","55a":"Items often reset","57a":"Fretful","58a":"Stymie","59a":"Rival of Helena","60a":"Like a variety of sheep","1d":"Squeezers","2d":"Lesson","3d":"Safety","4d":"Use, as files, with \"to\"","5d":"Cozy hollow","6d":"Popular 80's dolls","7d":"Indonesian leader","8d":"Radio actress Rich et al.","9d":"Advances","10d":"Pater","11d":"Bakery attraction","12d":"Three Stooges prop","13d":"\"___ Way\" (Pacino film)","14d":"Vocally similar","21d":"Dabblers","24d":"Slacks material","27d":"What \"d\" stands for","28d":"W.W. I battle site","30d":"Part of H.R.H.","32d":"Cause of a blowup","33d":"Nullify","34d":"Places for knots","35d":"Most amusingly exaggerated","38d":"Contest on the range","39d":"Gets financial control of","42d":"First name on the Supreme Court","43d":"Life, for one","44d":"Peter Lorre's \"Casablanca\" role","45d":"Forwent","47d":"Related maternally","49d":"Prefix with lineal","52d":"White cheese","54d":"White alternative","56d":"Denver zone: Abbr."},"answers":{"1a":"CHARLESII","10a":"DACCA","15a":"LOSEATURN","16a":"ARRAS","17a":"AMYFISHER","18a":"DOERS","19a":"MILER","20a":"ANOA","22a":"MALO","23a":"PLUR","24a":"CREAM","25a":"AMIN","26a":"SYM","27a":"POTSDAM","29a":"PTA","30a":"HERO","31a":"STATION","33a":"ASCEND","36a":"ERNEST","37a":"BEARCUB","39a":"BUNT","40a":"RAM","41a":"ERASURE","43a":"CUP","46a":"OLPE","48a":"OKAYS","49a":"MEGA","50a":"GAIN","51a":"YENS","52a":"FARAS","53a":"ANEAR","55a":"ODOMETERS","57a":"TESTY","58a":"FRUSTRATE","59a":"ESTEE","60a":"FATTAILED","1d":"CLAMPS","2d":"HOMILY","3d":"ASYLUM","4d":"REFER","5d":"LAIR","6d":"ETS","7d":"SUHARTO","8d":"IRENES","9d":"INROADS","10d":"DAD","11d":"AROMA","12d":"CREAMPIE","13d":"CARLITOS","14d":"ASSONANT","21d":"AMATEURS","24d":"CORDUROY","27d":"PENCE","28d":"MARNE","30d":"HER","32d":"TNT","33d":"ABROGATE","34d":"SEALANES","35d":"CAMPIEST","38d":"BAKEOFF","39d":"BUYSOUT","42d":"SANDRA","43d":"CEREAL","44d":"UGARTE","45d":"PASSED","47d":"ENATE","49d":"MATRI","52d":"FETA","54d":"RYE","56d":"MST"}}