{"numbers":[["1","2","3","4","-","5","6","7","8","9","-","10","11","12","13","-","14","15","16","17","18"],["19","","","","-","20","","","","","-","21","","","","-","22","","","",""],["23","","","","24","","","","","","25","","","","","-","26","","","",""],["27","","","","","","","-","-","28","","","","","-","29","","","","","-"],["-","-","-","30","","","","-","31","","","","","-","32","","","","","-","-"],["33","34","35","","","","-","36","","","","","-","37","","","","","","38","39"],["40","","","","","-","41","","","","","","42","","","","","-","43","",""],["44","","","","-","45","","","","-","-","-","46","","","","-","47","","",""],["48","","","-","49","","","","","50","51","52","","","","-","53","","","",""],["54","","","55","","","","","-","56","","","","","-","57","","","","",""],["-","-","58","","","","","-","59","","","","","-","60","","","","","-","-"],["61","62","","","","","-","63","","","","","-","64","","","","","","65","66"],["67","","","","","-","68","","","","","","69","","","","","-","70","",""],["71","","","","-","72","","","","-","-","-","73","","","","-","74","","",""],["75","","","-","76","","","","","77","78","79","","","","-","80","","","",""],["81","","","82","","","","","-","83","","","","","-","84","","","","",""],["-","-","85","","","","","-","86","","","","","-","87","","","","-","-","-"],["-","88","","","","","-","89","","","","","-","-","90","","","","91","92","93"],["94","","","","","-","95","","","","","","96","97","","","","","","",""],["98","","","","","-","99","","","","-","100","","","","","-","101","","",""],["102","","","","","-","103","","","","-","104","","","","","-","105","","",""]],"clues":{"1a":"Certain reporters","5a":"Slip","10a":"Nickname for Haydn","14a":"Monastery manuscript","19a":"Kind of arch","20a":"Religious author Philip","21a":"\"___ blue as I can be...\"","22a":"Ocher green","23a":"Pain?","26a":"Sheltered, as bees","27a":"Nationality since 1948","28a":"___-eye (tinstone)","29a":"British Labor leader Ernest","30a":"Heavy farm cart","31a":"Prefix with active or grade","32a":"Pyromaniacs' delights","33a":"Dead Sea fortress","36a":"Toned down","37a":"Party clothes and such","40a":"Fragrances","41a":"Mayan?","43a":"Writer ___ Winslow","44a":"Plangent","45a":"Corrida performer","46a":"The Great Commoner","47a":"Nabokov book, 1957","48a":"Prince Valiant's eldest","49a":"Please?","53a":"Intoxicate","54a":"Spring harbinger","56a":"Sea arm","57a":"Explorer of Florida, 1539","58a":"Poetic feet","59a":"Part of M.O.","60a":"___ Galilee","61a":"Pioneer of Dadaism","63a":"Conductor ___ Maazel","64a":"U.S.S. Enterprise, e.g.","67a":"Bach music maker","68a":"Lunges?","70a":"\"A Chorus Line\" song","71a":"Conference start","72a":"Ship plank","73a":"Came down","74a":"Tallow source","75a":"Opposite of \"là,\" in French","76a":"Leis?","80a":"___ Haute, on the Wabash","81a":"Ersatz art","83a":"Buddies","84a":"Dines à la Lucullus","85a":"Make an effort","86a":"1000 groszy","87a":"Auto racer Graham","88a":"Like many interviews","89a":"Rears its ugly head","90a":"Had a life","94a":"It can be cured","95a":"Pals?","98a":"Came up","99a":"___ cheese","100a":"European dormouse","101a":"Gossip column squib","102a":"Airport center","103a":"Nurse's ___","104a":"Blackmore's Lorna","105a":"See 38-Down","1d":"Mozart \"___ fan tutte\"","2d":"Grunts of distaste","3d":"Suds","4d":"Harrison Ford's \"Fugitive\" co-star","5d":"Iago's wife","6d":"Made a collar","7d":"Toupee, informally","8d":"Conquistador's quest","9d":"Send by a designated path","10d":"Historical French region","11d":"Writer Jorge","12d":"Head-'em-off site","13d":"Shade of blonde","14d":"Sticks","15d":"1963 Broadway smash","16d":"Mince?","17d":"Uniform","18d":"Struck out","24d":"Police hotline calls","25d":"Schlepped","29d":"Big name in I.Q. tests","31d":"___ the green (links luck)","32d":"Dukes","33d":"Wisdom tooth, e.g.","34d":"Put on a pedestal","35d":"Moon?","36d":"\"Anyone who disagrees with me,\" in a saying","37d":"Send come-hither looks","38d":"With 105-Across, a Kevin Costner role","39d":"___ Domingo","41d":"\"___ the Hour\" (1948 Crosby hit)","42d":"Fencing equipment","45d":"Brindled cat","47d":"Peons' pay, perhaps","49d":"Miller's salesman Willy","50d":"Icy waterway: Var.","51d":"Ashley Wilkes sister, in \"G.W.T.W.\"","52d":"Bobbin lace","53d":"Baylor athletes","55d":"___ aves (nonpareils)","57d":"Gave everybody a hand","59d":"Calvin Klein employee","60d":"Splotch","61d":"Recurrent melody","62d":"Tropical palm","63d":"Trills lightheartedly","64d":"1991-92 U.S. Open tennis champ","65d":"Sluggish","66d":"\"For ___ sake!\"","68d":"\"Olympia\" painter","69d":"Jolson song subject","72d":"Grotesque","74d":"Eskimo's wrap","76d":"Less trained","77d":"Pastoral poem","78d":"Defeat, and how!","79d":"Peddled better than","80d":"Purposive","82d":"Blow the whistle on","84d":"Get stuck (on)","86d":"Like city real estate","87d":"Cousin of the egret","88d":"Tropical tuber","89d":"Caron film, 1953","91d":"Place for a chapeau","92d":"Noisy-le-Sec summers","93d":"Mil. awards","94d":"Casey's club","95d":"Cops' org.","96d":"Classic prefix","97d":"___ Harlem Brudtland (Norwegian leader)"},"answers":{"1a":"CUBS","5a":"ERROR","10a":"PAPA","14a":"CODEX","19a":"OGEE","20a":"MAURO","21a":"IMAS","22a":"OLIVE","23a":"SHELLINGOUTCASH","26a":"HIVED","27a":"ISRAELI","28a":"TOADS","29a":"BEVIN","30a":"WAIN","31a":"RETRO","32a":"FIRES","33a":"MASADA","36a":"MUTED","37a":"FINERIES","40a":"ODORS","41a":"NOBODYELSES","43a":"OLA","44a":"LOUD","45a":"TORO","46a":"PITT","47a":"PNIN","48a":"ARN","49a":"LAWOFFICERS","53a":"BESOT","54a":"REDROBIN","56a":"INLET","57a":"DESOTO","58a":"IAMBS","59a":"MODUS","60a":"SEAOF","61a":"MANRAY","63a":"LORIN","64a":"STARSHIP","67a":"ORGAN","68a":"MIDDAYMEALS","70a":"ONE","71a":"TELE","72a":"WALE","73a":"ALIT","74a":"SUET","75a":"ICI","76a":"GENTLEWOMEN","80a":"TERRE","81a":"FAKERIES","83a":"CHUMS","84a":"FEASTS","85a":"EXERT","86a":"ZLOTY","87a":"HILL","88a":"TAPED","89a":"LOOMS","90a":"EXISTED","94a":"BACON","95a":"PINGPONGRACKETS","98a":"AROSE","99a":"BLEU","100a":"LEROT","101a":"ITEM","102a":"TOWER","103a":"AIDE","104a":"DOONE","105a":"NESS","1d":"COSI","2d":"UGHS","3d":"BEER","4d":"SELAWARD","5d":"EMILIA","6d":"RANIN","7d":"RUG","8d":"ORO","9d":"ROUTETO","10d":"PICARDY","11d":"AMADO","12d":"PASS","13d":"ASH","14d":"COHERES","15d":"OLIVER","16d":"DIVISIONSOFHOURS","17d":"EVEN","18d":"XED","24d":"LEADS","25d":"TOTED","29d":"BINET","31d":"RUBOF","32d":"FISTS","33d":"MOLAR","34d":"ADORE","35d":"SOUNDINGLIKEACOW","36d":"MORON","37d":"FLIRT","38d":"ELIOT","39d":"SANTO","41d":"NOWIS","42d":"EPEES","45d":"TABBY","47d":"PESOS","49d":"LOMAN","50d":"FIORD","51d":"INDIA","52d":"CLUNY","53d":"BEARS","55d":"RARAE","57d":"DEALT","59d":"MODEL","60d":"STAIN","61d":"MOTIF","62d":"ARECA","63d":"LILTS","64d":"SELES","65d":"INERT","66d":"PETES","68d":"MANET","69d":"MAMMY","72d":"WEIRD","74d":"SEALSKIN","76d":"GREENER","77d":"ECLOGUE","78d":"WHOMP","79d":"OUTSOLD","80d":"TELIC","82d":"EXPOSE","84d":"FIXATE","86d":"ZONED","87d":"HERON","88d":"TARO","89d":"LILI","91d":"TETE","92d":"ETES","93d":"DSMS","94d":"BAT","95d":"PBA","96d":"NEO","97d":"GRO"}}