{"numbers":[["-","1","2","3","4","-","5","6","7","8","9","-","10","11","12"],["13","","","","","-","14","","","","","-","15","",""],["16","","","","","17","","","","","","-","18","",""],["19","","","","","","-","-","20","","","21","","",""],["22","","","","-","23","24","25","-","26","","","","-","-"],["-","-","-","27","28","","","","29","","-","30","","31","32"],["33","34","35","-","36","","","","","-","37","","","",""],["38","","","39","","-","40","","","-","41","","","",""],["42","","","","","-","43","","","44","","-","45","",""],["46","","","","-","47","","","","","","48","-","-","-"],["-","-","49","","50","","-","51","","","-","52","53","54","55"],["56","57","","","","","58","-","-","59","60","","","",""],["61","","","-","62","","","63","64","","","","","",""],["65","","","-","66","","","","","-","67","","","",""],["68","","","-","69","","","","","-","70","","","","-"]],"clues":{"1a":"This might be a lot","5a":"Paradigm","10a":"Sprite","13a":"Word after long or dog","14a":"Fragrance","15a":"Compete","16a":"Sydney of \"The Maltese Falcon\"","18a":"Lady of Eden","19a":"Added too many pounds","20a":"Displayed contempt","22a":"Snick's partner","23a":"Burglarize","26a":"Bummer","27a":"Lost Ark seekers?","30a":"Snatch","33a":"Where to hang one's hat","36a":"\"Carmen\" or \"Aida\"","37a":"Moline manufacturer","38a":"Alluring woman","40a":"Despondent","41a":"Upright","42a":"Goodnight lass","43a":"Steps over a fence","45a":"Hush-hush govt. org.","46a":"Gardener's item","47a":"___ Palace","49a":"Cape Canaveral org.","51a":"Hardly bold","52a":"Sandy's barks","56a":"Interviewer Barbara","59a":"Restaurant","61a":"Levin who wrote \"Deathtrap\"","62a":"\"Of Thee I Sing\" role","65a":"Kind of horn","66a":"It's enough to bring a tear to the eye","67a":"Swiftness","68a":"Owned","69a":"Neck parts","70a":"Steps on the evolutionary ladder","1d":"Baseball's Hank","2d":"Minotaur's home","3d":"Short jacket","4d":"Poet Millay","5d":"Welcome giver?","6d":"Bruin Bobby","7d":"Accomplishes","8d":"Corrects","9d":"Afterward","10d":"Landscaping item","11d":"As we speak","12d":"Oats, e.g.","13d":"Urges, with \"on\"","17d":"Undress","21d":"Anxious","24d":"Texas city","25d":"Scolds","28d":"Top-notch","29d":"Red vegetable","31d":"Firecracker paths","32d":"Obsolescent VCR format","33d":"Letters before omegas","34d":"Cork's site","35d":"It was colonized circa A.D. 986","37d":"Fawn or doe","39d":"\"This foolishness must ___ once!\"","44d":"Kind of cake","47d":"Canopus's constellation","48d":"Minor despot","50d":"Affix, as a button","53d":"Della of pop","54d":"Stews","55d":"\"Auld Lang ___\"","56d":"Accompanying","57d":"Coloratura's piece","58d":"Cut","60d":"Turkish honcho","63d":"Shoe part","64d":"Printers' measures"},"answers":{"1a":"ACRE","5a":"MODEL","10a":"ELF","13a":"EARED","14a":"AROMA","15a":"VIE","16a":"GREENSTREET","18a":"EVE","19a":"GOTFAT","20a":"SNEERED","22a":"SNEE","23a":"ROB","26a":"DRAG","27a":"RAIDERS","30a":"GRAB","33a":"PEG","36a":"OPERA","37a":"DEERE","38a":"SIREN","40a":"SAD","41a":"ERECT","42a":"IRENE","43a":"STILE","45a":"NSA","46a":"SEED","47a":"CAESARS","49a":"NASA","51a":"SHY","52a":"ARFS","56a":"WALTERS","59a":"EATERY","61a":"IRA","62a":"WINTERGREEN","65a":"TIN","66a":"ONION","67a":"HASTE","68a":"HAD","69a":"NAPES","70a":"APES","1d":"AARON","2d":"CRETE","3d":"REEFER","4d":"EDNA","5d":"MAT","6d":"ORR","7d":"DOES","8d":"EMENDS","9d":"LATER","10d":"EVERGREEN","11d":"LIVE","12d":"FEED","13d":"EGGS","17d":"STRIP","21d":"EAGER","24d":"ODESSA","25d":"BERATES","28d":"AONE","29d":"RADISH","31d":"ARCS","32d":"BETA","33d":"PSIS","34d":"EIRE","35d":"GREENLAND","37d":"DEER","39d":"ENDAT","44d":"LAYER","47d":"CARINA","48d":"SATRAP","50d":"SEWON","53d":"REESE","54d":"FRETS","55d":"SYNE","56d":"WITH","57d":"ARIA","58d":"SNIP","60d":"AGHA","63d":"TOE","64d":"ENS"}}