{"numbers":[["1","2","3","-","4","5","6","7","-","8","9","10","11","12","13"],["14","","","-","15","","","","-","16","","","","",""],["17","","","18","","","","","-","19","","","","",""],["20","","","","","-","21","","22","","","-","23","",""],["24","","","","","25","-","-","26","","","27","-","-","-"],["-","-","-","28","","","29","30","","","","","31","32","33"],["34","35","36","-","37","","","","","-","38","","","",""],["39","","","40","-","41","","","","42","-","43","","",""],["44","","","","45","-","46","","","","47","-","48","",""],["49","","","","","50","","","","","","51","-","-","-"],["-","-","-","52","","","","-","-","53","","","54","55","56"],["57","58","59","-","60","","","61","62","-","63","","","",""],["64","","","65","","","-","66","","67","","","","",""],["68","","","","","","-","69","","","","-","70","",""],["71","","","","","","-","72","","","","-","73","",""]],"clues":{"1a":"Blvd. crossers","4a":"#2, informally","8a":"Defeater of Hannibal at Zama","14a":"Pasture","15a":"Shakespearean villain","16a":"Chaucer's ___ Inn","17a":"Civil war, e.g.","19a":"List ender","20a":"Mr. Rathbone","21a":"Dour","23a":"Chicago-to-Atlanta dir.","24a":"Slept \"soundly\"","26a":"\"Hud\" Oscar winner Patricia","28a":"Snap, crackle and pop, e.g.","34a":"Criminal charge","37a":"City on the Mosel","38a":"Razor sharpener","39a":"Help in the getaway","41a":"Architectural piers","43a":"Location","44a":"Catcalls","46a":"Moffo and Magnani","48a":"In low spirits","49a":"Fe, fi, fo, fum, e.g.","52a":"Willing","53a":"Swimwear manufacturer","57a":"Perform","60a":"Pole figure","63a":"Be unfaithful to","64a":"\"Calm down!\"","66a":"\"Life is a bowl of cherries,\" e.g.","68a":"White winter coat","69a":"Primary","70a":"More than none","71a":"Clears of hidden problems","72a":"Rival rival","73a":"Born","1d":"Neatniks' opposites","2d":"Ross Perot, e.g.","3d":"First authority","4d":"Cataclysmic","5d":"Attention","6d":"Sometimes they're super","7d":"___ l'Évêque (French cheese)","8d":"Not monoaural","9d":"Dozes","10d":"Olympic basketball coach Hank","11d":"Buddies","12d":"Rainbow goddess","13d":"Garfield's foil","18d":"Spanish Surrealist","22d":"One in the running","25d":"\"Dumb ___\" (old comic)","27d":"Plenty","29d":"Mosque feature","30d":"Big name in insurance","31d":"Goddess of discord","32d":"Least bit","33d":"Mimicked","34d":"Indian prince","35d":"Victim of sibling rivalry","36d":"Sir Robert of London's bobbies","40d":"Advanced math","42d":"\"Je ne ___ quoi\"","45d":"Averring","47d":"Elsa in \"Lohengrin\"","50d":"Overacts","51d":"___ tide","54d":"Wharton's Frome","55d":"Lorna of an 1869 romance","56d":"Deli phrase","57d":"Scored a hole-in-one","58d":"Inner workings","59d":"Grave","61d":"Poet Lazarus","62d":"More than a snack","65d":"N.Y. school","67d":"Waitress's bit"},"answers":{"1a":"STS","4a":"VEEP","8a":"SCIPIO","14a":"LEA","15a":"IAGO","16a":"TABARD","17a":"OXYMORON","19a":"ETALII","20a":"BASIL","21a":"STERN","23a":"SSE","24a":"SNORED","26a":"NEAL","28a":"ONOMATOPOEIA","34a":"RAP","37a":"TRIER","38a":"STROP","39a":"ABET","41a":"ANTAS","43a":"SITE","44a":"JEERS","46a":"ANNAS","48a":"SAD","49a":"ALLITERATION","52a":"GAME","53a":"SPEEDO","57a":"ACT","60a":"TOTEM","63a":"RATON","64a":"COOLIT","66a":"METAPHOR","68a":"ERMINE","69a":"MAIN","70a":"ANY","71a":"DEBUGS","72a":"ALPO","73a":"NEE","1d":"SLOBS","2d":"TEXAN","3d":"SAYSO","4d":"VIOLENT","5d":"EAR","6d":"EGOS","7d":"PONT","8d":"STEREO","9d":"CATNAPS","10d":"IBA","11d":"PALS","12d":"IRIS","13d":"ODIE","18d":"MIRO","22d":"ENTRANT","25d":"DORA","27d":"LOTS","29d":"MINARET","30d":"AETNA","31d":"ERIS","32d":"IOTA","33d":"APED","34d":"RAJA","35d":"ABEL","36d":"PEEL","40d":"TRIG","42d":"SAIS","45d":"STATING","47d":"SOPRANO","50d":"EMOTES","51d":"NEAP","54d":"ETHAN","55d":"DOONE","56d":"ONRYE","57d":"ACED","58d":"CORE","59d":"TOMB","61d":"EMMA","62d":"MEAL","65d":"LIU","67d":"TIP"}}