{"numbers":[["1","2","3","4","-","5","6","7","8","-","9","10","11","12","13"],["14","","","","-","15","","","","-","16","","","",""],["17","","","","-","18","","","","-","19","","","",""],["20","","","","21","","","","","22","","","-","-","-"],["23","","","","","-","-","-","24","","","","25","26","27"],["-","-","-","-","28","29","30","31","","","","-","32","",""],["33","34","35","36","","","","","-","-","37","38","","",""],["39","","","","-","40","","","41","42","-","43","","",""],["44","","","","45","-","-","46","","","47","","","",""],["48","","","-","49","50","51","","","","","-","-","-","-"],["52","","","53","","","","-","-","-","54","55","56","57","58"],["-","-","-","59","","","","60","61","62","","","","",""],["63","64","65","","","-","66","","","","-","67","","",""],["68","","","","","-","69","","","","-","70","","",""],["71","","","","","-","72","","","","-","73","","",""]],"clues":{"1a":"Bridge option","5a":"Reunion group","9a":"Sound before \"Gesundheit!\"","14a":"Computer text function","15a":"One of two teams","16a":"The good dishes","17a":"Badgered","18a":"Sherbets' cousins","19a":"Apple drink","20a":"Shipboard regulations?","23a":"Steppenwolf's creator","24a":"Flashiest","28a":"Actress Stapleton","32a":"Pooh's middle name?","33a":"Words of self-control?","37a":"California-Nevada lake","39a":"Serpentine greeting","40a":"Parking ___","43a":"\"Show Boat\" composer","44a":"Early Peruvians","46a":"\"Charlotte's Web\" and \"Animal Farm\"?","48a":"D.C. vitamin monitors","49a":"Bulletin","52a":"Warm wrap","54a":"Colorado resort","59a":"Marriage?","63a":"Sentry","66a":"Hitchcock nail-biter","67a":"German valley","68a":"Cry of surrender","69a":"Epitome of thinness","70a":"Hgt.","71a":"Go by car","72a":"1978 Village People hit","73a":"Cautious","1d":"Bird cage swing","2d":"Cherish","3d":"Walls","4d":"Fricassees","5d":"With it, sartorially","6d":"In ___ parentis","7d":"Revival meeting shout","8d":"Snuggle","9d":"Version","10d":"The French Chef","11d":"Put out of sight","12d":"Word before person and vote","13d":"Sculler's need","21d":"Convoy component","22d":"Caviar","25d":"Singer Waters","26d":"Coast","27d":"Adolescents","29d":"Dolt","30d":"Diamond arbiter","31d":"Harvests","33d":"Hint of fragrance","34d":"Indian believer","35d":"Levant of \"Information Please\"","36d":"Simile's center","38d":"Police blotter abbr.","41d":"Bush's old command","42d":"Scrambled item","45d":"Do a slow burn","47d":"Oolong and green","50d":"Nosh","51d":"Like clear night skies","53d":"Sophia's spouse","55d":"Scatter","56d":"Singer Abdul","57d":"Clear sky","58d":"Chutzpah-driven","60d":"Meander","61d":"DeMille genre","62d":"Crème ___ crème","63d":"Moscow department store","64d":"Numero ___","65d":"Behave"},"answers":{"1a":"PASS","5a":"CLAN","9a":"ACHOO","14a":"EDIT","15a":"HOME","16a":"CHINA","17a":"RODE","18a":"ICES","19a":"CIDER","20a":"CREWSCONTROL","23a":"HESSE","24a":"LOUDEST","28a":"MAUREEN","32a":"THE","33a":"WHOAISME","37a":"TAHOE","39a":"HISS","40a":"SPACE","43a":"KERN","44a":"INCAS","46a":"PIGTALES","48a":"FDA","49a":"MESSAGE","52a":"FURCOAT","54a":"ASPEN","59a":"ALTAREDSTATE","63a":"GUARD","66a":"ROPE","67a":"RUHR","68a":"UNCLE","69a":"RAIL","70a":"ELEV","71a":"MOTOR","72a":"YMCA","73a":"WARY","1d":"PERCH","2d":"ADORE","3d":"SIDES","4d":"STEWS","5d":"CHIC","6d":"LOCO","7d":"AMEN","8d":"NESTLE","9d":"ACCOUNT","10d":"CHILD","11d":"HID","12d":"ONE","13d":"OAR","21d":"SEMI","22d":"ROE","25d":"ETHEL","26d":"SHORE","27d":"TEENS","29d":"ASS","30d":"UMP","31d":"REAPS","33d":"WHIFF","34d":"HINDU","35d":"OSCAR","36d":"ASA","38d":"AKA","41d":"CIA","42d":"EGG","45d":"SMOLDER","47d":"TEAS","50d":"EAT","51d":"STARRY","53d":"CARLO","55d":"STREW","56d":"PAULA","57d":"ETHER","58d":"NERVY","60d":"ROAM","61d":"EPIC","62d":"DELA","63d":"GUM","64d":"UNO","65d":"ACT"}}