{"numbers":[["1","2","3","-","4","5","6","-","-","-","7","8","9","10","11"],["12","","","13","","","","14","15","-","16","","","",""],["17","","","","","","","","","-","18","","","",""],["-","-","-","19","","","","","","20","","","","",""],["21","22","23","","","","-","24","","","-","-","25","",""],["26","","","","-","-","-","-","-","27","28","29","","",""],["30","","","-","31","32","33","34","35","","","","-","-","-"],["-","36","","37","","","","","","","","","38","39","-"],["-","-","-","40","","","","","","","","-","41","","42"],["43","44","45","","","","-","-","-","-","-","46","","",""],["47","","","-","-","48","49","50","-","51","52","","","",""],["53","","","54","55","","","","56","","","","-","-","-"],["57","","","","","-","58","","","","","","59","60","61"],["62","","","","","-","63","","","","","","","",""],["64","","","","","-","-","-","65","","","-","66","",""]],"clues":{"1a":"Hubbub","4a":"Tray filler","7a":"\"No, sirree!\"","12a":"1972 Olympics star","16a":"In harmony","17a":"OPEC member","18a":"Man in red","19a":"\"The Ferrari in the Bedroom\" author","21a":"Start off","24a":"Doll's name","25a":"Appeal","26a":"Crossing word","27a":"Proven sound","30a":"Whiff","31a":"Dream team","36a":"\"Heaven Must Have Sent You\" singer","40a":"Unrigid","41a":"Barker","43a":"Track down","46a":"Upscale singer?","47a":"\"Is it a boy ___ girl?\"","48a":"\"Now I know why!\"","51a":"Did with a passion?","53a":"West Coast Senator","57a":"Obscure","58a":"Charity","62a":"Jimmy Dorsey hit \"Maria ___\"","63a":"Original Woodstock rocker","64a":"Synthetic fabric","65a":"From ___ Z","66a":"TV actor Jack","1d":"Bon follower","2d":"Baseball's Quisenberry","3d":"California fort","4d":"Grant portrayer","5d":"Canine command","6d":"Belonging to Li'l Abner","7d":"Lid fastener","8d":"Bonneville Flats site","9d":"Genuine","10d":"Not genuine","11d":"Chaired","13d":"Lollipop cop","14d":"\"___ sad sight to see the year dying\": FitzGerald","15d":"Newswoman Paula","20d":"Involve","21d":"Night shift worker","22d":"Ancient Dead Sea kingdom","23d":"Pro ___ (like some legal work)","28d":"Atlantic flier","29d":"Atl. flier","31d":"Operating without ___","32d":"One-dimensional","33d":"Set the pace","34d":"Bath bath","35d":"Book of the Apocrypha: Abbr.","37d":"Scottie Pippen's org.","38d":"Rephrase","39d":"Wander","42d":"Wander","43d":"Hurled, as grenades","44d":"By swallowing","45d":"List","46d":"Language of ancient Rhodes","49d":"Pilgrimage","50d":"Peek ending","51d":"On the money","52d":"Kind of ism","54d":"Curse","55d":"Sea east of the Caspian","56d":"Fit to serve","59d":"Accepts","60d":"Prefix with realism","61d":"Sign of popularity"},"answers":{"1a":"ADO","4a":"ASH","7a":"HUHUH","12a":"MARKSPITZ","16a":"ATONE","17a":"INDONESIA","18a":"SANTA","19a":"JEANSHEPHERD","21a":"EMBARK","24a":"ANN","25a":"SUE","26a":"LOOK","27a":"TESTED","30a":"FAN","31a":"ALLSTARS","36a":"BONNIEPOINTER","40a":"BENDABLE","41a":"DOG","43a":"LOCATE","46a":"DIVA","47a":"ORA","48a":"AHA","51a":"EMOTED","53a":"BARBARABOXER","57a":"BLEAR","58a":"DONATIONS","62a":"ELENA","63a":"JOECOCKER","64a":"DYNEL","65a":"ATO","66a":"SOO","1d":"AMI","2d":"DAN","3d":"ORD","4d":"ASNER","5d":"SPEAK","6d":"HISN","7d":"HASP","8d":"UTAH","9d":"HONEST","10d":"UNTRUE","11d":"HEADED","13d":"KOJAK","14d":"TISA","15d":"ZAHN","20d":"ENTAIL","21d":"ELF","22d":"MOAB","23d":"BONO","28d":"ERNE","29d":"SST","31d":"ANET","32d":"LINEAR","33d":"LED","34d":"SPA","35d":"TOB","37d":"NBA","38d":"EDIT","39d":"ROVE","42d":"GAD","43d":"LOBBED","44d":"ORALLY","45d":"CAREEN","46d":"DORIC","49d":"HADJ","50d":"ABOO","51d":"EXACT","52d":"METOO","54d":"BANE","55d":"ARAL","56d":"ONEA","59d":"OKS","60d":"NEO","61d":"SRO"}}