{"numbers":[["1","2","3","4","-","5","6","7","8","-","9","10","11","12","13"],["14","","","","-","15","","","","-","16","","","",""],["17","","","","-","18","","","","-","19","","","",""],["20","","","","21","","","","","22","","","","","-"],["-","-","-","23","","","","-","24","","","","","-","-"],["25","26","27","","","","-","28","","","","","-","-","-"],["29","","","","-","-","30","","","","","-","31","32","33"],["34","","","","35","36","","","","","","37","","",""],["38","","","-","39","","","","","-","-","40","","",""],["-","-","-","41","","","","","-","42","43","","","",""],["-","-","44","","","","","-","45","","","","-","-","-"],["-","46","","","","","","47","","","","","48","49","50"],["51","","","","","-","52","","","","-","53","","",""],["54","","","","","-","55","","","","-","56","","",""],["57","","","","","-","58","","","","-","59","","",""]],"clues":{"1a":"Lie poolside","5a":"Love of Lucy","9a":"Author ___ Gallant","14a":"Anderson of TV sitcoms","15a":"Nerve impulse conduit","16a":"Shelley's \"Adonais,\" e.g.","17a":"Faulkner's \"Requiem for ___\"","18a":"About: Abbr.","19a":"Being male or female","20a":"Rolling Stones album of 1968","23a":"Word with coin or time","24a":"Handily subdues","25a":"Newly arrived","28a":"Pros' foes","29a":"Handel opera","30a":"Leaf","31a":"Big sandwich name","34a":"Niven film of 1937","38a":"British verb ending","39a":"Limerick, e.g.","40a":"Zeno of ___ (Greek logician)","41a":"Like a fair lass","42a":"Promoter of rooster fights","44a":"Tipsy","45a":"Blacken","46a":"Hemingway memoir","51a":"Cremona product","52a":"Pulitzer-winning writer Sheehan","53a":"Compatriot","54a":"Neighbor of Nigeria","55a":"Where water turned to wine","56a":"Rend","57a":"On, as medication","58a":"Skirt","59a":"Canadian baseballer","1d":"Spill the beans","2d":"Top-of-the-line","3d":"Comfy","4d":"Caribbean capital","5d":"Clothing tag name","6d":"Live and breathe","7d":"Soak up","8d":"Personified","9d":"Smokehouse flavoring","10d":"Seal hunters","11d":"Nettles","12d":"\"___ it!\" (\"Eureka!\")","13d":"Baseball exec Thrift","21d":"Star of \"The Greatest\"","22d":"Chalk up","25d":"Skywalker, e.g.","26d":"Terrorists' tools","27d":"Kind of curve","28d":"Affected","30d":"Hoedown","31d":"Exploit","32d":"Fitting phrase ending","33d":"All-powerful one","35d":"Not fixed","36d":"1966 hit \"Walk Away ___\"","37d":"Stage anew","41d":"A B vitamin","42d":"Pincers","43d":"Big galoot","44d":"Sultan Qabus bin Said, e.g.","45d":"Adhere","46d":"City on the Skunk River","47d":"Bit of wampum","48d":"\"A Clockwork Orange\" droogie","49d":"Strike","50d":"Neophyte","51d":"___ Bakr (first caliph of Mecca)"},"answers":{"1a":"BASK","5a":"DESI","9a":"MAVIS","14a":"LONI","15a":"AXON","16a":"ELEGY","17a":"ANUN","18a":"CIRC","19a":"SEXED","20a":"BEGGARSBANQUET","23a":"SLOT","24a":"ROUTS","25a":"JUSTIN","28a":"ANTIS","29a":"EZIO","30a":"BRACT","31a":"MAC","34a":"DINNERATTHERITZ","38a":"ISE","39a":"VERSE","40a":"ELEA","41a":"BONNY","42a":"COCKER","44a":"OILED","45a":"CHAR","46a":"AMOVEABLEFEAST","51a":"AMATI","52a":"NEIL","53a":"ALLY","54a":"BENIN","55a":"CANA","56a":"TEAR","57a":"USING","58a":"EDGE","59a":"EXPO","1d":"BLAB","2d":"AONE","3d":"SNUG","4d":"KINGSTON","5d":"DACRON","6d":"EXIST","7d":"SORB","8d":"INCARNATE","9d":"MESQUITE","10d":"ALEUTS","11d":"VEXES","12d":"IGET","13d":"SYD","21d":"ALI","22d":"NOTCH","25d":"JEDI","26d":"UZIS","27d":"SINE","28d":"ARTSY","30d":"BARNDANCE","31d":"MILK","32d":"ATEE","33d":"CZAR","35d":"EVOLVING","36d":"RENEE","37d":"RECREATE","41d":"BIOTIN","42d":"CHELAE","43d":"OAF","44d":"OMANI","45d":"CLING","46d":"AMES","47d":"BEAD","48d":"ALEX","49d":"SLAP","50d":"TYRO","51d":"ABU"}}