{"numbers":[["1","2","3","4","5","6","7","-","-","8","9","10","-","-","-"],["11","","","","","","","12","-","13","","","14","15","16"],["17","","","","","","","","-","18","","","","",""],["19","","","-","20","","","","-","-","21","","","",""],["22","","","-","23","","","","24","-","25","","","",""],["26","","","27","-","-","-","28","","29","","-","30","",""],["31","","","","32","33","34","","","","","-","35","",""],["-","36","","","","","","","","","","37","","","-"],["38","","","-","39","","","","","","","","","","40"],["41","","","-","42","","","","-","-","-","43","","",""],["44","","","45","","-","46","","47","48","49","-","50","",""],["51","","","","","-","-","52","","","","-","53","",""],["54","","","","","55","-","56","","","","57","","",""],["58","","","","","","-","59","","","","","","",""],["-","-","-","60","","","-","-","61","","","","","",""]],"clues":{"1a":"Exaggerate","8a":"More than a dash: Abbr.","11a":"Shaky voices","13a":"Singers John and Bonnie","17a":"Cats' comments","18a":"Strip of paint","19a":"Prayer word","20a":"Palindrome part","21a":"Asian pipe","22a":"Prerevolutionary Russian commune","23a":"Started from scratch","25a":"Preparation for drilling?","26a":"Toward the Levant","28a":"One who's not in","30a":"Calendar mo.","31a":"Berth place","35a":"Prof.'s aides","36a":"Liars","38a":"Tampa Bay N.F.L.er","39a":"Waning","41a":"First word of Montana's motto","42a":"Narrow route","43a":"Cuisine type","44a":"It's overexacting","46a":"River through Lake of the Ozarks","50a":"Cockpit dial: Abbr.","51a":"Beyond the exurbs","52a":"___ surgery","53a":"Advanced degree","54a":"Contrivances","56a":"\"Old soldiers ___...\"","58a":"Stow cargo","59a":"Whiny one","60a":"Mint","61a":"Unity","1d":"Monopoly property","2d":"Craze of 1983","3d":"Backtracks","4d":"Glasgow uncle","5d":"Carrier","6d":"Old-time cartoonist Briggs","7d":"Sank a putt","8d":"1989 Broadway melodrama","9d":"Ancient Jewish council","10d":"Embroidery loop","12d":"Alpine instruction","14d":"1960 Jayne Mansfield movie","15d":"Suffer battlefield losses","16d":"Twitches","24d":"Look","27d":"Ball holder","29d":"Asian cereal grass","32d":"Preteen romance","33d":"Impression","34d":"False","37d":"Friday on TV, e.g.: Abbr.","38d":"French villages","40d":"Levied congregants","45d":"Japanese soup","47d":"\"There ___ ghosts, you say\": Noyes","48d":"MacLeod of \"The Mary Tyler Moore Show\"","49d":"Professeur's charge","55d":"Hem, not haw","57d":"TV cartoon chihuahua"},"answers":{"1a":"STRETCH","8a":"TSP","11a":"TREMOLOS","13a":"RAITTS","17a":"JIVETALK","18a":"UNCOAT","19a":"AVE","20a":"EREI","21a":"HOOKA","22a":"MIR","23a":"REDID","25a":"ETHER","26a":"EAST","28a":"NERD","30a":"OCT","31a":"SLEEPINGCAR","35a":"TAS","36a":"PSEUDOLOGISTS","38a":"BUC","39a":"PETERINGOUT","41a":"ORO","42a":"PASS","43a":"THAI","44a":"USURY","46a":"OSAGE","50a":"ALT","51a":"RURAL","52a":"ORAL","53a":"NTH","54a":"GISMOS","56a":"NEVERDIE","58a":"STEEVE","59a":"SNIVELER","60a":"NEW","61a":"ONENESS","1d":"STJAMES","2d":"TRIVIALPURSUIT","3d":"REVERSESCOURSE","4d":"EME","5d":"TOTER","6d":"CLARE","7d":"HOLED","8d":"TRU","9d":"SANHEDRIN","10d":"PICOT","12d":"SKIINGLESSONS","14d":"TOOHOTTOHANDLE","15d":"TAKECASUALTIES","16d":"STARTS","24d":"DECOR","27d":"TEE","29d":"RAGI","32d":"PUPPYLOVE","33d":"IDEA","34d":"NOTSO","37d":"SGT","38d":"BOURGS","40d":"TITHERS","45d":"RAMEN","47d":"ARENO","48d":"GAVIN","49d":"ELEVE","55d":"SEW","57d":"REN"}}