{"numbers":[["1","2","3","4","-","5","6","7","8","9","-","10","11","12","13","-","-","-","-","14","15","16","17"],["18","","","","-","19","","","","","-","20","","","","21","-","22","23","","","",""],["24","","","","-","25","","","","","-","26","","","","","27","","","","","",""],["28","","","-","29","","","","","","-","30","","","","","","","","","","",""],["31","","","-","32","","","","-","33","34","","","","","-","35","","","-","36","",""],["37","","","-","38","","","-","39","","","-","-","-","-","-","-","40","","41","","",""],["42","","","-","43","","","44","","-","45","46","47","48","-","49","50","","","","","","-"],["-","51","","52","","-","-","53","","54","","","","","-","55","","","","","-","-","-"],["56","","","","","57","58","","","","","","","","-","59","","","","-","60","61","62"],["63","","","","","","","","","","","","","-","64","","","","","-","65","",""],["66","","","","","","","-","67","","","","-","68","","","-","-","-","-","69","",""],["70","","","-","71","","","-","72","","","-","73","","","-","74","75","76","-","77","",""],["78","","","-","-","-","-","79","","","-","80","","","","-","81","","","82","","",""],["83","","","-","84","85","86","","","-","87","","","","","88","","","","","","",""],["89","","","-","90","","","","-","91","","","","","","","","","","","","",""],["-","-","-","92","","","","","-","93","","","","","","","-","-","94","","","","-"],["-","95","96","","","","","","-","97","","","","-","98","","99","100","","-","101","","102"],["103","","","","","","-","-","-","-","-","-","104","105","","-","106","","","-","107","",""],["108","","","-","109","","110","-","111","112","113","114","","","-","115","","","","-","116","",""],["117","","","118","","","","119","","","","","-","120","121","","","","","-","122","",""],["123","","","","","","","","","","","","-","124","","","","","-","125","","",""],["126","","","","","","-","127","","","","","-","128","","","","","-","129","","",""],["130","","","","-","-","-","-","131","","","","-","132","","","","","-","133","","",""]],"clues":{"1a":"Muezzin's call at a mosque","5a":"Bottomless pit","10a":"Escapade","14a":"Cutlass cut","18a":"Hitachi competitor","19a":"Give a price","20a":"Unsteady on one's feet","22a":"One of the Furies","24a":"TV knob","25a":"Proponent","26a":"Nun, e.g.","28a":"Demographic datum","29a":"Captain of the Sáo Gabriel","30a":"Earth-moving equipment?","31a":"___ publica","32a":"Cinnabar and barite","33a":"Overrefined","35a":"Speakeasy customer","36a":"Joey ___ and the Starliters","37a":"Burns' \"___ Mouse\"","38a":"Laugh: Fr.","39a":"Start of a laugh","40a":"Hindu gentlemen","42a":"Kind of timer","43a":"\"Enough, Giuseppe!\"","45a":"Foreshadow","49a":"Ancient Roman priests","51a":"\"All ___!\" (court phrase)","53a":"Nightmare","55a":"Broadcast","56a":"Gate-crasher?","59a":"Ivan, e.g.","60a":"\"Ben-Hur\" studio","63a":"Exams for would-be workers","64a":"People with lists","65a":"Sale-price abbr.","66a":"Noted spokestuna","67a":"Social hangers-on","68a":"Cherished one","69a":"Computer company","70a":"Geom. figure","71a":"Bambi's aunt","72a":"Barker and Kettle","73a":"South China, e.g.","74a":"Balancer, of sorts","77a":"1958 song \"___ Blu, Dipinto di Blu\"","78a":"Handel's \"___, Galatea e Polifemo\"","79a":"Celtic Neptune","80a":"1995 House chant","81a":"Greek","83a":"Kind of cross","84a":"\"Odyssey\" fruit","87a":"1960 John Wayne movie","89a":"Ernie of the P.G.A.","90a":"Match king Kreuger","91a":"Patsy?","92a":"Printer's daggers","93a":"Smash hit","94a":"Case worker: Abbr.","95a":"Like a drunk's speech","97a":"Professional soc.","98a":"Song of joy","101a":"Auto ad abbr.","103a":"Hypnotic ingredient in medicine","104a":"QB's goals","106a":"\"Oranges &amp; Lemons\" rock group","107a":"Telecommunications corp.","108a":"\"We Do Our Part\" org.","109a":"Darker than chestnut","111a":"Jellyfish","115a":"Fortune","116a":"Years and years","117a":"Sidling arachnid?","120a":"Pieces of pieces of eight","122a":"Phone dial trio","123a":"Lorgnettes","124a":"Loses vigor","125a":"Clock hour","126a":"Conspectus","127a":"First name in silents","128a":"Atlas picture","129a":"Verb type: Abbr.","130a":"Jocular Johnson","131a":"Otherwise","132a":"Has to have","133a":"Architect ___ van der Rohe","1d":"Aphrodite's Semitic counterpart","2d":"Re the science of animal distribution","3d":"\"Patriot Games\" actress?","4d":"Humorist Bill","5d":"Locales for swordtails","6d":"\"1985\" novelist","7d":"Meditative methods","8d":"Check","9d":"Shawl for siestas","10d":"Actress Christine","11d":"Tracts","12d":"Picture puzzle","13d":"Dairy cattle breed","14d":"Tenor sax great","15d":"Followed, as a tip","16d":"Sound investments","17d":"Engine power, informally","21d":"100 bani","22d":"Brilliant orange star of the northern sky","23d":"Circus stars?","27d":"Storm heading","29d":"June bug","34d":"Breaks violently again","39d":"Measures for punts","41d":"Bunk","44d":"Trident feature","46d":"Final notices","47d":"They're often paid","48d":"Pluralizer","49d":"Aspect","50d":"1929 Gershwin song","52d":"To-do","54d":"Shaw's \"___ and Cleopatra\"","56d":"Berrylike","57d":"Havoc","58d":"\"The very ___!\"","60d":"Diamond club?","61d":"Superman's bane","62d":"Bald man of advertising","64d":"Poisonous mushrooms","68d":"Kin of silverware","73d":"Ancient marine \"hazards\"","74d":"Whack","75d":"Bergamot, e.g.","76d":"Leagues","79d":"Attention-grabbing","80d":"Linguist Chomsky et al.","82d":"Milk: Prefix","84d":"Gymnastic apparatus?","85d":"Baggy, as clothes","86d":"Scheherazade's recital","87d":"Mil. members","88d":"Lake from which the Blue Nile springs","91d":"Akihito's temple","92d":"Unconscious","95d":"Windshield clearer","96d":"Least fat","99d":"Noble","100d":"Gives proof","102d":"\"La Loge\" and \"La Grenouillère,\" e.g.","103d":"Mooring for a Spanish galleon","105d":"Noted naturalist","110d":"Designer's monogram","111d":"___-Mokwa (\"Hiawatha\" bear)","112d":"Corsair or Ranger","113d":"1936 Cooper role","114d":"Alpha ___ Minoris (Polaris)","115d":"Counterfeit","118d":"Rock's Mötley ___","119d":"Perfectly","121d":"Article written by Nietzsche","125d":"Get-up-and-go"},"answers":{"1a":"AZAN","5a":"ABYSS","10a":"LARK","14a":"GASH","18a":"SONY","19a":"QUOTE","20a":"AREEL","22a":"ALECTO","24a":"TONE","25a":"URGER","26a":"HEBREWLETTER","28a":"AGE","29a":"DAGAMA","30a":"TAURUSDOZERS","31a":"RES","32a":"ORES","33a":"PRISSY","35a":"WET","36a":"DEE","37a":"TOA","38a":"RIS","39a":"HEE","40a":"BABOOS","42a":"EGG","43a":"BASTA","45a":"BODE","49a":"FLAMENS","51a":"RISE","53a":"INCUBUS","55a":"AIRED","56a":"BATTERINGARIES","59a":"CZAR","60a":"MGM","63a":"APTITUDETESTS","64a":"DEANS","65a":"IRR","66a":"CHARLIE","67a":"ISTS","68a":"PET","69a":"NEC","70a":"CIR","71a":"ENA","72a":"MAS","73a":"SEA","74a":"CPA","77a":"NEL","78a":"ACI","79a":"LER","80a":"NEWT","81a":"HELLENE","83a":"TAU","84a":"LOTUS","87a":"NORTHTOALASKA","89a":"ELS","90a":"IVAR","91a":"SCAPECAPRICORN","92a":"OBELI","93a":"HOMERUN","94a":"ATTY","95a":"SLURRED","97a":"ASSN","98a":"PAEAN","101a":"APR","103a":"ACETAL","104a":"TDS","106a":"XTC","107a":"GTE","108a":"NRA","109a":"BAY","111a":"MEDUSA","115a":"FATE","116a":"EON","117a":"CANCERSPIDER","120a":"REALES","122a":"MNO","123a":"OPERAGLASSES","124a":"WILTS","125a":"VIII","126a":"RESUME","127a":"THEDA","128a":"INSET","129a":"INTR","130a":"ARTE","131a":"ELSE","132a":"NEEDS","133a":"MIES","1d":"ASTARTE","2d":"ZOOGEOGRAPHICAL","3d":"ANNESAGITTARIUS","4d":"NYE","5d":"AQUARIA","6d":"BURGESS","7d":"YOGAS","8d":"STEM","9d":"SERAPE","10d":"LAHTI","11d":"AREAS","12d":"REBUS","13d":"KERRY","14d":"GETZ","15d":"ACTEDON","16d":"STEREOS","17d":"HORSES","21d":"LEU","22d":"ALDEBARAN","23d":"LEOTAMERS","27d":"WSW","29d":"DORBEETLE","34d":"REBURSTS","39d":"HANGTIMES","41d":"BED","44d":"TINE","46d":"OBITS","47d":"DUES","48d":"ESS","49d":"FACET","50d":"LIZA","52d":"STIR","54d":"CAESAR","56d":"BACCATE","57d":"RUIN","58d":"IDEA","60d":"MINNESOTAGEMINI","61d":"GREENKRYPTONITE","62d":"MRCLEAN","64d":"DEATHCUPS","68d":"PEWTER","73d":"SERPENTS","74d":"CHOP","75d":"PEAR","76d":"ALLIANCES","79d":"LURID","80d":"NOAMS","82d":"LACT","84d":"LIBRABEAM","85d":"OVERLARGE","86d":"TALE","87d":"NCOS","88d":"TANA","91d":"SHA","92d":"OUT","95d":"SCRAPER","96d":"LEANEST","99d":"EXALTED","100d":"ATTESTS","102d":"RENOIRS","103d":"ANCORA","105d":"DARWIN","110d":"YSL","111d":"MISHE","112d":"EDSEL","113d":"DEEDS","114d":"URSAE","115d":"FALSE","118d":"CRUE","119d":"PAT","121d":"EINE","125d":"VIM"}}