{"numbers":[["1","2","3","4","5","-","6","7","8","9","10","-","11","12","13"],["14","","","","","-","15","","","","","-","16","",""],["17","","","","","18","","","","","","-","19","",""],["20","","","-","21","","","-","-","22","","23","","",""],["24","","","25","-","26","","27","28","-","29","","","",""],["-","-","-","30","31","","","","","32","-","33","","",""],["-","34","35","","","-","-","36","","","37","-","38","",""],["-","39","","","","40","41","","","","","42","","","-"],["43","","","-","44","","","","-","-","45","","","","-"],["46","","","47","-","48","","","49","50","","","-","-","-"],["51","","","","52","-","53","","","","-","54","55","56","57"],["58","","","","","59","-","-","60","","61","-","62","",""],["63","","","-","64","","65","66","","","","67","","",""],["68","","","-","69","","","","","-","70","","","",""],["71","","","-","72","","","","","-","73","","","",""]],"clues":{"1a":"Vacuum tube filler","6a":"Wanders","11a":"Underwear initials","14a":"March composer","15a":"Key above G","16a":"Majors or Myles","17a":"Happenchance","19a":"Once ___ while","20a":"Barber of baseball","21a":"Sprite","22a":"Made","24a":"City near Utah Lake","26a":"\"Desire Under the ___\"","29a":"Head of a familia","30a":"Peeved","33a":"When Operation Overlord took place","34a":"Bygone coif","36a":"Mmes., across the Pyrenees","38a":"Dined","39a":"Jodie Foster's directorial debut, 1991","43a":"Douglas or alpine, e.g.","44a":"Choir members","45a":"Pub quaffs","46a":"Seventh day activity","48a":"Improves","51a":"Monkeyshine","53a":"Carriage, in the country","54a":"Cousin of the English horn","58a":"Bushy-tailed animal","60a":"Princess's sleep disturber","62a":"Dishcloth","63a":"Greek vowel","64a":"Child's means of propulsion","68a":"Soak flax","69a":"More cheerful","70a":"Takes to the trails","71a":"Opposite NNW","72a":"Brainstorms","73a":"Apply","1d":"Houston player","2d":"Oarsman","3d":"Tour leader","4d":"W.W. II intelligence org.","5d":"N.B.A.'s Archibald","6d":"Club fund-raiser","7d":"Light switch position","8d":"Miss. neighbor","9d":"Chess finale","10d":"Robert Fulton's power","11d":"Notoriously risky social event","12d":"Respects","13d":"Sharpshooter","18d":"Fashion's Cassini","23d":"\"Far out\"","25d":"Shopping place","27d":"1939 James Stewart title role","28d":"Que follower, in song","31d":"___ bene","32d":"Mr. Quayle","34d":"Drives away","35d":"A number 1","37d":"Christmas tree topper","40d":"Atty.'s degree","41d":"Parisian summers","42d":"What's more","43d":"Constitution creators","47d":"Actor Matheson","49d":"Narrows","50d":"Watchful one","52d":"Welsh dog","55d":"Accelerator's counterpart","56d":"Western","57d":"Cast out","59d":"Little hopper","61d":"North Carolina county","65d":"Drain cleaner","66d":"Pasture","67d":"General Mills cereal"},"answers":{"1a":"ARGON","6a":"ROAMS","11a":"BVD","14a":"SOUSA","15a":"AFLAT","16a":"LEE","17a":"TWISTOFFATE","19a":"INA","20a":"RED","21a":"ELF","22a":"EARNED","24a":"OREM","26a":"ELMS","29a":"MADRE","30a":"ANGERED","33a":"DDAY","34a":"AFRO","36a":"SRAS","38a":"ATE","39a":"LITTLEMANTATE","43a":"FIR","44a":"ALTI","45a":"ALES","46a":"REST","48a":"BETTERS","51a":"ANTIC","53a":"SHAY","54a":"OBOE","58a":"MARMOT","60a":"PEA","62a":"RAG","63a":"ETA","64a":"ROLLERSKATE","68a":"RET","69a":"GAYER","70a":"HIKES","71a":"SSE","72a":"IDEAS","73a":"EXERT","1d":"ASTRO","2d":"ROWER","3d":"GUIDE","4d":"OSS","5d":"NATE","6d":"RAFFLE","7d":"OFF","8d":"ALA","9d":"MATE","10d":"STEAM","11d":"BLINDDATE","12d":"VENERATES","13d":"DEADEYE","18d":"OLEG","23d":"RAD","25d":"MART","27d":"MRSMITH","28d":"SERA","31d":"NOTA","32d":"DAN","34d":"ALIENATES","35d":"FIRSTRATE","37d":"STAR","40d":"LLB","41d":"ETES","42d":"ALSO","43d":"FRAMERS","47d":"TIM","49d":"TAPERS","50d":"EYER","52d":"CORGI","55d":"BRAKE","56d":"OATER","57d":"EGEST","59d":"TOAD","61d":"ASHE","65d":"LYE","66d":"LEA","67d":"KIX"}}