{"numbers":[["1","2","3","-","-","4","5","6","7","-","8","9","10","11","12"],["13","","","14","-","15","","","","-","16","","","",""],["17","","","","18","","","","","19","","","","",""],["20","","","","","","-","21","","","","-","22","",""],["23","","","-","24","","25","-","-","26","","27","-","-","-"],["-","-","28","29","","","","30","31","","","","32","33","34"],["35","36","","","","-","37","","","","-","38","","",""],["39","","","","-","40","","","","","-","41","","",""],["42","","","","-","43","","","","-","44","","","",""],["45","","","","46","","","","","47","","","","-","-"],["-","-","-","48","","","-","-","49","","","-","50","51","52"],["53","54","55","-","56","","57","58","-","59","","60","","",""],["61","","","62","","","","","63","","","","","",""],["64","","","","","-","65","","","","-","66","","",""],["67","","","","","-","68","","","","-","-","69","",""]],"clues":{"1a":"Person with a beat","4a":"Mafia kingpin","8a":"Keeps one's fingers crossed","13a":"Voiced","15a":"Prime draft status","16a":"Maine college town","17a":"Deal with quickly","20a":"Isolate, in a way","21a":"I.O.U.","22a":"Phila. clock setting","23a":"N.F.L. linemen: Abbr.","24a":"Prince Valiant's firstborn","26a":"___ Moines","28a":"Save steps","35a":"Point one's finger at","37a":"Panorama","38a":"Too","39a":"Prefix with type","40a":"Actress Thompson et al.","41a":"Traveling type","42a":"Mideast chief","43a":"\"Gypsys, Tramps &amp; Thieves\" singer","44a":"Politico Jackson","45a":"Is easily riled","48a":"China's Chou En-___","49a":"Yang's partner","50a":"Ancient text \"___ Te Ching\"","53a":"They give you a shot in the arm","56a":"Pre-1917 honcho","59a":"Guitar feature","61a":"Be cheated","64a":"Speechify","65a":"\"Pretty Woman\" star","66a":"\"Alas\"","67a":"Morocco's capital","68a":"Medical suffix","69a":"Elephant's weight, maybe","1d":"Promising rookie","2d":"Long-armed ape, informally","3d":"Islamabad denizens","4d":"Hold fast","5d":"Enero to diciembre","6d":"Fringe benefit, for short: Var.","7d":"___ of office","8d":"Owl","9d":"Hockey's Bobby","10d":"Jab","11d":"\"Country\" Slaughter","12d":"Squeezable","14d":"\"___ Misérables\"","18d":"Allay, as thirst","19d":"Word before peak or walk","25d":"Indian rug","27d":"Wells Fargo vehicles","29d":"Unconcerned with right and wrong","30d":"East ___ (Manhattan resident)","31d":"Substantial, as a meal","32d":"Seal","33d":"Exploits","34d":"Ripped","35d":"Insipid","36d":"Peru's capital","40d":"Unstable person, slangily","44d":"Coup d'état group","46d":"Perfumed bag","47d":"Angles","51d":"Prefix with meter","52d":"Versifier Nash","53d":"Mr. Sikorsky","54d":"Actress Miles","55d":"Knife","57d":"Golden Fleece ship","58d":"Atlas lines: Abbr.","60d":"Genetic stuff","62d":"Amtrack term.","63d":"Dernier ___"},"answers":{"1a":"COP","4a":"CAPO","8a":"HOPES","13a":"ORAL","15a":"ONEA","16a":"ORONO","17a":"MAKESHORTWORKOF","20a":"ENISLE","21a":"CHIT","22a":"EST","23a":"RGS","24a":"ARN","26a":"DES","28a":"TAKEASHORTCUT","35a":"BLAME","37a":"VIEW","38a":"ALSO","39a":"LINO","40a":"SADAS","41a":"GOER","42a":"AMIR","43a":"CHER","44a":"JESSE","45a":"HASASHORTFUSE","48a":"LAI","49a":"YIN","50a":"TAO","53a":"IVS","56a":"CZAR","59a":"STRING","61a":"GETSHORTCHANGED","64a":"ORATE","65a":"GERE","66a":"AHME","67a":"RABAT","68a":"OSIS","69a":"TON","1d":"COMER","2d":"ORANG","3d":"PAKISTANIS","4d":"COHERE","5d":"ANO","6d":"PERC","7d":"OATH","8d":"HOOTER","9d":"ORR","10d":"POKE","11d":"ENOS","12d":"SOFT","14d":"LES","18d":"SLAKE","19d":"WIDOWS","25d":"NAVAHO","27d":"STAGES","29d":"AMORAL","30d":"SIDER","31d":"HEARTY","32d":"CLOSETIGHT","33d":"USES","34d":"TORE","35d":"BLAH","36d":"LIMA","40d":"SCHIZO","44d":"JUNTA","46d":"SACHET","47d":"FISHES","51d":"ANEMO","52d":"OGDEN","53d":"IGOR","54d":"VERA","55d":"STAB","57d":"ARGO","58d":"RTES","60d":"RNA","62d":"STA","63d":"CRI"}}