{"numbers":[["1","2","3","4","5","-","6","7","8","9","10","-","11","12","13"],["14","","","","","-","15","","","","","-","16","",""],["17","","","","","18","","","","","","-","19","",""],["20","","","","","","-","21","","","-","22","","",""],["-","-","-","23","","","24","-","-","25","26","","","",""],["27","28","29","-","30","","","31","-","32","","","","-","-"],["33","","","34","","-","35","","36","","","","","37","38"],["39","","","","-","40","","","","","-","41","","",""],["42","","","","43","","","","","-","44","","","",""],["-","-","45","","","","-","46","","47","","-","48","",""],["49","50","","","","","-","-","51","","","52","-","-","-"],["53","","","","-","54","55","56","-","57","","","58","59","60"],["61","","","-","62","","","","63","","","","","",""],["64","","","-","65","","","","","-","66","","","",""],["67","","","-","68","","","","","-","69","","","",""]],"clues":{"1a":"Scenic view","6a":"Hombres' homes","11a":"E.T.S. offering","14a":"Back way","15a":"\"Yup\"","16a":"Four-in-hand","17a":"John ___","19a":"Military inits.","20a":"Kind of diet","21a":"Tango requirement","22a":"Cob or drake, e.g.","23a":"Well-groomed","25a":"Red wine","27a":"___ Mahal","30a":"Wineglass part","32a":"Right: Prefix","33a":"Sharif and Bradley","35a":"Mr. Fixit","39a":"Backgammon equipment","40a":"Attribute","41a":"River of northern France","42a":"Sure thing?","44a":"Mooring site","45a":"Exposed","46a":"Campus building","48a":"___ Palmas, Spain","49a":"Guiding light","51a":"Logs some z's","53a":"Log some z's","54a":"Auditor, for short","57a":"Arabian coffees","61a":"Skill","62a":"John ___","64a":"Half of a 1955 merger","65a":"Serf","66a":"Garden bulb","67a":"At any time, poetically","68a":"British ___","69a":"Musial and Laurel","1d":"Like fireplace logs","2d":"Advertising award","3d":"\"___ right with the world\"","4d":"Relative of the weasel","5d":"Huxley's \"___ in Gaza\"","6d":"Wrigley Field player","7d":"\"Cat on ___...\"","8d":"Third place","9d":"Overlord","10d":"\"Listen!\"","11d":"John ___","12d":"Bride's path","13d":"Bit of dogma","18d":"Immediately, in the operating room","22d":"Diacritical mark","24d":"___ firma","26d":"Garland","27d":"One of Taylor's exes","28d":"Friend of François","29d":"John ___","31d":"1971 hit \"___ Bobby McGee\"","34d":"Edit","36d":"Mountaineer's spike","37d":"Voyaging","38d":"Seines","40d":"Infantry lines","43d":"Spanish treasure","44d":"Customs duties","47d":"Incline","49d":"Drill grip","50d":"Halloweenlike","52d":"Advance person","55d":"Medicinal tablet","56d":"Medicinal plant","58d":"Hawaiian dance","59d":"\"Z ___ zebra\"","60d":"Weakens","62d":"Upsilon's successor","63d":"\"___ De-Lovely\""},"answers":{"1a":"SCAPE","6a":"CASAS","11a":"SAT","14a":"ALLEY","15a":"UHHUH","16a":"TIE","17a":"WILKESBOOTH","19a":"USN","20a":"NOSALT","21a":"TWO","22a":"MALE","23a":"NEAT","25a":"CLARET","27a":"TAJ","30a":"STEM","32a":"RECT","33a":"OMARS","35a":"REPAIRMAN","39a":"DICE","40a":"TRAIT","41a":"OISE","42a":"DEODORANT","44a":"INLET","45a":"BARE","46a":"DORM","48a":"LAS","49a":"BEACON","51a":"NAPS","53a":"REST","54a":"CPA","57a":"MOCHAS","61a":"ART","62a":"PHILIPSOUSA","64a":"CIO","65a":"HELOT","66a":"TULIP","67a":"EER","68a":"ISLES","69a":"STANS","1d":"SAWN","2d":"CLIO","3d":"ALLS","4d":"PEKAN","5d":"EYELESS","6d":"CUB","7d":"AHOT","8d":"SHOW","9d":"AUTOCRAT","10d":"SHH","11d":"STUARTMILL","12d":"AISLE","13d":"TENET","18d":"STAT","22d":"MACRON","24d":"TERRA","26d":"LEI","27d":"TODD","28d":"AMIE","29d":"JACOBASTOR","31d":"MEAND","34d":"REDACT","36d":"PITON","37d":"ASEA","38d":"NETS","40d":"TRENCHES","43d":"ORO","44d":"IMPOSTS","47d":"RAMP","49d":"BRACE","50d":"EERIE","52d":"SCOUT","55d":"PILL","56d":"ALOE","58d":"HULA","59d":"ASIN","60d":"SAPS","62d":"PHI","63d":"ITS"}}