{"numbers":[["1","2","3","4","-","5","6","7","8","-","9","10","11","12","13"],["14","","","","-","15","","","","-","16","","","",""],["17","","","","18","","","","","19","","","","",""],["20","","","","","","-","21","","","","-","22","",""],["-","-","-","23","","","24","-","25","","","26","-","-","-"],["27","28","29","","-","30","","31","-","32","","","33","34","-"],["35","","","-","-","36","","","37","-","38","","","","39"],["40","","","41","42","","","","","43","","","","",""],["44","","","","","-","45","","","","-","-","46","",""],["-","47","","","","48","-","49","","","-","50","","",""],["-","-","-","51","","","52","-","53","","54","","-","-","-"],["55","56","57","-","58","","","59","-","60","","","61","62","63"],["64","","","65","","","","","66","","","","","",""],["67","","","","","-","68","","","","-","69","","",""],["70","","","","","-","71","","","","-","72","","",""]],"clues":{"1a":"Altar robes","5a":"\"Wake Me Up Before You Go-Go\" group","9a":"Basic ball game","14a":"Kitty cry","15a":"New York college","16a":"Council Bluffs neighbor","17a":"Silly author?","20a":"Like church music","21a":"\"Dies ___\"","22a":"\"Help!\"","23a":"Traditional Easter fare","25a":"Xenia's state","27a":"Not for the faint of heart","30a":"Senior's nest egg, for short","32a":"Ruined","35a":"Black cuckoo","36a":"Tennis score","38a":"Shell food?","40a":"French director with ESP?","44a":"Ziti or linguine","45a":"Mrs. David Copperfield","46a":"Wind dir.","47a":"Pillages","49a":"Christmas quaff","50a":"Play the lead","51a":"Zola heroine","53a":"Unthinking","55a":"Write (down)","58a":"Peru's capital","60a":"Kind of bread","64a":"Person with a polite message?","67a":"Actor Toomey","68a":"The ___ Reader (eclectic magazine)","69a":"Actress Raines","70a":"Genuflected","71a":"\"Phooey!\"","72a":"Kaiser or Parker House","1d":"Latin 101 verb","2d":"Actress Olin","3d":"Bygone airline","4d":"Helical","5d":"Quixote's opponent","6d":"___ polloi","7d":"Years, to Tiberius","8d":"Computer shortcut","9d":"Acquire by accident","10d":"Rocker's equipment","11d":"___ Ski Valley, N.M.","12d":"Ending for \"ah\"","13d":"Occurs, poetically","18d":"Q.E. 2 setting","19d":"Pearl Harbor site","24d":"Bette Midler's \"A View From a ___\"","26d":"Singer Anita","27d":"John Irving title character","28d":"Barry Lyndon portrayer, 1975","29d":"Detergent brand","31d":"Word on a French postcard","33d":"Pessimist's phrase","34d":"Part of DKNY","37d":"Boo-boo","39d":"Ending with seam or team","41d":"English school","42d":"Instigator","43d":"Unpredictable events","48d":"Use scissors","50d":"Evidence of a fistfight","52d":"It makes le monde go round","54d":"Was impassive","55d":"Yank","56d":"Foreshadowing","57d":"Buster Brown's dog","59d":"Nick and Nora's dog","61d":"Go it alone","62d":"\"___ be a cold day in hell...\"","63d":"Actress Patricia","65d":"Diamond ___","66d":"Explosive stuff"},"answers":{"1a":"ALBS","5a":"WHAM","9a":"CATCH","14a":"MEOW","15a":"IONA","16a":"OMAHA","17a":"ANAISNINCOMPOOP","20a":"SACRED","21a":"IRAE","22a":"SOS","23a":"LAMB","25a":"OHIO","27a":"GORY","30a":"IRA","32a":"UNDID","35a":"ANI","36a":"LOVE","38a":"TACOS","40a":"RENECLAIRVOYANT","44a":"PASTA","45a":"DORA","46a":"NNE","47a":"LOOTS","49a":"NOG","50a":"STAR","51a":"NANA","53a":"RASH","55a":"JOT","58a":"LIMA","60a":"RAISIN","64a":"EMILYPOSTITNOTE","67a":"REGIS","68a":"UTNE","69a":"ELLA","70a":"KNELT","71a":"RATS","72a":"ROLL","1d":"AMAS","2d":"LENA","3d":"BOAC","4d":"SWIRLY","5d":"WINDMILL","6d":"HOI","7d":"ANNI","8d":"MACRO","9d":"COMEINTO","10d":"AMP","11d":"TAOS","12d":"CHOO","13d":"HAPS","18d":"SEA","19d":"OAHU","24d":"BROAD","26d":"ODAY","27d":"GARP","28d":"ONEAL","29d":"RINSO","31d":"AVION","33d":"ICANT","34d":"DONNA","37d":"ERROR","39d":"STER","41d":"ETON","42d":"CATALYST","43d":"VAGARIES","48d":"SNIP","50d":"SHINER","52d":"AMOUR","54d":"SAT","55d":"JERK","56d":"OMEN","57d":"TIGE","59d":"ASTA","61d":"SOLO","62d":"ITLL","63d":"NEAL","65d":"LIL","66d":"TNT"}}