{"numbers":[["1","2","3","4","5","6","7","-","-","8","9","10","11","12","13"],["14","","","","","","","-","15","","","","","",""],["16","","","","","","","-","17","","","","","",""],["18","","","","-","-","19","20","","-","21","","","",""],["22","","","-","23","24","","","","25","-","26","","",""],["27","","","-","28","","","","","","29","-","30","",""],["31","","","32","","","-","33","","","","34","","","-"],["-","-","-","35","","","36","-","37","","","","-","-","-"],["-","38","39","","","","","40","-","41","","","42","43","44"],["45","","","-","46","","","","47","","","-","48","",""],["49","","","50","-","51","","","","","","-","52","",""],["53","","","","54","-","55","","","-","-","56","","",""],["57","","","","","58","","-","59","60","61","","","",""],["62","","","","","","","-","63","","","","","",""],["64","","","","","","-","-","65","","","","","",""]],"clues":{"1a":"Bon mot from Julia Child?","8a":"\"Cotton Candy\" trumpeter","14a":"Literary hero of 1605","15a":"Child's conveyance","16a":"Wild","17a":"George Eliot, e.g.","18a":"Not know from ___","19a":"The Third","21a":"Disputed heights","22a":"Reason for a patch","23a":"Smeary mark","26a":"The outside","27a":"Call ___ day","28a":"Exit","30a":"Want ___","31a":"Aft","33a":"Removes solids from","35a":"Shoemaker","37a":"Aforementioned","38a":"Writer from Hannibal, Mo.","41a":"Seers","45a":"___-la-la","46a":"Porky Pig's sweetheart","48a":"It's measured in minutes","49a":"Possess, in the Bible","51a":"Like Tarzan's friends","52a":"Japanese dance-drama","53a":"Anesthetic","55a":"Ill. zone","56a":"Teen tormentor","57a":"Give a roar of approval?","59a":"Guglielmo, in America","62a":"Chilled desserts","63a":"Encroach","64a":"Started stud: Var.","65a":"More palatable","1d":"Swimming sites","2d":"Opinion offerers","3d":"Sound of rain on a roof","4d":"Student stressor","5d":"Cruise in Hollywood","6d":"Follower: Suffix","7d":"Ennui","8d":"Top-flight","9d":"Over the limit","10d":"Blackman of \"Goldfinger\"","11d":"Type of dressing","12d":"Sends back","13d":"Now people set them","15d":"Taps","20d":"Midmonth date","23d":"Husband one's resources","24d":"\"Valleri\" band, 1968","25d":"The Urals divide it","29d":"Republic of China","32d":"Wind heading","34d":"Wyo. neighbor","36d":"Attracts adroitly","38d":"It might be a mess","39d":"Respond angrily","40d":"Additional answers?","42d":"\"Dear Heart\" composer","43d":"Period starting about 1000 B.C.","44d":"Intriguing person","45d":"Actress Ritter","47d":"Pinhead","50d":"Present, e.g.","54d":"Hill","56d":"Landed","58d":"End of the British Empire?","60d":"Kaye's \"___ Big Girl Now\"","61d":"Bygone vinyl"},"answers":{"1a":"APPETIT","8a":"ALHIRT","14a":"QUIXOTE","15a":"SCOOTER","16a":"UNTAMED","17a":"PENNAME","18a":"ADAM","19a":"III","21a":"GOLAN","22a":"RIP","23a":"SMUDGE","26a":"RIND","27a":"ITA","28a":"COMEOUT","30a":"ADS","31a":"ASTERN","33a":"STRAINS","35a":"NIKE","37a":"SAID","38a":"CLEMENS","41a":"SWAMIS","45a":"TRA","46a":"PETUNIA","48a":"ARC","49a":"HAST","51a":"SIMIAN","52a":"NOH","53a":"ETHER","55a":"CST","56a":"ACNE","57a":"LIONIZE","59a":"WILLIAM","62a":"MOUSSES","63a":"IMPINGE","64a":"ANTEED","65a":"TASTIER","1d":"AQUARIA","2d":"PUNDITS","3d":"PITAPAT","4d":"EXAM","5d":"TOM","6d":"ITE","7d":"TEDIUM","8d":"ACE","9d":"LONG","10d":"HONOR","11d":"ITALIAN","12d":"REMANDS","13d":"TRENDS","15d":"SPIGOTS","20d":"IDES","23d":"SCRIMP","24d":"MONKEES","25d":"EURASIA","29d":"TAIWAN","32d":"ENE","34d":"IDA","36d":"ENTICES","38d":"CRATION","39d":"LASHOUT","40d":"SUMS","42d":"MANCINI","43d":"IRONAGE","44d":"SCHEMER","45d":"THELMA","47d":"NITWIT","50d":"TENSE","54d":"RISE","56d":"ALIT","58d":"ZED","60d":"IMA","61d":"LPS"}}