{"numbers":[["1","2","3","4","-","5","6","7","8","9","-","-","10","11","12"],["13","","","","-","14","","","","","-","15","","",""],["16","","","","17","","","","","","18","","","",""],["19","","","-","20","","","","-","-","21","","","",""],["-","-","-","22","","","","-","23","24","","","","",""],["25","26","27","","","","-","28","","","","","-","-","-"],["29","","","","-","-","30","","","","","-","31","32","33"],["34","","","","35","36","","","","","","37","","",""],["38","","","-","39","","","","","-","-","40","","",""],["-","-","-","41","","","","","-","42","43","","","",""],["44","45","46","","","","","-","47","","","","-","-","-"],["48","","","","","-","-","49","","","","-","50","51","52"],["53","","","","","54","55","","","","","56","","",""],["57","","","","-","58","","","","","-","59","","",""],["60","","","-","-","61","","","","","-","62","","",""]],"clues":{"1a":"Karate blow","5a":"O'Neill specialty","10a":"Suffer consequences","13a":"Coleridge poem","14a":"Tyr, Balder, etc.","15a":"Magic incantation","16a":"Start of quip","19a":"Amigo","20a":"Arp art","21a":"Boxer Griffith","22a":"Hard to corner","23a":"Arrogates","25a":"Strauss opera","28a":"Phylum subdivision","29a":"Botanist's angle","30a":"\"Dangerous Liaisons\" star","31a":"One who stoops to conquer","34a":"Part 2 of the quip","38a":"Isle of ___, England","39a":"\"Werewolf of London\" star, 1935","40a":"Erect","41a":"Tickle","42a":"Restraint","44a":"Curricula vitae","47a":"Startling success","48a":"Pass over","49a":"Factory","50a":"Emblem of sovereignty","53a":"End of the quip","57a":"Sunday wrap","58a":"Delete","59a":"Nonmainstream group","60a":"Spare item","61a":"Clemson player","62a":"What the genouillère protects","1d":"Biker's aid","2d":"Round dance","3d":"Amphitheater","4d":"Darling","5d":"1992 Irons-Binoche film","6d":"Start of a marksman's orders","7d":"One of the Oceanides","8d":"Wire measure","9d":"Path of a pass","10d":"Feast of Lots","11d":"Hock","12d":"Approvals","15d":"Tale-spinning uncle","17d":"Port on the Ijsselmeer","18d":"Time sharer, e.g.","22d":"Big band drummer Cozy ___","23d":"Viva voce","24d":"Bratty talk","25d":"Reasoning","26d":"Oksana Baiul leap","27d":"Roman historian","28d":"Computer knockoff","30d":"Without couth","31d":"Strip","32d":"Time can do it","33d":"Gothic governess","35d":"Loser at El Alamein","36d":"Model binder","37d":"Do LSD","41d":"\"City Without Walls\" poet","42d":"Thunderclap","43d":"Basketball coach Adolph","44d":"Plot again","45d":"Varnish ingredient","46d":"Silent screen slinker","47d":"Portrait on a $10,000 bill","49d":"Unpartnered","50d":"Social reformer Robert","51d":"Camptown activity","52d":"\"PC World\" rival","54d":"Nevertheless","55d":"Title for Nehru","56d":"\"Just ___\""},"answers":{"1a":"CHOP","5a":"DRAMA","10a":"PAY","13a":"LOVE","14a":"AESIR","15a":"RUNE","16a":"IRATEMAILCLERKS","19a":"PAL","20a":"DADA","21a":"EMILE","22a":"CAGY","23a":"ASSUMES","25a":"SALOME","28a":"CLASS","29a":"AXIL","30a":"CLOSE","31a":"SHE","34a":"NEVERGROUSETHEY","38a":"ELY","39a":"OLAND","40a":"REAR","41a":"AMUSE","42a":"BRIDLE","44a":"RESUMES","47a":"COUP","48a":"ELIDE","49a":"SHOP","50a":"ORB","53a":"MERELYSTAMPAWAY","57a":"AMEN","58a":"ERASE","59a":"SECT","60a":"PIN","61a":"TIGER","62a":"KNEE","1d":"CLIP","2d":"HORA","3d":"OVAL","4d":"PET","5d":"DAMAGE","6d":"READY","7d":"ASIA","8d":"MIL","9d":"ARC","10d":"PURIM","11d":"ANKLE","12d":"YESES","15d":"REMUS","17d":"EDAM","18d":"LESSEE","22d":"COLE","23d":"ALOUD","24d":"SASS","25d":"SANE","26d":"AXEL","27d":"LIVY","28d":"CLONE","30d":"CRASS","31d":"SHED","32d":"HEAL","33d":"EYRE","35d":"ROMMEL","36d":"GLUE","37d":"TRIP","41d":"AUDEN","42d":"BOOMER","43d":"RUPP","44d":"REMAP","45d":"ELEMI","46d":"SIREN","47d":"CHASE","49d":"STAG","50d":"OWEN","51d":"RACE","52d":"BYTE","54d":"YET","55d":"SRI","56d":"ASK"}}