{"numbers":[["1","2","3","4","5","6","7","8","-","-","9","10","11","12","-"],["13","","","","","","","","-","14","","","","","15"],["16","","","","","","","","-","17","","","","",""],["18","","","","","","","","-","19","","","","",""],["20","","","-","-","-","21","","22","","","-","23","",""],["24","","","25","26","27","-","-","28","","","29","","",""],["30","","","","","","-","31","","","","","","",""],["-","-","-","32","","","33","","","","","","-","-","-"],["34","35","36","","","","","","-","37","","","38","39","40"],["41","","","","","","","-","-","42","","","","",""],["43","","","-","44","","","45","46","-","-","-","47","",""],["48","","","49","","","-","50","","51","52","53","","",""],["54","","","","","","-","55","","","","","","",""],["56","","","","","","-","57","","","","","","",""],["-","58","","","","-","-","59","","","","","","",""]],"clues":{"1a":"Goldfinger's target","9a":"Chest on the Spanish Main","13a":"Egg order","14a":"Guarantee","16a":"Change of mind","17a":"Source of shoots","18a":"Meadowlands","19a":"Hoddy-doddies","20a":"Crewman","21a":"Ant, in dialect","23a":"Cellular prefix","24a":"Extract","28a":"Sore winner","30a":"Magician's secret place","31a":"Necessitated","32a":"The 8 in V-8","34a":"\"Shh!\"","37a":"Tomato troubles","41a":"Sisyphean","42a":"Opening word","43a":"Address abbr.","44a":"Represent in person","47a":"Little of Scotland","48a":"Yank in the Yucatan","50a":"Props and scenery","54a":"Police presentation","55a":"Put on one's thinking cap","56a":"Means of admittance","57a":"Mean person","58a":"Paris newspaper France-___","59a":"Sidewalk entrepreneurs","1d":"Skips","2d":"In general","3d":"Mental vacation, so to speak","4d":"Clothes hanger","5d":"\"Show Boat\" composer","6d":"Endeavour initials","7d":"River to the Missouri","8d":"Plant circulatory system","9d":"Cutting-edge","10d":"Villa Borghese site","11d":"Like dice","12d":"Attendant","14d":"Election tippers, sometimes","15d":"Presided over","22d":"Care","25d":"Mr. Rhodes of Rhodesia","26d":"Eli, for one","27d":"Shorten","29d":"Surges","31d":"M.D. specialty","33d":"Think tank: Abbr.","34d":"Rob","35d":"Female hormones","36d":"Use X-ray vision","38d":"Rolfing","39d":"Current calculator","40d":"Ushers","45d":"Org. co-founded by Victor Herbert","46d":"Coal burner","49d":"Rodolfo ___, first Mexican astronaut","51d":"Hoary","52d":"Prepare for action","53d":"Library catalogue abbr."},"answers":{"1a":"FORTKNOX","9a":"ARCA","13a":"OVEREASY","14a":"AVOUCH","16a":"REVERSAL","17a":"BAMBOO","18a":"GREENAGE","19a":"SNAILS","20a":"OAR","21a":"EMMET","23a":"CYT","24a":"ELICIT","28a":"INGRATE","30a":"SLEEVE","31a":"ENTAILED","32a":"CYLINDERS","34a":"BESILENT","37a":"EDEMAS","41a":"USELESS","42a":"SESAME","43a":"RTE","44a":"ACTAS","47a":"SMA","48a":"GRINGO","50a":"STAGESET","54a":"LINEUP","55a":"COGITATE","56a":"ENTREE","57a":"AVERAGER","58a":"SOIR","59a":"PEDDLERS","1d":"FORGOES","2d":"OVERALL","3d":"REVERIE","4d":"TREE","5d":"KERN","6d":"NASA","7d":"OSAGE","8d":"XYLEM","9d":"AVANTGARDE","10d":"ROMA","11d":"CUBICAL","12d":"ACOLYTE","14d":"ABSENTEES","15d":"HOSTED","22d":"MIND","25d":"CECIL","26d":"IVYLEAGUER","27d":"TELESCOPE","29d":"RISES","31d":"ENT","33d":"INST","34d":"BURGLE","35d":"ESTRINS","36d":"SEEINTO","38d":"MASSAGE","39d":"AMMETER","40d":"SEATERS","45d":"ASCAP","46d":"STOVE","49d":"NERI","51d":"AGED","52d":"GIRD","53d":"ETAL"}}