{"numbers":[["1","2","3","4","5","-","-","6","7","8","9","10","11","-","-","12","13","14","15","16","17"],["18","","","","","-","-","19","","","","","","20","-","21","","","","",""],["22","","","","","23","24","","","","","","","","-","25","","","","",""],["26","","","","-","27","","","-","28","","","-","29","30","","-","31","","",""],["32","","","-","33","","","-","34","","","-","35","","","","36","","","-","-"],["37","","","-","38","","","39","","","","40","","","","-","41","","","42","43"],["44","","","45","","-","46","","","-","-","47","","","","-","48","","","",""],["-","-","-","49","","50","","","","-","51","","","-","52","53","","-","54","",""],["-","55","56","","","","-","57","","58","","","","59","","","","-","60","",""],["61","","","","","","-","-","62","","","-","63","","","","-","-","64","",""],["65","","","-","66","","67","68","-","69","","70","-","71","","","72","-","73","",""],["74","","","-","-","75","","","76","-","77","","78","-","-","79","","80","","",""],["81","","","-","82","","","","","83","","","","84","-","85","","","","","-"],["86","","","-","87","","","-","88","","","-","89","","90","","","","-","-","-"],["91","","","92","","-","93","94","","","-","-","95","","","-","96","","97","98","99"],["100","","","","","-","101","","","","102","103","","","","104","","-","105","",""],["-","-","106","","","107","","","","-","108","","","-","109","","","-","110","",""],["111","112","","","-","113","","","-","114","","","-","115","","","-","116","","",""],["117","","","","118","","-","119","120","","","","121","","","","122","","","",""],["123","","","","","","-","124","","","","","","","-","-","125","","","",""],["126","","","","","","-","-","127","","","","","","-","-","128","","","",""]],"clues":{"1a":"Rolls","6a":"33-million circulation magazine","12a":"Hannibal of \"The Silence of the Lambs\"","18a":"___-Detoo (\"Star Wars\" android)","19a":"People of great interest","21a":"Lawrence of Arabia portrayer","22a":"Stretch...","25a":"1978 Fosse musical","26a":"Settles","27a":"Outcry","28a":"With 47-Across, star of \"Heartland\"","29a":"Perfect shot","31a":"Causeway","32a":"Ligature","33a":"Dim ___","34a":"Arith. process","35a":"Ian Fleming, e.g.","37a":"High rating","38a":"Lift...","41a":"___ of Christ (the Pope)","44a":"First name in cosmetics","46a":"Stick up","47a":"See 28-Across","48a":"North of Virginia","49a":"Expel","51a":"\"Horrors!\"","52a":"Equality","54a":"S.A. country","55a":"Semisheer fabric","57a":"Jog...","60a":"Six-yr. V.I.P.","61a":"Mitigate","62a":"Old-fashioned learning, in a way","63a":"Dudevant's pen name","64a":"Tyrant Amin","65a":"Renowned toymaker","66a":"Jalopy feature","69a":"Bust","71a":"Showroom model","73a":"Churl","74a":"___ loss","75a":"Quahog","77a":"Acapulco aunt","79a":"Without guile","81a":"Yak","82a":"Ran...","85a":"Certain cycle","86a":"Country music's Diamond ___","87a":"Part of a bray","88a":"Hoover, e.g.","89a":"Memo word","91a":"Conductor Rodzinski","93a":"Kensington Gardens sight","95a":"M-G-M rival, once","96a":"___ Park, Colo.","100a":"Paris tube","101a":"Bend...","105a":"Cookbook phrase","106a":"Boxy, overstuffed sofas","108a":"Punishment metaphorically","109a":"Madrid replies","110a":"Scale notes","111a":"Word agreement","113a":"Admiral Benbow, e.g.","114a":"Kind of bag or sac","115a":"Inclement","116a":"Hankering","117a":"More suggestive","119a":"Punch...","123a":"\"Home to Harlem\" author McKay","124a":"Hat parts","125a":"1970s New York governor","126a":"Aussie tennis coach Harry","127a":"Itty-bitty","128a":"Fools","1d":"Gear for a newborn","2d":"Opposite-of-expected outcomes","3d":"Kind of body","4d":"Peaks","5d":"Spain's Costa del ___","6d":"Color also called \"eureka red\"","7d":"Result of burnout?","8d":"Setoff chapter heading","9d":"Attain fame","10d":"Benchley best-seller with \"The\"","11d":"Roman, for one","12d":"Heavy coat fabric","13d":"Secret-society letter","14d":"Transportation giant","15d":"Jump...","16d":"\"Dream Children\" essayist","17d":"Tear","20d":"Bonnie Blair, e.g.","23d":"\"No way\"","24d":"Every teléfono has one","30d":"Southern bread","33d":"Terry Bradshaw, notably","34d":"One with obligations","35d":"Calls up","36d":"Procter &amp; Gamble brand","39d":"Calhoun of \"The Texan\"","40d":"Dating stars, perhaps","42d":"Black and tan","43d":"Undo a breach","45d":"Make a long story short","50d":"Fudgelike candy","51d":"Corrigendum","53d":"Philly suburb","55d":"François-Marie Arouet","56d":"Twist...","58d":"Samovar","59d":"Unbalanced","61d":"New York's ___ Building","67d":"Puts off deciding about","68d":"Start of an Atlantic City name","70d":"Show ___","72d":"They express views","76d":"Household heads","78d":"Blue, poetically","80d":"Tolkein's forest giants","82d":"Afghan","83d":"Showed up","84d":"Bothers","90d":"Attacks","92d":"Pitchblende ingredient","94d":"Singer Milsap","97d":"Ill-tempered ones","98d":"Chosen one","99d":"Walks self-importantly","102d":"___ Park, Baltimore","103d":"Greg of golf","104d":"Assistance provider","107d":"Lorelei, e.g.","111d":"Mischievous","112d":"St.-___, France","114d":"Port seized by the Crusaders, 1191","115d":"Not free","116d":"Actress Kaminska et al.","118d":"Author LeShan","120d":"A Turner","121d":"Letter ender, for short","122d":"45 r.p.m. introducer"},"answers":{"1a":"LISTS","6a":"PARADE","12a":"LECTER","18a":"ARTOO","19a":"USURERS","21a":"OTOOLE","22a":"YOURLUNCHBREAK","25a":"DANCIN","26a":"ENDS","27a":"HUE","28a":"RIP","29a":"ACE","31a":"ROAD","32a":"TIE","33a":"SUM","34a":"DIV","35a":"ETONIAN","37a":"TEN","38a":"THERECEIVER","41a":"VICAR","44a":"ESTEE","46a":"ROB","47a":"TORN","48a":"OLLIE","49a":"DEPORT","51a":"EEK","52a":"PAR","54a":"URU","55a":"VOILE","57a":"YOURMEMORY","60a":"SEN","61a":"SOFTEN","62a":"RRR","63a":"SAND","64a":"IDI","65a":"ELF","66a":"RUST","69a":"NAB","71a":"DEMO","73a":"OAF","74a":"ATA","75a":"CLAM","77a":"TIA","79a":"OPENLY","81a":"GAB","82a":"THEJACUZZI","85a":"RINSE","86a":"RIO","87a":"HEE","88a":"DAM","89a":"URGENT","91a":"ARTUR","93a":"PRAM","95a":"RKO","96a":"ESTES","100a":"METRO","101a":"SOMEONESEAR","105a":"ALA","106a":"LAWSONS","108a":"ROD","109a":"SIS","110a":"RES","111a":"AMEN","113a":"INN","114a":"AIR","115a":"BAD","116a":"ITCH","117a":"RACIER","119a":"INCOMPUTERDATA","123a":"CLAUDE","124a":"EARLAPS","125a":"CAREY","126a":"HOPMAN","127a":"TEENSY","128a":"ASSES","1d":"LAYETTE","2d":"IRONIES","3d":"STUDENT","4d":"TORS","5d":"SOL","6d":"PUCE","7d":"ASH","8d":"RUBRIC","9d":"ARRIVE","10d":"DEEP","11d":"ERA","12d":"LODEN","13d":"ETA","14d":"CONRAIL","15d":"TOCONCLUSIONS","16d":"ELIA","17d":"REND","20d":"SKATER","23d":"UHUH","24d":"NUMERO","30d":"CORNPONE","33d":"STEELER","34d":"DEBTOR","35d":"EVOKES","36d":"IVORY","39d":"RORY","40d":"ITEM","42d":"AIREDALE","43d":"REUNIFY","45d":"EDIT","50d":"PENUCHE","51d":"ERRATUM","53d":"ARDMORE","55d":"VOLTAIRE","56d":"OFFABOTTLECAP","58d":"URN","59d":"MAD","61d":"SEAGRAM","67d":"SLEEPSON","68d":"TAJ","70d":"BIZ","72d":"OPINERS","76d":"MADAMS","78d":"AZURED","80d":"ENTS","82d":"THROW","83d":"CAME","84d":"IRKS","90d":"GOESAT","92d":"URANIUM","94d":"RONNIE","97d":"TARTARS","98d":"ELECTEE","99d":"SASHAYS","102d":"ORIOLE","103d":"NORMAN","104d":"AIDE","107d":"SIREN","111d":"ARCH","112d":"MALO","114d":"ACRE","115d":"BUSY","116d":"IDAS","118d":"EDA","120d":"NAT","121d":"PPS","122d":"RCA"}}