{"numbers":[["1","2","3","4","-","5","6","7","8","-","9","10","11","12","13"],["14","","","","-","15","","","","-","16","","","",""],["17","","","","18","","","","","-","19","","","",""],["20","","","","","","","","-","21","","","","",""],["-","22","","","","-","-","-","23","","","-","-","-","-"],["-","-","-","-","24","25","26","27","","","-","28","29","30","31"],["32","33","34","-","35","","","","","-","36","","","",""],["37","","","38","","","","","","39","","","","",""],["40","","","","","-","41","","","","","-","42","",""],["43","","","","-","44","","","","","","-","-","-","-"],["-","-","-","-","45","","","-","-","-","46","47","48","49","-"],["50","51","52","53","","","-","54","55","56","","","","","57"],["58","","","","","-","59","","","","","","","",""],["60","","","","","-","61","","","","-","62","","",""],["63","","","","","-","64","","","","-","65","","",""]],"clues":{"1a":"Movie-spinoff TV series","5a":"\"Arms and the Man\" playwright","9a":"Little Goody Two-___","14a":"Director Preminger","15a":"Video","16a":"Blood vessel","17a":"With 37 Across, and 59 Across, a familiar finale","19a":"With 58 Across, where to read 17 Across, etc.","20a":"Whooped","21a":"Combines","22a":"Appear","23a":"Sailor","24a":"Kind of ball","28a":"Naughty child's Christmas gift","32a":"Baden-Baden, e.g.","35a":"English scarf","36a":"Israeli native","37a":"See 17 Across","40a":"Boxing site","41a":"\"___ say more?\"","42a":"Morse code message","43a":"Marsh growth","44a":"Much more expensive","45a":"Had been","46a":"Impressed deeply","50a":"Did a con job on","54a":"Mollified","58a":"See 19 Across","59a":"See 17 Across","60a":"Askew","61a":"French statesman Coty","62a":"Ripped","63a":"Rain gear","64a":"Bohemian","65a":"Raced","1d":"Hole maker","2d":"One of the Three Musketeers","3d":"Inscribed pillar","4d":"According to ___","5d":"Agitate","6d":"\"___ a nice day!\"","7d":"Copied","8d":"Tie the knot","9d":"More secure","10d":"Kind of frost","11d":"Not secondhand: Abbr.","12d":"To be, in Paris","13d":"Pronounces","18d":"Logician's propositions","21d":"Hopping ___","23d":"Utmost extent","25d":"Fire residue","26d":"Play parts","27d":"Where Inchon is","28d":"Toy gun \"ammo\"","29d":"Sashes","30d":"Mr. Guthrie","31d":"Emulates hens","32d":"Twinkler","33d":"Skin opening","34d":"Author James","36d":"Meadowsweet","38d":"Pass receiver","39d":"Summer drink","44d":"\"Dear old ___\"","45d":"Bridge seats","47d":"Gentle breezes","48d":"Legally prevent","49d":"Moline, Ill., company","50d":"Penetrate","51d":"Pact since 1949","52d":"Mishmash","53d":"Whipping reminder","54d":"Insist","55d":"Confined, with \"up\"","56d":"Birds of ___","57d":"___ Scott Decision, 1857","59d":"Pitcher's stat"},"answers":{"1a":"MASH","5a":"SHAW","9a":"SHOES","14a":"OTTO","15a":"TAPE","16a":"AORTA","17a":"THEYLIVED","19a":"FAIRY","20a":"HOLLERED","21a":"MERGES","22a":"SEEM","23a":"TAR","24a":"MASKED","28a":"COAL","32a":"SPA","35a":"ASCOT","36a":"SABRA","37a":"TOGETHERHAPPILY","40a":"ARENA","41a":"NEEDI","42a":"SOS","43a":"REED","44a":"DEARER","45a":"WAS","46a":"AWED","50a":"SNOWED","54a":"APPEASED","58a":"TALES","59a":"EVERAFTER","60a":"ATILT","61a":"RENE","62a":"TORE","63a":"BOOTS","64a":"ARTY","65a":"SPED","1d":"MOTH","2d":"ATHOS","3d":"STELE","4d":"HOYLE","5d":"STIR","6d":"HAVE","7d":"APED","8d":"WED","9d":"SAFER","10d":"HOAR","11d":"ORIG","12d":"ETRE","13d":"SAYS","18d":"LEMMATA","21d":"MAD","23d":"TETHER","25d":"ASH","26d":"SCENES","27d":"KOREA","28d":"CAP","29d":"OBIS","30d":"ARLO","31d":"LAYS","32d":"STAR","33d":"PORE","34d":"AGEE","36d":"SPIRAEA","38d":"END","39d":"ADE","44d":"DAD","45d":"WESTS","47d":"WAFTS","48d":"ESTOP","49d":"DEERE","50d":"STAB","51d":"NATO","52d":"OLIO","53d":"WELT","54d":"AVER","55d":"PENT","56d":"PREY","57d":"DRED","59d":"ERA"}}