{"numbers":[["1","2","3","4","-","5","6","7","8","9","-","10","11","12","13"],["14","","","","-","15","","","","","-","16","","",""],["17","","","","18","","","","","","-","19","","",""],["20","","","","","","","","-","21","22","","","",""],["-","-","-","23","","","","-","24","","","","-","-","-"],["25","26","27","","","","-","28","","","","","29","30","31"],["32","","","","-","-","33","","","","","-","34","",""],["35","","","","36","37","","","","","","38","","",""],["39","","","-","40","","","","","-","-","41","","",""],["42","","","43","","","","","-","44","45","","","",""],["-","-","-","46","","","","-","47","","","","-","-","-"],["48","49","50","","","","-","51","","","","","52","53","54"],["55","","","","-","56","57","","","","","","","",""],["58","","","","-","59","","","","","-","60","","",""],["61","","","","-","62","","","","","-","63","","",""]],"clues":{"1a":"\"Confound it!\"","5a":"Jimmy of \"NYPD Blue\"","10a":"Words of understanding","14a":"Bide-___","15a":"___ dish","16a":"Look furtively","17a":"Start of a riddle","19a":"Ineffectual","20a":"\"Thank you\" response","21a":"Amatory","23a":"Sports stat","24a":"___ Penh","25a":"Baghdad bigwig","28a":"Needing psychiatric help","32a":"Arabic \"A\"","33a":"County, in England","34a":"Cole Porter was one","35a":"End of the riddle","39a":"Shoshonean","40a":"Texas tourist draw","41a":"Play part, in Paris","42a":"Shell hunter's terrain","44a":"1986 hit \"___ Love\"","46a":"Mystery element","47a":"\"Death in Venice\" author","48a":"Middy, e.g.","51a":"Star presenter?","55a":"Hi-Ho competitor","56a":"Riddle answer","58a":"Abdul-___ (first Saudi king)","59a":"Shakespearean misanthrope","60a":"Netman Nastase","61a":"\"Can do!\"","62a":"Collar types","63a":"Staff sign","1d":"Singing duo of TV","2d":"What Horton heard","3d":"Marvy","4d":"Slangy putdown","5d":"Kerplunk","6d":"Whimpers","7d":"Type type: Abbr.","8d":"Essay","9d":"\"Yes, ma'am,\" in Madrid","10d":"Composure","11d":"Pressure","12d":"Sort of, for starters","13d":"Notorious price controllers","18d":"On","22d":"City on the Seine","24d":"First-class","25d":"Writer born in Algeria","26d":"Winged","27d":"Out ___ light","28d":"Stew seasoning","29d":"Parasite","30d":"Gladden","31d":"Eatery","33d":"Bag","36d":"Comedian Mort and kin","37d":"French children's song","38d":"Kind of storm","43d":"Wretched","44d":"Sanctuaries","45d":"___ for the money","47d":"Dieter's breakfast","48d":"Scottish hillside","49d":"Judy's girl","50d":"Mayberry tippler","51d":"San ___, Italy","52d":"Word of hesitation","53d":"1813 naval battle site","54d":"Marine hazard","57d":"Conked"},"answers":{"1a":"DANG","5a":"SMITS","10a":"AHSO","14a":"AWEE","15a":"PETRI","16a":"PEEP","17a":"WHATALWAYS","19a":"LAME","20a":"NOTATALL","21a":"EROTIC","23a":"LOSS","24a":"PNOM","25a":"CALIPH","28a":"TROUBLED","32a":"ALIF","33a":"SHIRE","34a":"ELI","35a":"MAKESANYMANMEAN","39a":"UTE","40a":"ALAMO","41a":"ACTE","42a":"SEASHORE","44a":"HIGHER","46a":"CLUE","47a":"MANN","48a":"BLOUSE","51a":"REVIEWER","55a":"RITZ","56a":"THELETTERE","58a":"AZIZ","59a":"TIMON","60a":"ILIE","61a":"EASY","62a":"ETONS","63a":"CLEF","1d":"DAWN","2d":"AWHO","3d":"NEAT","4d":"GETALIFE","5d":"SPLASH","6d":"MEWLS","7d":"ITAL","8d":"TRY","9d":"SISENORA","10d":"APLOMB","11d":"HEAT","12d":"SEMI","13d":"OPEC","18d":"ATOP","22d":"ROUEN","24d":"PRIMO","25d":"CAMUS","26d":"ALATE","27d":"LIKEA","28d":"THYME","29d":"LEECH","30d":"ELATE","31d":"DINER","33d":"SNARE","36d":"SAHLS","37d":"ALOUETTE","38d":"MAGNETIC","43d":"SCUZZY","44d":"HAVENS","45d":"INIT","47d":"MELON","48d":"BRAE","49d":"LIZA","50d":"OTIS","51d":"REMO","52d":"WELL","53d":"ERIE","54d":"REEF","57d":"HIT"}}