{"numbers":[["1","2","3","4","-","5","6","7","8","9","-","10","11","12","13"],["14","","","","-","15","","","","","-","16","","",""],["17","","","","-","18","","","","","-","19","","",""],["-","20","","","21","","","","","","22","","","",""],["-","-","-","-","23","","","-","-","24","","","-","-","-"],["25","26","27","28","","","","29","30","","","-","31","32","33"],["34","","","","","","-","35","","","-","36","","",""],["37","","","","","-","38","","","-","39","","","",""],["40","","","","-","41","","","-","42","","","","",""],["43","","","-","44","","","","45","","","","","",""],["-","-","-","46","","","-","-","47","","","-","-","-","-"],["48","49","50","","","","51","52","","","","53","54","55","-"],["56","","","","-","57","","","","","-","58","","","59"],["60","","","","-","61","","","","","-","62","","",""],["63","","","","-","64","","","","","-","65","","",""]],"clues":{"1a":"1975 Spielberg hit","5a":"Red Bordeaux","10a":"Charades or shuffleboard","14a":"Director Kazan","15a":"Texas landmark","16a":"White House office shape","17a":"Former German capital","18a":"Hims","19a":"Word after kaiser or jelly","20a":"Eagle","23a":"Golfer Woosnam","24a":"\"These ___ the times...\"","25a":"Birdie","31a":"Race part","34a":"Indian boats","35a":"Noah's boat","36a":"Type size","37a":"Changes text","38a":"Cather's \"___ of Ours\"","39a":"Complement of dwarfs","40a":"Veil fabrics","41a":"Fuss","42a":"Baffling questions","43a":"S.F.-to-L.A. dir.","44a":"Par","46a":"Iranian holy city","47a":"Coach Parseghian","48a":"Bogey","56a":"Final notice","57a":"Composer Satie et al.","58a":"Start for hygiene or Roberts","60a":"Utah ski resort","61a":"Veil material","62a":"Palestinian area","63a":"Lascivious look","64a":"Prancing horse","65a":"\"Jeopardy!\" emcee Trebek","1d":"Confederate general Stuart","2d":"Baseball's Jesus","3d":"Comes in first","4d":"Yemen's capital","5d":"Whales and wombats","6d":"Comedienne Boosler","7d":"Spanish Surrealist","8d":"Foreboding","9d":"Steppes horseman","10d":"Eat gluttonously","11d":"Stratford's river","12d":"Saharan nation","13d":"Fitzgerald of scat","21d":"Ceremonies","22d":"Annoy","25d":"Public spat","26d":"Pluto's realm","27d":"Bring together","28d":"Preschoolers","29d":"Copier company","30d":"Miner's quest","31d":"Dish served with onions","32d":"Like unripe fruit","33d":"Heart's-ease","36d":"Mexican money","38d":"\"___ to the West Wind\"","39d":"Davenports","41d":"Ornamental bands","42d":"Put into words","44d":"Small pocket","45d":"Goose sound","46d":"Persian Gulf land","48d":"Fuel for old locomotives","49d":"Skilled","50d":"Location","51d":"Fall into ___","52d":"Cairo's site","53d":"Attire for Antony","54d":"Inland Asian sea","55d":"Destroy","59d":"Careless"},"answers":{"1a":"JAWS","5a":"MEDOC","10a":"GAME","14a":"ELIA","15a":"ALAMO","16a":"OVAL","17a":"BONN","18a":"MALES","19a":"ROLL","20a":"USARMYINSIGNIA","23a":"IAN","24a":"ARE","25a":"SHUTTLECOCK","31a":"LAP","34a":"CANOES","35a":"ARK","36a":"PICA","37a":"EDITS","38a":"ONE","39a":"SEVEN","40a":"NETS","41a":"ADO","42a":"POSERS","43a":"ESE","44a":"FRENCHFORBY","46a":"QOM","47a":"ARA","48a":"CASABLANCASTAR","56a":"OBIT","57a":"ERIKS","58a":"ORAL","60a":"ALTA","61a":"TULLE","62a":"GAZA","63a":"LEER","64a":"STEED","65a":"ALEX","1d":"JEB","2d":"ALOU","3d":"WINS","4d":"SANA","5d":"MAMMALS","6d":"ELAYNE","7d":"DALI","8d":"OMEN","9d":"COSSACK","10d":"GORGE","11d":"AVON","12d":"MALI","13d":"ELLA","21d":"RITES","22d":"IRK","25d":"SCENE","26d":"HADES","27d":"UNITE","28d":"TOTS","29d":"CANON","30d":"ORE","31d":"LIVER","32d":"ACERB","33d":"PANSY","36d":"PESO","38d":"ODE","39d":"SOFAS","41d":"ARMLETS","42d":"PHRASED","44d":"FOB","45d":"CACKLE","46d":"QATAR","48d":"COAL","49d":"ABLE","50d":"SITE","51d":"ARUT","52d":"NILE","53d":"TOGA","54d":"ARAL","55d":"RAZE","59d":"LAX"}}