{"numbers":[["1","2","3","4","-","-","5","6","7","8","9","10","11","12","13"],["14","","","","15","-","16","","","","","","","",""],["17","","","","","-","18","","","","","","","",""],["19","","","","","20","","","","","","-","21","",""],["22","","","","","","-","-","-","23","","24","","",""],["25","","","-","26","","27","-","28","","","","","","-"],["29","","","30","","-","31","32","","","","","-","-","-"],["33","","","","-","34","","","","","-","35","36","37","38"],["-","-","-","39","40","","","","","-","41","","","",""],["-","42","43","","","","","-","44","45","","-","46","",""],["47","","","","","","-","-","-","48","","49","","",""],["50","","","-","51","","52","53","54","","","","","",""],["55","","","56","","","","","","-","57","","","",""],["58","","","","","","","","","-","59","","","",""],["60","","","","","","","","","-","-","61","","",""]],"clues":{"1a":"Kid ___ (Nickelodeon programs)","5a":"Empty shells","14a":"Constellation near Perseus","16a":"Present","17a":"Ballet subtitled \"The Courting at Burnt Ranch\"","18a":"Discards","19a":"Concisely","21a":"___ stroke (immediately)","22a":"Something to settle","23a":"Commodity price","25a":"Sci. of flora","26a":"Ariz. neighbor","28a":"Disqualify (oneself)","29a":"Actress Rainer","31a":"Architectural drawings","33a":"Delineate","34a":"Olive ___","35a":"Letter opener","39a":"Lord Jim portrayer","41a":"Inflictive","42a":"One of the three estates","44a":"Post office motto word","46a":"Sundial hour","47a":"Mount also called Agri Dagi","48a":"Plain as day","50a":"Tent type","51a":"Abolished","55a":"Brand name on a medicine shelf","57a":"Clemenceau's moniker, with \"le\"","58a":"Greediness","59a":"Scrutinizer","60a":"\"By all means!\"","61a":"Ecclesiastical offices","1d":"Something not to be relied on","2d":"Resolves","3d":"Preachy","4d":"\"___ evil...\"","5d":"Gram. case","6d":"Foot part","7d":"Bien-___ (well-being): Fr.","8d":"Farm equipment manufacturer William","9d":"Put back","10d":"Show the way, briefly","11d":"Communicates","12d":"Just right","13d":"Parade honoree, for short","15d":"Informant","20d":"Cause of a restaurant stir?","24d":"Ballet ___","27d":"Composer Anderson","28d":"Modernismo poet ___ Dario","30d":"Blacksmith","32d":"Alter ego","34d":"Ready to drop","36d":"Hoodwink","37d":"\"___ County\" (Liz Taylor movie)","38d":"Glissades","40d":"Price offsetter","41d":"Beseech","42d":"Vacation of a sort","43d":"Slip-up","45d":"W.W. II agcy.","47d":"Marquand title character","49d":"Shoots","52d":"Wine's companion","53d":"Clear finish","54d":"Tobacco, slangily","56d":"Prefix in many chemical names"},"answers":{"1a":"VIDS","5a":"PIECRUSTS","14a":"ARIES","16a":"ONTHESPOT","17a":"RODEO","18a":"SCRAPHEAP","19a":"INANUTSHELL","21a":"ATA","22a":"ASCORE","23a":"MARKET","25a":"BOT","26a":"CAL","28a":"RECUSE","29a":"LUISE","31a":"EPURES","33a":"ETCH","34a":"DRABS","35a":"SIRS","39a":"OTOOLE","41a":"PENAL","42a":"CLERGY","44a":"NOR","46a":"VII","47a":"ARARAT","48a":"PATENT","50a":"PUP","51a":"DIDAWAYWITH","55a":"LISTERINE","57a":"TIGRE","58a":"ESURIENCE","59a":"OGLER","60a":"YESINDEED","61a":"SEES","1d":"VARIABLE","2d":"IRONSOUT","3d":"DIDACTIC","4d":"SEENO","5d":"POSS","6d":"INCH","7d":"ETRE","8d":"CHALMERS","9d":"REPLACE","10d":"USH","11d":"SPEAKS","12d":"TOATEE","13d":"STPAT","15d":"SOURCE","20d":"TEA","24d":"RUSSE","27d":"LEROY","28d":"RUBEN","30d":"SHOER","32d":"PAL","34d":"DOGTIRED","36d":"INVEIGLE","37d":"RAINTREE","38d":"SLITHERS","40d":"TRADEIN","41d":"PRAYTO","42d":"CRUISE","43d":"LAPSUS","45d":"OPA","47d":"APLEY","49d":"TWIGS","52d":"DINE","53d":"ANCE","54d":"WEED","56d":"TRI"}}