{"numbers":[["-","1","2","3","4","5","6","7","8","-","9","10","11","12","13"],["14","","","","","","","","","-","15","","","",""],["16","","","","","","","","","-","17","","","",""],["18","","","","","-","19","","","20","-","21","","",""],["22","","","","-","23","","","","","24","-","25","",""],["26","","","-","27","","","","","","","28","","",""],["-","-","-","29","","","","","-","-","30","","","",""],["31","32","33","","","","","-","34","35","","","","",""],["36","","","","","-","-","37","","","","","-","-","-"],["38","","","","","39","40","","","","","-","41","42","43"],["44","","","-","45","","","","","","-","46","","",""],["47","","","48","-","49","","","","-","50","","","",""],["51","","","","52","-","53","","","54","","","","",""],["55","","","","","-","56","","","","","","","",""],["57","","","","","-","58","","","","","","","","-"]],"clues":{"1a":"Break it up","9a":"Made a new ditch","14a":"1989 James Michener novel","15a":"Bridge bid, informally","16a":"Symbols of happiness","17a":"Explanation preceder","18a":"Depleted","19a":"Book or symphony","21a":"Nabisco cookie","22a":"Comedienne Rudner","23a":"Scrubs","25a":"Score: Abbr.","26a":"Draft inits.","27a":"Standardized lingo","29a":"d, in England","30a":"Primitive painter Ralph","31a":"Papal diplomats","34a":"Sent a card, perhaps","36a":"Made ___ in (progressed slowly)","37a":"D-Day beach","38a":"Whiskers style","41a":"Singer Scaggs","44a":"Laptops, e.g.","45a":"Recovery clinics","46a":"Face","47a":"Some encouragement","49a":"\"Taxi\" role","50a":"Related to the kidney","51a":"Relatives of the crumhorn","53a":"Employed, musically speaking","55a":"More conniving","56a":"Ninja turtle's cry","57a":"Numerical prefix","58a":"Plane now in the Smithsonian","1d":"Pheasant ragouts","2d":"Goes off","3d":"Vatican tourist attraction","4d":"Dear one","5d":"Baseball stat.","6d":"Jane Fonda activity","7d":"Kermit, once?","8d":"Guarantee","9d":"Louis XV, e.g.","10d":"Prefix with scope or skeleton","11d":"Norman Mailer novel, with \"The\"","12d":"Shake up","13d":"Deteriorate","14d":"\"Good buddies\"","20d":"Ave., in Aachen","23d":"Superb","24d":"Valkyries' props","27d":"Risk taker","28d":"Shore","29d":"Dog's breath","31d":"Part of a proverbially silent trio","32d":"Having a willing mind","33d":"Begins work","34d":"Danny Kaye musical about Noah's ark","35d":"Brewery supplies","37d":"Airport near Limerick","39d":"Safety prop","40d":"High-grade","41d":"Split component","42d":"Like ocher","43d":"Dobie Gillis's girlfriend","46d":"Clear of problems","48d":"Prophet","50d":"1988 country album","52d":"Madrid Mrs.","54d":"Jazz altoist McIntyre"},"answers":{"1a":"SEPARATE","9a":"REDUG","14a":"CARIBBEAN","15a":"ONENO","16a":"BLUEBIRDS","17a":"IDEST","18a":"EMPTY","19a":"OPUS","21a":"OREO","22a":"RITA","23a":"ABORTS","25a":"PTS","26a":"SSS","27a":"BOILERPLATE","29a":"PENCE","30a":"EARLE","31a":"LEGATES","34a":"THANKED","36a":"ADENT","37a":"SWORD","38a":"MUTTONCHOPS","41a":"BOZ","44a":"PCS","45a":"REHABS","46a":"DARE","47a":"PATS","49a":"TONY","50a":"RENAL","51a":"OBOES","53a":"INTHEBAND","55a":"SLIER","56a":"COWABUNGA","57a":"TETRA","58a":"ENOLAGAY","1d":"SALMIS","2d":"ERUPTS","3d":"PIETA","4d":"ABBY","5d":"RBI","6d":"AEROBICS","7d":"TADPOLE","8d":"ENSURE","9d":"ROI","10d":"ENDO","11d":"DEERPARK","12d":"UNSETTLE","13d":"GOTOSEED","14d":"CBERS","20d":"STR","23d":"AONE","24d":"SPEARS","27d":"BETTOR","28d":"LAND","29d":"PANT","31d":"LAMPPOST","32d":"EDUCABLE","33d":"GETSTOIT","34d":"TWOBYTWO","35d":"HOPS","37d":"SHANNON","39d":"NET","40d":"CHOICE","41d":"BANANA","42d":"ORANGY","43d":"ZELDA","46d":"DEBUG","48d":"SEER","50d":"REBA","52d":"SRA","54d":"HAL"}}