{"numbers":[["1","2","3","4","-","5","6","7","8","-","9","10","11","12","13"],["14","","","","-","15","","","","-","16","","","",""],["17","","","","-","18","","","","19","","","","",""],["20","","","","21","","","-","-","22","","","","",""],["-","-","-","23","","","-","24","25","","","","-","-","-"],["-","26","27","","","","28","","","","","-","29","30","31"],["32","","","","","-","33","","","","-","34","","",""],["35","","","","","-","36","","","-","37","","","",""],["38","","","","-","39","","","","-","40","","","",""],["41","","","-","42","","","","","43","","","","","-"],["-","-","-","44","","","","","-","45","","","-","-","-"],["46","47","48","","","","-","-","49","","","","50","51","52"],["53","","","","","","54","55","","","-","56","","",""],["57","","","","","-","58","","","","-","59","","",""],["60","","","","","-","61","","","","-","62","","",""]],"clues":{"1a":"Cartel since 1960","5a":"___ cry","9a":"Smooth, in a way","14a":"Cult film \"___ Man\"","15a":"At-home cover-up","16a":"In a separate place","17a":"___ Rabbit","18a":"Source of 24 Down","20a":"Young teacher of 24 Down","22a":"Draws nigh","23a":"Onetime Egyptian inits.","24a":"Out of shape","26a":"She has the last word in 24 Down","29a":"___ session","32a":"Novel subtitled \"A Peep at Polynesian Life\"","33a":"Rochester's Jane","34a":"Alien prefix","35a":"___ case","36a":"Chi-town clock setting: Abbr.","37a":"Acrylic fiber","38a":"Drink with a straw","39a":"Payment means","40a":"Trips to the fridge","41a":"Unenthusiastic responses","42a":"Author of 24 Down","44a":"Makes a fillet","45a":"1 point Scrabble tiles","46a":"Fuel in a can","49a":"Husband and protagonist of 24 Down","53a":"Dreamy denizen of 18 Across","56a":"\"Do I ___!\"","57a":"Hersey's bell town","58a":"The grape","59a":"Punish severely","60a":"Physics particle","61a":"Alan of \"The Glass Key\"","62a":"Obtuse","1d":"Eyes","2d":"Vivacious","3d":"Olympic event","4d":"Plump","5d":"Thoroughfare","6d":"Warm, dry Alpine wind","7d":"Humorist Burrows","8d":"___ Speedwagon","9d":"Heathen, once","10d":"Money in the bank","11d":"Embassy paper","12d":"River to the Fulda","13d":"Old Algerian titles","19d":"Willem of \"Platoon\"","21d":"Malcolm X biographer","24d":"Chronicle of Dublin on June 16, 1904","25d":"Ollie and kin","26d":"Speech mimicker","27d":"Crown jewels","28d":"Flattered","29d":"Thing of the past","30d":"Rayovac terminal","31d":"Soprano Lily","32d":"Fourth dimension","34d":"Offering in a comic book ad","37d":"Penobscot River town","39d":"Camp craft","42d":"\"The Alchemist\" dramatist","43d":"Razzed","44d":"Cinderella's dog, in Disney","46d":"Thick slice","47d":"Row","48d":"Greek vowels","49d":"Help a borrower","50d":"Flattened circle","51d":"Late-night host","52d":"Pulled","54d":"Hole punch","55d":"Aunt, in Avila"},"answers":{"1a":"OPEC","5a":"AFAR","9a":"PAVED","14a":"REPO","15a":"ROBE","16a":"ASIDE","17a":"BRER","18a":"THEODYSSEY","20a":"STEPHEN","22a":"ANEARS","23a":"UAR","24a":"UNFIT","26a":"MOLLYBLOOM","29a":"RAP","32a":"TYPEE","33a":"EYRE","34a":"XENO","35a":"INANY","36a":"CST","37a":"ORLON","38a":"MALT","39a":"CASH","40a":"RAIDS","41a":"EHS","42a":"JAMESJOYCE","44a":"BONES","45a":"ENS","46a":"STERNO","49a":"LEOPOLD","53a":"LOTUSEATER","56a":"EVER","57a":"ADANO","58a":"WINE","59a":"CANE","60a":"BOSON","61a":"LADD","62a":"SLOW","1d":"ORBS","2d":"PERT","3d":"EPEE","4d":"CORPULENT","5d":"ARTERY","6d":"FOHN","7d":"ABE","8d":"REO","9d":"PAYNIM","10d":"ASSET","11d":"VISA","12d":"EDER","13d":"DEYS","19d":"DAFOE","21d":"HALEY","24d":"ULYSSES","25d":"NORTHS","26d":"MYNAH","27d":"OPALS","28d":"BECAME","29d":"RELIC","30d":"ANODE","31d":"PONS","32d":"TIME","34d":"XRAYSPECS","37d":"ORONO","39d":"CANOE","42d":"JONSON","43d":"JEERED","44d":"BRUNO","46d":"SLAB","47d":"TODO","48d":"ETAS","49d":"LEND","50d":"OVAL","51d":"LENO","52d":"DREW","54d":"AWL","55d":"TIA"}}