{"numbers":[["1","2","3","4","-","-","5","6","7","-","-","8","9","10","11","-","12","13","14","15","16"],["17","","","","18","-","19","","","20","-","21","","","","-","22","","","",""],["23","","","","","24","","","","","25","","","","","-","26","","","",""],["27","","","","","","","-","28","","","","-","29","","30","","-","31","",""],["32","","","-","33","","","-","34","","","","-","35","","","-","-","36","",""],["37","","","38","-","39","","40","","","","","41","","-","42","43","44","","",""],["-","-","-","45","46","","","","-","-","47","","","","-","48","","","","-","-"],["49","50","51","","","","-","52","53","54","-","-","55","","56","-","57","","","58","59"],["60","","","","","","61","-","62","","63","64","","-","65","66","","","","",""],["67","","","","","-","68","69","","","","","-","70","","","","","","",""],["71","","","-","-","72","","","","","","","73","","","","-","-","74","",""],["75","","","76","77","","","","-","78","","","","","","-","79","80","","",""],["81","","","","","","","-","82","","","","","-","83","84","","","","",""],["85","","","","","-","86","87","","-","-","88","","89","-","90","","","","",""],["-","-","91","","","92","-","93","","94","95","-","-","96","97","","","","-","-","-"],["98","99","","","","","-","100","","","","101","102","","","","-","103","104","105","106"],["107","","","-","-","108","109","","-","110","","","","-","111","","112","-","113","",""],["114","","","-","115","","","","-","116","","","","-","117","","","118","","",""],["119","","","120","","-","121","","122","","","","","123","","","","","","",""],["124","","","","","-","125","","","","-","126","","","","-","127","","","",""],["128","","","","","-","129","","","","-","-","130","","","-","-","131","","",""]],"clues":{"1a":"Relative of \"oy\"","5a":"Early poet laureate Henry","8a":"Mine vapor","12a":"A lot","17a":"Pitcher's stat","19a":"King Duncan's resting place","21a":"Mixed bag","22a":"\"My Fair Lady\" locale","23a":"The press","26a":"Animal track","27a":"Attempt to escape","28a":"\"Beetle Bailey\" dog","29a":"Fill in (for)","31a":"___ supra (where mentioned above)","32a":"Singer Stevens","33a":"Reuben's base","34a":"\"Billy ___\" (Keith Waterhouse satire)","35a":"Bar into?","36a":"Pathetic","37a":"Undershirts","39a":"Coffee additive","42a":"Words before cuff or record","45a":"Speak in a high voice","47a":"\"Woe ___\"","48a":"Supermarket department","49a":"Traveled with the Tlingit","52a":"Postal service, once: Abbr.","55a":"\"___ was saying...\"","57a":"Be silent, in music","60a":"Defenseless","62a":"Durable wood","65a":"Quell, as rioters","67a":"Dishes (out)","68a":"Juice extraction device","70a":"Ballet star","71a":"Dallas inst.","72a":"Popular sporting event","74a":"Business inits. since 1920","75a":"Early clock","78a":"Sign of spring","79a":"\"A Garden of Earthly Delights\" novelist","81a":"Think through","82a":"Wined and dined","83a":"Going price","85a":"Fargo's partner","86a":"Rather than","88a":"Census detail","90a":"Refuses to deal with","91a":"\"Très ___!\"","93a":"Killer whales","96a":"Big Sky conference team","98a":"Big name in Gdansk","100a":"Slalom participant","103a":"Win at cat-and-mouse","107a":"Latin 101 verb","108a":"___ dancing","110a":"Group of badgers","111a":"California has a big one","113a":"Southern Australia's ___ Bay","114a":"George's predecessor","115a":"Ardor","116a":"'60s-'70s pitcher Jim","117a":"Moorish castle","119a":"Papyrus' family","121a":"Communications device","124a":"Crosswise to the keel","125a":"Pointed stick","126a":"Mattress support","127a":"Looks after","128a":"Mud nesters","129a":"Out of action","130a":"Podium pauses","131a":"Gist","1d":"Air","2d":"Young insects","3d":"Fly","4d":"D.C. figures","5d":"Show the way","6d":"\"___ Send Me\" (Sam Cooke hit)","7d":"Join up","8d":"Colorado tributary","9d":"\"Rope-a-dope\" boxer","10d":"Is too soon or too late","11d":"Apples and pears","12d":"Closer","13d":"Clairvoyant's claim","14d":"Singer's accompaniment","15d":"Bureaucratic bigwig","16d":"Unit of progress","18d":"Child's order?","20d":"Bit of buffoonery","24d":"Reckless act","25d":"Nintendo forerunner","30d":"Mind-set","38d":"Achieve","40d":"Eliot's \"cruellest\" mo.","41d":"Asian nurse","43d":"Greek cheeses","44d":"Broaden","46d":"Lines of fashion","49d":"Gratuity","50d":"Buttercup family plant","51d":"Many Scandinavians","53d":"Extra weight","54d":"Undermine","56d":"Leaning to the right","58d":"___ diamondback (venomous snake)","59d":"Glossinidae members","61d":"Sugarcoated medication","63d":"Bowler's button","64d":"Thick liqueurs","66d":"Photo abbr.","69d":"Size up","70d":"Judo degree","72d":"Crate qty.","73d":"Remain","76d":"One in a fine mess?","77d":"Recedes, diseasewise","79d":"Mus. ensemble","80d":"Like the game, to Sherlock","82d":"Moonwort, for one","84d":"Chiefly","87d":"Decorative furniture veneer","89d":"Top-of-the-watch number","92d":"Execute perfectly","94d":"Decorative knot of ribbons","95d":"Kind of word","97d":"Makes potable, in a way","98d":"1939 invasion site","99d":"Simple creature","101d":"Holds back","102d":"Mother's whistler","104d":"Make a board decision","105d":"Plummer of film","106d":"Most perfect","109d":"Pembroke pooch","112d":"\"Bill paid\" paper: Abbr.","115d":"Beauts","118d":"Sound of a break-in?","120d":"Interstice","122d":"Mikhail of chess fame","123d":"Flair for music"},"answers":{"1a":"ALAS","5a":"PYE","8a":"DAMP","12a":"HEAPS","17a":"SAVES","19a":"IONA","21a":"OLIO","22a":"ASCOT","23a":"PRINTJOURNALISM","26a":"SPOOR","27a":"EVASION","28a":"OTTO","29a":"TEMP","31a":"UBI","32a":"CAT","33a":"RYE","34a":"LIAR","35a":"ISO","36a":"SAD","37a":"TEES","39a":"REALCREAM","42a":"OFFTHE","45a":"CHIRP","47a":"ISME","48a":"DELI","49a":"CANOED","52a":"RFD","55a":"ASI","57a":"TACET","60a":"UNARMED","62a":"LARCH","65a":"TEARGAS","67a":"METES","68a":"REAMER","70a":"DANSEUSE","71a":"SMU","72a":"DAYBASEBALL","74a":"ITT","75a":"HOROLOGE","78a":"GEMINI","79a":"OATES","81a":"ANALYZE","82a":"FETED","83a":"CARFARE","85a":"WELLS","86a":"ERE","88a":"SEX","90a":"SCORNS","91a":"BIEN","93a":"ORCS","96a":"IDAHO","98a":"WALESA","100a":"SNOWSKIER","103a":"TRAP","107a":"AMO","108a":"ICE","110a":"CETE","111a":"SUR","113a":"EMU","114a":"RON","115a":"GLOW","116a":"KAAT","117a":"ALCAZAR","119a":"SEDGE","121a":"ROTARYTELEPHONE","124a":"ABEAM","125a":"GOAD","126a":"SLAT","127a":"TENDS","128a":"WASPS","129a":"IDLE","130a":"ERS","131a":"MEAT","1d":"ASPECT","2d":"LARVAE","3d":"AVIATE","4d":"SENS","5d":"PIONEER","6d":"YOU","7d":"ENROLL","8d":"DOLORES","9d":"ALI","10d":"MISTIMES","11d":"POMES","12d":"HASP","13d":"ESP","14d":"ACOUSTICGUITAR","15d":"POOBAH","16d":"STRIDE","18d":"STIR","20d":"ANTIC","24d":"JOYRIDE","25d":"ATARI","30d":"MOOD","38d":"SCORE","40d":"APR","41d":"AMAH","43d":"FETAS","44d":"FLARE","46d":"HEMS","49d":"CUMSHAW","50d":"ANEMONE","51d":"NATURALBLONDES","53d":"FLAB","54d":"DAMAGE","56d":"ITALIC","58d":"EASTERN","59d":"TSETSES","61d":"DRAGEE","63d":"RESET","64d":"CREMES","66d":"ENL","69d":"EYE","70d":"DAN","72d":"DOZ","73d":"BIDE","76d":"OLLIE","77d":"LYSES","79d":"ORCH","80d":"AFOOT","82d":"FERN","84d":"ASARULE","87d":"ROSEWOOD","89d":"XII","92d":"NAIL","94d":"COCKADE","95d":"SWEAR","97d":"DESALTS","98d":"WARSAW","99d":"AMOEBA","101d":"STAYS","102d":"KETTLE","104d":"REZONE","105d":"AMANDA","106d":"PUREST","109d":"CORGI","112d":"RCPT","115d":"GEMS","118d":"AHEM","120d":"GAP","122d":"TAL","123d":"EAR"}}