{"numbers":[["1","2","3","4","-","5","6","7","8","9","-","10","11","12","13"],["14","","","","-","15","","","","","-","16","","",""],["17","","","","18","","","","","","-","19","","",""],["20","","","-","21","","","","-","22","23","","","",""],["24","","","25","","","","-","26","","","","","-","-"],["-","-","-","27","","","-","28","","","","","","29","30"],["31","32","33","","","-","34","","","","","-","35","",""],["36","","","","-","37","","","","","-","38","","",""],["39","","","-","40","","","","","-","41","","","",""],["42","","","43","","","","","-","44","","","-","-","-"],["-","-","45","","","","","-","46","","","","47","48","49"],["50","51","","","","","-","52","","","","-","53","",""],["54","","","","-","55","56","","","","","57","","",""],["58","","","","-","59","","","","","-","60","","",""],["61","","","","-","62","","","","","-","63","","",""]],"clues":{"1a":"Rodin sculpture, with \"The\"","5a":"Curved","10a":"Telemarketing danger","14a":"Take ___ (doze)","15a":"New York river","16a":"Nat or Natalie","17a":"Be alert","19a":"Nonpareil","20a":"Hair or lapel item","21a":"Eve's domain","22a":"Thing to be parsed","24a":"Wakens","26a":"Be moved by a stimulus","27a":"Honorary law deg.","28a":"Casino bouncer","31a":"Feeler","34a":"Timid","35a":"Diamond stat.","36a":"___ fide","37a":"Home of the brave","38a":"Make a scarf","39a":"\"Yes, madame\"","40a":"Slangy fellows","41a":"Passover bread","42a":"Sober","44a":"Ely or Howard","45a":"Grosses","46a":"Lower in rank","50a":"Radio knob","52a":"Q.E.D. word","53a":"Gambler's cube","54a":"Abbr. on the back of a title page","55a":"1956 #1 song","58a":"Greatly","59a":"École student","60a":"Mishmash","61a":"Cyclones, meteorologically","62a":"Had the nerve","63a":"Tear apart","1d":"Key letter","2d":"\"...bombs bursting ___\"","3d":"Decline","4d":"Bathroom installation","5d":"Was present at","6d":"Sacrificial ___","7d":"Invent","8d":"Self-esteem","9d":"Ballerina","10d":"Bracket for candles","11d":"State of satisfaction","12d":"Ex-P.M. ___ Hume","13d":"Marseilles mother","18d":"Inventor Nikola","23d":"\"Careful there!\"","25d":"Arm bone","26d":"Rakes","28d":"Crossed one's fingers","29d":"Grand Canyon state: Abbr.","30d":"Brussels-based grp.","31d":"___ Ben Adhem","32d":"Subject, usually","33d":"Court woe","34d":"Foes of the Assyrians","37d":"Burrowed","38d":"Welles citizen","40d":"College abode","41d":"Three-card game","43d":"Gibes","44d":"Enlarges, as a hole","46d":"Alla ___","47d":"Confuse","48d":"Connection","49d":"Biblical king","50d":"Lab glass","51d":"Capital on a fjord","52d":"Eternally","56d":"Pay ending","57d":"Pavarotti or Domingo"},"answers":{"1a":"KISS","5a":"ARCED","10a":"SCAM","14a":"ANAP","15a":"TIOGA","16a":"COLE","17a":"PAYATTENTION","19a":"ONER","20a":"PIN","21a":"EDEN","22a":"SENTENCE","24a":"AROUSES","26a":"REACT","27a":"LLD","28a":"HOUSEMAN","31a":"ANTENNA","34a":"MOUSY","35a":"ERA","36a":"BONA","37a":"TEPEE","38a":"KNIT","39a":"OUI","40a":"DUDES","41a":"MATZO","42a":"UNSTONED","44a":"RON","45a":"EARNS","46a":"BENEATH","50a":"VOLUME","52a":"ERAT","53a":"DIE","54a":"ISBN","55a":"LOVEMETENDER","58a":"ALOT","59a":"ELEVE","60a":"OLIO","61a":"LOWS","62a":"DARED","63a":"REND","1d":"KAPPA","2d":"INAIR","3d":"SAYNO","4d":"SPA","5d":"ATTENDED","6d":"RITES","7d":"COIN","8d":"EGO","9d":"DANSEUSE","10d":"SCONCE","11d":"CONTENTMENT","12d":"ALEC","13d":"MERE","18d":"TESLA","23d":"EASY","25d":"ULNA","26d":"ROUES","28d":"HOPED","29d":"ARIZ","30d":"NATO","31d":"ABOU","32d":"NOUN","33d":"TENNISELBOW","34d":"MEDES","37d":"TUNNELED","38d":"KANE","40d":"DORM","41d":"MONTE","43d":"TAUNTS","44d":"REAMED","46d":"BREVE","47d":"ADDLE","48d":"TIEIN","49d":"HEROD","50d":"VIAL","51d":"OSLO","52d":"EVER","56d":"OLA","57d":"TENOR"}}