{"numbers":[["1","2","3","4","5","6","7","8","-","9","10","11","12","13","-","14","15","16","17","18","19"],["20","","","","","","","","-","21","","","","","-","22","","","","",""],["23","","","","","","","","24","","","","","","-","25","","","","",""],["-","-","26","","","","-","-","27","","","-","-","-","28","","","","-","-","-"],["-","-","-","29","","","30","31","","","","32","33","34","","","","","35","36","37"],["38","39","40","-","-","41","","","-","-","42","","","","","","-","43","","",""],["44","","","45","46","-","47","","48","49","-","50","","","-","-","-","-","51","",""],["52","","","","","53","","","","","54","","-","-","55","56","57","58","","","-"],["59","","","","","","-","-","60","","","-","61","62","","","","","","","-"],["63","","","-","-","64","65","66","-","67","","68","","","","","","","-","-","-"],["69","","","70","71","","","","72","","","","","","","","","","73","74","75"],["-","-","-","76","","","","","","","","","-","77","","","-","-","78","",""],["-","79","80","","","","","","","-","81","","82","-","-","83","84","85","","",""],["-","86","","","","","","-","-","87","","","","88","89","","","","","",""],["90","","","-","-","-","-","91","92","","-","93","","","","-","94","","","",""],["95","","","96","-","97","98","","","","99","-","-","100","","101","-","-","102","",""],["103","","","","104","","","","","","","105","106","","","","107","108","-","-","-"],["-","-","-","109","","","","-","-","-","110","","","-","-","111","","","112","-","-"],["113","114","115","","","","-","116","117","118","","","","119","120","","","","","121","122"],["123","","","","","","-","124","","","","","-","125","","","","","","",""],["126","","","","","","-","127","","","","","-","128","","","","","","",""]],"clues":{"1a":"Mosaic tile","9a":"Flowery perfume","14a":"Where Nejd is","20a":"Almost","21a":"Kentucky county","22a":"Calls, in a way","23a":"The King","25a":"Sings lullabies","26a":"Opposite of sans","27a":"The King's Head order","28a":"Old-time journalist Bugs","29a":"Weak English king","38a":"Article on a rack","41a":"Fish of the carp family","42a":"Lunchbox item","43a":"Blackthorn fruit","44a":"Kind of wood","47a":"Bother, with \"at\"","50a":"Immemorial","51a":"Mel of the diamond","52a":"Skyscraping center?","55a":"Kansas city on the Santa Fe Trail","59a":"Bristly","60a":"Important interval","61a":"Even","63a":"Chemical suffix","64a":"\"___ Little Teapot\"","67a":"Simply because of that","69a":"1923 Wallace Beery portrayal","76a":"Ballot-related","77a":"Put in one's ___ (meddle)","78a":"Laugh syllable","79a":"Île St.-Louis native","81a":"Bard's contraction","83a":"Punctilio","86a":"Clare of ___","87a":"1959 #1 song","90a":"Symbol of safety","91a":"School org.","93a":"Aisne tributary","94a":"Bacon work","95a":"Exploit","97a":"Soothsayers","100a":"122-Down - 2","102a":"Félicité, e.g.: Abbr.","103a":"First king buried in Westminster Abbey","109a":"Slog (through)","110a":"Pester","111a":"Like most colleges","113a":"Primitve conveyance","116a":"Last of the Hebrew prophets, in Christian belief","123a":"Spoon-bending psychic","124a":"Inception","125a":"Colander","126a":"They're not serious","127a":"Peace Nobelist Williams","128a":"City east of Montgomery","1d":"Stun","2d":"Author Kaufman","3d":"Edison's middle name","4d":"The \"C\" in C.S. Lewis","5d":"Still runny","6d":"Soapberry's kin","7d":"\"Phew!\"","8d":"Word for a lady","9d":"White poplar","10d":"Glass Capital of the World","11d":"Hasidism founder Baal Shem-___","12d":"Black cuckoo","13d":"___ judicata","14d":"Esoteric","15d":"Harder to find","16d":"Has a crush on","17d":"Who's Who piece","18d":"Kind of storm, in sci-fi","19d":"Plow puller","24d":"Shoot as expected on","28d":"Hacker's headache","30d":"Lip","31d":"Microscope part","32d":"Ending with fox or dog","33d":"Shakespearean prince","34d":"Wind up","35d":"Hello or goodbye","36d":"Lavishes care (on)","37d":"So far","38d":"Mooring rope","39d":"___ generis (of another kind): Lat.","40d":"Ancient Mexican","45d":"W.W. II abbr.","46d":"Rds.","48d":"Supped","49d":"In better fighting shape","53d":"Fortune hunter's catch?","54d":"City ESE of Buenos Aires","55d":"Siouan tongue","56d":"Lake of the Four Forest Cantons","57d":"Official records","58d":"Marvel Comics superhero","61d":"\"Barney Miller\" actor","62d":"___ concern","65d":"Year in Elizabeth I's reign","66d":"Heine poem \"___ Troll\"","68d":"Glass component","70d":"Towel word","71d":"Et ___","72d":"Sugar pie","73d":"TV actress Brooke","74d":"Emulate Sprat's wife","75d":"Sign of impassiveness","79d":"Skinned","80d":"Cockeyed","82d":"Kind of jump","84d":"Tina's ex","85d":"Brain and spinal cord: Abbr.","87d":"___ Antony","88d":"Align","89d":"Some party attenders","90d":"\"Fables in Slang\" author","91d":"The Steel City, for short","92d":"Calendar abbr.","96d":"Loiter","97d":"Vipers","98d":"Shoshonean","99d":"Spenserian work","101d":"Star's statuettes","104d":"Fuming one","105d":"Dapper","106d":"Alphabetic sequence","107d":"Black tea variety","108d":"Make the knot tighter","112d":"Dent","113d":"Pepper, e.g.","114d":"Sign of a leader, it is said","115d":"Tarzan portrayer","116d":"\"Get a ___\"","117d":"Self starter","118d":"Inits. of 1948","119d":"'70s training","120d":"Heat measure","121d":"Comprehend","122d":"100-Across + 2"},"answers":{"1a":"ABACULUS","9a":"ATTAR","14a":"ARABIA","20a":"WELLNIGH","21a":"BOONE","22a":"RADIOS","23a":"ELVISTHEPELVIS","25a":"CROONS","26a":"AVEC","27a":"ALE","28a":"BAER","29a":"ETHELREDTHEUNREADY","38a":"HAT","41a":"IDE","42a":"ORANGE","43a":"SLOE","44a":"ALOES","47a":"GNAW","50a":"OLD","51a":"OTT","52a":"WILTTHESTILT","55a":"OLATHE","59a":"SETOSE","60a":"ERA","61a":"SOMUCHAS","63a":"ENE","64a":"IMA","67a":"IPSOFACTO","69a":"RICHARDTHELIONHEARTED","76a":"ELECTORAL","77a":"OAR","78a":"HAR","79a":"PARISIAN","81a":"TIS","83a":"NICETY","86a":"ASSISI","87a":"MACKTHEKNIFE","90a":"ARK","91a":"PTA","93a":"AIRE","94a":"ESSAY","95a":"DEED","97a":"AUGURS","100a":"UNO","102a":"STE","103a":"EDWARDTHECONFESSOR","109a":"WADE","110a":"NAG","111a":"COED","113a":"SLEDGE","116a":"JOHNTHEBAPTIST","123a":"GELLER","124a":"ONSET","125a":"STRAINER","126a":"TOYERS","127a":"BETTY","128a":"TUSKEGEE","1d":"AWE","2d":"BEL","3d":"ALVA","4d":"CLIVE","5d":"UNSET","6d":"LITCHI","7d":"UGH","8d":"SHE","9d":"ABELE","10d":"TOLEDO","11d":"TOV","12d":"ANI","13d":"RES","14d":"ARCANE","15d":"RARER","16d":"ADORES","17d":"BIO","18d":"ION","19d":"ASS","24d":"PAR","28d":"BUG","30d":"EDGE","31d":"LENS","32d":"TROT","33d":"HAL","34d":"END","35d":"ALOHA","36d":"DOTES","37d":"YET","38d":"HAWSER","39d":"ALIENI","40d":"TOLTEC","45d":"ETO","46d":"STS","48d":"ATE","49d":"WIRIER","53d":"HEIRESS","54d":"LAPLATA","55d":"OMAHA","56d":"LUCERNE","57d":"ACTA","58d":"THOR","61d":"SOO","62d":"OFNO","65d":"MDCII","66d":"ATTA","68d":"SILICA","70d":"HERS","71d":"ALII","72d":"HON","73d":"THEISS","74d":"EATFAT","75d":"DRYEYE","79d":"PARED","80d":"ASKEW","82d":"SKI","84d":"IKE","85d":"CNS","87d":"MARC","88d":"TRUE","89d":"HENS","90d":"ADE","91d":"PGH","92d":"TUE","96d":"DAWDLE","97d":"ADDERS","98d":"UTE","99d":"SONNET","101d":"OSCARS","104d":"RAGER","105d":"NATTY","106d":"FGH","107d":"OOPAK","108d":"RETIE","112d":"DING","113d":"SGT","114d":"LEO","115d":"ELY","116d":"JOB","117d":"ONE","118d":"HST","119d":"EST","120d":"BTU","121d":"SEE","122d":"TRE"}}