{"numbers":[["1","2","3","4","-","5","6","7","8","9","-","10","11","12","13"],["14","","","","-","15","","","","","-","16","","",""],["17","","","","18","","","","","","19","","","",""],["20","","","","","","","","-","21","","","","",""],["-","-","-","22","","","","-","23","","","","-","-","-"],["24","25","26","","","","-","27","","","-","28","29","30","31"],["32","","","","","-","33","","","","34","-","35","",""],["36","","","","","37","","","","","","38","","",""],["39","","","-","40","","","","","-","41","","","",""],["42","","","43","-","44","","","-","45","","","","",""],["-","-","-","46","47","","","-","48","","","","-","-","-"],["49","50","51","","","","-","52","","","","","53","54","55"],["56","","","","","","57","","","","","","","",""],["58","","","","-","59","","","","","-","60","","",""],["61","","","","-","62","","","","","-","63","","",""]],"clues":{"1a":"___ school (precollege institution)","5a":"General attitudes","10a":"Screwball","14a":"Captive of Hercules","15a":"TV's Winfrey","16a":"\"Bus Stop\" writer","17a":"Serious injury from fire","20a":"Marine growths","21a":"Garden flowers","22a":"Preceding nights","23a":"A bit of vaudeville","24a":"Unpleasant-tasting","27a":"Lend a hand","28a":"Epsilon's follower","32a":"Santa ___ race track","33a":"Fur trader John Jacob","35a":"Put on","36a":"Support, at a meeting","39a":"Before: Prefix","40a":"Recorded","41a":"One way to get rich","42a":"Cutty ___","44a":"Light brown","45a":"Half-melted","46a":"Cake decorator","48a":"Galoot","49a":"Nonethical","52a":"Bands of nerve fibers","56a":"Lasting memory, maybe","58a":"Novelist Waugh","59a":"Africa's third-longest river","60a":"Jog","61a":"___ ha-Shanah","62a":"Chirac's states","63a":"\"Gimme an A...\", e.g.","1d":"Quarries","2d":"Architect Mies van der ___","3d":"\"Essays of ___\"","4d":"Tapered cigar","5d":"King Arthur's killer","6d":"Unfolds","7d":"Assns.","8d":"Patriotic soc.","9d":"Arab land","10d":"Advise at cards","11d":"Blame","12d":"Bugaboo","13d":"Actors Olin and Berry","18d":"Nonconformist","19d":"Aria, \"___ tu\"","23d":"Located","24d":"Says hoarsely","25d":"End of ___","26d":"More appealing","27d":"Pale-faced","29d":"Blue-pencils","30d":"Fairy item","31d":"Pester","33d":"How some stocks are sold","34d":"Alternatives to sprays","37d":"It runs down the 180th meridian","38d":"Like resort towns","43d":"Dry, colorless brandy","45d":"Suzanne of \"Three's Company\"","47d":"Tabby","48d":"Cap in Cannes","49d":"Come from ___","50d":"Venus de ___","51d":"Mine rocks","52d":"Grp. for Nancy Lopez","53d":"Father","54d":"Refrigerate","55d":"U.N.-like","57d":"Cal Tech rival"},"answers":{"1a":"PREP","5a":"MOODS","10a":"KOOK","14a":"IOLE","15a":"OPRAH","16a":"INGE","17a":"THIRDDEGREEBURN","20a":"SEAFERNS","21a":"IRISES","22a":"EVES","23a":"SKIT","24a":"RANCID","27a":"AID","28a":"ZETA","32a":"ANITA","33a":"ASTOR","35a":"DON","36a":"SECONDTHEMOTION","39a":"PRE","40a":"TAPED","41a":"LOTTO","42a":"SARK","44a":"TAN","45a":"SLUSHY","46a":"ICER","48a":"BOOR","49a":"AMORAL","52a":"LEMNISCI","56a":"FIRSTIMPRESSION","58a":"ALEC","59a":"NIGER","60a":"TROT","61a":"ROSH","62a":"ETATS","63a":"YELL","1d":"PITS","2d":"ROHE","3d":"ELIA","4d":"PERFECTO","5d":"MODRED","6d":"OPENS","7d":"ORGS","8d":"DAR","9d":"SHEIKDOM","10d":"KIBITZ","11d":"ONUS","12d":"OGRE","13d":"KENS","18d":"DEVIANT","19d":"ERI","23d":"SITED","24d":"RASPS","25d":"ANERA","26d":"NICER","27d":"ASHEN","29d":"EDITS","30d":"TOOTH","31d":"ANNOY","33d":"ATPAR","34d":"ROLLONS","37d":"DATELINE","38d":"TOURISTY","43d":"KIRSCH","45d":"SOMERS","47d":"CAT","48d":"BERET","49d":"AFAR","50d":"MILO","51d":"ORES","52d":"LPGA","53d":"SIRE","54d":"COOL","55d":"INTL","57d":"MIT"}}