{"numbers":[["1","2","3","4","5","-","6","7","8","9","-","10","11","12","13"],["14","","","","","-","15","","","","-","16","","",""],["17","","","","","18","","","","","-","19","","",""],["20","","","-","21","","","","-","22","23","","","",""],["-","-","-","24","","","","","25","","","","","",""],["26","27","28","","","","","-","29","","","-","-","-","-"],["30","","","","","-","-","31","","","","32","33","34","35"],["36","","","","-","37","38","","","","-","39","","",""],["40","","","","41","","","","-","-","42","","","",""],["-","-","-","-","43","","","-","44","45","","","","",""],["46","47","48","49","","","","50","","","","","-","-","-"],["51","","","","","","-","52","","","","-","53","54","55"],["56","","","","-","57","58","","","","","59","","",""],["60","","","","-","61","","","","-","62","","","",""],["63","","","","-","64","","","","-","65","","","",""]],"clues":{"1a":"La ___ (Milan opera house)","6a":"Wall Street order","10a":"Enervates","14a":"Comedienne Cleghorne","15a":"Lateral leader","16a":"Rat-___","17a":"Early 80's fad","19a":"Georgetown player","20a":"Modern car feature: Abbr.","21a":"Sol-do bridge","22a":"Le Carré protagonist","24a":"Bedtime stories","26a":"Porky Pig's speech","29a":"R.N.'s forte","30a":"Skin holes","31a":"Biblical haven","36a":"Site for a sala","37a":"Gatsby description","39a":"Comic King","40a":"1949 Tracy-Hepburn movie","42a":"\"Leave me ___!\"","43a":"\"Bali ___\"","44a":"William and Mary, e.g.","46a":"The Clermont","51a":"Mayflower competitor","52a":"Fix a faux pas","53a":"\"Skip to My ___\"","56a":"Fly in the ointment","57a":"Keystone State, once","60a":"Not racy","61a":"Noël vision","62a":"Borden bovine","63a":"Brown quickly","64a":"Evening, in Evreux","65a":"Dissuade","1d":"Hospital fluids","2d":"Bridge group, or bid","3d":"Priestly vestments","4d":"Niihau neckwear","5d":"Low socks","6d":"Pie graph piece","7d":"Outfit","8d":"Oil or grease: Abbr.","9d":"Doesn't stick up at all","10d":"Mahout's master","11d":"Lagoon's boundary","12d":"Name on a check","13d":"Corset features","18d":"Freelancer's encl.","23d":"High-speed number","24d":"Mr. T and pals","25d":"Greek portico","26d":"Protection grp.","27d":"\"The Wind in the Willows\" critter","28d":"___ Major","31d":"Neighbor of Colo.","32d":"Ride in a rocket","33d":"Hand lotion ingredient","34d":"Reverberated","35d":"Kind of jerk","37d":"Family patriarchs","38d":"Social reformer Jacob","41d":"Jeff MacNelly comic strip","42d":"Conceded","44d":"Stars and Stripes skipper Dennis","45d":"An 88","46d":"Ramadan rituals","47d":"Radii neighbors","48d":"Camel relative","49d":"\"The Lady or the ___?\"","50d":"Molds or yeasts","53d":"The ___ Boys of \"Peter Pan\"","54d":"Garfield's pal","55d":"Internet accessor","58d":"Rock producer Brian","59d":"Miss modifier"},"answers":{"1a":"SCALA","6a":"SELL","10a":"SAPS","14a":"ELLEN","15a":"EQUI","16a":"ATAT","17a":"RUBIKSCUBE","19a":"HOYA","20a":"ABS","21a":"LATI","22a":"SMILEY","24a":"AESOPSFABLES","26a":"STUTTER","29a":"TLC","30a":"PORES","31a":"NOAHSARK","36a":"CASA","37a":"GREAT","39a":"ALAN","40a":"ADAMSRIB","42a":"ALONE","43a":"HAI","44a":"COLLEGE","46a":"FULTONSFOLLY","51a":"ALLIED","52a":"UNDO","53a":"LOU","56a":"SNAG","57a":"PENNSWOODS","60a":"TAME","61a":"ANGE","62a":"ELSIE","63a":"SEAR","64a":"SOIR","65a":"DETER","1d":"SERA","2d":"CLUB","3d":"ALBS","4d":"LEI","5d":"ANKLETS","6d":"SECTOR","7d":"EQUIP","8d":"LUB","9d":"LIESFLAT","10d":"SAHIB","11d":"ATOLL","12d":"PAYEE","13d":"STAYS","18d":"SASE","23d":"MACH","24d":"ATEAM","25d":"STOA","26d":"SPCA","27d":"TOAD","28d":"URSA","31d":"NEB","32d":"SALLY","33d":"ALOE","34d":"RANG","35d":"KNEE","37d":"GRANDPAS","38d":"RIIS","41d":"SHOE","42d":"ALLOWED","44d":"CONNER","45d":"OLDS","46d":"FASTS","47d":"ULNAE","48d":"LLAMA","49d":"TIGER","50d":"FUNGI","53d":"LOST","54d":"ODIE","55d":"USER","58d":"ENO","59d":"OLE"}}