{"numbers":[["1","2","3","4","-","5","6","7","8","9","-","10","11","12","13"],["14","","","","-","15","","","","","-","16","","",""],["17","","","","18","","","","","","19","","","",""],["20","","","","","-","-","21","","","","","","",""],["-","-","-","22","","23","24","-","25","","","","-","-","-"],["26","27","28","-","29","","","30","-","31","","","32","33","34"],["35","","","-","36","","","","37","-","-","38","","",""],["39","","","40","","","","","","41","42","","","",""],["43","","","","-","-","44","","","","","-","45","",""],["46","","","","47","48","-","49","","","","-","50","",""],["-","-","-","51","","","52","-","53","","","54","-","-","-"],["55","56","57","","","","","58","-","-","59","","60","61","62"],["63","","","","","","","","64","65","","","","",""],["66","","","","-","67","","","","","-","68","","",""],["69","","","","-","70","","","","","-","71","","",""]],"clues":{"1a":"Riot queller","5a":"Spain's Costa ___","10a":"Popular teen hangout","14a":"One may be picked up at a bakery","15a":"Balzac sculptor","16a":"\"Le rêve\" or \"Nessun dorma\"","17a":"Giacomo's garden guest?","20a":"Cremona family","21a":"Gives stability to","22a":"Cassini of fashion","25a":"\"___ we forget\"","26a":"J.D. forerunner","29a":"News source, sometimes","31a":"Take back at the plant","35a":"Poet's contraction","36a":"Bombeck et al.","38a":"Small bills","39a":"Franz's fish fry?","43a":"London gallery","44a":"Gangsters","45a":"Compass pt.","46a":"Skater Brian and family","49a":"Southern contraction","50a":"Dwelling: Abbr.","51a":"Chinese weight","53a":"Tournament passes","55a":"Leaders in poetry, perhaps","59a":"\"Pal Joey\" writer","63a":"Ludwig's libation","66a":"Skeleton part","67a":"Diamond teams","68a":"Kind of rug","69a":"Shadow","70a":"Gluts","71a":"Party V.I.P.","1d":"N.Y.C. cultural institution","2d":"One of the Arkins","3d":"Pas de deux finale","4d":"Sister of Terpsichore","5d":"Victoria's Secret item","6d":"Plunder","7d":"Rub-___","8d":"Essential","9d":"Hat rack of a sort","10d":"Endurance contest","11d":"Sandy's sounds","12d":"Rhythmic swing","13d":"Macaulay's \"___ of Ancient Rome\"","18d":"Loman's creator","19d":"Otherwise","23d":"Mr. Saarinen","24d":"Entire range","26d":"Number game","27d":"\"Zigeunerliebe\" composer","28d":"Writer Harte et al.","30d":"Baker of \"Picket Fences\"","32d":"Bury","33d":"\"The Boys of Summer\" shortstop","34d":"\"Women Who Run With the Wolves\" author","37d":"Dinner bird","40d":"Eschew brew","41d":"Unsightly","42d":"Words before Man or Pines","47d":"Incautious","48d":"Anya and Elizabeth, e.g.","52d":"\"I, Claudius\" machinator","54d":"Some Muslims","55d":"Border on","56d":"1989 Literature Nobelist","57d":"\"Crucifixion of St. Peter\" artist","58d":"Copper","60d":"Curly coif","61d":"Map abbrs.","62d":"\"The Man Who Mistook His Wife for ___\" (1985 book)","64d":"Originally","65d":"Draft org."},"answers":{"1a":"MACE","5a":"BRAVA","10a":"MALL","14a":"ODOR","15a":"RODIN","16a":"ARIA","17a":"MADAMABUTTERFLY","20a":"AMATI","21a":"BALLASTS","22a":"OLEG","25a":"LEST","26a":"LLB","29a":"LEAK","31a":"REHIRE","35a":"OER","36a":"ERMAS","38a":"ONES","39a":"THETROUTQUINTET","43a":"TATE","44a":"THUGS","45a":"ESE","46a":"ORSERS","49a":"YALL","50a":"RES","51a":"TAEL","53a":"BYES","55a":"ACROSTIC","59a":"OHARA","63a":"BEETHOVENSFIFTH","66a":"ULNA","67a":"NINES","68a":"AREA","69a":"TAIL","70a":"SATES","71a":"HOST","1d":"MOMA","2d":"ADAM","3d":"CODA","4d":"ERATO","5d":"BRA","6d":"ROB","7d":"ADUB","8d":"VITAL","9d":"ANTLER","10d":"MARATHON","11d":"ARFS","12d":"LILT","13d":"LAYS","18d":"MILLER","19d":"ELSE","23d":"EERO","24d":"GAMUT","26d":"LOTTO","27d":"LEHAR","28d":"BRETS","30d":"KATHY","32d":"INTER","33d":"REESE","34d":"ESTES","37d":"SQUAB","40d":"TEETOTAL","41d":"UGLY","42d":"ISLEOF","47d":"RASH","48d":"SETONS","52d":"LIVIA","54d":"SHIAH","55d":"ABUT","56d":"CELA","57d":"RENI","58d":"CENT","60d":"AFRO","61d":"RTES","62d":"AHAT","64d":"NEE","65d":"SSS"}}