{"numbers":[["1","2","3","4","5","6","-","-","-","7","8","9","10","11","12"],["13","","","","","","14","-","15","","","","","",""],["16","","","","","","","-","17","","","","","",""],["18","","","-","19","","","20","","","","-","21","",""],["22","","","23","-","24","","","","","-","25","","",""],["-","26","","","27","-","28","","","-","29","","","",""],["-","30","","","","31","","","","32","","","","","-"],["-","-","-","33","","","","","","","","","-","-","-"],["-","34","35","","","","","","","","","","36","37","-"],["38","","","","","-","39","","","-","40","","","","-"],["41","","","","-","42","","","","43","-","44","","","45"],["46","","","-","47","","","","","","48","-","49","",""],["50","","","51","","","","-","52","","","53","","",""],["54","","","","","","","-","55","","","","","",""],["56","","","","","","-","-","-","57","","","","",""]],"clues":{"1a":"Electron grabbers","7a":"\"___ Next Door\" (1944 tune)","13a":"Neighbor of Brazil","15a":"Direct route","16a":"Sight from Diamond Head","17a":"Checks (in)","18a":"Cape ___","19a":"Ancestry","21a":"See 1 Down","22a":"They've earned their stripes: Abbr.","24a":"Cowpuncher's worry","25a":"Paris's Cimetière du ___ Lachaise","26a":"Continental money","28a":"Munch","29a":"Emulsifying agent","30a":"Winner of five 1965 Oscars","33a":"Persevered","34a":"Show disdain","38a":"Swimming hazard","39a":"\"___ doll...\"","40a":"Tried to get back at","41a":"Seder mainstay","42a":"\"Magister Ludi\" author","44a":"Highlands attire","46a":"Draft ___","47a":"Long-haired cat","49a":"Set","50a":"Projecting","52a":"One in a Red Cross shelter","54a":"Tricky pitches","55a":"Successfully counterattack","56a":"Bed cover","57a":"Young food-fish","1d":"With 21 Across, 1960's construction marvel","2d":"Subtle","3d":"Part of the Venezuela-Colombia border","4d":"Cartoonist Browne","5d":"Tennyson heroine","6d":"Sushi chasers","7d":"Minuscule","8d":"Numerical prefix","9d":"\"Xanadu\" band","10d":"Audubon specimen","11d":"Sackets Harbor's lake","12d":"Boss pleasers","14d":"Fonda title role","15d":"Relax","20d":"Pure bedlam","23d":"Give in","25d":"Think through","27d":"It may travel first-class","29d":"Several English rivers","31d":"Regalia item","32d":"Tags","34d":"Vocal filler","35d":"Rat-infested burg","36d":"Jonathan, for one","37d":"1985 Reagan appointee","38d":"Third-rate","42d":"Dennis the Menace's dad","43d":"Housing projects?","45d":"Driving hazard","47d":"Slight complaint","48d":"Wine valley","51d":"\"Yes,\" in church","53d":"Word of honor?"},"answers":{"1a":"ANODES","7a":"THEBOY","13a":"SURINAM","15a":"BEELINE","16a":"WAIKIKI","17a":"REPORTS","18a":"ANN","19a":"DESCENT","21a":"DAM","22a":"NCOS","24a":"STRAY","25a":"PERE","26a":"ECUS","28a":"EAT","29a":"ALGIN","30a":"DOCTORZHIVAGO","33a":"CARRIEDON","34a":"THUMBONESNOSE","38a":"CRAMP","39a":"BEA","40a":"SUED","41a":"LAMB","42a":"HESSE","44a":"TAMS","46a":"ALE","47a":"PERSIAN","49a":"GEL","50a":"SALIENT","52a":"EVACUEE","54a":"SLIDERS","55a":"REPULSE","56a":"CANOPY","57a":"SAMLET","1d":"ASWAN","2d":"NUANCED","3d":"ORINOCO","4d":"DIK","5d":"ENID","6d":"SAKES","7d":"TEENY","8d":"HEPT","9d":"ELO","10d":"BIRDEGG","11d":"ONTARIO","12d":"YESMEN","14d":"MISTERROBERTS","15d":"BREATHEEASIER","20d":"CRAZINESS","23d":"SUCCUMB","25d":"PLANOUT","27d":"STAMP","29d":"AVONS","31d":"ORB","32d":"IDS","34d":"TRALALA","35d":"HAMELIN","36d":"SEAGULL","37d":"EDMEESE","38d":"CLASSC","42d":"HENRY","43d":"EAVES","45d":"SLEET","47d":"PEEP","48d":"NAPA","51d":"IDO","53d":"CUM"}}