{"numbers":[["1","2","3","4","5","-","6","7","8","9","-","10","11","12","13"],["14","","","","","-","15","","","","-","16","","",""],["17","","","","","-","18","","","","-","19","","",""],["-","-","-","20","","21","","","","","22","","","",""],["-","23","24","","","","","-","25","","","-","26","",""],["27","","","-","28","","","-","29","","","30","-","-","-"],["31","","","32","-","33","","34","-","-","35","","36","37","38"],["39","","","","40","","","","41","42","","","","",""],["43","","","","","-","-","44","","","-","45","","",""],["-","-","-","46","","47","48","-","49","","50","-","51","",""],["52","53","54","-","55","","","-","56","","","57","","","-"],["58","","","59","","","","60","","","","","-","-","-"],["61","","","","-","62","","","","-","63","","64","65","66"],["67","","","","-","68","","","","-","69","","","",""],["70","","","","-","71","","","","-","72","","","",""]],"clues":{"1a":"Amulet","6a":"Box office hit, slangily","10a":"Coasted","14a":"Movie cowboy Lash ___","15a":"Atmosphere","16a":"Peg Bracken's \"I ___ to Cook Book\"","17a":"Discharge","18a":"Read quickly","19a":"Russian \"John\"","20a":"Juicy reading","23a":"A B C's","25a":"Slippery guy","26a":"Seeded bread","27a":"\"Runaway\" singer Shannon","28a":"Comic Margaret","29a":"Three, in Ulm","31a":"Conceits","33a":"Corrida cheer","35a":"Pants' lowest point","39a":"Nutrition is not their concern","43a":"Get close to, old-style","44a":"Sneaky laugh","45a":"Flaccid","46a":"Argument","49a":"Hijinks","51a":"Grand Central, e.g.: Abbr.","52a":"Recede","55a":"German article","56a":"Playful, as a kitten","58a":"City dweller's awakener, maybe","61a":"Sticky stuff","62a":"Sheltered","63a":"\"G.E. College Bowl\" host Robert","67a":"Give off","68a":"Depend (on)","69a":"Tough guy","70a":"Unit of force","71a":"Mineral rocks","72a":"Allegro, e.g.","1d":"Maison's key","2d":"Witch","3d":"\"We ___ the Champions\" (1978 hit)","4d":"Loses limberness","5d":"System of measurement","6d":"Recital performance","7d":"Reaction to a pinch","8d":"Like old lamp cords","9d":"One who completely misses the ball","10d":"Street knife","11d":"Tennis's Rod","12d":"Where Como is","13d":"Tightly packed","21d":"Flu clue","22d":"New York city","23d":"Commenced","24d":"Autobiographical book by Adm. Byrd","27d":"\"It's ___ vu all over again\": Yogi Berra","30d":"Signs on the dotted line","32d":"32-card game","34d":"Old English letter","36d":"Newsstand","37d":"Southpaw","38d":"\"Cómo ___?\"","40d":"Mexican artist Kahlo","41d":"Anne of TV's \"Topper\"","42d":"Swahili \"freedom\"","47d":"The barber of Seville","48d":"Bug's antenna","50d":"Most genteel","52d":"Prodded, with \"on\"","53d":"Mild and pleasant","54d":"U.C.L.A. player","57d":"Rollerblade","59d":"___ noire","60d":"Prompter's beginning","64d":"Computer acronym","65d":"Back talk","66d":"Author Umberto"},"answers":{"1a":"CHARM","6a":"BOFF","10a":"SLID","14a":"LARUE","15a":"AURA","16a":"HATE","17a":"EGEST","18a":"SCAN","19a":"IVAN","20a":"TRASHYNOVELS","23a":"BASICS","25a":"EEL","26a":"RYE","27a":"DEL","28a":"CHO","29a":"DREI","31a":"EGOS","33a":"OLE","35a":"ANKLE","39a":"JUNKFOODJUNKIES","43a":"ANEAR","44a":"HEH","45a":"SOFT","46a":"TIFF","49a":"FUN","51a":"STA","52a":"EBB","55a":"DIE","56a":"FRISKY","58a":"GARBAGETRUCK","61a":"GLUE","62a":"ALEE","63a":"EARLE","67a":"EMIT","68a":"RELY","69a":"STOIC","70a":"DYNE","71a":"ORES","72a":"TEMPO","1d":"CLE","2d":"HAG","3d":"ARE","4d":"RUSTS","5d":"METRIC","6d":"BASSSOLO","7d":"OUCH","8d":"FRAYED","9d":"FANNER","10d":"SHIV","11d":"LAVER","12d":"ITALY","13d":"DENSE","21d":"ACHOO","22d":"OLEAN","23d":"BEGUN","24d":"ALONE","27d":"DEJA","30d":"INKS","32d":"SKAT","34d":"EDH","36d":"KIOSK","37d":"LEFTY","38d":"ESTA","40d":"FRIDA","41d":"JEFFREYS","42d":"UHURU","47d":"FIGARO","48d":"FEELER","50d":"NICEST","52d":"EGGED","53d":"BALMY","54d":"BRUIN","57d":"SKATE","59d":"BETE","60d":"TELE","64d":"ROM","65d":"LIP","66d":"ECO"}}