{"numbers":[["1","2","3","4","-","5","6","7","8","9","-","10","11","12","13"],["14","","","","-","15","","","","","-","16","","",""],["17","","","","18","","","","","","19","","","",""],["-","-","-","20","","","","","-","-","21","","","",""],["22","23","24","","","-","25","","26","27","","-","-","-","-"],["28","","","","","29","-","-","30","","","31","32","33","34"],["35","","","-","36","","37","38","","","-","39","","",""],["40","","","41","","","","","","","42","","","",""],["43","","","","-","44","","","","","","-","45","",""],["46","","","","47","","","-","-","48","","49","","",""],["-","-","-","-","50","","","51","52","-","53","","","",""],["54","55","56","57","","-","-","58","","59","","","-","-","-"],["60","","","","","61","62","","","","","","63","64","65"],["66","","","","-","67","","","","","-","68","","",""],["69","","","","-","70","","","","","-","71","","",""]],"clues":{"1a":"Actor Guinness","5a":"Philatelist's book","10a":"Cure","14a":"Impetuous","15a":"Monte ___","16a":"\"Rule, Britannia\" composer","17a":"Old-fashioned greeting","20a":"Brings up, as young","21a":"Dancer de Mille","22a":"Located","25a":"Item in 5 Across","28a":"Release, as the end of a chain","30a":"Annual golf tournament, with \"the\"","35a":"Parisian summer","36a":"Iterate","39a":"Inter ___","40a":"1975 Pacino film","43a":"Needle case","44a":"Spy magazine feature","45a":"Suffix with Brooklyn or Manhattan","46a":"Dreamer: Fr.","48a":"Equilibriums","50a":"Cathedral parts","53a":"Manage to avoid","54a":"\"Damn Yankees\" composer","58a":"Bulgaria's capital","60a":"\"The Magic Flute\" role with \"the\"","66a":"Stalin's land","67a":"\"What ___!\" (\"That's funny!\")","68a":"Zhivago's love","69a":"J.D. holder","70a":"Café cup","71a":"Gush","1d":"Mr. Linkletter","2d":"Vientiane native","3d":"Telepathy","4d":"Dance: Prefix","5d":"\"___ Sanctorum\"","6d":"Actor Bert et al.","7d":"French seaport","8d":"Einstein's birthplace","9d":"Bossy's call","10d":"Suspend","11d":"Ireland","12d":"Green Gables girl","13d":"Gangster Diamond","18d":"Felt topper","19d":"90's songs","22d":"Shoe leathers for Elvis","23d":"As a whole","24d":"What early starters jump","26d":"Fine violin","27d":"British moms","29d":"Becomes tense","31d":"Sunlamp product","32d":"Plaza brat, in children's lit","33d":"Hooligan","34d":"Most logical","37d":"TV host Jack and others","38d":"Salamander","41d":"Make a hole","42d":"Keep","47d":"Make money","49d":"___ oneself of (uses)","51d":"These, in Lima","52d":"New York and London areas","54d":"Water, for Cato","55d":"Maid's target","56d":"\"___ we forget\"","57d":"Weird: Var.","59d":"Entertain grandly","61d":"Dobbin's tidbit","62d":"Agcy. for homeowners","63d":"Hiatus","64d":"Charlemagne's domain: Abbr.","65d":"Playing marble"},"answers":{"1a":"ALEC","5a":"ALBUM","10a":"HEAL","14a":"RASH","15a":"CARLO","16a":"ARNE","17a":"TOPOFTHEMORNING","20a":"REARS","21a":"AGNES","22a":"SITED","25a":"STAMP","28a":"UNHOOK","30a":"MASTERS","35a":"ETE","36a":"REPEAT","39a":"ALIA","40a":"DOGDAYAFTERNOON","43a":"ETUI","44a":"SATIRE","45a":"ITE","46a":"SONGEUR","48a":"STASES","50a":"APSES","53a":"AVERT","54a":"ADLER","58a":"SOFIA","60a":"QUEENOFTHENIGHT","66a":"USSR","67a":"AHOOT","68a":"LARA","69a":"ATTY","70a":"TASSE","71a":"SPEW","1d":"ART","2d":"LAO","3d":"ESP","4d":"CHOREO","5d":"ACTA","6d":"LAHRS","7d":"BREST","8d":"ULM","9d":"MOO","10d":"HANG","11d":"ERIN","12d":"ANNE","13d":"LEGS","18d":"FEDORA","19d":"RAPS","22d":"SUEDES","23d":"INTOTO","24d":"THEGUN","26d":"AMATI","27d":"MATERS","29d":"KEYSUP","31d":"TAN","32d":"ELOISE","33d":"RIOTER","34d":"SANEST","37d":"PAARS","38d":"EFT","41d":"DIG","42d":"RETAIN","47d":"EARN","49d":"AVAILS","51d":"ESTOS","52d":"SOHOS","54d":"AQUA","55d":"DUST","56d":"LEST","57d":"EERY","59d":"FETE","61d":"OAT","62d":"FHA","63d":"GAP","64d":"HRE","65d":"TAW"}}