{"numbers":[["-","1","2","3","4","5","6","7","8","-","9","10","11","12","13"],["14","","","","","","","","","-","15","","","",""],["16","","","","","","","","","-","17","","","",""],["18","","","","","","-","-","19","20","","","","",""],["21","","","","-","22","23","24","","","","-","25","",""],["26","","","-","-","27","","","","","-","28","","",""],["29","","","30","31","-","32","","","","33","","","",""],["-","-","-","34","","35","","","","","","","-","-","-"],["36","37","38","","","","","","","-","39","","40","41","42"],["43","","","","-","44","","","","45","-","-","46","",""],["47","","","-","48","","","","","","-","49","","",""],["50","","","51","","","","-","-","52","53","","","",""],["54","","","","","-","55","56","57","","","","","",""],["58","","","","","-","59","","","","","","","",""],["60","","","","","-","61","","","","","","","","-"]],"clues":{"1a":"Company agent","9a":"Yellow hue","14a":"Lincoln or Infiniti, e.g.","15a":"Pointed arch","16a":"Loathe","17a":"Place for locks","18a":"Knack","19a":"Fish-cleaning tools","21a":"Steel base","22a":"Blasting compound","25a":"1946 song \"A Rainy Night in ___\"","26a":"Kook","27a":"Midwest tornado site, 4/3/74","28a":"Scientist Pavlov","29a":"Canadian physician Sir William","32a":"Some bishops","34a":"Newfoundland lighthouse site","36a":"Verdi opera","39a":"Velveeta maker","43a":"\"Time ___ My Side\"","44a":"St. ___ (third-century child-martyr)","46a":"Whiz-bang","47a":"Pen's partner","48a":"Most congenial","49a":"Words from stubborn Scots","50a":"Egyptian relic","52a":"Geological formations","54a":"Hawk's weapon","55a":"Typify","58a":"Clan","59a":"Oysters' milieu","60a":"Emmy-winning Ed","61a":"Dickens's Miss Havisham, e.g.","1d":"Some auto imports","2d":"Speckled salamander","3d":"Light bulb unit","4d":"Irish lass's name","5d":"Grammarian's concern","6d":"Elvis's record label","7d":"Graze","8d":"Distinguished","9d":"Townie","10d":"Alike, to Jacques","11d":"Daughter of Jupiter","12d":"Of a reproductive gland","13d":"Wrestling holds","14d":"Univision TV viewer","20d":"Scuttle load","23d":"Food vouchers","24d":"Bening of \"The Grifters\"","28d":"Bakery gizmo","30d":"Dark","31d":"Theologians' subj.","33d":"Lot","35d":"Informal wear","36d":"Italian cheese","37d":"They're found between highs and lows","38d":"Fine French tapestry","40d":"Mineral in the teeth","41d":"Supermarket section","42d":"Salad preparer, maybe","45d":"New York Bay's ___ Island","48d":"West Coast gridder","49d":"Thread: Prefix","51d":"Part of a leaf, perhaps","53d":"Wrangles","56d":"Lulu","57d":"First name in despots"},"answers":{"1a":"SALESREP","9a":"LEMON","14a":"LUXURYCAR","15a":"OGIVE","16a":"ABOMINATE","17a":"CANAL","18a":"TALENT","19a":"SCALERS","21a":"IRON","22a":"AMATOL","25a":"RIO","26a":"NUT","27a":"XENIA","28a":"IVAN","29a":"OSLER","32a":"ANGLICANS","34a":"BELLEISLE","36a":"RIGOLETTO","39a":"KRAFT","43a":"ISON","44a":"VITUS","46a":"PRO","47a":"COB","48a":"NICEST","49a":"NAES","50a":"OBELISK","52a":"ARETES","54a":"TALON","55a":"EPITOMIZE","58a":"TRIBE","59a":"TIDEWATER","60a":"ASNER","61a":"SPINSTER","1d":"SUBARUS","2d":"AXOLOTL","3d":"LUMEN","4d":"ERIN","5d":"SYNTAX","6d":"RCA","7d":"EAT","8d":"PRESTIGIOUS","9d":"LOCAL","10d":"EGAL","11d":"MINERVA","12d":"OVARIAN","13d":"NELSONS","14d":"LATINO","20d":"COALS","23d":"MEALTICKETS","24d":"ANNETTE","28d":"ICER","30d":"EBON","31d":"REL","33d":"ILK","35d":"LEVIS","36d":"RICOTTA","37d":"ISOBARS","38d":"GOBELIN","40d":"APATITE","41d":"FREEZER","42d":"TOSSER","45d":"STATEN","48d":"NINER","49d":"NEMAT","51d":"LOBE","53d":"ROWS","56d":"PIP","57d":"IDI"}}