{"numbers":[["1","2","3","4","5","-","6","7","8","9","-","10","11","12","13"],["14","","","","","-","15","","","","-","16","","",""],["17","","","","","18","","","","","-","19","","",""],["20","","","","","","","-","21","","22","","-","-","-"],["23","","","","-","24","","25","","-","26","","27","28","29"],["30","","","-","31","","","","-","32","","","","",""],["-","-","-","-","33","","","","-","34","","","","",""],["-","35","36","37","","","","","38","","","","","","-"],["39","","","","","","-","40","","","","-","-","-","-"],["41","","","","","","-","42","","","","-","43","44","45"],["46","","","","","-","47","","","","-","48","","",""],["-","-","-","49","","50","","-","51","","52","","","",""],["53","54","55","","-","56","","57","","","","","","",""],["58","","","","-","59","","","","-","60","","","",""],["61","","","","-","62","","","","-","63","","","",""]],"clues":{"1a":"Watchdog grp.?","6a":"Fluid ___","10a":"Tiptop","14a":"Pocket","15a":"Pan's opposite","16a":"Retailer R.H.","17a":"With 35 Across, spy's question concerning wiretaps","19a":"Entire range","20a":"1981 and '84 Super Bowl champs","21a":"Behind","23a":"Dist. ___","24a":"Make out","26a":"Stationery supplies","30a":"Reading for eds.","31a":"60's TV host","32a":"Varied","33a":"\"Don't let ___ to your head\"","34a":"Took one's V-8?","35a":"See 17 Across","39a":"Damage to a photograph","40a":"\"___ of the Thousand Days\"","41a":"Opinions","42a":"Romanov V.I.P.","43a":"Grads.-to-be","46a":"Bogart film \"___ Joe\"","47a":"Baltic native","48a":"In ___ (sulking)","49a":"Lhasa ___","51a":"Dupe","53a":"Razz","56a":"Cleric's reply to agent","58a":"First-century poet","59a":"\"Music for the Millions\" author David","60a":"Excel","61a":"Actress Martin et al.","62a":"Mao successor","63a":"Spud","1d":"Guru's home","2d":"Brown furs","3d":"Lapwings","4d":"Expensive car, in slang","5d":"Shampoo ingredient","6d":"Olympic equestrian event","7d":"Piano tune","8d":"Cartoonist Tex","9d":"Pass (out)","10d":"After-dinner drink","11d":"Well-rehearsed","12d":"\"The Name of the Rose\" author","13d":"Child's rhyme finish","18d":"Shapes into a garland","22d":"One giving a wake-up call","25d":"Kind of court","27d":"Moises or Felipe","28d":"Sporting event","29d":"Pink Floyd founder Barrett","31d":"Indy break","32d":"Captains of industry","35d":"Woody's boy","36d":"Deep Throat, e.g.","37d":"Whistle cords","38d":"Jittery","39d":"Mo. clock setting","43d":"Carry (away)","44d":"Fix a seat","45d":"Durable race horse","47d":"\"Camelot\" composer","48d":"___ particle","50d":"Malamute's burden","52d":"\"Hey, you!\"","53d":"Comic Lovitz","54d":"Wagner soprano","55d":"\"...___ Berliner\"","57d":"Hour for blowing taps"},"answers":{"1a":"ASPCA","6a":"DRAM","10a":"APEX","14a":"STEAL","15a":"RAVE","16a":"MACY","17a":"HOWDOWEGET","19a":"ATOZ","20a":"RAIDERS","21a":"REAR","23a":"ATTY","24a":"ESPY","26a":"REAMS","30a":"MSS","31a":"PAAR","32a":"MOTLEY","33a":"ITGO","34a":"AUTOED","35a":"ALLTHEBUGSOUT","39a":"CREASE","40a":"ANNE","41a":"SLANTS","42a":"TSAR","43a":"SRS","46a":"TOKYO","47a":"LETT","48a":"APET","49a":"APSO","51a":"REPLICA","53a":"JEER","56a":"LETUSSPRAY","58a":"OVID","59a":"EWEN","60a":"SHINE","61a":"NANS","62a":"DENG","63a":"TATER","1d":"ASHRAM","2d":"STOATS","3d":"PEWITS","4d":"CADDY","5d":"ALOE","6d":"DRESSAGE","7d":"RAG","8d":"AVERY","9d":"METE","10d":"AMARETTO","11d":"PAT","12d":"ECO","13d":"XYZ","18d":"WREATHES","22d":"AROUSER","25d":"PROBATE","27d":"ALOU","28d":"MEET","29d":"SYD","31d":"PITSTOP","32d":"MAGNATES","35d":"ARLO","36d":"LEAK","37d":"LANYARDS","38d":"UNSTRUNG","39d":"CST","43d":"SPIRIT","44d":"RECANE","45d":"STAYER","47d":"LOEWE","48d":"ALPHA","50d":"SLED","52d":"PSST","53d":"JON","54d":"EVA","55d":"EIN","57d":"TEN"}}