{"numbers":[["1","2","3","-","-","-","4","5","6","7","8","9","10","-","11","12","13","14","-","-","15","16","17"],["18","","","19","-","20","","","","","","","","-","21","","","","-","22","","",""],["23","","","","-","24","","","","","","","","-","25","","","","26","","","",""],["27","","","","28","","","-","29","","","","-","30","","","","-","31","","","",""],["-","-","-","32","","","","-","-","33","","","-","34","","","","-","35","","","",""],["36","37","38","","","-","39","40","41","-","-","42","43","","-","44","","45","","","","-","-"],["46","","","","","-","47","","","-","48","","","-","49","","","","-","50","","51","-"],["52","","","","","53","-","54","","55","","","","56","","-","57","","58","","","","59"],["60","","","","-","61","62","","","","","","-","63","","64","-","65","","","","",""],["66","","","","67","","","-","68","","","","-","69","","","70","-","71","","","",""],["-","-","-","72","","","","-","73","","","","-","74","","","","-","75","","","",""],["76","77","78","","","-","79","80","","-","81","","82","-","83","","","-","84","","","",""],["85","","","","","-","86","","","87","-","88","","89","","-","90","91","","","-","-","-"],["92","","","","","-","93","","","","-","94","","","","-","95","","","","96","97","98"],["99","","","","","100","-","101","","","-","102","","","","103","","","-","104","","",""],["105","","","","","","106","-","107","","108","","","","","","-","109","110","","","",""],["-","111","","","-","112","","113","","-","114","","","-","115","","116","-","117","","","",""],["-","-","118","","119","","","","-","120","","","-","-","121","","","-","122","","","",""],["123","124","","","","-","125","","126","","-","127","128","129","-","-","130","131","","","-","-","-"],["132","","","","","-","133","","","","-","134","","","135","-","136","","","","137","138","139"],["140","","","","","141","","","","-","142","","","","","143","","","-","144","","",""],["145","","","","-","146","","","","-","147","","","","","","","","-","148","","",""],["149","","","-","-","150","","","","-","151","","","","","","","-","-","-","152","",""]],"clues":{"1a":"Biblical transport","4a":"Comedians, often","11a":"___ War","15a":"Fresh Prince medium","18a":"Covert","20a":"Couldn't stand","21a":"Hoof sound","22a":"Handel opera","23a":"So","24a":"Object of a onetime search","25a":"Stomach ailment","27a":"Composition type","29a":"Be inclined","30a":"Due","31a":"Euro meeting spots","32a":"Mathematician Turing","33a":"Words of comparison","34a":"Revolutionary period","35a":"Like gymnasts","36a":"Barrel part","39a":"Econ. figure","42a":"First U.N. Secretary General","44a":"Book with a Mass audience","46a":"Communicate with quickly","47a":"Modern money","48a":"Alphabet sequence","49a":"Showy","50a":"And more","52a":"\"Othello\" character","54a":"Home project","57a":"Aspen business","60a":"Site for stained-glass windows","61a":"'70s pop greasers","63a":"Grok","65a":"Einstein or Fermi, e.g.","66a":"Pulp fictionesque","68a":"Allege","69a":"Newspaper publisher Chandler","71a":"Betelgeuse's constellation","72a":"___ mouthful","73a":"One looking for a match?","74a":"Shah name","75a":"Mercury project hero","76a":"Up to this point","79a":"Part of many E-mail addresses","81a":"Across the street from: Abbr.","83a":"___ Kan pet foods","84a":"QB John","85a":"Fad doll of the '90s","86a":"Basis for financial aid","88a":"Collegians' extracurricular activity","90a":"Hawks' arena","92a":"Like some bars","93a":"Aspirin target","94a":"Galba's successor","95a":"Life jacket","99a":"Ancient documents","101a":"\"___ De-Lovely\" (1937 hit)","102a":"Modem requirement","104a":"Tresses, in Dresden","105a":"Massaged","107a":"Proverbial last-place finishers","109a":"Not right","111a":"Novel subtitled \"A History of Adventure\"","112a":"Tiller's start","114a":"Legendary Latin hero","115a":"Royal Dutch Airlines","117a":"Little amount","118a":"\"Here...!\"","120a":"Neighbor of Russ.","121a":"Main","122a":"They come with bows and beaus","123a":"J.D. Cameron book series","125a":"Manx's lack","127a":"It can come as a shock","130a":"\"Phooey!\"","132a":"City on the Rhine","133a":"First Bond flick","134a":"Like '50s LP's","136a":"Nestlé bar","140a":"1912 Peace Nobelist","142a":"Stuffing for olives","144a":"It's a laugh","145a":"Repro","146a":"Kind of soup","147a":"Best Actor of 1992","148a":"Rank","149a":"Cochlea's locale","150a":"Fuss","151a":"Lugs","152a":"Young fellow","1d":"Actor Guinness","2d":"Geena Davis sitcom","3d":"Speak with the hands","4d":"Hodgepodge","5d":"___ guard","6d":"Phlebitis problem","7d":"Divided land","8d":"Photographer Walker ___","9d":"Advance in business","10d":"Hit letters","11d":"Former NBC newsman Frank","12d":"Where Forrest Gump grew up","13d":"Flared items","14d":"Choose","15d":"Schwarzenegger wannabe","16d":"Shakespearean sprite","17d":"Range group","19d":"Transportation for Charlie, in a Roald Dahl book","20d":"White cheese","22d":"Former rebel cry","26d":"Some TV's","28d":"Grandson of Catherine the Great, informally","30d":"Colorant","36d":"Hearty entrée","37d":"Musical speeds","38d":"Select group","40d":"March Madness org.","41d":"Aboveboard","43d":"\"___ Fell\" (Beatles song)","45d":"Benefit","48d":"Moolah","49d":"Like '70s inflation","51d":"Mexican beer brand","53d":"Needing a tan","55d":"One of the Monkees","56d":"Pervasive atmosphere","58d":"\"Your Show of Shows\" name","59d":"Kind of weight","62d":"Pack animal: Var.","64d":"Sphinx site","67d":"Five or six people, say","70d":"Biblical dancer","76d":"Quantity of poker chips","77d":"Vital ___","78d":"Make lots of noise","80d":"Metric prefix","82d":"Vichyssoise, e.g.","87d":"Mr. Arnaz","89d":"Drive-___","91d":"Japanese merchant ship","96d":"Brings home","97d":"Impertinence","98d":"Newspaper sources","100d":"Architect Saarinen","103d":"Vacation spot","106d":"\"Stop!\"","108d":"Injection amts.","110d":"Direction suggested by this puzzle's theme","113d":"Yellowish-pink flower","116d":"Strands","119d":"Asian border river","120d":"Jeff Lynne band","123d":"More than pudgy","124d":"Its capital is Valetta","126d":"Under one's charge","128d":"Zip","129d":"Shaq","131d":"Comment from Mr. Moto","135d":"Fairy tale start","137d":"Catch red-handed","138d":"Wife of Cronus","139d":"The \"y\" in Nimby","141d":"Y offerings: Abbr.","142d":"___ allé (ballet move)","143d":"15%, maybe"},"answers":{"1a":"ASS","4a":"MOCKERS","11a":"MANO","15a":"RAP","18a":"LAIR","20a":"FELLOVER","21a":"CLOP","22a":"NERO","23a":"ERGO","24a":"ELDORADO","25a":"GASTRITIS","27a":"CANTATA","29a":"TEND","30a":"DEBT","31a":"CAFES","32a":"ALAN","33a":"ASA","34a":"YEAR","35a":"AGILE","36a":"STAVE","39a":"GNP","42a":"LIE","44a":"MISSAL","46a":"TELEX","47a":"ECU","48a":"DEF","49a":"GALA","50a":"ETC","52a":"EMILIA","54a":"ADDITION","57a":"SKISHOP","60a":"APSE","61a":"SHANANA","63a":"DIG","65a":"EMIGRE","66a":"KITSCHY","68a":"AVER","69a":"OTIS","71a":"ORION","72a":"SAYA","73a":"PYRO","74a":"REZA","75a":"GLENN","76a":"SOFAR","79a":"EDU","81a":"OPP","83a":"KAL","84a":"ELWAY","85a":"TROLL","86a":"NEED","88a":"ROTC","90a":"OMNI","92a":"AGOGO","93a":"ACHE","94a":"OTHO","95a":"MAEWEST","99a":"CARTAE","101a":"ITS","102a":"CARRIER","104a":"HAAR","105a":"KNEADED","107a":"NICEGUYS","109a":"UNTRUE","111a":"SHE","112a":"ROTO","114a":"CHE","115a":"KLM","117a":"OUNCE","118a":"TRYONE","120a":"EST","121a":"SEA","122a":"ROSES","123a":"OMEGA","125a":"TAIL","127a":"BOO","130a":"RATS","132a":"BASEL","133a":"DRNO","134a":"MONO","136a":"OHHENRY","140a":"ELIHUROOT","142a":"PIMENTOS","144a":"HAHA","145a":"STAT","146a":"MISO","147a":"ALPACINO","148a":"TIER","149a":"EAR","150a":"STEW","151a":"SCHLEPS","152a":"LAD","1d":"ALEC","2d":"SARA","3d":"SIGN","4d":"MELANGE","5d":"OLD","6d":"CLOT","7d":"KOREA","8d":"EVANS","9d":"REDDALETAROPROCEHTBMILC","10d":"SRO","11d":"MCGEE","12d":"ALABAMA","13d":"NOSTRILS","14d":"OPT","15d":"RETFILTHGIEW","16d":"ARIEL","17d":"POSSE","19d":"ROTAVELESSALGTAERGEHT","20d":"FETA","22d":"NIAGAESIRLLIWHTUOSEHT","26d":"RCAS","28d":"ALEXI","30d":"DYE","36d":"STEAK","37d":"TEMPI","38d":"ALIST","40d":"NCAA","41d":"PUDNAPUEHTNO","43d":"IFI","45d":"SAKE","48d":"DINERO","49d":"GNITEKCORYKS","51d":"CORONA","53d":"ASHY","55d":"DAVY","56d":"ODOR","58d":"IMOGENE","59d":"PENNY","62d":"HYAENA","64d":"GIZA","67d":"CARLOAD","70d":"SALOME","76d":"STACK","77d":"ORGANS","78d":"FOOREHTESIAR","80d":"DECI","82d":"POTAGE","87d":"DESI","89d":"THRU","91d":"MARU","96d":"EARNS","97d":"SAUCE","98d":"TREES","100d":"EERO","103d":"ISLE","106d":"DONTDOIT","108d":"CCS","110d":"NORTH","113d":"TEAROSE","116d":"MAROONS","119d":"YALU","120d":"ELO","123d":"OBESE","124d":"MALTA","126d":"INTOW","128d":"OOMPH","129d":"ONEAL","131d":"AHSO","135d":"ONCE","137d":"NAIL","138d":"RHEA","139d":"YARD","141d":"RMS","142d":"PAS","143d":"TIP"}}