{"numbers":[["1","2","3","4","5","-","6","7","8","9","-","10","11","12","13"],["14","","","","","-","15","","","","-","16","","",""],["17","","","","","18","","","","","-","19","","",""],["20","","","","","","","-","21","","22","","","",""],["-","-","-","-","23","","","24","-","-","25","","","",""],["26","27","28","29","-","30","","","31","32","","","-","-","-"],["33","","","","34","-","-","35","","","","-","36","37","38"],["39","","","","","40","41","","","","","42","","",""],["43","","","-","44","","","","-","-","45","","","",""],["-","-","-","46","","","","","47","48","-","49","","",""],["50","51","52","","","-","-","53","","","54","-","-","-","-"],["55","","","","","56","57","-","58","","","59","60","61","62"],["63","","","","-","64","","65","","","","","","",""],["66","","","","-","67","","","","-","68","","","",""],["69","","","","-","70","","","","-","71","","","",""]],"clues":{"1a":"Impressionist Edgar","6a":"Nothing, slangily","10a":"Puppeteer Tony","14a":"Put on ___ (pretend)","15a":"Cheese from Holland","16a":"Ivan or Nicholas, e.g.","17a":"Prime ore source","19a":"Mr. Preminger","20a":"Dead Sea Scrolls people","21a":"Main courses","23a":"Scent","25a":"Cattle groups","26a":"One with a crystal ball","30a":"Asses wild?","33a":"Wedding site","35a":"Lima's land","36a":"Kimono sash","39a":"Santa Claus","43a":"Opposite of WSW","44a":"\"Ver-ry funny\"","45a":"Pageant crown","46a":"Furniture covers","49a":"Bird of ___","50a":"On the briny","53a":"Conduct","55a":"Not taking sides","58a":"College board member","63a":"Wynken, Blynken and Nod, e.g.","64a":"Renowned chef","66a":"Town near Padua","67a":"___ vera","68a":"Taut","69a":"Proof of title","70a":"Carpets","71a":"Beelzebub","1d":"\"There is Nothin' Like a ___\"","2d":"Grandson of Adam","3d":"Mobsters' guns","4d":"Yearn passionately","5d":"Meeting transcriber","6d":"Ozzie or Willie","7d":"Fuss","8d":"Miami's county","9d":"\"So be it!\"","10d":"Packs away","11d":"Fall flower","12d":"Put on a scale of 1 to 10","13d":"Indecent","18d":"Make over","22d":"Liftoff rocket's force","24d":"\"St. George and the Dragon\" artist","26d":"Ump's call","27d":"Flair","28d":"Little: Suffix","29d":"Short cheer","31d":"Switz. neighbor","32d":"Verdi's \"___ tu\"","34d":"Take new testimony from","36d":"Actor Sharif","37d":"Like some necessities","38d":"\"___ old chap...\"","40d":"Sought office","41d":"Revolutionary Guevara","42d":"Gratuity","46d":"Nixed at the Security Council","47d":"Adjusts laces","48d":"Film \"Two Mules for Sister ___\"","50d":"Chipped into the pot","51d":"Succinct","52d":"Bridal ___","54d":"Conduits","56d":"Partly open","57d":"Little comics girl","59d":"Mets stadium","60d":"Salon job","61d":"\"Lohengrin\" soprano","62d":"Paradise","65d":"Ship's record"},"answers":{"1a":"DEGAS","6a":"NADA","10a":"SARG","14a":"ANACT","15a":"EDAM","16a":"TSAR","17a":"MOTHERLODE","19a":"OTTO","20a":"ESSENES","21a":"ENTREES","23a":"ODOR","25a":"HERDS","26a":"SEER","30a":"ONAGERS","33a":"ALTAR","35a":"PERU","36a":"OBI","39a":"FATHERCHRISTMAS","43a":"ENE","44a":"HAHA","45a":"TIARA","46a":"VENEERS","49a":"PREY","50a":"ATSEA","53a":"LEAD","55a":"NEUTRAL","58a":"TRUSTEE","63a":"TRIO","64a":"JULIACHILD","66a":"ESTE","67a":"ALOE","68a":"TENSE","69a":"DEED","70a":"RUGS","71a":"SATAN","1d":"DAME","2d":"ENOS","3d":"GATS","4d":"ACHE","5d":"STENO","6d":"NELSON","7d":"ADO","8d":"DADE","9d":"AMEN","10d":"STORES","11d":"ASTER","12d":"RATED","13d":"GROSS","18d":"REDO","22d":"THRUST","24d":"RAPHAEL","26d":"SAFE","27d":"ELAN","28d":"ETTE","29d":"RAH","31d":"GER","32d":"ERI","34d":"REHEAR","36d":"OMAR","37d":"BARE","38d":"ISAY","40d":"RAN","41d":"CHE","42d":"TIP","46d":"VETOED","47d":"RETIES","48d":"SARA","50d":"ANTED","51d":"TERSE","52d":"SUITE","54d":"DUCTS","56d":"AJAR","57d":"LULU","59d":"SHEA","60d":"TINT","61d":"ELSA","62d":"EDEN","65d":"LOG"}}