{"numbers":[["1","2","3","4","5","6","7","8","-","9","10","11","12","13","14"],["15","","","","","","","","-","16","","","","",""],["17","","","","","","","","-","18","","","","",""],["19","","","-","20","","","","-","21","","","","",""],["22","","","23","-","24","","","25","-","26","","","",""],["27","","","","28","-","29","","","30","-","31","","",""],["32","","","","","33","-","34","","","35","","","",""],["-","-","-","36","","","37","-","38","","","","-","-","-"],["39","40","41","","","","","42","-","43","","","44","45","46"],["47","","","","-","48","","","49","-","50","","","",""],["51","","","","52","-","53","","","54","-","55","","",""],["56","","","","","57","-","58","","","59","-","60","",""],["61","","","","","","-","62","","","","63","","",""],["64","","","","","","-","65","","","","","","",""],["66","","","","","","-","67","","","","","","",""]],"clues":{"1a":"Vronsky's love","9a":"Went easily","15a":"Kind of hotel plan","16a":"One who stays at home?","17a":"Lothario","18a":"Judicial declaration","19a":"Point-Four Program inits.","20a":"Word of agreement","21a":"Lane demarcation","22a":"Another name for the upper Thames","24a":"Ivy Leaguers","26a":"Nosy one","27a":"Damsel's reply to the villain","29a":"Patsies","31a":"British carbine","32a":"Astaire and Hugo","34a":"Gymnast's feat","36a":"Subside","38a":"C or G, e.g.","39a":"Circles","43a":"Old film-making equipment","47a":"Brown, e.g.: Abbr.","48a":"It has roots and many branches","50a":"Tart start","51a":"Make another clove hitch","53a":"Give power to","55a":"Art Deco artist","56a":"Old-time singer Sir Harry","58a":"Word with film or cartridge","60a":"La-la lead-in","61a":"Hard: Prefix","62a":"Put out of reach of","64a":"Goddess pictured with a globe","65a":"For everyone to see","66a":"More vivacious","67a":"Vocal pessimist","1d":"Kind of doll","2d":"Collected","3d":"Unquiet","4d":"70's-80's political cause","5d":"First of a famous trio","6d":"\"___ to bury Caesar...\"","7d":"Subjects of contemplation","8d":"Biblical dissembler","9d":"Beer","10d":"Friendliness","11d":"Len Deighton novel, with \"The\"","12d":"Assailed","13d":"Volcano","14d":"Humiliates","23d":"Plain","25d":"Minor's advocacy grp.","28d":"Caboose","30d":"Alluvium","33d":"Kind of chance","35d":"Lord's worker","37d":"Rare book-dealer's unit","39d":"Gets comfortable","40d":"43,560 square feet","41d":"Like some heads","42d":"Smitten with","44d":"Show","45d":"Beat at the rodeo","46d":"Fantast","49d":"Last Chance Gulch site","52d":"Raising goose pimples","54d":"Fresh","57d":"Crowd sound","59d":"Educ. groups","63d":"Brother"},"answers":{"1a":"KARENINA","9a":"SAILED","15a":"AMERICAN","16a":"UMPIRE","17a":"CASANOVA","18a":"DICTUM","19a":"HST","20a":"AMEN","21a":"STRIPE","22a":"ISIS","24a":"ELIS","26a":"YENTA","27a":"NEVER","29a":"SAPS","31a":"STEN","32a":"ADELES","34a":"SCISSORS","36a":"FALL","38a":"CLEF","39a":"COTERIES","43a":"TRIPOD","47a":"UNIV","48a":"MATH","50a":"FLOUR","51a":"RETIE","53a":"FUEL","55a":"ERTE","56a":"LAUDER","58a":"CLIP","60a":"TRA","61a":"SCLERO","62a":"KEPTFROM","64a":"URANIA","65a":"ONPARADE","66a":"PERTER","67a":"NAYSAYER","1d":"KACHINA","2d":"AMASSED","3d":"RESTIVE","4d":"ERA","5d":"NINA","6d":"ICOME","7d":"NAVELS","8d":"ANANIAS","9d":"SUDS","10d":"AMITY","11d":"IPCRESSFILE","12d":"LITINTO","13d":"ERUPTER","14d":"DEMEANS","23d":"SELFEVIDENT","25d":"SPCC","28d":"REAR","30d":"SILT","33d":"SLIM","35d":"SERF","37d":"LEAF","39d":"CURLSUP","40d":"ONEACRE","41d":"TITULAR","42d":"STUCKON","44d":"PORTRAY","45d":"OUTRODE","46d":"DREAMER","49d":"HELENA","52d":"EERIE","54d":"LIPPY","57d":"ROAR","59d":"PTAS","63d":"FRA"}}