{"numbers":[["1","2","3","4","5","6","7","-","8","9","10","11","12","13","14"],["15","","","","","","","-","16","","","","","",""],["17","","","","","","","-","18","","","","","",""],["19","","","","","-","20","21","","-","22","","","",""],["23","","","","-","24","","","","25","-","26","","",""],["27","","","-","28","","","","","","29","-","30","",""],["31","","","32","","","","","-","33","","34","","",""],["-","-","-","35","","","","","36","","","","-","-","-"],["37","38","39","","","","-","40","","","","","41","42","43"],["44","","","-","45","","46","","","","","-","47","",""],["48","","","49","-","50","","","","","-","51","","",""],["52","","","","53","-","54","","","-","55","","","",""],["56","","","","","57","","-","58","59","","","","",""],["60","","","","","","","-","61","","","","","",""],["62","","","","","","","-","63","","","","","",""]],"clues":{"1a":"Monster slain by Bellerophon","8a":"Couldn't get a grip","15a":"Like some guests","16a":"Flow","17a":"Relieve","18a":"One in a dangerous school","19a":"Mini-peninsulas","20a":"Mekong Buddhist","22a":"Forest nymph","23a":"Fairy mound of Irish folklore","24a":"Not au courant","26a":"Rural route","27a":"Sparklers","28a":"Deli machines","30a":"Clark of \"Hee Haw\"","31a":"Lover's offering","33a":"Bull's eye","35a":"More than a nuisance","37a":"Attack","40a":"Periodic oscillation","44a":"Not seal'd","45a":"Unclean","47a":"Article for the Brothers Grimm","48a":"5000 or Vigor, e.g.","50a":"Where some sleighs land","51a":"Play, in a sense","52a":"Sound of a toast","54a":"Prefix with planar or polar","55a":"White-leafed flower","56a":"More exciting","58a":"Isaac Bashevis Singer novel","60a":"Importune","61a":"Rodeo gear","62a":"Kind of fighter","63a":"Courtside chant","1d":"Frame","2d":"Pilgrim's shelter","3d":"One with privileged knowledge","4d":"Spout (off)","5d":"Precambrian and others","6d":"Ordinary size: Abbr.","7d":"\"Guys and Dolls\" doll","8d":"Oust","9d":"Bon or mon follower","10d":"Plant used in ancient ointments","11d":"Contort","12d":"Whistle cord","13d":"Rubbing alcohol","14d":"Dick ___, \"H.M.S. Pinafore\" seaman","21d":"Event in Luke, with \"the\"","24d":"Diner offering","25d":"Heraldic furs","28d":"Three-time Masters winner","29d":"Begot","32d":"Flood's counterpart","34d":"Drops in the morning","36d":"Well site","37d":"Trains","38d":"Lavish","39d":"Make peace","41d":"Kind of harp","42d":"\"By ashen roots the ___ blow\": Tennyson","43d":"All together","46d":"Annual holiday, with \"the\"","49d":"Vedic god of rain and thunder","51d":"Lustrous fiber","53d":"Port on the Baltic","55d":"Publisher Bennett","57d":"Down","59d":"Refusal, in Renfrew"},"answers":{"1a":"CHIMERA","8a":"DANGLED","15a":"HONORED","16a":"EMANATE","17a":"ASSUAGE","18a":"PIRANHA","19a":"SPITS","20a":"LAO","22a":"DRYAD","23a":"SIDH","24a":"PASSE","26a":"LANE","27a":"ICE","28a":"SLICERS","30a":"ROY","31a":"SERENADE","33a":"MIDDLE","35a":"BETENOIRE","37a":"COMBAT","40a":"SINEWAVE","44a":"OPE","45a":"DEFILED","47a":"EIN","48a":"AUDI","50a":"ROOFS","51a":"ROOM","52a":"CLINK","54a":"UNI","55a":"CALLA","56a":"HEADIER","58a":"ENEMIES","60a":"ENTREAT","61a":"LARIATS","62a":"STEALTH","63a":"DEFENSE","1d":"CHASSIS","2d":"HOSPICE","3d":"INSIDER","4d":"MOUTH","5d":"ERAS","6d":"REG","7d":"ADELAIDE","8d":"DEPOSE","9d":"AMI","10d":"NARD","11d":"GNARL","12d":"LANYARD","13d":"ETHANOL","14d":"DEADEYE","21d":"ASCENSION","24d":"PLATTER","25d":"ERMINES","28d":"SNEAD","29d":"SIRED","32d":"EBB","34d":"DEW","36d":"OILFIELD","37d":"COACHES","38d":"OPULENT","39d":"MEDIATE","41d":"AEOLIAN","42d":"VIOLETS","43d":"ENMASSE","46d":"FOURTH","49d":"INDRA","51d":"RAMIE","53d":"KIEL","55d":"CERF","57d":"EAT","59d":"NAE"}}