{"numbers":[["1","2","3","4","-","5","6","7","8","9","-","10","11","12","13","14","15","-","16","17","18"],["19","","","","-","20","","","","","-","21","","","","","","-","22","",""],["23","","","","24","","","","","","25","","","","","","","-","26","",""],["27","","","","","-","28","","","-","29","","","","","-","-","30","","",""],["-","-","-","31","","32","","-","33","34","","","","","","35","36","","","",""],["37","38","39","","","","","40","-","41","","","-","-","-","42","","","","","-"],["43","","","","","","-","44","45","","","-","46","47","48","","","","","-","-"],["49","","","","","","50","","","","","51","","","","-","-","-","52","53","54"],["55","","","-","-","56","","","","-","-","57","","","","-","58","59","","",""],["-","-","-","-","60","","","-","-","61","62","","","","","-","63","","","",""],["-","64","65","66","","","","67","68","","","","","","","69","","","","","-"],["70","","","","","-","71","","","","","","-","-","72","","","-","-","-","-"],["73","","","","","-","74","","","","-","-","75","76","","","-","-","77","78","79"],["80","","","-","-","-","81","","","","82","83","","","","","84","85","","",""],["-","-","86","87","88","89","","","","-","90","","","","-","91","","","","",""],["-","92","","","","","-","-","-","93","","","-","94","95","","","","","",""],["96","","","","","","97","98","99","","","","100","-","101","","","","-","-","-"],["102","","","","-","-","103","","","","","-","104","105","","-","106","","107","108","109"],["110","","","-","111","112","","","","","","113","","","","114","","","","",""],["115","","","-","116","","","","","","-","117","","","","","-","118","","",""],["119","","","-","120","","","","","","-","121","","","","","-","122","","",""]],"clues":{"1a":"Puncturing tools","5a":"On the way out","10a":"Blood component","16a":"Harper Valley grp.","19a":"Flyswatter, of a sort","20a":"Kind of cat","21a":"Womanizer","22a":"Wine choice","23a":"Joey Buttafuoco's favorite song","26a":"Flight board abbr.","27a":"Poms' acquaintances","28a":"Be beholden to","29a":"Gone from the plate","30a":"Ghanian language","31a":"Multipurpose food item","33a":"Tatum O'Neal's favorite film","37a":"Bedfellow","41a":"Inquired, in Dogpatch","42a":"It gives one a leg up","43a":"Fictional miser","44a":"Cast assignment","46a":"Items pitched on late-night TV","49a":"Dr. Kevorkian's favorite rock group","52a":"Word of woe","55a":"Pin ___","56a":"The least bit","57a":"Flat plinth","58a":"Complain","60a":"Fannie of finance","61a":"Firestone product","63a":"Trained","64a":"Di's and Fergie's favorite play, with \"The\"","70a":"One of the Wyeths","71a":"Happifies","72a":"Bit of pizzazz?","73a":"Echo, for one","74a":"Movie base for Broadway's \"Carnival!\"","75a":"All over","77a":"Agra word","80a":"Him that's a Hur?","81a":"Julia Child's favorite comedy","86a":"Lord's land","90a":"Hair-grooming aids","91a":"Misha's milieu","92a":"Debussy opus","93a":"Future fish","94a":"Sequesters","96a":"Darryl Strawberry's favorite movie","101a":"Olive's family","102a":"Diva's big moment","103a":"Italian actress Stoller","104a":"Cleo's undoing","106a":"\"Animal House\" nickname","110a":"\"Winterset\" hero","111a":"Bill Gates's favorite restaurant","115a":"Embargo","116a":"Jessica in a murder series","117a":"Trouble spot","118a":"Govt. disaster-aid inits.","119a":"Part of T.G.I.F.","120a":"\"This Sporting Life\" writer","121a":"No longer hungry","122a":"Order to an imp, with \"up\"","1d":"Upon","2d":"Fade","3d":"Trounce","4d":"Nearly snowing","5d":"Wok","6d":"No holds barred","7d":"Poky","8d":"Cut off","9d":"Sight site","10d":"Flexible","11d":"Latvians","12d":"Needed liniment","13d":"Writer Alexander","14d":"One on the rolls: Abbr.","15d":"Ending with diet or diction","16d":"As fast as possible","17d":"Animal restraint","18d":"Robin of balladry","24d":"Related compound","25d":"Ermine, e.g.","30d":"\"___ she blows!\"","32d":"Kind of look","34d":"Sup'ung Dam site","35d":"Western coll.","36d":"Telecommunications giant","37d":"\"___ be Queen o' the May\"","38d":"Okinawa's capital","39d":"Himalayan hike","40d":"\"I hope to see London once ___ die\": Shak.","45d":"Time and again","46d":"Line of type","47d":"80's-90's NBC drama","48d":"More than an admirer","50d":"Pinero's \"Trelawny of ___\"","51d":"Noodleheads","53d":"Dilly","54d":"Converted sofa","58d":"Get in a little way","59d":"\"To Each ___ Own\"","60d":"The Posts' TV companion","61d":"Double a knot","62d":"Peer Gynt's mother","64d":"Mate for 60-Down","65d":"Text corrections","66d":"River inlet","67d":"Ancient Troy","68d":"Water regulator","69d":"Paper distributor","70d":"Man from Uz","75d":"Union abbr.","76d":"Unless, in court","77d":"End of a certain game","78d":"Suit to ___","79d":"\"West Side Story\" gang","82d":"Old Greek malls","83d":"High schooler","84d":"Candle source","85d":"Leave the pad","87d":"Lady Hamilton","88d":"\"Cry ___ River\"","89d":"Directional suffix","92d":"Will Rogers prop","93d":"Fashion show locale","95d":"1982 Oscar portrayal","96d":"Great Prince of the Forest","97d":"1964 #1 hit","98d":"Church dignitary","99d":"\"A Confederacy of Dunces\" author","100d":"Nick name","105d":"Datum","107d":"Cobbler's need","108d":"City of ___ (New Haven, Conn.)","109d":"F.D.A. figures","111d":"Had been","112d":"Bankbook abbr.","113d":"C.I.A.'s forerunner","114d":"Sign off"},"answers":{"1a":"AWLS","5a":"PASSE","10a":"PLASMA","16a":"PTA","19a":"TAIL","20a":"ALLEY","21a":"LECHER","22a":"RED","23a":"ONCEINLOVEWITHAMY","26a":"ETA","27a":"PEKES","28a":"OWE","29a":"EATEN","30a":"TSHI","31a":"TOFU","33a":"RYANSDAUGHTER","37a":"INTIMATE","41a":"AST","42a":"STAIR","43a":"MARNER","44a":"ROLE","46a":"SLICERS","49a":"THEGRATEFULDEAD","52a":"SOB","55a":"OAK","56a":"WHIT","57a":"ORLO","58a":"WHINE","60a":"MAE","61a":"RADIAL","63a":"AIMED","64a":"MERRYWIVESOFWINDSOR","70a":"JAMIE","71a":"ELATES","72a":"ZEE","73a":"OREAD","74a":"LILI","75a":"ANEW","77a":"TAJ","80a":"BEN","81a":"LOVEATFIRSTBITE","86a":"DEMESNE","90a":"GELS","91a":"BALLET","92a":"LAMER","93a":"ROE","94a":"ISOLATES","96a":"BATMANRETURNS","101a":"OYLS","102a":"ARIA","103a":"ILONA","104a":"ASP","106a":"OTTER","110a":"MIO","111a":"WINDOWSONTHEWORLD","115a":"BAN","116a":"ANGELA","117a":"STAIN","118a":"FEMA","119a":"ITS","120a":"STOREY","121a":"SATED","122a":"FESS","1d":"ATOP","2d":"WANE","3d":"LICK","4d":"SLEETING","5d":"PAN","6d":"ALLOUT","7d":"SLOW","8d":"SEVER","9d":"EYE","10d":"PLIANT","11d":"LETTS","12d":"ACHED","13d":"SHANA","14d":"MEM","15d":"ARY","16d":"PRESTISSIMO","17d":"TETHER","18d":"ADAIR","24d":"ISOMER","25d":"WEASEL","30d":"THAR","32d":"FARAWAY","34d":"YALU","35d":"USC","36d":"GTE","37d":"IMTO","38d":"NAHA","39d":"TREK","40d":"EREI","45d":"OFT","46d":"SERIF","47d":"LALAW","48d":"IDOLIZER","50d":"THEWELLS","51d":"DODOS","53d":"ONER","54d":"BED","58d":"WADE","59d":"HIS","60d":"MRED","61d":"RETIE","62d":"ASE","64d":"MARE","65d":"EMENDATIONS","66d":"RIA","67d":"ILION","68d":"VALVE","69d":"NEWSBOY","70d":"JOB","75d":"AFL","76d":"NISI","77d":"TILT","78d":"ATEE","79d":"JETS","82d":"AGORAS","83d":"TEEN","84d":"TALLOW","85d":"BLASTOFF","87d":"EMMA","88d":"MEA","89d":"ERN","92d":"LARIAT","93d":"RUNWAY","95d":"SOPHIE","96d":"BAMBI","97d":"RINGO","98d":"ELDER","99d":"TOOLE","100d":"SANTA","105d":"STAT","107d":"TREE","108d":"ELMS","109d":"RDAS","111d":"WAS","112d":"INT","113d":"OSS","114d":"END"}}