{"numbers":[["1","2","3","4","5","-","6","7","8","9","-","10","11","12","13"],["14","","","","","-","15","","","","-","16","","",""],["17","","","","","-","18","","","","-","19","","",""],["20","","","","","21","","","","","22","","","",""],["-","-","-","23","","","","-","24","","","","-","-","-"],["25","26","27","","-","28","","29","-","30","","","31","32","33"],["34","","","-","-","35","","","36","-","37","","","",""],["38","","","39","40","","","","","41","","","","",""],["42","","","","","-","43","","","","-","-","44","",""],["45","","","","","46","-","47","","","-","48","","",""],["-","-","-","49","","","50","-","51","","52","","-","-","-"],["53","54","55","","","","","56","","","","","57","58","59"],["60","","","","-","61","","","","-","62","","","",""],["63","","","","-","64","","","","-","65","","","",""],["66","","","","-","67","","","","-","68","","","",""]],"clues":{"1a":"___ chart (horoscope)","6a":"Soviet news agency","10a":"Stanley and Davis, e.g.","14a":"Wear away","15a":"Killer whale","16a":"Sound lower than a flute","17a":"Kind of thread","18a":"Paltered","19a":"Tenant's burden","20a":"1950's science fiction film","23a":"Prerevolutionary leader","24a":"Israeli airline","25a":"Rat trap?","28a":"Dress (up)","30a":"National Review pieces","34a":"Saucer, maybe","35a":"Dumbo features","37a":"Creepy","38a":"1950's science fiction film","42a":"Public meeting","43a":"Portico","44a":"Dock workers' grp.","45a":"Animated dances","47a":"Domain of Minerva","48a":"Ancient Iranian","49a":"Gets","51a":"Buster Brown's dog","53a":"1950's science fiction film","60a":"Hypochondriac's complaint","61a":"Toward shelter","62a":"Cardiologist's concern","63a":"Flightless bird","64a":"Gobs","65a":"Characteristic","66a":"Sondheim's \"Sweeney ___\"","67a":"Revise","68a":"Harmonizes, as watch times","1d":"Make a home","2d":"Mischievous","3d":"Actress Spelling","4d":"\"___ Fideles\"","5d":"1984-88 Olympic track star","6d":"\"Fare\" ways","7d":"Domingo solo","8d":"Vista","9d":"Moving seat","10d":"1942 U.S. naval victory site","11d":"Above, in Abensberg","12d":"___ l'Évêque cheese","13d":"Author Kantor","21d":"Filled","22d":"Support for the arts","25d":"Bungles","26d":"In the works","27d":"Noted mark leaver","29d":"Miss Garbo","31d":"Palmer, to friends","32d":"Stockbroker's statistic","33d":"Bristles","36d":"Making the most haughty sounds","39d":"Young fellow","40d":"Rock and Roll Hall of Fame architect","41d":"Suntanning site","46d":"Treaty ratifier","48d":"Dali's \"The Persistence of ___\"","50d":"Type of fork or bar","52d":"Winged pests","53d":"Old Dodge","54d":"Piner for Narcissus","55d":"Toolhouse","56d":"Actress Garr","57d":"Algerian port","58d":"Auricular","59d":"Cole and Turner"},"answers":{"1a":"NATAL","6a":"TASS","10a":"CUPS","14a":"ERODE","15a":"ORCA","16a":"OBOE","17a":"SCREW","18a":"LIED","19a":"RENT","20a":"THISISLANDEARTH","23a":"TSAR","24a":"ELAL","25a":"MAZE","28a":"TOG","30a":"ESSAYS","34a":"UFO","35a":"EARS","37a":"EERIE","38a":"FORBIDDENPLANET","42a":"FORUM","43a":"STOA","44a":"ILA","45a":"STOMPS","47a":"ART","48a":"MEDE","49a":"SEES","51a":"TIGE","53a":"DESTINATIONMOON","60a":"ACHE","61a":"ALEE","62a":"AORTA","63a":"RHEA","64a":"TARS","65a":"TRAIT","66a":"TODD","67a":"EDIT","68a":"SYNCS","1d":"NEST","2d":"ARCH","3d":"TORI","4d":"ADESTE","5d":"LEWIS","6d":"TOLLROADS","7d":"ARIA","8d":"SCENE","9d":"SADDLE","10d":"CORALSEA","11d":"UBER","12d":"PONT","13d":"SETH","21d":"SATED","22d":"EASEL","25d":"MUFFS","26d":"AFOOT","27d":"ZORRO","29d":"GRETA","31d":"ARNIE","32d":"YIELD","33d":"SETAE","36d":"SNORTIEST","39d":"BUMSTEAD","40d":"IMPEI","41d":"PATIO","46d":"SENATE","48d":"MEMORY","50d":"SALAD","52d":"GNATS","53d":"DART","54d":"ECHO","55d":"SHED","56d":"TERI","57d":"ORAN","58d":"OTIC","59d":"NATS"}}