{"numbers":[["1","2","3","4","5","-","6","7","8","9","-","10","11","12","13"],["14","","","","","-","15","","","","-","16","","",""],["17","","","","","-","18","","","","-","19","","",""],["20","","","","","21","","","","","22","-","23","",""],["-","-","-","24","","","","-","-","25","","26","","",""],["27","28","29","","","","-","30","31","","","","-","-","-"],["32","","","-","33","","34","","","","","","35","36","37"],["38","","","39","-","-","40","","","-","-","41","","",""],["42","","","","43","44","","","","45","46","-","47","",""],["-","-","-","48","","","","","-","49","","50","","",""],["51","52","53","","","","-","-","54","","","","-","-","-"],["55","","","-","56","","57","58","","","","","59","60","61"],["62","","","63","-","64","","","","-","65","","","",""],["66","","","","-","67","","","","-","68","","","",""],["69","","","","-","70","","","","-","71","","","",""]],"clues":{"1a":"Compassion","6a":"Mideast \"strip\"","10a":"Cord fiber","14a":"\"Without ___\" (1988 film)","15a":"Word of agreement","16a":"Pablo's here","17a":"Treat, as a wound","18a":"Tubular pasta","19a":"Feather cluster","20a":"Anyway","23a":"Lance a lot in the news","24a":"Told a whopper","25a":"One degree of neatness","27a":"Tranquil","30a":"Bachelor's last stand?","32a":"\"That's a laugh!\"","33a":"Parting words from a host","38a":"Pitcher Hershiser","40a":"___ es Salaam","41a":"\"Amores\" poet","42a":"Go along (with)","47a":"It's south of Scot.","48a":"Lobster locale","49a":"Appetizer follower","51a":"Ailing","54a":"\"Citizen ___\"","55a":"Teachers' org.","56a":"Specialty","62a":"Words","64a":"Sandwich filler","65a":"Holiday offering?","66a":"Stars : pain :: light bulb : ___","67a":"Olfactory stimulus","68a":"Takes it easy","69a":"Wildcat","70a":"Pub order","71a":"Put an ___ (stop)","1d":"Muslim journey","2d":"Grayish yellow","3d":"Pub orders","4d":"Steal on the range","5d":"It precedes 1-2-3","6d":"Peered","7d":"\"Lucky Jim\" author","8d":"Epsilon follower","9d":"Lively, in music","10d":"Stetson, e.g.","11d":"Outfit","12d":"Civvies","13d":"Rock climber's spike","21d":"Place for a shoe tap","22d":"Grandson of Abraham","26d":"With the bow, to a violinist","27d":"Mall division","28d":"James ___ Carter","29d":"Perlman of \"Cheers\"","30d":"Proverb","31d":"Vega's constellation","34d":"Arabia's Gulf of ___","35d":"Assert","36d":"Not yours","37d":"Sharp part","39d":"___ disease (tick affliction)","43d":"Soft mineral","44d":"Shouting spot","45d":"Venison or veal","46d":"Dignify","50d":"Nonstick surface","51d":"To the point that","52d":"Impecunious","53d":"Pallid","54d":"Sears rival","57d":"Its logo is four linked rings","58d":"Privy","59d":"\"___ Lang Syne\"","60d":"Thaw","61d":"Sinclair alternative","63d":"Price add-on"},"answers":{"1a":"HEART","6a":"GAZA","10a":"HEMP","14a":"ACLUE","15a":"AMEN","16a":"AQUI","17a":"DRESS","18a":"ZITI","19a":"TUFT","20a":"JUSTTHESAME","23a":"ITO","24a":"LIED","25a":"ASAPIN","27a":"SERENE","30a":"ALTAR","32a":"HAH","33a":"GLADYOUCAME","38a":"OREL","40a":"DAR","41a":"OVID","42a":"PLAYTHEGAME","47a":"ENG","48a":"MAINE","49a":"ENTREE","51a":"UNWELL","54a":"KANE","55a":"NEA","56a":"CLAIMTOFAME","62a":"TEXT","64a":"TUNA","65a":"BLUES","66a":"IDEA","67a":"ODOR","68a":"LOLLS","69a":"LYNX","70a":"PINT","71a":"ENDTO","1d":"HADJ","2d":"ECRU","3d":"ALES","4d":"RUSTLE","5d":"TESTING","6d":"GAZED","7d":"AMIS","8d":"ZETA","9d":"ANIMATO","10d":"HAT","11d":"EQUIP","12d":"MUFTI","13d":"PITON","21d":"HEEL","22d":"ESAU","26d":"ARCO","27d":"SHOP","28d":"EARL","29d":"RHEA","30d":"ADAGE","31d":"LYRA","34d":"ADEN","35d":"AVER","36d":"MINE","37d":"EDGE","39d":"LYME","43d":"TALC","44d":"HILLTOP","45d":"MEAT","46d":"ENNOBLE","50d":"TEFLON","51d":"UNTIL","52d":"NEEDY","53d":"WAXEN","54d":"KMART","57d":"AUDI","58d":"INON","59d":"AULD","60d":"MELT","61d":"ESSO","63d":"TAX"}}