{"numbers":[["1","2","3","4","5","-","6","7","8","9","-","10","11","12","13"],["14","","","","","-","15","","","","-","16","","",""],["17","","","","","-","18","","","","-","19","","",""],["20","","","-","21","22","","","","","23","","","",""],["-","-","24","25","","","-","26","","","","","-","-","-"],["27","28","","","","","29","-","-","30","","","31","32","33"],["34","","","","","-","35","36","37","","","-","38","",""],["39","","","","-","40","","","","","-","41","","",""],["42","","","-","43","","","","","-","44","","","",""],["45","","","46","","","-","-","47","48","","","","",""],["-","-","-","49","","","50","51","-","52","","","","-","-"],["53","54","55","","","","","","56","","","-","57","58","59"],["60","","","","-","61","","","","-","62","63","","",""],["64","","","","-","65","","","","-","66","","","",""],["67","","","","-","68","","","","-","69","","","",""]],"clues":{"1a":"Theater worker","6a":"Scamps","10a":"Prisoner confinement","14a":"Beauty queen's topper","15a":"Incantation start","16a":"Satan's doing","17a":"Queen ___ lace","18a":"True-to-life","19a":"Social Security tax abbr.","20a":"Brick carrier","21a":"Irving Berlin musical","24a":"Anthropologist Margaret","26a":"Art stand","27a":"Outstanding","30a":"Dairy device","34a":"Underworld","35a":"\"The Old ___ Bucket\"","38a":"This ___ test...\"","39a":"Facial tissue additive","40a":"Refuge","41a":"Italian wine city","42a":"This very second","43a":"Faux pas","44a":"50's Ford fiasco","45a":"Temper, as steel","47a":"\"Aïda\" role","49a":"It's worth something","52a":"Kind of novel","53a":"Alaska's state flower","57a":"Kipling book","60a":"Milky gem","61a":"Dublin's land","62a":"Speak to the masses","64a":"Tennis's ___ Lacoste","65a":"___ Lund of \"Casablanca\"","66a":"Parking lot postings","67a":"Termini","68a":"Poetic contraction","69a":"Arises (from)","1d":"Provo's state","2d":"Chinese: prefix","3d":"Not new","4d":"Before, to Byron","5d":"Spanky, Alfalfa and gang","6d":"Columnist Rowan","7d":"White poplar","8d":"Inge forte","9d":"Dealership denizens","10d":"Happen by chance","11d":"Zealous","12d":"Costa ___","13d":"Bridge feat","22d":"Oklahoma town","23d":"Chow ___","25d":"Gen. Robt. ___","27d":"Writer Alexander","28d":"Claw","29d":"Horse color","31d":"Broadway's \"The Taming of the Shrew\"","32d":"First name in cosmetics","33d":"Train tracks","36d":"\"___ Maria\"","37d":"Chef Graham","40d":"Dairy cow","41d":"TV's \"___ 12\"","43d":"Diamond corner","44d":"Newspaper staff","46d":"\"Heartache Tonight\" rock group","48d":"Bother","50d":"Novelist Zola","51d":"To the point","53d":"Links alert","54d":"Frank","55d":"South African money","56d":"Imminent","58d":"News bit","59d":"Foul (up)","63d":"Hamelin pest"},"answers":{"1a":"USHER","6a":"CADS","10a":"BARS","14a":"TIARA","15a":"ABRA","16a":"EVIL","17a":"ANNES","18a":"REAL","19a":"FICA","20a":"HOD","21a":"CALLMEMADAM","24a":"MEAD","26a":"EASEL","27a":"STELLAR","30a":"MILKER","34a":"HADES","35a":"OAKEN","38a":"ISA","39a":"ALOE","40a":"HAVEN","41a":"ASTI","42a":"NOW","43a":"BONER","44a":"EDSEL","45a":"ANNEAL","47a":"RADAMES","49a":"ASSET","52a":"DIME","53a":"FORGETMENOT","57a":"KIM","60a":"OPAL","61a":"EIRE","62a":"ORATE","64a":"RENE","65a":"ILSA","66a":"RATES","67a":"ENDS","68a":"NEER","69a":"STEMS","1d":"UTAH","2d":"SINO","3d":"HANDMEDOWN","4d":"ERE","5d":"RASCALS","6d":"CARL","7d":"ABELE","8d":"DRAMA","9d":"SALESMEN","10d":"BEFALL","11d":"AVID","12d":"RICA","13d":"SLAM","22d":"ADA","23d":"MEIN","25d":"ELEE","27d":"SHANA","28d":"TALON","29d":"ROAN","31d":"KISSMEKATE","32d":"ESTEE","33d":"RAILS","36d":"AVE","37d":"KERR","40d":"HOLSTEIN","41d":"ADAM","43d":"BASE","44d":"EDITORS","46d":"EAGLES","48d":"ADO","50d":"EMILE","51d":"TERSE","53d":"FORE","54d":"OPEN","55d":"RAND","56d":"NEAR","58d":"ITEM","59d":"MESS","63d":"RAT"}}