{"numbers":[["1","2","3","4","-","5","6","7","8","-","9","10","11","12","13"],["14","","","","-","15","","","","-","16","","","",""],["17","","","","18","","","","","19","","","","",""],["20","","","","","","-","21","","","","","","",""],["-","-","-","22","","","23","-","24","","","-","-","-","-"],["25","26","27","","","","","28","","","","29","30","31","32"],["33","","","-","34","","","","-","-","35","","","",""],["36","","","37","-","38","","","39","40","-","41","","",""],["42","","","","43","-","-","44","","","45","-","46","",""],["47","","","","","48","49","","","","","50","","",""],["-","-","-","-","51","","","-","52","","","","-","-","-"],["53","54","55","56","","","","57","-","58","","","59","60","61"],["62","","","","","","","","63","","","","","",""],["64","","","","","-","65","","","","-","66","","",""],["67","","","","","-","68","","","","-","69","","",""]],"clues":{"1a":"Small amount","5a":"Campus military grp.","9a":"More unusual","14a":"Tel ___","15a":"Lamb pen name","16a":"54 Down's creator","17a":"Trick","20a":"Causes tearing","21a":"Muscle-building drugs","22a":"Throw gently","24a":"Tell (on)","25a":"Treat","33a":"Pipe joint","34a":"___-do-well (good for nothing)","35a":"Of the best quality","36a":"Domestic","38a":"Primitive fishing tool","41a":"A long time","42a":"Maine trees","44a":"Pub pints","46a":"Opposite of WSW","47a":"Trick","51a":"One for Juan","52a":"Knitter's stitch","53a":"Cherish as sacred","58a":"More than annoyed","62a":"Treat","64a":"Love, Italian-style","65a":"Last word in chess","66a":"Counsel positively","67a":"Specks","68a":"Means justifier","69a":"Started a hole, with \"up\"","1d":"Poetic foot","2d":"Track shape","3d":"Andrews of TV's \"Mod Squad\"","4d":"Fly","5d":"Puts out again","6d":"Pay or Cray ending","7d":"Small containers","8d":"Batista's successor","9d":"Leave 25%, perhaps","10d":"Art ___","11d":"Zwei follower","12d":"City west of Tulsa","13d":"Soaks flax","18d":"Sing like Bing","19d":"Exhausted","23d":"Word with dance or stair","25d":"Pace","26d":"Actor Delon","27d":"Actor Kevin","28d":"Tire feature","29d":"Powerful D.C. lobby","30d":"Neighbor of Chad","31d":"Fix, as text","32d":"Romantic gift","37d":"\"___ Rosenkavalier\"","39d":"Cockeyed","40d":"Some immigrants","43d":"They're sometimes confidential","45d":"Scrawny one","48d":"The \"U\" in B.T.U.","49d":"Obscure","50d":"Unrestrained","53d":"Mild cheese","54d":"\"20,000 Leagues\" captain","55d":"Schedule opening","56d":"Roll call answer","57d":"Former Israeli statesman","59d":"Knowledge","60d":"Rim","61d":"Unnaturally blonde, e.g.","63d":"India \"Inc.\""},"answers":{"1a":"IOTA","5a":"ROTC","9a":"ODDER","14a":"AVIV","15a":"ELIA","16a":"VERNE","17a":"MAGICIANSDECEIT","20a":"BLEARS","21a":"STEROIDS","22a":"TOSS","24a":"RAT","25a":"TAKEOUTTODINNER","33a":"ELL","34a":"NEER","35a":"PRIMO","36a":"MAID","38a":"SPEAR","41a":"AGES","42a":"PINES","44a":"ALES","46a":"ENE","47a":"ONEROUNDOFCARDS","51a":"UNO","52a":"PURL","53a":"ENSHRINE","58a":"GALLED","62a":"DELECTABLEGOODY","64a":"AMORE","65a":"MATE","66a":"URGE","67a":"MOTES","68a":"ENDS","69a":"TEED","1d":"IAMB","2d":"OVAL","3d":"TIGE","4d":"AVIATE","5d":"REISSUES","6d":"OLA","7d":"TINS","8d":"CASTRO","9d":"OVERTIP","10d":"DECO","11d":"DREI","12d":"ENID","13d":"RETS","18d":"CROON","19d":"DEAD","23d":"STEP","25d":"TEMPO","26d":"ALAIN","27d":"KLINE","28d":"TREAD","29d":"NRA","30d":"NIGER","31d":"EMEND","32d":"ROSES","37d":"DER","39d":"ALOP","40d":"REFUGEES","43d":"SOURCES","45d":"SCRAG","48d":"UNIT","49d":"NONAME","50d":"ALLOUT","53d":"EDAM","54d":"NEMO","55d":"SLOT","56d":"HERE","57d":"EBAN","59d":"LORE","60d":"EDGE","61d":"DYED","63d":"LTD"}}