{"numbers":[["1","2","3","4","5","-","6","7","8","9","10","-","11","12","13"],["14","","","","","-","15","","","","","-","16","",""],["17","","","","","-","18","","","","","-","19","",""],["20","","","","","21","","","","","","22","","",""],["-","-","-","23","","","-","24","","","-","25","","",""],["26","27","28","-","29","","30","","","-","31","","","",""],["32","","","33","","","","","-","34","","","-","-","-"],["35","","","","","","","-","36","","","","37","38","39"],["-","-","-","40","","","-","41","","","","","","",""],["42","43","44","","","-","45","","","","","-","46","",""],["47","","","","-","48","","","-","49","","50","-","-","-"],["51","","","","52","","","","53","","","","54","55","56"],["57","","","-","58","","","","","-","59","","","",""],["60","","","-","61","","","","","-","62","","","",""],["63","","","-","64","","","","","-","65","","","",""]],"clues":{"1a":"National park in Alberta","6a":"\"Reversal of Fortune\" star","11a":"Black shade","14a":"January in Juarez","15a":"Alter a film","16a":"Adam's madam","17a":"Man of La Mancha","18a":"Media worker's union","19a":"Wood of the Rolling Stones","20a":"Parlor game","23a":"Hide the gray, maybe","24a":"Tours summer","25a":"K-P interval","26a":"Candidate to like","29a":"Seasonal songs","31a":"Big name in sports cards","32a":"1,000 percent","34a":"Wrong: Prefix","35a":"Number in a series","36a":"Pulitzer novelist Oliver","40a":"Winter quarters","41a":"Like some billing periods","42a":"Washington's ___ House","45a":"The silent dwarf","46a":"Biographical datum","47a":"Comfort","48a":"Pam Tillis's pop","49a":"Mil. advisory grp.","51a":"1987-91 TV drama","57a":"Symbol of school punishment","58a":"Evocative smell","59a":"Eagle's home","60a":"\"Chances ___\"","61a":"Dramatist Joe","62a":"Dogie catcher","63a":"\"By all means!\"","64a":"Cast light","65a":"Asparagus unit","1d":"Unsurpassed","2d":"Freshly","3d":"Hawaiian goose","4d":"Piece of palm","5d":"Gold rush participant","6d":"Jordan neighbor","7d":"Tanks up","8d":"Musical eights","9d":"Breastfeed","10d":"Sports figure","11d":"Saint honored on September 30","12d":"Tennis's Goolagong","13d":"Tightening muscle","21d":"Navy clerk","22d":"\"Couldn't agree with you more\"","26d":"\"How was ___ know?\"","27d":"Plunk preceder","28d":"Wrap up","30d":"Cave-dwelling fish","31d":"Old Glory feature","33d":"Less cluttered","34d":"Andrews sister","36d":"Verbal defiance","37d":"Nutrition abbr.","38d":"(What an awful joke!)","39d":"Ogle","41d":"Biblical sage","42d":"Sell out","43d":"Pakistani city","44d":"Comments to the audience","45d":"Old Chrysler make","48d":"Gift of the Magi","50d":"Chick's cry","52d":"New Mexico art colony","53d":"Mare's hairs","54d":"\"Dies ___\"","55d":"Actress Naldi","56d":"Reverse, e.g."},"answers":{"1a":"BANFF","6a":"IRONS","11a":"JET","14a":"ENERO","15a":"RECUT","16a":"EVE","17a":"SENOR","18a":"AFTRA","19a":"RON","20a":"TWENTYQUESTIONS","23a":"DYE","24a":"ETE","25a":"LMNO","26a":"IKE","29a":"NOELS","31a":"FLEER","32a":"TENTIMES","34a":"MIS","35a":"ORDINAL","36a":"LAFARGE","40a":"DEN","41a":"SIXTYDAY","42a":"BLAIR","45a":"DOPEY","46a":"AGE","47a":"EASE","48a":"MEL","49a":"NSC","51a":"THIRTYSOMETHING","57a":"ROD","58a":"AROMA","59a":"AERIE","60a":"ARE","61a":"ORTON","62a":"REATA","63a":"YES","64a":"SHONE","65a":"SPEAR","1d":"BEST","2d":"ANEW","3d":"NENE","4d":"FROND","5d":"FORTYNINER","6d":"IRAQ","7d":"REFUELS","8d":"OCTETS","9d":"NURSE","10d":"STAT","11d":"JEROME","12d":"EVONNE","13d":"TENSOR","21d":"YEOMAN","22d":"ILLSAY","26d":"ITO","27d":"KER","28d":"END","30d":"EEL","31d":"FIFTYSTARS","33d":"TIDIER","34d":"MAXENE","36d":"LIP","37d":"RDA","38d":"GAG","39d":"EYE","41d":"SOLOMON","42d":"BETRAY","43d":"LAHORE","44d":"ASIDES","45d":"DESOTO","48d":"MYRRH","50d":"CHEEP","52d":"TAOS","53d":"MANE","54d":"IRAE","55d":"NITA","56d":"GEAR"}}