{"numbers":[["1","2","3","4","5","6","-","-","-","7","8","9","10","11","12"],["13","","","","","","14","-","15","","","","","",""],["16","","","","","","","17","","","","","","",""],["18","","","-","-","19","","","","","","-","20","",""],["21","","","-","22","","","","","","-","23","","",""],["24","","","25","","-","26","","","-","27","","","",""],["-","28","","","","29","-","30","","31","","","","","-"],["-","-","-","32","","","33","-","34","","","","-","-","-"],["-","35","36","","","","","37","-","38","","","39","40","-"],["41","","","","","-","42","","43","-","44","","","","45"],["46","","","","-","47","","","","48","","-","49","",""],["50","","","-","51","","","","","","-","-","52","",""],["53","","","54","","","","","","","55","56","","",""],["57","","","","","","","-","58","","","","","",""],["59","","","","","","-","-","-","60","","","","",""]],"clues":{"1a":"Marrakesh section","7a":"Mollify","13a":"Craftsman","15a":"Boxer at practice","16a":"Now it's Namibia","18a":"Boy king","19a":"Turns outward","20a":"Gridiron positions: Abbr.","21a":"Superlative suffix","22a":"Parenthetical text","23a":"Gin fizz flavor","24a":"Woodwinds","26a":"Baste","27a":"Fantails and roes","28a":"Levantine sect member","30a":"Faxes again","32a":"___ majesté","34a":"Tebaldi or Te Kanawa","35a":"Bodybuilder's pride","38a":"Abandon","41a":"___ one's time","42a":"Ptah or Zeus","44a":"Glacial pinnacle","46a":"\"Tristia\" poet","47a":"Balkan region","49a":"Actress Mary","50a":"Item in a hedge?","51a":"Sleuth's object","52a":"Sheridan's ___ Malaprop","53a":"Victoria's home","57a":"Catches","58a":"Voortrekker, for one","59a":"Nullify","60a":"Sires","1d":"It rolls on a rollaway","2d":"Angry","3d":"Lack smoothness of speech","4d":"Bridle part","5d":"Some fallout","6d":"Adventure story writer Charles","7d":"Gaiters","8d":"Clods","9d":"Three-time Hart Trophy winner","10d":"Warbled","11d":"Browbeats","12d":"Prepares tapes for reuse","14d":"Island near St. Kitts","15d":"Broadcast","17d":"Ceremonial meal","22d":"Stocks and bonds, e.g.","23d":"Power house?","25d":"Took the edge off","27d":"Hatch","29d":"That: Sp.","31d":"A Caesar","33d":"Pizza slices, often","35d":"Fork off","36d":"Magazine work","37d":"Classical style","39d":"Go to pieces","40d":"Abolitionist Tubman","41d":"Singer part?","43d":"Swiss ski resort","45d":"French Oscars","47d":"\"We're Off ___ the Wizard\"","48d":"One who's lionized","51d":"Cook's protection","54d":"___ Maria","55d":"Western Indian","56d":"Get-together: Abbr."},"answers":{"1a":"CASBAH","7a":"SOOTHE","13a":"ARTISAN","15a":"SPARRER","16a":"SOUTHWESTAFRICA","18a":"TUT","19a":"EVERTS","20a":"LTS","21a":"EST","22a":"ASIDES","23a":"SLOE","24a":"REEDS","26a":"SEW","27a":"DEERS","28a":"DRUSE","30a":"RESENDS","32a":"LESE","34a":"DIVA","35a":"DELTOID","38a":"DITCH","41a":"BIDES","42a":"GOD","44a":"SERAC","46a":"OVID","47a":"THRACE","49a":"URE","50a":"BET","51a":"MOTIVE","52a":"MRS","53a":"BRITISHCOLUMBIA","57a":"IGNITES","58a":"SETTLER","59a":"NEGATE","60a":"BEGETS","1d":"CASTER","2d":"AROUSED","3d":"STUTTER","4d":"BIT","5d":"ASH","6d":"HAWES","7d":"SPATS","8d":"OAFS","9d":"ORR","10d":"TRILLED","11d":"HECTORS","12d":"ERASES","14d":"NEVIS","15d":"STREWED","17d":"SEDER","22d":"ASSETS","23d":"SENATE","25d":"DULLED","27d":"DEVISE","29d":"ESO","31d":"SID","33d":"EIGHTHS","35d":"DIVERGE","36d":"EDITING","37d":"DORIC","39d":"CRUMBLE","40d":"HARRIET","41d":"BOBBIN","43d":"DAVOS","45d":"CESARS","47d":"TOSEE","48d":"CELEB","51d":"MITT","54d":"TIA","55d":"UTE","56d":"MTG"}}