{"numbers":[["1","2","3","4","5","6","7","8","9","-","10","11","12","13","14"],["15","","","","","","","","","-","16","","","",""],["17","","","","","","","","","-","18","","","",""],["19","","","-","20","","","","-","21","","","","",""],["22","","","23","-","24","","","25","","-","-","26","",""],["27","","","","28","-","-","29","","","30","-","31","",""],["-","-","-","32","","33","34","-","35","","","36","","",""],["37","38","39","","","","","-","40","","","","","",""],["41","","","","","","","-","42","","","","-","-","-"],["43","","","-","44","","","45","-","-","46","","47","48","49"],["50","","","-","-","51","","","52","53","-","54","","",""],["55","","","56","57","","-","58","","","59","-","60","",""],["61","","","","","-","62","","","","","63","","",""],["64","","","","","-","65","","","","","","","",""],["66","","","","","-","67","","","","","","","",""]],"clues":{"1a":"Jungle hazard","10a":"Long-distance transports","15a":"Laissez-faire","16a":"Prayerful one","17a":"Endorsements","18a":"Hash","19a":"Right of way","20a":"Actress Armstrong","21a":"Stew","22a":"Building wings","24a":"Show off","26a":"Alley ___","27a":"Smells","29a":"Highlands negatives","31a":"Practice starter","32a":"\"We want ___!\" (stadium cheer)","35a":"Authenticate, legally","37a":"Preordain","40a":"Sang","41a":"Prolongs","42a":"Inflict on","43a":"Spring","44a":"Tibetan legend","46a":"Others, abroad","50a":"Cheerleader's accessory, for short","51a":"Beatles' feature","54a":"Cannabis","55a":"Not entirely","58a":"___ accompli","60a":"New Deal org.","61a":"Take care of","62a":"Kaput, as an engine","64a":"Be charitable","65a":"Kitty Hawk's ___ Sound","66a":"Procedure","67a":"Dawdlers","1d":"Shake","2d":"Disentangle","3d":"Stick (on)","4d":"Word with stock or street","5d":"Door feature","6d":"Puts away","7d":"Visibly shocked","8d":"Famous name in 50's TV","9d":"Driller's degree","10d":"\"Have ___!\"","11d":"Fort ___, Ont.","12d":"Kind of talk","13d":"Lacking order","14d":"Like some skylines","21d":"Caterer's aid","23d":"Figure follower","25d":"Celeritous","28d":"Glistening","30d":"___ voce","33d":"Owing","34d":"Seed covering","36d":"Quiz show prop","37d":"Can't stand","38d":"Mathematical expression","39d":"Rush","45d":"One way to pay","47d":"Edit","48d":"Doctor's sealed glass vessel","49d":"Sudden outbursts","52d":"\"Anna Christie\" star","53d":"Strength","56d":"Over","57d":"Theater components","59d":"Fill-in","62d":"Low, in Lourdes","63d":"Wine region of Portugal"},"answers":{"1a":"QUICKSAND","10a":"SEMIS","15a":"UNMANAGED","16a":"ORANT","17a":"APPROVALS","18a":"MINCE","19a":"VIA","20a":"BESS","21a":"SEETHE","22a":"ELLS","24a":"SPORT","26a":"OOP","27a":"REEKS","29a":"NAES","31a":"MAL","32a":"AHIT","35a":"PROBATE","37a":"DESTINE","40a":"INTONED","41a":"EXTENDS","42a":"DOTO","43a":"SPA","44a":"YETI","46a":"OTRAS","50a":"POM","51a":"BANGS","54a":"HEMP","55a":"INPART","58a":"FAIT","60a":"WPA","61a":"SEETO","62a":"BURNEDOUT","64a":"ENDOW","65a":"ALBEMARLE","66a":"STEPS","67a":"SLOWPOKES","1d":"QUAVER","2d":"UNPILE","3d":"IMPALE","4d":"CAR","5d":"KNOB","6d":"SAVES","7d":"AGASP","8d":"NELSON","9d":"DDS","10d":"SOME","11d":"ERIE","12d":"MANTOMAN","13d":"INCHOATE","14d":"STEEPLED","21d":"STERNO","23d":"SKATE","25d":"RAPID","28d":"SHINY","30d":"SOTTO","33d":"INDEBT","34d":"TESTA","36d":"BOOTH","37d":"DESPISES","38d":"EXPONENT","39d":"STAMPEDE","45d":"INFULL","47d":"REWORK","48d":"AMPULE","49d":"SPATES","52d":"GARBO","53d":"SINEW","56d":"ATOP","57d":"ROWS","59d":"TEMP","62d":"BAS","63d":"DAO"}}