{"numbers":[["1","2","3","4","5","6","7","-","8","9","10","11","12","13","14"],["15","","","","","","","-","16","","","","","",""],["17","","","","","","","-","18","","","","","",""],["19","","","","","","","20","","-","-","21","","",""],["22","","","","","-","-","23","","24","25","","","",""],["26","","","","","-","27","","","","","","","","-"],["-","28","","","","-","29","","","","","","","-","-"],["-","-","-","-","30","31","","","","","","-","-","-","-"],["-","-","32","33","","","","","","-","34","35","36","37","-"],["-","38","","","","","","","","-","39","","","","40"],["41","","","","","","","","-","-","42","","","",""],["43","","","","-","-","44","","45","46","","","","",""],["47","","","","48","49","","-","50","","","","","",""],["51","","","","","","","-","52","","","","","",""],["53","","","","","","","-","54","","","","","",""]],"clues":{"1a":"Three-time U.S. Open winner","8a":"Painting with opaque water colors","15a":"Winning nonstop","16a":"McIntosh-like apples","17a":"Young of \"A Night to Remember\"","18a":"Shredders","19a":"Club members","21a":"Unresisting","22a":"Relatives of newtons","23a":"Tree barricades used in war","26a":"Roles in \"Peter Pan\" productions","27a":"Undertakes without permission","28a":"Fish-eating bird","29a":"Took in, in a way","30a":"New Jersey river or bay","32a":"Trick","34a":"Mythological arrow-shooter","38a":"More barbaric, in Brighton","39a":"Arkansas county","41a":"Capital on the Senne","42a":"Honduran houses","43a":"Wallops","44a":"Steroid hormones","47a":"Choose for jury duty","50a":"North Dakota town or county","51a":"\"___ Place\"","52a":"Muscular weaknesses","53a":"Entreated insistently","54a":"Muzzle-loading cannons","1d":"Substantial food","2d":"Unidentified one","3d":"Flying Dutchman, for one","4d":"12-year-old","5d":"Broilers","6d":"___ California","7d":"Venetian-blind component","8d":"Recuperates","9d":"Where the 'eart is","10d":"___ tree","11d":"TV program's slot","12d":"Wrinkled","13d":"Messenger of Zeus","14d":"Sharp curves","20d":"Prematurity","24d":"Braving the waves","25d":"Blushed","27d":"Was similar to","31d":"Fine Asian furniture wood","32d":"Collapse","33d":"Cavalrymen","35d":"Litmus, for one","36d":"Troubled Russian region","37d":"Tam-o'-___","38d":"Floyd of the Grand Ole Opry","40d":"Weigh the merits of","41d":"TV camera position, maybe","45d":"Cable car","46d":"Old newspaper section","48d":"Turndowns","49d":"Jargon suffix"},"answers":{"1a":"SAMPRAS","8a":"GOUACHE","15a":"ONAROLL","16a":"EMPIRES","17a":"LORETTA","18a":"TEARERS","19a":"INITIATES","21a":"TAME","22a":"DYNES","23a":"ABATISES","26a":"SMEES","27a":"PRESUMES","28a":"ERNE","29a":"ALTERED","30a":"RARITAN","32a":"CHICANE","34a":"EROS","38a":"CRUELLER","39a":"DESHA","41a":"BRUSSELS","42a":"CASAS","43a":"LAMS","44a":"ESTROGENS","47a":"IMPANEL","50a":"ROLETTE","51a":"MELROSE","52a":"ATONIES","53a":"PRESSED","54a":"MORTARS","1d":"SOLIDS","2d":"ANONYME","3d":"MARINER","4d":"PRETEEN","5d":"ROTISSERIES","6d":"ALTA","7d":"SLAT","8d":"GETSBETTER","9d":"OME","10d":"UPA","11d":"AIRTIME","12d":"CREASED","13d":"HERMES","14d":"ESSES","20d":"EARLINESS","24d":"ASEA","25d":"TURNEDCOLOR","27d":"PARALLELED","31d":"ACLE","32d":"CRUMPLE","33d":"HUSSARS","35d":"REAGENT","36d":"OSSETIA","37d":"SHANTER","38d":"CRAMER","40d":"ASSESS","41d":"BLIMP","45d":"TRAM","46d":"ROTO","48d":"NOS","49d":"ESE"}}