{"numbers":[["1","2","3","4","5","6","7","-","8","9","10","11","12","13","14","-","15","16","17","18","19","20","21"],["22","","","","","","","-","23","","","","","","","-","24","","","","","",""],["25","","","","","","","26","","","","","","","","-","27","","","","","",""],["28","","","","","","-","29","","","-","30","","","-","31","","","","-","32","",""],["-","-","-","33","","","34","","-","35","36","","-","37","38","","","","-","39","","",""],["40","41","42","","","","","","43","","","","44","","","","","","-","45","","",""],["46","","","","-","-","47","","","-","48","","","-","49","","","","50","","-","-","-"],["51","","","","-","52","","","","53","","-","54","55","","-","-","-","56","","57","58","59"],["60","","","","61","","","-","-","62","","63","","","","64","65","66","","","","",""],["67","","","-","68","","","69","-","70","","","","","-","71","","","-","72","","",""],["-","-","-","73","","","-","74","75","","","","","-","76","","","","-","77","","",""],["78","79","80","","","","81","","","","-","-","-","82","","","","","83","","","",""],["84","","","","-","85","","","","-","86","87","88","","","","-","89","","","-","-","-"],["90","","","","-","91","","","-","92","","","","","-","93","94","","","-","95","96","97"],["98","","","","99","","","","100","","","","","","-","-","101","","","102","","",""],["103","","","","","-","-","-","104","","","-","105","","106","107","","","-","108","","",""],["-","-","-","109","","110","111","112","","-","113","114","","-","115","","","-","-","116","","",""],["117","118","119","","-","120","","","","121","","","","122","","","","123","124","","","",""],["125","","","","-","126","","","","","-","127","","","-","128","","","","","-","-","-"],["129","","","-","130","","","","-","131","132","","-","133","134","","-","135","","","136","137","138"],["139","","","140","","","","-","141","","","","142","","","","143","","","","","",""],["144","","","","","","","-","145","","","","","","","-","146","","","","","",""],["147","","","","","","","-","148","","","","","","","-","149","","","","","",""]],"clues":{"1a":"Abraham's Oscar role","8a":"Some Oklahomans","15a":"Compel compliance of","22a":"First name in the ring","23a":"Where drinks are not a treat","24a":"Trays","25a":"Random threesome","27a":"Comedic threesome","28a":"As originally positioned","29a":"Polynesian wreath","30a":"\"___ Darlin'\" (1959 song)","31a":"Realize","32a":"Telecom giant","33a":"Spanish things","35a":"Red, white and blue team","37a":"Caps for chaps","39a":"Composer ___ Carlo Menotti","40a":"Bad luck threesome","45a":"Clint's \"In the Line of Fire\" co-star","46a":"Assist","47a":"'60s fashion","48a":"Year in Trajan's reign","49a":"El ___","51a":"Justice chief","52a":"Dwarfed tree","54a":"Sports page abbr.","56a":"Bizarre","60a":"Reconnaissance groups","62a":"Shakespearean threesome","67a":"Bad ___, Germany","68a":"Absolute worst","70a":"Verbally","71a":"Bass attachment","72a":"Weight","73a":"Med. printout","74a":"Chucks","76a":"Item in a chest","77a":"\"Now it's clear!\"","78a":"Yuletide threesome","82a":"Literary threesome","84a":"Galley features","85a":"Flooring","86a":"Kind of abrasive","89a":"G.R.F.'s Veep","90a":"Rose fancier","91a":"Grown-up elver","92a":"Horne and Olin","93a":"Rabbit's tail","95a":"Spook group","98a":"Old TV threesome","101a":"Kind of room","103a":"Attempts","104a":"'60s-'70s record label","105a":"Street shaders","108a":"A Karamazov brother","109a":"Jumper","113a":"Kind of bag","115a":"Dog command","116a":"Napa Valley sight","117a":"\"Sighted sub, sank ___\"","120a":"Deli threesome","125a":"Barbra's \"A Star Is Born\" co-star","126a":"Attacks","127a":"Hymn word","128a":"Dressy wear","129a":"Hems","130a":"German article","131a":"Energy unit","133a":"Born","135a":"Olympic swimmer Rowdy","139a":"Religious threesome","141a":"Digital threesome","144a":"Equivocating","145a":"Radiant","146a":"Dreamer's opposite","147a":"Struck out","148a":"Mañana","149a":"Concurs","1d":"King of ancient Egypt","2d":"Cosmetic name","3d":"Hightails","4d":"Dashboard item","5d":"Tina Brown, e.g.","6d":"Withdraw as a judge","7d":"Bug","8d":"Teen trial","9d":"Range of operation","10d":"Silvery-gray","11d":"Finger bone","12d":"Dugout","13d":"1929 Wallace Thurman play","14d":"Jazz trombonist","15d":"Core","16d":"Actress Richardson","17d":"Bomb","18d":"Ab ___ (from the top)","19d":"A Jackson","20d":"Canea resident","21d":"Early ascetic","26d":"Hall-of-Fame Dodger manager","31d":"\"Letting Go\" novelist","34d":"Maximally","36d":"Parties","38d":"Implied","39d":"More like TV's Oscar","40d":"___ diem","41d":"Construction member","42d":"Washroom sign","43d":"Begley Sr. and Jr.","44d":"Shuttle-service plane","50d":"Poker need","52d":"Bloke","53d":"Aggregate","55d":"Board's partner","57d":"\"___ Dreams\" (1986 song)","58d":"Allude","59d":"___ Park, Colo.","61d":"Unpopular org. in the '70s","63d":"Iowa college","64d":"Legislative bodies","65d":"Grind","66d":"Sweet young things of stage","69d":"Blanche DuBois' sister","73d":"Performing groups","75d":"See 130-Across or 87-Down","76d":"Violinist Jean ___ Ponty","78d":"Shaving products","79d":"National capital whose name means \"military post\"","80d":"Heath plant","81d":"Yesterday, on the Yonne","82d":"Beethoven's \"___ Solemnis\"","83d":"Soho \"so long\"","86d":"100 centimos","87d":"75-Down Spanish-style","88d":"Synthetic","92d":"Bit of psychedelia","94d":"Holiday scene","95d":"Kind of center or duty","96d":"Fatuous","97d":"Keats' \"The Eve of St. ___\"","99d":"Exploit","100d":"___ Linda, Calif.","102d":"Like some real estate parcels","106d":"Campus letter","107d":"Nut from a Chinese tree","110d":"Gain","111d":"Kind of economy","112d":"Chant ending","114d":"Chess finale","117d":"Oblique","118d":"Hit it big","119d":"Book of prayers","121d":"Two-channel","122d":"Actress Ryder","123d":"Musicians' transitions","124d":"Two-l creatures","130d":"Issue","132d":"Defraud","134d":"Wired","136d":"Nürnberg negative","137d":"Formerly, formerly","138d":"J.F.K. sights","140d":"Pilot's heading","141d":"Report card abbr.","142d":"1961 Heston role","143d":"New Deal agcy."},"answers":{"1a":"SALIERI","8a":"ARAPAHO","15a":"ENFORCE","22a":"EVANDER","23a":"CASHBAR","24a":"SALVERS","25a":"TOMDICKANDHARRY","27a":"STOOGES","28a":"INSITU","29a":"LEI","30a":"LIL","31a":"REAP","32a":"GTE","33a":"COSAS","35a":"USA","37a":"ETONS","39a":"GIAN","40a":"CIGARETTESONAMATCH","45a":"RENE","46a":"ABET","47a":"MOD","48a":"CXI","49a":"CHEAPO","51a":"RENO","52a":"BONSAI","54a":"RBI","56a":"OUTRE","60a":"PATROLS","62a":"MACBETHWITCHES","67a":"EMS","68a":"PITS","70a":"ALOUD","71a":"OON","72a":"HEFT","73a":"EEG","74a":"TOSSES","76a":"LUNG","77a":"ISEE","78a":"FRENCHHENS","82a":"MUSKETEERS","84a":"OARS","85a":"TILE","86a":"PUMICE","89a":"NAR","90a":"ABIE","91a":"EEL","92a":"LENAS","93a":"SCUT","95a":"CIA","98a":"MACMURRAYSSONS","101a":"READING","103a":"STABS","104a":"ODE","105a":"MAPLES","108a":"IVAN","109a":"LEAPER","113a":"TEA","115a":"SIC","116a":"VINE","117a":"SAME","120a":"CLUBSANDWICHSLICES","125a":"KRIS","126a":"HASAT","127a":"DEI","128a":"HEELS","129a":"ERS","130a":"EINE","131a":"ERG","133a":"NEE","135a":"GAINES","139a":"WISEMEN","141a":"AREACODENUMBERS","144a":"EVASIVE","145a":"BEAMING","146a":"REALIST","147a":"DELETED","148a":"SOMEDAY","149a":"ASSENTS","1d":"SETI","2d":"AVON","3d":"LAMS","4d":"INDICATOR","5d":"EDITOR","6d":"RECUSE","7d":"IRK","8d":"ACNE","9d":"RADIUS","10d":"ASH","11d":"PHALANX","12d":"ABRI","13d":"HARLEM","14d":"ORY","15d":"ESSENCE","16d":"NATASHA","17d":"FLOP","18d":"OVO","19d":"REGGIE","20d":"CRETAN","21d":"ESSENE","26d":"ALSTON","31d":"ROTH","34d":"ATMOST","36d":"SOCIALS","38d":"TACIT","39d":"GROUCHIER","40d":"CARPE","41d":"IBEAM","42d":"GENTS","43d":"EDS","44d":"AIRBUS","50d":"POT","52d":"BLIGHTER","53d":"AMASS","55d":"BED","57d":"THESE","58d":"REFER","59d":"ESTES","61d":"OPEC","63d":"COE","64d":"HOUSES","65d":"WONK","66d":"INGENUES","69d":"STELLA","73d":"ENSEMBLES","75d":"ONE","76d":"LUC","78d":"FOAMS","79d":"RABAT","80d":"ERICA","81d":"HIER","82d":"MISSA","83d":"TATA","86d":"PESETA","87d":"UNO","88d":"MANMADE","92d":"LSD","94d":"CRECHE","95d":"CIVIC","96d":"INANE","97d":"AGNES","99d":"USE","100d":"YORBA","102d":"DIVISIBLE","106d":"PSI","107d":"LICHEE","110d":"ACHIEVE","111d":"PLANNED","112d":"EUSE","114d":"ENDGAME","117d":"SKEWED","118d":"ARRIVE","119d":"MISSAL","121d":"STEREO","122d":"WINONA","123d":"SEGUES","124d":"LLAMAS","130d":"EMIT","132d":"REAM","134d":"EDGY","136d":"NEIN","137d":"ERST","138d":"SSTS","140d":"ESE","141d":"ABS","142d":"CID","143d":"NRA"}}