{"numbers":[["1","2","3","4","5","-","6","7","8","9","-","10","11","12","13"],["14","","","","","-","15","","","","-","16","","",""],["17","","","","","-","18","","","","-","19","","",""],["20","","","","","21","","","","","-","22","","",""],["-","-","-","23","","","-","-","24","","25","","-","-","-"],["26","27","28","-","29","","30","31","","-","32","","33","34","35"],["36","","","37","","","","","-","38","","","","",""],["39","","","","-","40","","","41","","-","42","","",""],["43","","","","44","","-","45","","","46","","","",""],["47","","","","","-","48","","","","","-","49","",""],["-","-","-","50","","51","","-","-","52","","53","-","-","-"],["54","55","56","","-","57","","58","59","","","","60","61","62"],["63","","","","-","64","","","","-","65","","","",""],["66","","","","-","67","","","","-","68","","","",""],["69","","","","-","70","","","","-","71","","","",""]],"clues":{"1a":"Knife wounds","6a":"Cashless deal","10a":"Fellow","14a":"Dead, as an engine","15a":"\"The Godfather\" figure","16a":"It's tossed after weddings","17a":"Let up","18a":"Uzbek sea","19a":"Walkie-talkie message ending","20a":"Cozy sweater","22a":"Sunset's direction","23a":"Keebler worker","24a":"Skater Brinker","26a":"\"Hold on a ___...\"","29a":"Blazing","32a":"Sale bid","36a":"Use strong-arm tactics on","38a":"Unclear, as vision","39a":"Bring home the bacon","40a":"Battleship blast","42a":"Sicilian spouter","43a":"Fourth ___ (the press)","45a":"Genius","47a":"Classroom fixtures","48a":"Hide, as loot","49a":"___ Moines","50a":"Fencer's blade","52a":"Fine","54a":"Detectives' board game","57a":"TV antenna","63a":"Actor Calhoun","64a":"Curved molding","65a":"Columbus's birthplace","66a":"Pulitzer playwright William","67a":"Ice-cream drink","68a":"Confederacy's foe","69a":"Honey makers","70a":"Biblical paradise","71a":"\"Cheep\" homes?","1d":"Three-player card game","2d":"Off-limits: Var.","3d":"On ___ with (equal to)","4d":"Montana city","5d":"Mrs. Kowalski et al.","6d":"CAT ___","7d":"Goods","8d":"Cochise, e.g.","9d":"Lively dance","10d":"Wrinkles","11d":"Home for 69 Across","12d":"Poker bullets","13d":"Saucy","21d":"Pour forth","25d":"Cambodia's Lon ___","26d":"Rapidity","27d":"Delete-key function","28d":"Breath Savers competitor","30d":"Tax shelter, for short","31d":"Sublease","33d":"Ill-___ (doomed)","34d":"Journalist Pyle","35d":"\"___ Daughter\"","37d":"Two, at dice","38d":"Tree-shaping art","41d":"By way of","44d":"Recipe amt.","46d":"Hunter's weapon","48d":"Poseidon, e.g.","51d":"Uneven, as leaf edges","53d":"Nancy Drew writer Carolyn","54d":"Corn bin","55d":"Solitary","56d":"Goad","58d":"Eliot's \"Adam ___\"","59d":"Clothing retailer L.L.","60d":"Black birds","61d":"Underground stem","62d":"Without: Fr."},"answers":{"1a":"STABS","6a":"SWAP","10a":"CHAP","14a":"KAPUT","15a":"CAPO","16a":"RICE","17a":"ABATE","18a":"ARAL","19a":"OVER","20a":"TURTLENECK","22a":"WEST","23a":"ELF","24a":"HANS","26a":"SEC","29a":"AFIRE","32a":"OFFER","36a":"PRESSURE","38a":"BLEARY","39a":"EARN","40a":"SALVO","42a":"ETNA","43a":"ESTATE","45a":"EINSTEIN","47a":"DESKS","48a":"STASH","49a":"DES","50a":"EPEE","52a":"AOK","54a":"CLUE","57a":"RABBITEARS","63a":"RORY","64a":"OGEE","65a":"GENOA","66a":"INGE","67a":"SODA","68a":"UNION","69a":"BEES","70a":"EDEN","71a":"NESTS","1d":"SKAT","2d":"TABU","3d":"APAR","4d":"BUTTE","5d":"STELLAS","6d":"SCAN","7d":"WARE","8d":"APACHE","9d":"POLKA","10d":"CROWSFEET","11d":"HIVE","12d":"ACES","13d":"PERT","21d":"EFFUSE","25d":"NOL","26d":"SPEED","27d":"ERASE","28d":"CERTS","30d":"IRA","31d":"RELET","33d":"FATED","34d":"ERNIE","35d":"RYANS","37d":"SNAKEEYES","38d":"BONSAI","41d":"VIA","44d":"TSP","46d":"SHOTGUN","48d":"SEAGOD","51d":"EROSE","53d":"KEENE","54d":"CRIB","55d":"LONE","56d":"URGE","58d":"BEDE","59d":"BEAN","60d":"ANIS","61d":"ROOT","62d":"SANS"}}