{"numbers":[["1","2","3","4","-","5","6","7","8","-","9","10","11","12","13"],["14","","","","-","15","","","","-","16","","","",""],["17","","","","-","18","","","","-","19","","","",""],["-","20","","","21","","","","","22","","","","",""],["-","-","-","23","","","-","-","-","24","","","","","-"],["25","26","27","","","","28","29","30","","","","-","-","-"],["31","","","","","-","32","","","","","-","33","34","35"],["36","","","","-","37","","","","","-","38","","",""],["39","","","-","40","","","","","-","41","","","",""],["-","-","-","42","","","","","","43","","","","",""],["-","44","45","","","","-","-","-","46","","","-","-","-"],["47","","","","","","48","49","50","","","","51","52","-"],["53","","","","","-","54","","","","-","55","","","56"],["57","","","","","-","58","","","","-","59","","",""],["60","","","","","-","61","","","","-","62","","",""]],"clues":{"1a":"Lady Macbeth wanted one out","5a":"Rangy","9a":"Infatuate","14a":"Clinton's birthplace","15a":"Oscar-winning Kazan","16a":"Slip into ___ (become unconscious)","17a":"Flourish","18a":"\"Buddenbrooks\" author","19a":"Trolley sound","20a":"\"Moonstruck\" actress","23a":"Suffer","24a":"Ignorance, proverbially","25a":"\"Les baigneuses\" artist","31a":"Domicile","32a":"Delight (in)","33a":"Moon vehicle, briefly","36a":"Cotton seeders","37a":"Lacy loop","38a":"Stir up","39a":"Double curve","40a":"Israeli dancer Valery","41a":"Titled ladies","42a":"80's-90's Czech tennis star","44a":"Herman Wouk ship","46a":"Stout relative","47a":"Abstract Expressionism pioneer","53a":"Set loose","54a":"Folkie Guthrie","55a":"Gratis","57a":"Diamond or ruby","58a":"Light shaft","59a":"Petrol, e.g.","60a":"Ice lifter","61a":"\"Auld Lang ___\"","62a":"Women's health magazine","1d":"\"___ sells sea shells...\"","2d":"Prince Charles's' sport","3d":"Destructive 1995 hurricane","4d":"First-down requirement","5d":"Forehead part","6d":"Jai ___","7d":"Director Wertmuller","8d":"Reel in","9d":"Silhouetted","10d":"Filled pastry","11d":"Drenches","12d":"Old compacts","13d":"Dog ID's","21d":"Swampy goo","22d":"Carpenter's double-nutter","25d":"Message bearer","26d":"Leggy wader","27d":"Ages and ages","28d":"Queen of France","29d":"Parolee, e.g.","30d":"New, in Napoli","33d":"Luxury wheels","34d":"Hgt.","35d":"Mexican geologic feature","37d":"Archaeologist's prefix","38d":"Illegal commissions","40d":"Pascal work","41d":"Dishwaterlike","42d":"Outdoor exercise","43d":"Strauss opera","44d":"Pound creation","45d":"London suburb","47d":"Equitable","48d":"Arrests","49d":"Stalker's object","50d":"Buck heroine","51d":"Rock's Mötley ___","52d":"Fall (over)","56d":"Pixie"},"answers":{"1a":"SPOT","5a":"TALL","9a":"BESOT","14a":"HOPE","15a":"ELIA","16a":"ACOMA","17a":"ELAN","18a":"MANN","19a":"CLANG","20a":"OLYMPIADUKAKIS","23a":"AIL","24a":"BLISS","25a":"PIERRERENOIR","31a":"ABODE","32a":"EXULT","33a":"LEM","36a":"GINS","37a":"PICOT","38a":"RILE","39a":"ESS","40a":"PANOV","41a":"DAMES","42a":"HELENASUKOVA","44a":"CAINE","46a":"ALE","47a":"JACKSONPOLLOCK","53a":"UNTIE","54a":"ARLO","55a":"FREE","57a":"STONE","58a":"BEAM","59a":"FUEL","60a":"TONGS","61a":"SYNE","62a":"SELF","1d":"SHE","2d":"POLO","3d":"OPAL","4d":"TENYARDS","5d":"TEMPLE","6d":"ALAI","7d":"LINA","8d":"LAND","9d":"BACKLIT","10d":"ECLAIR","11d":"SOAKS","12d":"OMNIS","13d":"TAGS","21d":"MIRE","22d":"UBOLT","25d":"PAGE","26d":"IBIS","27d":"EONS","28d":"REINE","29d":"EXCON","30d":"NUOVA","33d":"LIMO","34d":"ELEV","35d":"MESA","37d":"PALEO","38d":"RAKEOFFS","40d":"PENSEES","41d":"DULL","42d":"HIKING","43d":"SALOME","44d":"CANTO","45d":"ACTON","47d":"JUST","48d":"NABS","49d":"PREY","50d":"OLAN","51d":"CRUE","52d":"KEEL","56d":"ELF"}}