{"numbers":[["1","2","3","4","5","6","7","-","-","8","9","10","11","12","13","-","14","15","16","17","18","19","20"],["21","","","","","","","-","22","","","","","","","-","23","","","","","",""],["24","","","","","","","25","","","","","","","","26","","","","","","",""],["27","","","","-","-","28","","","","","","-","-","29","","","-","30","","","",""],["-","-","-","31","32","33","-","34","","","-","35","36","37","-","38","","39","","-","40","",""],["41","42","43","","","","44","","","","45","","","","46","","","","","47","-","-","-"],["48","","","-","49","","","","-","-","50","","","","","-","-","51","","","52","53","54"],["55","","","-","56","","","-","57","58","","-","-","59","","60","61","-","-","62","","",""],["63","","","64","","","","65","","","","66","67","","","","","68","69","","","",""],["70","","","","-","-","-","71","","","","","","-","-","72","","","","","","",""],["73","","","","74","-","75","","","","-","76","","77","-","-","78","","","-","79","",""],["-","-","-","80","","81","","","","","82","","","","83","84","","","","85","-","-","-"],["86","87","88","-","89","","","-","-","90","","","-","91","","","","-","92","","93","94","95"],["96","","","97","","","","98","-","-","99","","100","","","","-","-","-","101","","",""],["102","","","","","","","","103","104","","","","","","","105","106","107","","","",""],["108","","","","-","-","109","","","","-","-","110","","","-","111","","","-","112","",""],["113","","","","114","115","-","-","116","","117","118","","-","-","119","","","","-","120","",""],["-","-","-","121","","","122","123","","","","","","124","125","","","","","126","","",""],["127","128","129","-","130","","","","-","131","","","-","132","","","-","133","","","-","-","-"],["134","","","135","","-","136","","137","-","-","138","139","","","","140","-","-","141","142","143","144"],["145","","","","","146","","","","147","148","","","","","","","149","150","","","",""],["151","","","","","","","-","152","","","","","","","-","153","","","","","",""],["154","","","","","","","-","155","","","","","","-","-","156","","","","","",""]],"clues":{"1a":"Not so fast","8a":"Deck supervisors","14a":"Making even","21a":"By the sea","22a":"Bulletin board fastener","23a":"Puff's land, in song","24a":"Actress Barbara shows affection for E.M.T.'s?","27a":"Biblical birthright seller","28a":"Detecting device","29a":"Dynamite sound","30a":"Proceeds","31a":"Barker and Bell","34a":"Preschool group?","35a":"C.E.O.'s degree","38a":"Colorado tributary","40a":"That: Sp.","41a":"Naughty but nice women fail to reimburse Doris?","48a":"Brief freedom?","49a":"Table scraps","50a":"\"There was ___ woman who...\"","51a":"\"Une baignade\" artist","55a":"Capri suffix","56a":"\"Just kidding!\"","57a":"Did nothing","59a":"Cheese choice","62a":"Rent","63a":"Dumas heroes exploit losers?","70a":"Marathoner's ordeal","71a":"Strenuous","72a":"Buttercup relatives","73a":"Imbue","75a":"Role for Liz in '63","76a":"Get better in barrels","78a":"Monthly check sender: Abbr.","79a":"Kind of fingerprint","80a":"Rossner title character acts derisively?","86a":"\"Cheers\" network","89a":"Furthermore","90a":"Tarzan creator's monogram","91a":"Marvin Lee ___ aka Meat Loaf","92a":"Spring perennial","96a":"\"Omnibus\" host Cooke","99a":"Open auto of old","101a":"Strip at a swim meet","102a":"Fumbler defaces parts of diamonds?","108a":"\"Como ___ usted?\"","109a":"Part of 36-Down","110a":"Abbr. on some hulls","111a":"N.T. book before James","112a":"Juno, for one","113a":"Note elevators","116a":"\"White Christmas\" record label","119a":"Prompter beginning","120a":"1970 Jackson 5 hit","121a":"Dustin persona wheels young Dr. Westheimer?","127a":"Provider of home runs?","130a":"Shell, to old poets","131a":"Son of Odin","132a":"\"What did I tell you!\"","133a":"Third king of Judah","134a":"Actress Demich of 60's filmdom","136a":"67 degrees 30 minutes","138a":"Varnish ingredients","141a":"Holm and Hunter","145a":"Ingenue's elderly beau bespeckles Della's mug?","151a":"Ezra Pound contemporary","152a":"More strapped","153a":"Singer Lynn","154a":"Books stored horizontally","155a":"\"Gunsmoke\" star","156a":"Sawyer of ABC News","1d":"Pine (for)","2d":"Two-year-olds' chorus","3d":"Operatic basso Enzo ___","4d":"Undertake","5d":"Ordinal adjective","6d":"Menlo Park monogram","7d":"TV Tarzan's kin","8d":"Warm welcomes","9d":"___ buco (veal dish)","10d":"His act was antitrust","11d":"Pkg. carrier","12d":"Zilch","13d":"Impudent nobody","14d":"\"Ease on Down the Road!\" musical","15d":"Bandleader Edmundo","16d":"In the dark","17d":"Place for hangers-on?","18d":"TV's Kristen or Graff","19d":"Dweebs","20d":"Art base","22d":"Wine grape","25d":"Deborah, Graham and Jean","26d":"Stick-in-the-mud","32d":"In concurrence","33d":"A loser to Harry in '48","36d":"\"I'm not supplying,\" on invitations","37d":"Madam Polly","39d":"Article on Mont Blanc","41d":"Tropical tree-hangers","42d":"Hip","43d":"40's singing brother Ray or Bob","44d":"Aleutian island","45d":"LuPone of \"Evita\"","46d":"Sticks on","47d":"Best","52d":"Beef cut","53d":"Miss Brooks portrayer","54d":"\"The Gondoliers\" girl","57d":"Tackled moguls","58d":"Oxygen-dependent organism","60d":"\"I ___ Thief\" (1935 film)","61d":"Big name in burlesque","64d":"Kind of sch.","65d":"Normandy battle site","66d":"Surround with trees","67d":"Soufflé sine qua non","68d":"Majesty start","69d":"Discount chain","74d":"Chatter","75d":"Arrange systematically","77d":"Gives weapons, old-style","81d":"Growl","82d":"\"Verrry interesting\" Johnson","83d":"Mind set?","84d":"Singer Vikki","85d":"Enterprise helmsman","86d":"Theaters near you","87d":"Cheek makeup","88d":"Roma is one","93d":"Two-seated carriage","94d":"Behind on bills","95d":"Seder period","97d":"Plunge in","98d":"Flight destination in 1933 title","100d":"Routine","103d":"Bare: Prefix","104d":"Do some salaaming","105d":"Diamond of Queens","106d":"Peach ___","107d":"Heels, e.g.","114d":"Guiding light","115d":"Teriyaki ingredient","117d":"Blubber","118d":"Rust","119d":"Steak order","122d":"Goodies","123d":"Enrapture, slangily","124d":"Insurance claim particulars","125d":"Create smocking","126d":"Fund ___","127d":"Service program","128d":"Pizza part","129d":"Star of Orion's left foot","135d":"Simba's \"Lion King\" love","137d":"Novelist O'Brien","139d":"Football's Armstrong","140d":"Ego","142d":"Dumas novel","143d":"\"Phooey!\"","144d":"Young oyster","146d":"___-eyed","147d":"Ending akin to -ist","148d":"Cub house","149d":"___ Locks (Great Lakes passage)","150d":"Necessitate an \"Oops!\""},"answers":{"1a":"ANDANTE","8a":"BOSUNS","14a":"TRUEING","21a":"COASTAL","22a":"PUSHPIN","23a":"HONALEE","24a":"HERSHEYKISSESLIFESAVERS","27a":"ESAU","28a":"SENSOR","29a":"POW","30a":"WENDS","31a":"MAS","34a":"ROE","35a":"MBA","38a":"GILA","40a":"ESO","41a":"SWEETTARTSPAYDAYZERO","48a":"LIB","49a":"ORTS","50a":"ANOLD","51a":"SEURAT","55a":"OTE","56a":"NOT","57a":"SAT","59a":"EDAM","62a":"TORE","63a":"THREEMUSKETEERSMILKDUDS","70a":"HILL","71a":"TIRING","72a":"ANEMONES","73a":"STEEP","75a":"CLEO","76a":"AGE","78a":"SSA","79a":"DNA","80a":"MRGOODBARSNICKERS","86a":"NBC","89a":"AND","90a":"ERB","91a":"ADAY","92a":"TULIP","96a":"ALISTAIR","99a":"TOURER","101a":"LANE","102a":"BUTTERFINGERSMARSMOUNDS","108a":"ESTA","109a":"YOUR","110a":"USS","111a":"HEB","112a":"DEA","113a":"SHARPS","116a":"DECCA","119a":"TELE","120a":"ABC","121a":"TOOTSIEROLLSBABYRUTH","127a":"VCR","130a":"LYRE","131a":"TYR","132a":"OHO","133a":"ASA","134a":"IRINA","136a":"ENE","138a":"ROSINS","141a":"IANS","145a":"SUGARDADDYDOTSREESESCUP","151a":"TSELIOT","152a":"NEEDIER","153a":"LORETTA","154a":"ATLASES","155a":"ARNESS","156a":"FORREST","1d":"ACHE","2d":"NOES","3d":"DARA","4d":"ASSUME","5d":"NTH","6d":"TAE","7d":"ELYS","8d":"BUSSES","9d":"OSSO","10d":"SHERMAN","11d":"UPS","12d":"NIL","13d":"SNIP","14d":"THEWIZ","15d":"ROS","16d":"UNAWARE","17d":"EAVE","18d":"ILENE","19d":"NERDS","20d":"GESSO","22d":"PINOT","25d":"KERRS","26d":"FOGY","32d":"ATONE","33d":"STROM","36d":"BYO","37d":"ADLER","39d":"LES","41d":"SLOTHS","42d":"WITHIT","43d":"EBERLE","44d":"ATTU","45d":"PATTI","46d":"ADDS","47d":"OUTDO","52d":"ROUND","53d":"ARDEN","54d":"TESSA","57d":"SKIED","58d":"AEROBE","60d":"AMA","61d":"MINSKY","64d":"ELEM","65d":"STLO","66d":"ENARBOR","67d":"EGGS","68d":"LESE","69d":"KMART","74d":"PRATE","75d":"CODIFY","77d":"ENARMS","81d":"GNAR","82d":"ARTE","83d":"IDEAS","84d":"CARR","85d":"SULU","86d":"NABES","87d":"BLUSH","88d":"CITTA","93d":"LANDAU","94d":"INDEBT","95d":"PESACH","97d":"START","98d":"RIO","100d":"USUAL","103d":"NUDI","104d":"GREET","105d":"SHEA","106d":"MELBA","107d":"OBEYS","114d":"POLARIS","115d":"SOY","117d":"CRY","118d":"CORRODE","119d":"TBONE","122d":"TREATS","123d":"SEND","124d":"LOSSES","125d":"SHIRR","126d":"RAISER","127d":"VISTA","128d":"CRUST","129d":"RIGEL","135d":"NALA","137d":"EDNA","139d":"OTIS","140d":"SELF","142d":"ACTE","143d":"NUTS","144d":"SPAT","146d":"DOE","147d":"YER","148d":"DEN","149d":"SOO","150d":"ERR"}}