{"numbers":[["-","1","2","3","4","5","6","7","-","8","9","10","11","12","13"],["14","","","","","","","","-","15","","","","",""],["16","","","","","","","","-","17","","","","",""],["18","","","","","-","19","","20","","","-","21","",""],["22","","","","-","23","","","","-","24","25","","",""],["26","","","-","27","","","","","28","-","29","","",""],["30","","","31","","","-","32","","","33","","-","-","-"],["34","","","","","","35","-","36","","","","37","38","39"],["-","-","-","40","","","","41","-","42","","","","",""],["43","44","45","","-","46","","","47","","","-","48","",""],["49","","","","50","-","51","","","","-","52","","",""],["53","","","-","54","55","","","","-","56","","","",""],["57","","","58","","","-","59","","60","","","","",""],["61","","","","","","-","62","","","","","","",""],["63","","","","","","-","64","","","","","","","-"]],"clues":{"1a":"Exhibitionist","8a":"Moves furtively","14a":"Cruel woman","15a":"Accustom","16a":"Middle-of-the-roader","17a":"Go back and forth","18a":"Present, as a case","19a":"Put down","21a":"Tolstoy's \"Voinai ___\"","22a":"Fruit holder","23a":"Financial worry","24a":"Wipe out","26a":"\"So there!\"","27a":"Ventilate","29a":"Look ___ (study)","30a":"Self-seeker","32a":"Very cold","34a":"Scholar's collection?","36a":"Pick up","40a":"Haven","42a":"Mice and lice","43a":"Leaf through","46a":"Pesters","48a":"Race planner","49a":"Trunks","51a":"Hoover subordinates","52a":"___ fide","53a":"Be off base","54a":"Filters","56a":"Runner","57a":"Place apart","59a":"Starting to get dark","61a":"Bare","62a":"Honor","63a":"Ticks off","64a":"Make a comeback","1d":"Deficit","2d":"Erinaceus europaeus","3d":"Concert hall","4d":"Lived","5d":"Fertility lab stock","6d":"Boutique employee","7d":"Inferior hotel","8d":"Disseminated","9d":"Burned up","10d":"\"Capeesh?\"","11d":"Beat reporter","12d":"Avoid the draft?","13d":"Prefix with scope","14d":"Stinko","20d":"Unqualified","23d":"Can't stand","25d":"Jockey","27d":"Away from land","28d":"Like Little Orphan Annie","31d":"Prisoner wear","33d":"Boardwalk treats","35d":"Cause of a downfall","37d":"Spiking","38d":"Rating factor, perhaps","39d":"Ream","41d":"\"Home sweet home\" site","43d":"Operates","44d":"Pastry cone with whipped cream","45d":"Blow in, so to speak","47d":"Opening word","50d":"Belief of one billion","52d":"Any of the Seven Dwarfs, by profession","55d":"Mud ___ (salamanders)","56d":"List of options","58d":"Large amount","60d":"\"Deck the Halls\" contraction"},"answers":{"1a":"SHOWOFF","8a":"SIDLES","14a":"SHEDEVIL","15a":"ORIENT","16a":"MODERATE","17a":"WAGGLE","18a":"ARGUE","19a":"TAUNT","21a":"MIR","22a":"STEM","23a":"DEBT","24a":"ERASE","26a":"HAH","27a":"AERATE","29a":"INTO","30a":"EGOIST","32a":"GELID","34a":"DEGREES","36a":"RECEIVE","40a":"OASIS","42a":"VERMIN","43a":"SCAN","46a":"TEASES","48a":"POL","49a":"TORSI","51a":"GMEN","52a":"MALA","53a":"ERR","54a":"SEEPS","56a":"MILER","57a":"ENISLE","59a":"LATENING","61a":"REVEAL","62a":"EMINENCE","63a":"STEAMS","64a":"RESURGE","1d":"SHORTAGE","2d":"HEDGEHOG","3d":"ODEUM","4d":"WERE","5d":"OVA","6d":"FITTER","7d":"FLEABAG","8d":"SOWN","9d":"IRATE","10d":"DIG","11d":"LEGMAN","12d":"ENLIST","13d":"STEREO","14d":"SMASHED","20d":"UTTER","23d":"DETEST","25d":"RIDER","27d":"ASEA","28d":"ELEVEN","31d":"IRONS","33d":"ICES","35d":"SIEGE","37d":"IMPALING","38d":"VIOLENCE","39d":"ENLARGE","41d":"SAMPLER","43d":"STEERS","44d":"CORNET","45d":"ARRIVE","47d":"SESAME","50d":"ISLAM","52d":"MINER","55d":"EELS","56d":"MENU","58d":"SEA","60d":"TIS"}}