{"numbers":[["1","2","3","4","5","6","7","8","9","10","-","11","12","13","14"],["15","","","","","","","","","","-","16","","",""],["17","","","","","","","","","","-","18","","",""],["19","","","-","-","20","","","-","21","22","","","",""],["23","","","24","25","-","26","","27","","","","","",""],["28","","","","","29","-","30","","","","","","",""],["31","","","","","","-","32","","","-","-","33","",""],["-","-","-","34","","","35","-","36","","37","38","-","-","-"],["39","40","41","-","-","42","","43","-","44","","","45","46","47"],["48","","","49","50","","","","-","51","","","","",""],["52","","","","","","","","53","-","54","","","",""],["55","","","","","","-","56","","57","-","-","58","",""],["59","","","","-","60","61","","","","62","63","","",""],["64","","","","-","65","","","","","","","","",""],["66","","","","-","67","","","","","","","","",""]],"clues":{"1a":"Rustic","11a":"Saxon contemporary","15a":"Shopper's mecca","16a":"Grad","17a":"Tried out","18a":"Clever","19a":"Jacqueline Bouvier, in 1947","20a":"Female ovine","21a":"Spray alternative","23a":"Zoo animal","26a":"\"___ Blues\" (1973 Fonda film)","28a":"Scarlett's mother and others","30a":"Kind of vote","31a":"Like the ocean","32a":"They're near the bottom of the scale","33a":"Byrnes of \"77 Sunset Strip\"","34a":"Thrusts","36a":"Indulgences for 54-Across","39a":"River across the Lake of Brienz","42a":"Deli order","44a":"Nag","48a":"Meaningless chatter","51a":"Biological subdivisions","52a":"Dummy","54a":"Rummy","55a":"\"Mrs. Miniver\" Oscar winner","56a":"Hunters of AWOL's","58a":"Electrical unit","59a":"Indy champ Luyendyk","60a":"Yield","64a":"Actor-songsmith Novello","65a":"Presidents","66a":"\"___ Dance\" (Benny Goodman theme)","67a":"Carolers","1d":"Birthplaces","2d":"Hedda's rival in gossip","3d":"Weirdo","4d":"___ gratia","5d":"Stolen","6d":"Cartoon dog","7d":"Bows","8d":"Roofer's supply","9d":"Preceding period","10d":"Giving indemnification","11d":"Actress Smith","12d":"Howl","13d":"Educated","14d":"Freed from errors","22d":"Folk song \"The ___ Grey Goose (Is Dead)\"","24d":"Dayan contemporary","25d":"\"Finnegans Wake\" wife","27d":"\"Desire Under the Elms\" son","29d":"Aspects","35d":"Putdown","37d":"Frost, e.g.","38d":"Prefix with gram or meter","39d":"An Adams","40d":"Portugal's holiday coast","41d":"Grew profusely","43d":"Bambi's pal","45d":"Corrupt","46d":"Host","47d":"Like some seals","49d":"Firefighters, at times","50d":"Soul mate","53d":"Zip","57d":"Kind of gun","61d":"Dismiss","62d":"Marathoner Pippig","63d":"It may be flipped"},"answers":{"1a":"CLODHOPPER","11a":"JUTE","15a":"RODEODRIVE","16a":"ALUM","17a":"AUDITIONED","18a":"CUTE","19a":"DEB","20a":"EWE","21a":"ROLLON","23a":"LLAMA","26a":"STEELYARD","28a":"ELLENS","30a":"ABSENTEE","31a":"SALINE","32a":"RES","33a":"EDD","34a":"RAMS","36a":"NIPS","39a":"AAR","42a":"BLT","44a":"NOODGE","48a":"BLAHBLAH","51a":"GENERA","52a":"IGNORAMUS","54a":"TOPER","55a":"GARSON","56a":"MPS","58a":"REL","59a":"ARIE","60a":"CAPITULATE","64a":"IVOR","65a":"EXECUTIVES","66a":"LETS","67a":"SERENADERS","1d":"CRADLES","2d":"LOUELLA","3d":"ODDBALL","4d":"DEI","5d":"HOT","6d":"ODIE","7d":"PROWS","8d":"PINETAR","9d":"EVE","10d":"REDRESSING","11d":"JACLYN","12d":"ULULATE","13d":"TUTORED","14d":"EMENDED","22d":"OLE","24d":"MEIR","25d":"ANNA","27d":"EBEN","29d":"SEMBLANCES","35d":"SLAM","37d":"POET","38d":"SONO","39d":"ABIGAIL","40d":"ALGARVE","41d":"RANRIOT","43d":"THUMPER","45d":"DEPRAVE","46d":"GREETER","47d":"EARLESS","49d":"HOSERS","50d":"BRO","53d":"SPICE","57d":"STUN","61d":"AXE","62d":"UTA","63d":"LID"}}