{"numbers":[["1","2","3","4","-","5","6","7","8","-","9","10","11","12","13"],["14","","","","-","15","","","","-","16","","","",""],["17","","","","-","18","","","","-","19","","","",""],["20","","","","21","","","","","22","","-","23","",""],["-","-","-","24","","","-","-","25","","","26","","",""],["27","28","29","","","","30","31","-","32","","","","-","-"],["33","","","-","34","","","","35","-","36","","","37","38"],["39","","","40","-","41","","","","42","-","43","","",""],["44","","","","45","-","46","","","","47","-","48","",""],["-","-","49","","","50","-","51","","","","52","","",""],["53","54","","","","","55","-","-","56","","","-","-","-"],["57","","","-","58","","","59","60","","","","61","62","63"],["64","","","65","","-","66","","","","-","67","","",""],["68","","","","","-","69","","","","-","70","","",""],["71","","","","","-","72","","","","-","73","","",""]],"clues":{"1a":"Starr of the Packers","5a":"Kitty's comment","9a":"\"___ Gavotte\" (\"My Fair Lady\" song)","14a":"___ vera","15a":"Radius's partner","16a":"Moon of Saturn","17a":"College on the Thames","18a":"Singer Sedaka","19a":"Mingle","20a":"Gladiator's wear","23a":"Constrictor","24a":"Annual hoops contest: Abbr.","25a":"Maid of ___ (Joan of Arc)","27a":"Colonists","32a":"Grilled sandwich","33a":"The hot saison","34a":"Novelist Jong","36a":"Harbinger of spring","39a":"Mayberry's Bee Taylor, e.g.","41a":"Days-old","43a":"___ bene","44a":"Certain king of myth","46a":"Wipe clean","48a":"Galley propeller","49a":"Greek vowel","51a":"On the sly","53a":"Having made a will","56a":"Raggedy ___","57a":"C.T.A. trains","58a":"Preppy's wear","64a":"One of the Barrymores","66a":"Chisel, e.g.","67a":"Manger trio","68a":"Lodge member","69a":"Plasm prefix","70a":"The \"E\" of Q.E.D.","71a":"Look of contempt","72a":"Sow's opposite","73a":"Polish industrial city","1d":"Boxer Max","2d":"Quartet member","3d":"Part of a Clue accusation","4d":"Lessee","5d":"60's TV family","6d":"Zeno's home","7d":"Getting ___ years","8d":"Emerson's middle name","9d":"Nursery rhyme start","10d":"Filmdom's Alastair","11d":"Marine's wear","12d":"Gazpacho ingredient","13d":"Amarillo's home","21d":"Lake Nasser site","22d":"Forelimb","26d":"North Carolina college","27d":"Baseball feature","28d":"Needle case","29d":"Athlete's wear","30d":"___ of passage","31d":"Surgical souvenirs","35d":"Wings","37d":"Slanted type: Abbr.","38d":"___ a one","40d":"Horn sound","42d":"One way to cook","45d":"Desk item","47d":"Cubemeister Rubik","50d":"Gobbled","52d":"Nail polish","53d":"Abounds","54d":"Singer John","55d":"Go in","59d":"Zero","60d":"\"The Empire Strikes Back\" mystic","61d":"Casino game","62d":"\"Holy smokes!\"","63d":"Name in luxury hotels","65d":"Opposite of WNW"},"answers":{"1a":"BART","5a":"MEOW","9a":"ASCOT","14a":"ALOE","15a":"ULNA","16a":"DIONE","17a":"ETON","18a":"NEIL","19a":"IMMIX","20a":"ROMANSANDAL","23a":"BOA","24a":"NIT","25a":"ORLEANS","27a":"SETTLERS","32a":"MELT","33a":"ETE","34a":"ERICA","36a":"ROBIN","39a":"AUNT","41a":"STALE","43a":"NOTA","44a":"MINOS","46a":"ERASE","48a":"OAR","49a":"IOTA","51a":"SECRETLY","53a":"TESTATE","56a":"ANN","57a":"ELS","58a":"PENNYLOAFER","64a":"ETHEL","66a":"TOOL","67a":"MAGI","68a":"MOOSE","69a":"ENDO","70a":"ERAT","71a":"SNEER","72a":"REAP","73a":"LODZ","1d":"BAER","2d":"ALTO","3d":"ROOM","4d":"TENANT","5d":"MUNSTERS","6d":"ELEA","7d":"ONIN","8d":"WALDO","9d":"ADILLER","10d":"SIM","11d":"COMBATBOOT","12d":"ONION","13d":"TEXAS","21d":"NILE","22d":"ARM","26d":"ELON","27d":"SEAM","28d":"ETUI","29d":"TENNISSHOE","30d":"RITE","31d":"SCARS","35d":"ALAE","37d":"ITAL","38d":"NARY","40d":"TOOT","42d":"ESCALLOP","45d":"STAPLER","47d":"ERNO","50d":"ATE","52d":"ENAMEL","53d":"TEEMS","54d":"ELTON","55d":"ENTER","59d":"NONE","60d":"YODA","61d":"FARO","62d":"EGAD","63d":"RITZ","65d":"ESE"}}