{"numbers":[["1","2","3","-","-","4","5","6","7","8","-","-","9","10","11"],["12","","","13","-","14","","","","","-","15","","",""],["16","","","","-","17","","","","","-","18","","",""],["19","","","","20","","","","","","21","","","",""],["22","","","","","-","-","-","-","-","23","","","",""],["-","-","-","-","24","25","26","-","27","28","","-","-","-","-"],["29","30","31","32","","","","-","33","","","34","35","36","37"],["38","","","","","","","-","39","","","","","",""],["40","","","","","","","-","41","","","","","",""],["-","-","-","-","42","","","-","43","","","-","-","-","-"],["44","45","46","47","","-","-","-","-","-","48","49","50","51","52"],["53","","","","","54","55","56","57","58","","","","",""],["59","","","","-","60","","","","","-","61","","",""],["62","","","","-","63","","","","","-","64","","",""],["65","","","-","-","66","","","","","-","-","67","",""]],"clues":{"1a":"Ingemar Johansson wins","4a":"Inhabitant's place","9a":"Industrialist's deg.","12a":"Insurance figure","14a":"Ichthyologist's specimen","15a":"\"It's Still Rock and Roll to Me\" singer Billy","16a":"Indians of the West","17a":"Immortal start for Caesar","18a":"Important ship of myth","19a":"I","22a":"It's in Lepus","23a":"Italian dish","24a":"Initials for a waitress","27a":"Ignorant reply","29a":"Individual who fishes","33a":"Interweave","38a":"\"I Will ___\" (disco hit)","39a":"Intimate of Aeneas","40a":"Innermost orbital point","41a":"Influences in astrology","42a":"It precedes poetica","43a":"Irène's seasoning","44a":"Inventory, e.g.","48a":"Indonesia is similiar to it","53a":"I","59a":"Infant's place","60a":"Innocent Hiss?","61a":"Item for heating liquids","62a":"Islets","63a":"Italian artist Andrea del ___","64a":"Institutes legal action","65a":"It follows oom","66a":"In amongst","67a":"Intemperate fit","1d":"Idolized drummer","2d":"\"In Old Arizona,\" e.g.","3d":"Isaac the violinist","4d":"Idi ___","5d":"Iberian \"mouth\"","6d":"Intense exam","7d":"Ideal, as greenhouse soil","8d":"Inspector","9d":"Idiot","10d":"Initiated","11d":"Isolated","13d":"In ___ (actually)","15d":"Inamorata of Tarzan","20d":"Indispensable, in music","21d":"Introduction for an eye doctor","25d":"Instrument for lifting","26d":"\"I think I shall never see...\" poem","27d":"Inferior cars","28d":"\"I give!\"","29d":"Itty-bitty meas.","30d":"Ile de la Cité street","31d":"Ice hockey legend","32d":"Inscribed 56","34d":"Ill-looking","35d":"Inhabitant: Suffix","36d":"Income after taxes","37d":"Initial for Superman","44d":"Irving Berlin belonged to it","45d":"Israel-Turkey separator","46d":"Ian of Rhodesia","47d":"Inverse of \"floods\"","49d":"Iced drinks","50d":"Illuminated","51d":"It spans douze mois","52d":"It's uplifting","54d":"In the rear","55d":"Imperfection","56d":"Inhuman brute","57d":"Interconnection of nerves","58d":"Item in a laundry"},"answers":{"1a":"KOS","4a":"ABODE","9a":"MBA","12a":"RATE","14a":"MORAY","15a":"JOEL","16a":"UTES","17a":"ICAME","18a":"ARGO","19a":"PERSONALPRONOUN","22a":"ARNEB","23a":"PENNE","24a":"BLT","27a":"HUH","29a":"TROLLER","33a":"ENTWINE","38a":"SURVIVE","39a":"ACHATES","40a":"PERIGEE","41a":"PLANETS","42a":"ARS","43a":"SEL","44a":"ASSET","48a":"MALAY","53a":"SYMBOLFORIODINE","59a":"CRIB","60a":"ALGER","61a":"ETNA","62a":"AITS","63a":"SARTO","64a":"SUES","65a":"PAH","66a":"TWEEN","67a":"PET","1d":"KRUPA","2d":"OATER","3d":"STERN","4d":"AMIN","5d":"BOCA","6d":"ORAL","7d":"DAMP","8d":"EYER","9d":"MORON","10d":"BEGUN","11d":"ALONE","13d":"ESSE","15d":"JANE","20d":"OBBLIGATO","21d":"OPHTHALMO","25d":"LEVER","26d":"TREES","27d":"HEAPS","28d":"UNCLE","29d":"TSP","30d":"RUE","31d":"ORR","32d":"LVI","34d":"WAN","35d":"ITE","36d":"NET","37d":"ESS","44d":"ASCAP","45d":"SYRIA","46d":"SMITH","47d":"EBBS","49d":"ADES","50d":"LITUP","51d":"ANNEE","52d":"YEAST","54d":"LAST","55d":"FLAW","56d":"OGRE","57d":"RETE","58d":"IRON"}}