{"numbers":[["1","2","3","4","5","6","7","8","9","10","-","11","12","13","14"],["15","","","","","","","","","","-","16","","",""],["17","","","","","","","","","","-","18","","",""],["19","","","-","-","20","","","","","-","21","","",""],["22","","","23","24","-","25","","","","26","-","27","",""],["-","28","","","","29","-","30","","","","-","31","",""],["-","-","-","32","","","33","","","-","34","35","","",""],["-","36","37","","","","","-","38","39","","","","","-"],["40","","","","","-","41","42","","","","","-","-","-"],["43","","","-","44","45","","","-","46","","","47","48","-"],["49","","","-","50","","","","51","-","52","","","","53"],["54","","","55","-","56","","","","57","-","-","58","",""],["59","","","","-","60","","","","","61","62","","",""],["63","","","","-","64","","","","","","","","",""],["65","","","","-","66","","","","","","","","",""]],"clues":{"1a":"Cheops contractor?","11a":"Assign to a role","15a":"\"I Love You, Porgy\" singer","16a":"Jim Davis character","17a":"Adds one fact too many","18a":"Nash's priest","19a":"Cut short","20a":"Black-and-white snacks","21a":"Rock band equipment","22a":"Insults","25a":"Kind of poker","27a":"Orthographic meet","28a":"Boiling over","30a":"Hook's mate","31a":"Flub","32a":"Asian temple shader","34a":"Slogs (through)","36a":"\"Patriot Games\" creator","38a":"Scottie at work","40a":"Use one's head","41a":"Joint","43a":"1994 Judy Davis film, with \"The\"","44a":"Ten make diez","46a":"Peter of rock's Kiss","49a":"Dolomite, e.g.","50a":"Pasta sauce","52a":"Showed interest","54a":"Travel expense","56a":"Vista","58a":"Notices","59a":"Dorothea Lange photo subject","60a":"Track fixtures","63a":"Lincolnshire locale, with \"The\"","64a":"001 and 007, e.g.","65a":"\"___ don't fail me now!\"","66a":"Umbrage","1d":"Stuffed shirts","2d":"Copenhagen's ___ Gardens","3d":"Lieutenant's insignia","4d":"Like AA shoes: Abbr.","5d":"Telemessaging","6d":"Spanish Surrealist","7d":"Cherubs","8d":"Russian city on the Neman","9d":"Any number","10d":"\"Sighting\" near Urquhart Castle","11d":"Pop","12d":"Eliot opus","13d":"Fatuous one","14d":"Coming attractions","23d":"1929 hit \"___ Love Song\"","24d":"Befoul","26d":"Some metalware","29d":"Bottom-of-letter abbr.","33d":"Spaceship stabilizer","35d":"Heart chambers","36d":"Charlie Barnet theme","37d":"Palm reader's reading","39d":"Gridiron grp.","40d":"Leave jauntily","42d":"Country homes","45d":"Ancient wise man","47d":"Need, with \"for\"","48d":"Unanticipated","51d":"The \"op.\" of op. cit","53d":"\"Hey there!\"","55d":"For fear that","57d":"\"My People\" writer","61d":"Giant of a Giant","62d":"Fire starter?"},"answers":{"1a":"STONEMASON","11a":"CAST","15a":"NINASIMONE","16a":"ODIE","17a":"OVERPROVES","18a":"LAMA","19a":"BOB","20a":"OREOS","21a":"AMPS","22a":"SLAPS","25a":"STRIP","27a":"BEE","28a":"IRATE","30a":"SMEE","31a":"ERR","32a":"GINGKO","34a":"WADES","36a":"CLANCY","38a":"RATTER","40a":"THINK","41a":"REEFER","43a":"REF","44a":"UNOS","46a":"CRISS","49a":"ORE","50a":"PESTO","52a":"SATUP","54a":"TOLL","56a":"SCAPE","58a":"ADS","59a":"OKIE","60a":"TOTEBOARDS","63a":"FENS","64a":"OPERATIVES","65a":"FEET","66a":"RESENTMENT","1d":"SNOBS","2d":"TIVOLI","3d":"ONEBAR","4d":"NAR","5d":"ESP","6d":"MIRO","7d":"AMORS","8d":"SOVETSK","9d":"ONEORMORE","10d":"NESSIE","11d":"COLA","12d":"ADAMBEDE","13d":"SIMPERER","14d":"TEASERS","23d":"PAGAN","24d":"STINKUP","26d":"PEWTERS","29d":"ENC","33d":"GYROSCOPE","35d":"ATRIA","36d":"CHEROKEE","37d":"LIFELINE","39d":"AFC","40d":"TROTOFF","42d":"ESTATES","45d":"NESTOR","47d":"STARVE","48d":"SUDDEN","51d":"OPERE","53d":"PSSST","55d":"LEST","57d":"EBAN","61d":"OTT","62d":"AIM"}}