{"numbers":[["1","2","3","4","5","-","6","7","8","9","-","10","11","12","13"],["14","","","","","-","15","","","","-","16","","",""],["17","","","","","18","","","","","19","","","",""],["20","","","","","","","","-","21","","","","",""],["-","-","-","-","22","","","-","23","","","","-","-","-"],["24","25","26","27","","","","28","","","","","29","30","31"],["32","","","","","-","-","33","","","","-","34","",""],["35","","","","-","36","37","","","","-","38","","",""],["39","","","-","40","","","","-","-","41","","","",""],["42","","","43","","","","","44","45","","","","",""],["-","-","-","46","","","","-","47","","","-","-","-","-"],["48","49","50","","","","-","51","","","","52","53","54","55"],["56","","","","","","57","","","","","","","",""],["58","","","","-","59","","","","-","60","","","",""],["61","","","","-","62","","","","-","63","","","",""]],"clues":{"1a":"Nightly rituals for some","6a":"Laid up, so to speak","10a":"Mideast pilgrimage","14a":"Until now","15a":"Aching","16a":"Garfield's foil","17a":"Consider","20a":"Explain in detail","21a":"Pakistani moolah","22a":"Add (up)","23a":"Relate","24a":"Teetered","32a":"Stay home for supper","33a":"\"Blossom\" actor Ted","34a":"Bribery suffix","35a":"\"Lemme ___!\" (fightin' words)","36a":"Tractor man","38a":"Epiphanic cries","39a":"Shut (in)","40a":"Sound measure","41a":"Love, Italian-style","42a":"Peace overture, perhaps","46a":"Affectionate","47a":"Castaway locale","48a":"Wildcat","51a":"Grow up","56a":"Is concerned about","58a":"Actor Dillon","59a":"Connie Francis hit, 1960","60a":"Replacement's place","61a":"Snick-or-___","62a":"Shade of blue","63a":"Island in the Delian League","1d":"Is up","2d":"\"Hurry!\"","3d":"Kid","4d":"Shoe part","5d":"English cheese","6d":"Quick","7d":"Evict","8d":"Stat for Greg Maddux","9d":"Slash, in a way","10d":"Foofaraw","11d":"Together, in music","12d":"Celebrate gustatorily","13d":"New York 11","18d":"High time","19d":"Extracts","23d":"Skier's aid","24d":"Vaulted","25d":"Ken Maynard film, e.g.","26d":"Pool employee","27d":"The tiniest Cratchit","28d":"Like Georgia Brown","29d":"Not in any way","30d":"Bow or Barton","31d":"Three-foot piece","36d":"Computer glitch result","37d":"Phillips University site","38d":"Dr.'s org.","40d":"Dish's partner in flight","41d":"Unskillful","43d":"Recently","44d":"Of the netherworld","45d":"Big name in fashion","48d":"Resistance units","49d":"\"The Godfather\" actor","50d":"Historic Italian family name","51d":"Sphere starter","52d":"\"___ bien\" (\"That's fine\"): Sp.","53d":"Ship's front","54d":"\"So long\"","55d":"Goals","57d":"Cole or Turner"},"answers":{"1a":"BATHS","6a":"ABED","10a":"HADJ","14a":"ASYET","15a":"SORE","16a":"ODIE","17a":"TAKEINTOACCOUNT","20a":"SPELLOUT","21a":"RUPEES","22a":"TOT","23a":"TELL","24a":"LOSTONESBALANCE","32a":"EATIN","33a":"WASS","34a":"OLA","35a":"ATEM","36a":"DEERE","38a":"AHAS","39a":"PEN","40a":"SONE","41a":"AMORE","42a":"TROOPWITHDRAWAL","46a":"FOND","47a":"AIT","48a":"OCELOT","51a":"ADOLESCE","56a":"HASANINTERESTIN","58a":"MATT","59a":"MAMA","60a":"STEAD","61a":"SNEE","62a":"ETON","63a":"SAMOS","1d":"BATS","2d":"ASAP","3d":"TYKE","4d":"HEEL","5d":"STILTON","6d":"ASTUTE","7d":"BOOT","8d":"ERA","9d":"DECREASE","10d":"HOOPLA","11d":"ADUE","12d":"DINE","13d":"JETS","18d":"NOON","19d":"CULLS","23d":"TBAR","24d":"LEAPT","25d":"OATER","26d":"STENO","27d":"TIM","28d":"SWEET","29d":"NOHOW","30d":"CLARA","31d":"EASEL","36d":"DOWNTIME","37d":"ENID","38d":"AMA","40d":"SPOON","41d":"ARTLESS","43d":"OFLATE","44d":"HADEAN","45d":"DIOR","48d":"OHMS","49d":"CAAN","50d":"ESTE","51d":"ATMO","52d":"ESTA","53d":"STEM","54d":"CIAO","55d":"ENDS","57d":"NAT"}}