{"numbers":[["1","2","3","4","-","5","6","7","8","-","9","10","11","12","13"],["14","","","","-","15","","","","-","16","","","",""],["17","","","","-","18","","","","-","19","","","",""],["20","","","","21","","","","","22","","-","23","",""],["24","","","","","","-","-","25","","","26","","-","-"],["-","-","-","27","","","28","29","-","30","","","","31","32"],["33","34","35","-","36","","","","37","","-","38","","",""],["39","","","40","","-","41","","","-","42","","","",""],["43","","","","-","44","","","","45","","-","46","",""],["47","","","","48","","-","49","","","","50","-","-","-"],["-","-","51","","","","52","-","-","53","","","54","55","56"],["57","58","","-","59","","","60","61","","","","","",""],["62","","","63","","-","64","","","","-","65","","",""],["66","","","","","-","67","","","","-","68","","",""],["69","","","","","-","70","","","","-","71","","",""]],"clues":{"1a":"Kiss","5a":"Mrs. Parks from Montgomery","9a":"Actress Lawrence","14a":"Russia's ___ Mountains","15a":"\"___ it my way\" (Sinatra lyric)","16a":"Was in pain","17a":"Suffix with convert","18a":"Straw vote","19a":"Oyster cloister","20a":"Welfare office employees, e.g.","23a":"Snoop","24a":"Rogues","25a":"Cook, as a turkey","27a":"\"Come in!\"","30a":"Teeth straighteners","33a":"Dole or Hoskins","36a":"Thingamajig","38a":"___ music (Weavers' genre)","39a":"Walrus tusks","41a":"Fraternity letter","42a":"Shade of green","43a":"Curbside cry","44a":"Intl. assn. for learning","46a":"1981 film \"___ Boot\"","47a":"Skiing areas","49a":"Midgetlike","51a":"\"Cherchez la ___!\"","53a":"Illinois city","57a":"Former mil. auxiliary","59a":"Drive fast","62a":"Friend south of the border","64a":"PBS science series","65a":"Israel's Abba","66a":"Shoestrings","67a":"Bridge","68a":"Eat fancily","69a":"Risk takers may find them shaky","70a":"Manage, as a bar","71a":"Singles","1d":"Century or Le Sabre","2d":"City-related","3d":"Hot sauce","4d":"Jacket part","5d":"Snappy comeback","6d":"Olfactory stimulation","7d":"Fine stocking material","8d":"Psychologist Alfred","9d":"Poughkeepsie campus","10d":"German \"I\"","11d":"Winter woe","12d":"Seaweed","13d":"Casually","21d":"\"Peter Pan\" girl","22d":"Caftan","26d":"Ump's call","28d":"Neck and neck","29d":"Ceremonies","31d":"Jazzy Fitzgerald","32d":"\"The ___ the limit!\"","33d":"Computer units","34d":"Elliptical","35d":"Ticket sales","37d":"___ and carry","40d":"Ready for harvest","42d":"\"M*A*S*H\" locale","44d":"West Point inits.","45d":"\"Billy the Kid\" composer","48d":"Print in relief","50d":"Spanish city","52d":"Artist Max","54d":"Bruce Wayne's ward","55d":"Nonsensical","56d":"Memorable 1972 hurricane","57d":"Beat the rap","58d":"To ___ (unanimously)","60d":"Cowboy's equipment","61d":"Writer Hunter","63d":"\"Golly!\""},"answers":{"1a":"BUSS","5a":"ROSA","9a":"VICKI","14a":"URAL","15a":"IDID","16a":"ACHED","17a":"IBLE","18a":"POLL","19a":"SHELL","20a":"CASEWORKERS","23a":"SPY","24a":"KNAVES","25a":"ROAST","27a":"ENTER","30a":"BRACES","33a":"BOB","36a":"DEVICE","38a":"FOLK","39a":"IVORY","41a":"ETA","42a":"KELLY","43a":"TAXI","44a":"UNESCO","46a":"DAS","47a":"SLOPES","49a":"SHORT","51a":"FEMME","53a":"PEORIA","57a":"WAF","59a":"BARRELALONG","62a":"AMIGO","64a":"NOVA","65a":"EBAN","66a":"LACES","67a":"SPAN","68a":"DINE","69a":"KNEES","70a":"TEND","71a":"ONES","1d":"BUICK","2d":"URBAN","3d":"SALSA","4d":"SLEEVE","5d":"RIPOSTE","6d":"ODOR","7d":"SILK","8d":"ADLER","9d":"VASSAR","10d":"ICH","11d":"CHESTCOLD","12d":"KELP","13d":"IDLY","21d":"WENDY","22d":"ROBE","26d":"SAFE","28d":"EVEN","29d":"RITES","31d":"ELLA","32d":"SKYS","33d":"BITS","34d":"OVAL","35d":"BOXOFFICE","37d":"CASH","40d":"RIPE","42d":"KOREA","44d":"USMA","45d":"COPLAND","48d":"EMBOSS","50d":"TOLEDO","52d":"ERNST","54d":"ROBIN","55d":"INANE","56d":"AGNES","57d":"WALK","58d":"AMAN","60d":"ROPE","61d":"EVAN","63d":"GEE"}}