{"numbers":[["1","2","3","4","-","-","5","6","7","8","9","-","10","11","12"],["13","","","","14","-","15","","","","","-","16","",""],["17","","","","","18","","","","","","19","","",""],["20","","","-","21","","","-","-","22","","","","",""],["23","","","24","-","25","","26","27","-","28","","","",""],["29","","","","30","-","31","","","32","-","-","33","",""],["34","","","","","-","-","35","","","36","37","-","-","-"],["-","-","38","","","39","40","","","","","","41","-","-"],["-","-","-","42","","","","","-","-","43","","","44","45"],["46","47","48","-","-","49","","","50","-","51","","","",""],["52","","","53","54","-","55","","","56","-","57","","",""],["58","","","","","59","-","-","60","","61","-","62","",""],["63","","","","","","64","65","","","","66","","",""],["67","","","-","68","","","","","-","69","","","",""],["70","","","-","71","","","","","-","-","72","","",""]],"clues":{"1a":"Type size","5a":"Drastically reduce, as prices","10a":"Kind of cord or saw","13a":"Happy, e.g.","15a":"Serbian-American inventor","16a":"Author LeShan","17a":"Presidente número uno","20a":"Garlic, in the Southwest","21a":"Bit of Morse code","22a":"Signify","23a":"Venus de ___","25a":"Held on to","28a":"Sewing kit item","29a":"Sends out","31a":"Calypso standard","33a":"Ring feats","34a":"December disguise","35a":"Hippo ending","38a":"Presidente número treinta y ocho","42a":"Competitor","43a":"Put up","46a":"Skip, as on the water","49a":"At any time","51a":"Modern energy type","52a":"Wow","55a":"Fusses","57a":"Sitarist Shankar","58a":"Equally","60a":"60's service site, informally","62a":"Itsy-bitsy","63a":"Presidente número seis","67a":"Que. neighbor","68a":"Loosen, as laces","69a":"Latin for \"there is lacking\"","70a":"Western Indian","71a":"Emerson effort","72a":"Subject of some engineering","1d":"Agatha Christie successor","2d":"1945 Pacific battle site","3d":"Christmas fun","4d":"Neighbor of Uru.","5d":"Said","6d":"Late Defense Sec. Aspin","7d":"Bat wood","8d":"Went feet first","9d":"BVD competition","10d":"Won back, as territory","11d":"Phrase of agreement","12d":"Groups of experts","14d":"Agent of Uncle Sam","18d":"In which dim sum is cooked","19d":"What the whole U.S.A. makes","24d":"Playful critter","26d":"Administered corporal punishment","27d":"Beginner","30d":"Indira Gandhi attire","32d":"Response to a punch","36d":"\"The Simpsons\" bar","37d":"Botched grounder","39d":"Madison, e.g.: Abbr.","40d":"Volcano flow","41d":"17 Across crossed it","44d":"Neanderthals","45d":"Italian seaport","46d":"Pear variety","47d":"\"Pay this ___\"","48d":"Taste","50d":"Baseball's Penguin","53d":"___ Buddhist","54d":"Cousin of -like","56d":"For example","59d":"Charles Barkley's crew","61d":"Raincoat","64d":"\"___ a boy!\"","65d":"Peeples of \"Fame\"","66d":"Mr. Hammarskjöld"},"answers":{"1a":"PICA","5a":"SLASH","10a":"RIP","13a":"DWARF","15a":"TESLA","16a":"EDA","17a":"JORGEWASHINGTON","20a":"AJO","21a":"DOT","22a":"DENOTE","23a":"MILO","25a":"KEPT","28a":"SPOOL","29a":"EMITS","31a":"DAYO","33a":"KOS","34a":"SANTA","35a":"DROME","38a":"GERALDOFORD","42a":"RIVAL","43a":"ERECT","46a":"DAP","49a":"EVER","51a":"SOLAR","52a":"AMAZE","55a":"ADOS","57a":"RAVI","58a":"NOLESS","60a":"NAM","62a":"WEE","63a":"JUANQUINCYADAMS","67a":"ONT","68a":"UNTIE","69a":"CARET","70a":"UTE","71a":"ESSAY","72a":"GENE","1d":"PDJAMES","2d":"IWOJIMA","3d":"CAROLING","4d":"ARG","5d":"STATED","6d":"LES","7d":"ASH","8d":"SLID","9d":"HANES","10d":"RETOOK","11d":"IDOTOO","12d":"PANELS","14d":"FED","18d":"WOK","19d":"GNP","24d":"OTTER","26d":"PADDLED","27d":"TYRO","30d":"SARI","32d":"OOF","36d":"MOES","37d":"ERROR","39d":"AVE","40d":"LAVA","41d":"DELAWARE","44d":"CAVEMEN","45d":"TRIESTE","46d":"DANJOU","47d":"AMOUNT","48d":"PALATE","50d":"RONCEY","53d":"ZEN","54d":"ESQUE","56d":"SAY","59d":"SUNS","61d":"MAC","64d":"ITS","65d":"NIA","66d":"DAG"}}