{"numbers":[["1","2","3","4","5","-","-","6","7","8","9","10","-","-","11","12","13","14","15","16","17"],["18","","","","","19","-","20","","","","","21","-","22","","","","","",""],["23","","","","","","-","24","","","","","","25","","","","","","",""],["26","","","-","27","","28","","","","-","29","","","-","-","30","","","",""],["31","","","32","-","33","","","","-","-","34","","","35","-","-","36","","",""],["37","","","","38","","","","","39","40","","","","","41","42","","-","-","-"],["-","-","-","43","","","","-","44","","","-","45","","","","","-","46","47","48"],["49","50","51","","","-","-","-","-","52","","53","","","","","","54","","",""],["55","","","","","56","57","58","59","","","","-","-","60","","","","","",""],["61","","","","","","","","","-","62","","63","64","-","-","-","65","","",""],["-","-","-","-","66","","","","","67","-","68","","","69","70","71","-","-","-","-"],["72","73","74","75","-","-","-","76","","","77","-","78","","","","","79","80","81","82"],["83","","","","84","85","86","-","-","87","","88","","","","","","","","",""],["89","","","","","","","90","91","","","","-","-","-","-","92","","","",""],["93","","","-","94","","","","","-","95","","96","-","97","98","","","-","-","-"],["-","-","-","99","","","","","","100","","","","101","","","","","102","103","104"],["105","106","107","","-","-","108","","","","-","-","109","","","","-","110","","",""],["111","","","","112","-","-","113","","","-","114","","","","","115","-","116","",""],["117","","","","","118","119","","","","120","","","","-","121","","122","","",""],["123","","","","","","","-","124","","","","","","-","125","","","","",""],["126","","","","","","","-","-","127","","","","","-","-","128","","","",""]],"clues":{"1a":"Fountain sales","6a":"Makes ___ at","11a":"Château Lafite products","18a":"Used a plane","20a":"Angle measurement","22a":"Gone","23a":"Mama bird","24a":"Like the toughest part of the race","26a":"Pod preceder","27a":"Gordon of \"Oklahoma!\"","29a":"Year in the Yucatán","30a":"Greek dialect","31a":"Homely fruit","33a":"W.W. II woman","34a":"Guns","36a":"Workout count","37a":"Ran hard in the marathon","43a":"\"Star ___\"","44a":"Start for center","45a":"Boxer Griffith","46a":"Calendar abbr.","49a":"___-Rivières, Quebec","52a":"Like a marathoner","55a":"Jog through old-fashioned streets","60a":"\"...and the fourth for mine ___\": Addison","61a":"Largely","62a":"Nuclear force elements","65a":"Work at the post office","66a":"Vlad the Impaler, e.g.","68a":"Upgrade the factory","72a":"Nutty","76a":"Switch suffix","78a":"Kept healthy","83a":"'60s British invasion band, with \"The\"","87a":"Doing poorly at the marathon","89a":"Did well at the marathon","92a":"Land at Orly?","93a":"Eye sore","94a":"Habituate","95a":"TD's are worth 6 each","97a":"Cruising","99a":"Signed up for the marathon","105a":"W.W. II adversary","108a":"County below Broward","109a":"Correct copy","110a":"Use an optical reader","111a":"\"___ my case\"","113a":"Fathers and sons","114a":"Thicket trees","116a":"John Gunther topic","117a":"Overdo it at the marathon","121a":"Minute","123a":"International accord","124a":"Duke of the Dodgers","125a":"Obvious","126a":"Honey ___","127a":"Horned creatures","128a":"Things to avoid","1d":"Parodied","2d":"Exceed","3d":"Ball's production company","4d":"Hill builder","5d":"Look","6d":"Turkish landfall","7d":"Verve","8d":"Musically together","9d":"Suck up","10d":"Clive Cussler best seller","11d":"Piece of animation","12d":"Chem. classroom","13d":"Small amount","14d":"Answer","15d":"___ deux","16d":"Dutch still-life subject","17d":"Project details","19d":"Chest part","21d":"Assyrian capital","25d":"Title words before \"Do\" and after \"Do You\"","28d":"Heels","32d":"Accepted by","35d":"Put on a happy face","38d":"Extinguished","39d":"Miniseries, maybe","40d":"Fox hunter's coat","41d":"Southern religious school","42d":"Hawaiian state bird","46d":"Cold, in Caracas","47d":"Sorry soul","48d":"Research facility: Abbr.","49d":"Summer weather stat.","50d":"\"Oysters ___ season\"","51d":"Giant slugger","53d":"Ivan or Peter","54d":"Baseball execs, for short","56d":"Glasgow uncle","57d":"First degrees","58d":"Ready to eat","59d":"With 69-Down, a pet's choice","63d":"Software listing","64d":"VCR button","67d":"Three-time skiing gold medalist Sailer","69d":"See 59-Down","70d":"Incan treasure","71d":"Conversation starter","72d":"Dickensian expletives","73d":"Gray's subj.","74d":"A ___ sum","75d":"Little, to a lassie","77d":"Get-up-and-go","79d":"Tribal weapons","80d":"Part of H.R.H.","81d":"Auction conclusion","82d":"He ran with R.M.N.","84d":"Money-changer's profit","85d":"Burt's ex","86d":"In good health","88d":"Head of Le Havre","90d":"Imagined","91d":"Hay drying machines","96d":"Prepared shrimp","97d":"Suisse sweetheart","98d":"Ancient Persian governor","99d":"Kids","100d":"Kind of farmer","101d":"Sources of milk","102d":"Sharpness","103d":"Clams ___","104d":"Passes","105d":"Symbol of ferocity","106d":"Home of the Black Bears","107d":"Volkswagen model","112d":"Caterpillar construction","114d":"It ends at the Temple of Vulcan","115d":"The Man","118d":"Baseball season in Montréal","119d":"Marked a ballot","120d":"\"O sole ___\"","122d":"Oklahoma tribe"},"answers":{"1a":"SODAS","6a":"APASS","11a":"CLARETS","18a":"EVENED","20a":"RADIAN","22a":"EATENUP","23a":"NESTER","24a":"ANUPHILLBATTLE","26a":"TRI","27a":"MACRAE","29a":"ANO","30a":"DORIC","31a":"UGLI","33a":"WAAC","34a":"REVS","36a":"REPS","37a":"POUNDEDTHEPAVEMENT","43a":"WARS","44a":"EPI","45a":"EMILE","46a":"FRI","49a":"TROIS","52a":"INTHELONGRUN","55a":"HITTHEBRICKS","60a":"ENEMIES","61a":"INTHEMAIN","62a":"SAMS","65a":"SORT","66a":"DESPOT","68a":"RETOOL","72a":"BATS","76a":"EROO","78a":"NOURISHED","83a":"ANIMALS","87a":"NOTUPTOSPEED","89a":"HADAGOODTIME","92a":"TERRE","93a":"STY","94a":"INURE","95a":"PTS","97a":"ASEA","99a":"JOINEDTHEHUMANRACE","105a":"TOJO","108a":"DADE","109a":"EDIT","110a":"SCAN","111a":"IREST","113a":"MEN","114a":"ALDERS","116a":"USA","117a":"GOTHEEXTRAMILE","121a":"ATOMIC","123a":"ENTENTE","124a":"SNIDER","125a":"PATENT","126a":"ROASTED","127a":"TOADS","128a":"NONOS","1d":"SENTUP","2d":"OVERGO","3d":"DESILU","4d":"ANT","5d":"SEEM","6d":"ARARAT","7d":"PANACHE","8d":"ADUE","9d":"SIP","10d":"SAHARA","11d":"CEL","12d":"LAB","13d":"ATAD","14d":"RETORT","15d":"ENTRE","16d":"TULIP","17d":"SPECS","19d":"DRAWER","21d":"NINEVEH","25d":"LOVEME","28d":"CADS","32d":"INWITH","35d":"SMILE","38d":"DASHED","39d":"EPIC","40d":"PINKS","41d":"ELON","42d":"NENE","46d":"FRIO","47d":"RUER","48d":"INST","49d":"THI","50d":"RIN","51d":"OTT","53d":"TSAR","54d":"GMS","56d":"EME","57d":"BAS","58d":"RIPE","59d":"INOR","63d":"MENU","64d":"STOP","67d":"TONI","69d":"OUT","70d":"ORO","71d":"LISTEN","72d":"BAHS","73d":"ANAT","74d":"TIDY","75d":"SMA","77d":"OOMPH","79d":"SPEARS","80d":"HER","81d":"EER","82d":"DDE","84d":"AGIO","85d":"LONI","86d":"SOUND","88d":"TETE","90d":"DREAMT","91d":"TEDDERS","96d":"SHELLED","97d":"AMIE","98d":"SATRAP","99d":"JOSHES","100d":"TENANT","101d":"UDDERS","102d":"ACUMEN","103d":"CASINO","104d":"ENACTS","105d":"TIGER","106d":"ORONO","107d":"JETTA","112d":"TENT","114d":"AIDA","115d":"STAN","118d":"ETE","119d":"XED","120d":"MIO","122d":"OTO"}}