{"numbers":[["1","2","3","4","-","5","6","7","8","-","-","9","10","11","12"],["13","","","","-","14","","","","15","-","16","","",""],["17","","","","18","","","","","","-","19","","",""],["-","-","-","20","","","-","21","","","-","22","","",""],["23","24","25","","","-","26","","","","27","","","",""],["28","","","","","29","","-","30","","","","-","-","-"],["31","","","","","","","32","-","-","33","","34","35","36"],["37","","","-","-","38","","","39","40","-","-","41","",""],["42","","","43","44","-","-","45","","","46","47","","",""],["-","-","-","48","","49","50","-","51","","","","","",""],["52","53","54","","","","","55","","-","56","","","",""],["57","","","","-","58","","","-","59","","","-","-","-"],["60","","","","-","61","","","62","","","","63","64","65"],["66","","","","-","67","","","","","-","68","","",""],["69","","","","-","-","70","","","","-","71","","",""]],"clues":{"1a":"Trendy","5a":"Asian monk","9a":"Yield","13a":"\"That smarts!\"","14a":"Whiffs","16a":"\"Roots\" author Haley","17a":"Special Forces member","19a":"Houston campus","20a":"Low","21a":"Tropical cuckoo","22a":"___ Tass news agency","23a":"\"I've ___ up to here!\"","26a":"Judo master","28a":"Wretched","30a":"Drive away","31a":"World Series losers, 1919","33a":"Lactose, e.g.","37a":"Laertes, to Polonius","38a":"V.S. Naipaul's \"___ in the River\"","41a":"Vitamin bottle abbr.","42a":"Rye fungus","45a":"Ballet movie of 1948, with \"The\"","48a":"\"No bid\"","51a":"Spire","52a":"Neil Diamond hit \"Forever in ___\"","56a":"A deadly sin","57a":"Gain deservedly","58a":"Paris byway","59a":"Cousin of \"Mayday!\"","60a":"Web-footed birds","61a":"Storm trooper","66a":"Balsam, e.g.","67a":"1967 battleground","68a":"Actress McClurg","69a":"Casa room","70a":"Right-hand man: Abbr.","71a":"Oxen harness","1d":"Tooth","2d":"\"Ben ___\"","3d":"It goes with the floe","4d":"Apothecary, in London","5d":"Claude Akins TV role","6d":"Picnic quaff","7d":"Lesson to be learned","8d":"Sporting venues","9d":"American reindeer","10d":"Upper crust","11d":"Stick-on label","12d":"Apply, as force","15d":"German netman Michael","18d":"Words of disavowal","23d":"Hole for an anchor cable","24d":"Detest","25d":"Subsiding, with \"down\"","26d":"1958 sci-fi terror, with \"the\"","27d":"Renders unconscious, briefly","29d":"Botanist Gray","32d":"One who crosses out","34d":"Feel one's way","35d":"Fred Astaire's sister","36d":"Leveled, in Leeds","39d":"Eerie loch","40d":"Potent pesticide","43d":"It's beyond the harbor","44d":"___ Mahal","46d":"Utah lilies","47d":"Chocolate town, U.S.A.","49d":"Belgrade natives","50d":"Lizards, scientifically","52d":"Pulses","53d":"Singer Branigan","54d":"\"Family Matters\" nerd","55d":"Glowing signs","59d":"Huff","62d":"Existed","63d":"Nuptial phrase","64d":"N.B.A. star Smits","65d":"Golf prop"},"answers":{"1a":"CHIC","5a":"LAMA","9a":"CEDE","13a":"OUCH","14a":"ODORS","16a":"ALEX","17a":"GREENBERET","19a":"RICE","20a":"MOO","21a":"ANI","22a":"ITAR","23a":"HADIT","26a":"BLACKBELT","28a":"ABYSMAL","30a":"SHOO","31a":"WHITESOX","33a":"SUGAR","37a":"SON","38a":"ABEND","41a":"RDA","42a":"ERGOT","45a":"REDSHOES","48a":"PASS","51a":"STEEPLE","52a":"BLUEJEANS","56a":"GREED","57a":"EARN","58a":"RUE","59a":"SOS","60a":"AUKS","61a":"BROWNSHIRT","66a":"TREE","67a":"SINAI","68a":"EDIE","69a":"SALA","70a":"ASST","71a":"YOKE","1d":"COG","2d":"HUR","3d":"ICE","4d":"CHEMIST","5d":"LOBO","6d":"ADE","7d":"MORAL","8d":"ARENAS","9d":"CARIBOU","10d":"ELITE","11d":"DECAL","12d":"EXERT","15d":"STICH","18d":"NOTME","23d":"HAWSE","24d":"ABHOR","25d":"DYING","26d":"BLOB","27d":"KOS","29d":"ASA","32d":"XER","34d":"GROPE","35d":"ADELE","36d":"RASED","39d":"NESS","40d":"DDT","43d":"OPENSEA","44d":"TAJ","46d":"SEGOS","47d":"HERSHEY","49d":"SERBS","50d":"SAURIA","52d":"BEATS","53d":"LAURA","54d":"URKEL","55d":"NEONS","59d":"SNIT","62d":"WAS","63d":"IDO","64d":"RIK","65d":"TEE"}}