{"numbers":[["1","2","3","4","-","5","6","7","8","9","-","10","11","12","13"],["14","","","","-","15","","","","","-","16","","",""],["17","","","","-","18","","","","","19","","","",""],["20","","","-","21","","","","-","22","","","","",""],["23","","","24","","","","-","25","","","","","-","-"],["-","-","26","","","","-","27","","","","","","28","29"],["30","31","","","","-","32","","","","","-","33","",""],["34","","","","-","35","","","","","-","36","","",""],["37","","","-","38","","","","","-","39","","","",""],["40","","","41","","","","","-","42","","","","-","-"],["-","-","43","","","","","-","44","","","","","45","46"],["47","48","","","","","-","49","","","","-","50","",""],["51","","","","","","52","","","","-","53","","",""],["54","","","","-","55","","","","","-","56","","",""],["57","","","","-","58","","","","","-","59","","",""]],"clues":{"1a":"Fox terrier of film","5a":"Music org. since 1914","10a":"Disney's \"___ and the Detectives\"","14a":"Morning TV host","15a":"Single-named music star","16a":"Loopy","17a":"Yaks","18a":"Get down to basics","20a":"Name for a gobbler","21a":"Cheek by ___ (close)","22a":"Low power hands","23a":"Captivates","25a":"Gorge","26a":"Saline septet","27a":"Kind of table or room","30a":"1924 hit \"___ to Be You\"","32a":"River called Liger by the ancients","33a":"Religieuse","34a":"Hurler Hershiser","35a":"Finely adjusted","36a":"Numerical prefix","37a":"Bankroll","38a":"Put punch in the punch","39a":"\"___ of robins in her hair\"","40a":"Symbol of Americanism","42a":"Skelton's Kadiddlehopper","43a":"Sculled","44a":"Adjective for Snow White","47a":"Team of Texans","49a":"Nary a soul","50a":"First-rate","51a":"Source of easy money","53a":"Little matter","54a":"\"___ boy!\"","55a":"Charlotte ___","56a":"First in a group leader to 28 Down","57a":"Reading, e.g.","58a":"\"The Fiddler of Dooney\" creator","59a":"Bouffant do","1d":"Nitrogen, once","2d":"Anglo's partner","3d":"60's dance","4d":"Novelist Radcliffe","5d":"Equity members","6d":"Irwin and G.B.","7d":"Summon","8d":"Neighbor of La.","9d":"Earthenware fragment","10d":"Way out","11d":"Beat badly","12d":"Beach Boys' \"___ Around\"","13d":"Alternative to Ruffles","19d":"Edict","21d":"\"The Grapes of Wrath\" name","24d":"Farina","25d":"Wailed","27d":"Gifted one","28d":"See 56 Across","29d":"Annoying buzzer","30d":"\"The Music Man\" locale","31d":"Links hazard","32d":"Crystal-clear","35d":"Classic Carole King album","36d":"Knockout","38d":"Conductor Anderson","39d":"\"I cannot tell ___\"","41d":"Immature","42d":"Where the Palme d'Or is awarded","44d":"Impose (on)","45d":"Look high and low","46d":"Adagio, e.g.","47d":"King slain by Samuel","48d":"Mlle. from Manzanares","49d":"Apollo acronym","52d":"Feel remorse","53d":"___ rule"},"answers":{"1a":"ASTA","5a":"ASCAP","10a":"EMIL","14a":"ZAHN","15a":"CHARO","16a":"GAGA","17a":"OXEN","18a":"TALKTURKEY","20a":"TOM","21a":"JOWL","22a":"SKEETS","23a":"ENAMORS","25a":"CHASM","26a":"SEAS","27a":"DRESSING","30a":"ITHAD","32a":"LOIRE","33a":"NUN","34a":"OREL","35a":"TUNED","36a":"OCTA","37a":"WAD","38a":"LACED","39a":"ANEST","40a":"APPLEPIE","42a":"CLEM","43a":"OARED","44a":"FAIREST","47a":"ASTROS","49a":"NONE","50a":"ACE","51a":"GRAVYTRAIN","53a":"ATOM","54a":"ATTA","55a":"RUSSE","56a":"SOUP","57a":"GAOL","58a":"YEATS","59a":"AFRO","1d":"AZOTE","2d":"SAXON","3d":"THEMASHEDPOTATO","4d":"ANN","5d":"ACTORS","6d":"SHAWS","7d":"CALL","8d":"ARK","9d":"POTSHERD","10d":"EGRESS","11d":"MAKEMINCEMEATOF","12d":"IGET","13d":"LAYS","19d":"UKASE","21d":"JOAD","24d":"MEAL","25d":"CRIED","27d":"DONEE","28d":"NUTS","29d":"GNAT","30d":"IOWA","31d":"TRAP","32d":"LUCID","35d":"TAPESTRY","36d":"ONER","38d":"LEROY","39d":"ALIE","41d":"LARVAL","42d":"CANNES","44d":"FOIST","45d":"SCOUR","46d":"TEMPO","47d":"AGAG","48d":"SRTA","49d":"NASA","52d":"RUE","53d":"ASA"}}