{"numbers":[["1","2","3","4","-","5","6","7","8","9","-","10","11","12","13"],["14","","","","-","15","","","","","-","16","","",""],["17","","","","18","","","","","","19","","","",""],["20","","","","","-","21","","","","","-","22","",""],["-","-","-","23","","24","-","-","-","25","","26","-","-","-"],["27","28","29","","","","30","31","32","","","","33","34","35"],["36","","","-","-","37","","","","-","38","","","",""],["39","","","40","-","41","","","","42","-","43","","",""],["44","","","","45","-","46","","","","-","-","47","",""],["48","","","","","49","","","","","50","51","","",""],["-","-","-","52","","","-","-","-","53","","","-","-","-"],["54","55","56","-","57","","58","59","60","-","61","","62","63","64"],["65","","","66","","","","","","67","","","","",""],["68","","","","-","69","","","","","-","70","","",""],["71","","","","-","72","","","","","-","73","","",""]],"clues":{"1a":"Mussorgsky's Boris","5a":"Apostle to the Slavs","10a":"Shakespeare title starter","14a":"Stewpot","15a":"Bête ___","16a":"Loser's concern","17a":"BABE","20a":"Cádiz's country","21a":"Debatable point","22a":"How a medium gets the message?","23a":"Crossers of aves.","25a":"Cry of mock indignation","27a":"CHICK","36a":"Have vitality","37a":"___ homo","38a":"Logical or political preceder","39a":"\"___ Ordinary Man\" (\"My Fair Lady\" song)","41a":"Anklebone","43a":"Cicatrix","44a":"Destined","46a":"Infrequent","47a":"Conclusive: Abbr.","48a":"DAME","52a":"Colo. neighbor","53a":"Soap unit","54a":"___ Na Na","57a":"Simon and others","61a":"Wrinkled","65a":"BROAD","68a":"\"Alas!\"","69a":"Parcel out","70a":"Dash","71a":"Catch one's breath","72a":"1923 Literature Nobelist","73a":"New Jersey team","1d":"Wee ones","2d":"Smack","3d":"Teatro ___ Scala","4d":"Jaunty","5d":"Larry King broadcaster","6d":"Cartoon bear","7d":"Criticizes hard","8d":"See-through item","9d":"Pea, e.g.","10d":"Hurry-scurry","11d":"Have vitality","12d":"Oahu garlands","13d":"Flight segment","18d":"Divider's word","19d":"Siamese cries","24d":"Woodpecker's snack","26d":"Certain Nigerians","27d":"Mediterranean port","28d":"Wit Bombeck et al.","29d":"Under, poetically","30d":"Aid in avoiding the draft?","31d":"Brilliant display","32d":"Medical prefix","33d":"Happen","34d":"Coins of Iran","35d":"What's up?","40d":"Make out","42d":"Certain Bosnian","45d":"Alternative to Liquid-Plumr","49d":"Kind of street","50d":"St. ___ (Channel port)","51d":"Up","54d":"Run producer","55d":"\"That was funny\"","56d":"Black market goods","58d":"Innisfree, e.g.","59d":"\"Damn Yankees\" siren","60d":"Espy","62d":"Shade of green","63d":"State of France","64d":"Fox homes","66d":"G.O.P.","67d":"Qt. halves"},"answers":{"1a":"TSAR","5a":"CYRIL","10a":"ALLS","14a":"OLLA","15a":"NOIRE","16a":"DIET","17a":"TALKINGPIGMOVIE","20a":"SPAIN","21a":"ISSUE","22a":"ESP","23a":"STS","25a":"MOI","27a":"HENHOUSENEWBORN","36a":"ARE","37a":"ECCE","38a":"SOCIO","39a":"IMAN","41a":"TALUS","43a":"SCAR","44a":"FATED","46a":"RARE","47a":"ULT","48a":"ASHCROFTORMARSH","52a":"KAN","53a":"BAR","54a":"SHA","57a":"NEILS","61a":"LINED","65a":"NARROWSOPPOSITE","68a":"AHME","69a":"ALLOT","70a":"ELAN","71a":"GASP","72a":"YEATS","73a":"NETS","1d":"TOTS","2d":"SLAP","3d":"ALLA","4d":"RAKISH","5d":"CNN","6d":"YOGI","7d":"RIPS","8d":"IRIS","9d":"LEGUME","10d":"ADO","11d":"LIVE","12d":"LEIS","13d":"STEP","18d":"INTO","19d":"MEOWS","24d":"SUET","26d":"IBOS","27d":"HAIFA","28d":"ERMAS","29d":"NEATH","30d":"SCARF","31d":"ECLAT","32d":"NEURO","33d":"OCCUR","34d":"RIALS","35d":"NORTH","40d":"NECK","42d":"SERB","45d":"DRANO","49d":"ONEWAY","50d":"MALO","51d":"ARISEN","54d":"SNAG","55d":"HAHA","56d":"ARMS","58d":"ISLE","59d":"LOLA","60d":"SPOT","62d":"NILE","63d":"ETAT","64d":"DENS","66d":"REP","67d":"PTS"}}