{"numbers":[["1","2","3","4","5","-","6","7","8","9","-","10","11","12","13"],["14","","","","","-","15","","","","-","16","","",""],["17","","","","","-","18","","","","-","19","","",""],["-","-","20","","","21","","","","","22","","","",""],["23","24","","-","25","","","-","-","26","","","","",""],["27","","","28","","","","29","30","","","","-","-","-"],["31","","","","","-","-","32","","","","-","33","34","35"],["36","","","","-","37","38","","","","-","39","","",""],["40","","","-","41","","","","-","-","42","","","",""],["-","-","-","43","","","","","44","45","","","","",""],["46","47","48","","","","-","-","49","","","-","50","",""],["51","","","","","","52","53","","","","54","","-","-"],["55","","","","-","56","","","","-","57","","","58","59"],["60","","","","-","61","","","","-","62","","","",""],["63","","","","-","64","","","","-","65","","","",""]],"clues":{"1a":"Micro add-on","6a":"Stun with a blow","10a":"Punchline reaction","14a":"\"Anthony Adverse\" author Hervey ___","15a":"Ogden's locale","16a":"\"___ in Calico\" (1947 song)","17a":"Old World town","18a":"Slip a Mickey","19a":"Bower flower","20a":"Links opposites sides","23a":"\"___ humbug!\"","25a":"Wish undone","26a":"Lepidopterist's find","27a":"\"Sea Hunt\" star","31a":"Sewing cases","32a":"Scholarship factor","33a":"The usual","36a":"Big stinger","37a":"Selfish one","39a":"Singer Guthrie","40a":"\"___ you satisfied?\"","41a":"Brazilian booter","42a":"\"___ for Adano\"","43a":"With 51 Across, Robert Waller best seller","46a":"Verve","49a":"Sign of stage success","50a":"\"Ciao\"","51a":"See 43 Across","55a":"Guitarist Clapton","56a":"Implement","57a":"Suffix with pod- or psych-","60a":"One way to run","61a":"Needing irrigation","62a":"Turgenev lady","63a":"Ex-L.A. team","64a":"Narrow street","65a":"\"Get outta here!\"","1d":"Tide competitor","2d":"U.N. agency","3d":"Where golfers meet","4d":"Mister, in Bonn","5d":"Surrounds","6d":"Dog show official","7d":"Nebraska tribesman","8d":"Baby holders","9d":"Clemenceau nickname","10d":"Sheiks' bevies","11d":"Like some 60's dancers","12d":"Attempts","13d":"Hebrew leader?","21d":"Name","22d":"Worked the garden","23d":"___ fuse (erupted)","24d":"\"I do\" location","28d":"Puppy's cry","29d":"Press gizmo","30d":"Actor Billy ___ Williams","33d":"Church elder","34d":"Fusible metal","35d":"Pocahontas's husband John","37d":"Practice abstinence","38d":"Mass robe","39d":"Model of honesty","41d":"Key letters","42d":"Miseries","43d":"\"How's ___?\"","44d":"Tristam's love","45d":"Actress Joanne","46d":"Dirty campaign tactic","47d":"Italian city","48d":"Local language","52d":"Writer Ephron","53d":"Fountain throwaway?","54d":"Bath powder","58d":"Genetic stuff","59d":"Thanksgiving vegetable"},"answers":{"1a":"FICHE","6a":"JOLT","10a":"HAHA","14a":"ALLEN","15a":"UTAH","16a":"AGAL","17a":"BOURG","18a":"DOPE","19a":"ROSE","20a":"BRIDGESTHEGAP","23a":"BAH","25a":"RUE","26a":"IOMOTH","27a":"LLOYDBRIDGES","31a":"ETUIS","32a":"NEED","33a":"PAR","36a":"WASP","37a":"TAKER","39a":"ARLO","40a":"ARE","41a":"PELE","42a":"ABELL","43a":"THEBRIDGESOF","46a":"SPIRIT","49a":"SRO","50a":"BYE","51a":"MADISONCOUNTY","55a":"ERIC","56a":"TOOL","57a":"IATRY","60a":"AMOK","61a":"ARID","62a":"ELENA","63a":"RAMS","64a":"LANE","65a":"SCRAM","1d":"FAB","2d":"ILO","3d":"CLUBHOUSE","4d":"HERR","5d":"ENGIRDS","6d":"JUDGER","7d":"OTOE","8d":"LAPS","9d":"THETIGER","10d":"HAREMS","11d":"AGOGO","12d":"HASAT","13d":"ALEPH","21d":"DUB","22d":"HOED","23d":"BLEWA","24d":"ALTAR","28d":"YIP","29d":"INKER","30d":"DEE","33d":"PRESBYTER","34d":"ALLOY","35d":"ROLFE","37d":"TEETOTAL","38d":"ALB","39d":"ABE","41d":"PHIS","42d":"AGONIES","43d":"TRICKS","44d":"ISOLDE","45d":"DRU","46d":"SMEAR","47d":"PARMA","48d":"IDIOM","52d":"NORA","53d":"COIN","54d":"TALC","58d":"RNA","59d":"YAM"}}