{"numbers":[["1","2","3","4","-","5","6","7","8","-","-","9","10","11","12"],["13","","","","-","14","","","","-","15","","","",""],["16","","","","17","","","","","-","18","","","",""],["19","","","","","","","","-","20","","","","-","-"],["21","","","","","-","-","-","22","","","-","23","24","25"],["-","-","-","-","26","27","28","29","","","","-","30","",""],["31","32","33","34","-","35","","","","-","36","37","","",""],["38","","","","39","","","","","40","","","","",""],["41","","","","","-","42","","","","-","43","","",""],["44","","","-","45","46","","","","","47","-","-","-","-"],["48","","","-","49","","","-","-","-","50","51","52","53","54"],["-","-","55","56","","","-","57","58","59","","","","",""],["60","61","","","","-","62","","","","","","","",""],["63","","","","","-","64","","","","-","65","","",""],["66","","","","-","-","67","","","","-","68","","",""]],"clues":{"1a":"Late tennis V.I.P. Arthur","5a":"Drying oven","9a":"Sammy Davis Jr. book \"Yes ___\"","13a":"Karate blow","14a":"___ bodied seaman","15a":"Window cover","16a":"Stable diet?","18a":"Fix deep and tight","19a":"Approved","20a":"White House's ___ Office","21a":"Considers","22a":"Mr. Onassis","23a":"Immature salamander","26a":"Outbursts","30a":"Sticky stuff","31a":"Little troublemakers","35a":"Stepson of Emperor Claudius","36a":"Ballplayer's bobble","38a":"Frisky","41a":"___ John of \"Tommy\"","42a":"Dictator Idi","43a":"\"___ Excited\" (1984 hit)","44a":"Aviation prefix","45a":"Worded","48a":"Classic auto","49a":"Symbol of punishment","50a":"Sour","55a":"\"Get a ___ on it!\"","57a":"Plant cases","60a":"The Red ___ (W.W. I ace)","62a":"Tout's locale","63a":"Accommodate","64a":"To be, in Brest","65a":"Words of comprehension","66a":"Went by taxi","67a":"Legendary Bunyan","68a":"Dorm items","1d":"Yearned","2d":"Was brilliant","3d":"Multitude","4d":"Downs town","5d":"Blockheads","6d":"Have ___ in one's bonnet","7d":"Winter transportation","8d":"Koppel or Kennedy","9d":"La Douce","10d":"Ancestor of a fax","11d":"Mimic","12d":"Actor Sparks","15d":"Contrives","17d":"Former \"formerly\"","20d":"Silver container","22d":"Handsome gent","24d":"Pays, as the bill","25d":"Remains of an ancient statue, maybe","27d":"Hotel","28d":"View","29d":"Fragrance","31d":"\"___ the worst ...\"","32d":"Free-for-all","33d":"Russian Revolution locale","34d":"Pavement caution","37d":"Reine's husband","39d":"Available, as a book","40d":"Opposite WSW","46d":"50's dance","47d":"Pub missile","51d":"West Indies Indian","52d":"Clear the board","53d":"Reduced to granules","54d":"Cooks a pie","56d":"Hitchcock thriller","57d":"London goodbye","58d":"Linen color","59d":"Movie unit","60d":"Lawyer's ___ exam","61d":"Fuss","62d":"Agent, slangily"},"answers":{"1a":"ASHE","5a":"OAST","9a":"ICAN","13a":"CHOP","14a":"ABLE","15a":"DRAPE","16a":"HORSEFEED","18a":"EMBED","19a":"ENDORSED","20a":"OVAL","21a":"DEEMS","22a":"ARI","23a":"EFT","26a":"TIRADES","30a":"GOO","31a":"IMPS","35a":"NERO","36a":"ERROR","38a":"FEELINGONESOATS","41a":"ELTON","42a":"AMIN","43a":"IMSO","44a":"AER","45a":"PHRASED","48a":"REO","49a":"ROD","50a":"ACERB","55a":"GRIP","57a":"TERRARIA","60a":"BARON","62a":"RACETRACK","63a":"ADAPT","64a":"ETRE","65a":"ISEE","66a":"RODE","67a":"PAUL","68a":"BEDS","1d":"ACHED","2d":"SHONE","3d":"HORDE","4d":"EPSOM","5d":"OAFS","6d":"ABEE","7d":"SLED","8d":"TED","9d":"IRMA","10d":"CABLEGRAM","11d":"APE","12d":"NED","15d":"DEVISES","17d":"ERST","20d":"ORE","22d":"ADONIS","24d":"FOOTS","25d":"TORSO","27d":"INN","28d":"REGARD","29d":"AROMA","31d":"IFEAR","32d":"MELEE","33d":"PETROGRAD","34d":"SLO","37d":"ROI","39d":"INPRINT","40d":"ENE","46d":"HOP","47d":"DART","51d":"CARIB","52d":"ERASE","53d":"RICED","54d":"BAKES","56d":"ROPE","57d":"TATA","58d":"ECRU","59d":"REEL","60d":"BAR","61d":"ADO","62d":"REP"}}