{"numbers":[["1","2","3","4","5","6","-","-","7","8","9","10","11","12","13","-","-","14","15","16","17"],["18","","","","","","-","-","19","","","","","","","-","20","","","",""],["21","","","","","","22","-","23","","","","","","","-","24","","","",""],["25","","","","","","","26","","","","","","-","27","28","","-","29","",""],["30","","","-","-","31","","","-","32","","","-","33","","","","-","34","",""],["-","-","-","35","36","","-","37","38","","","-","39","","","","","-","40","",""],["41","42","43","","","-","44","","","","-","45","","","","-","-","46","","",""],["47","","","","","-","48","","","-","49","","","","-","50","51","","","",""],["52","","","","","-","53","","","54","","","","","-","55","","","","-","-"],["56","","","-","57","58","","-","-","59","","","","","-","60","","","","61","62"],["63","","","-","64","","","65","66","","","","","","67","","","-","68","",""],["69","","","70","","","-","71","","","","","-","-","72","","","-","73","",""],["-","-","74","","","","-","75","","","","","76","77","","-","78","79","","",""],["80","81","","","","","-","82","","","","-","83","","","-","84","","","",""],["85","","","","-","-","86","","","","-","87","","","","-","88","","","",""],["89","","","-","90","91","","","","-","92","","","","-","93","","","-","-","-"],["94","","","-","95","","","","-","96","","","-","97","98","","-","-","99","100","101"],["102","","","-","103","","","-","104","","","","105","","","","106","107","","",""],["108","","","109","","-","110","111","","","","","","-","112","","","","","",""],["113","","","","","-","114","","","","","","","-","-","115","","","","",""],["116","","","","-","-","117","","","","","","","-","-","118","","","","",""]],"clues":{"1a":"Sage","7a":"Circus surface","14a":"Ask for identification","18a":"Alfalfa","19a":"For whom appearance is important","20a":"Heretofore","21a":"Best","23a":"Monopoly property","24a":"1966 movie or song","25a":"Graveyard shift physician","27a":"\"I'm ___!\" (\"Ta-ta!\")","29a":"Capp and Capone","30a":"Heartsick","31a":"Prefix with gram","32a":"X","33a":"Remedy","34a":"Apr. 15 harrier","35a":"Conditions","37a":"Cabbage","39a":"One that turns either way?","40a":"Wade opponent","41a":"\"Jane Eyre\" girl ___ Varens","44a":"Skillful","45a":"Sparklers","46a":"Mikhail, for one","47a":"Reb's anthem","48a":"Hightail it","49a":"___ on (spoil)","50a":"Families living on chicken feed","52a":"Drive away","53a":"Curtain fabrics","55a":"Musical phrase","56a":"Follower's end","57a":"Mustangs of coll. football","59a":"Rated NC-17","60a":"More sharp","63a":"Interest group, with \"the\"?","64a":"Elk","68a":"\"Say again?\"","69a":"Concerning Comanches, e.g.","71a":"Shenanigan","72a":"Nile biter","73a":"Vanity case?","74a":"Car's steering option","75a":"Kind of class","78a":"Hurt","80a":"Drops drops","82a":"___ Hood, Tex.","83a":"Series end","84a":"Unpiloted plane","85a":"Kind of ball or hall","86a":"Angled pieces","87a":"Stuff","88a":"Circled items, sometimes","89a":"Directional ending","90a":"Judges' group","92a":"Beatles girl","93a":"High school class","94a":"Inclined","95a":"Black verse rhyme scheme","96a":"Embargo","97a":"___-Magnon","99a":"Postgraduate deg.","102a":"Friend of Pooh","103a":"Indeed","104a":"Pawn a newspaper","108a":"Short putt, in slang","110a":"___ rice","112a":"Ran","113a":"Employment","114a":"U.N. member since 1991","115a":"Underling","116a":"1987 Costner role","117a":"Frankfurter piece","118a":"It's left behind","1d":"McIntoshes, e.g.","2d":"The beginning","3d":"Cast a ballot","4d":"Fervent","5d":"King of early comics","6d":"Clues for detectives","7d":"Wheeled around","8d":"Time piece","9d":"Confidential statistic","10d":"Where many Indians live","11d":"Kind of price","12d":"Go down","13d":"Auditions","14d":"Eagle wearer: Abbr.","15d":"Sexy trysts","16d":"Steamroller","17d":"Chiffoniers","20d":"Less hairy","22d":"Cut","26d":"Fruit snack","28d":"Return swing","33d":"Awakens","35d":"Nasty at court","36d":"Suffer embarrassment","38d":"Naples's Castle of St. ___","39d":"Give old news","41d":"At the current's mercy","42d":"Faster","43d":"Trip back for Thanksgiving, maybe","44d":"Autograph ___","45d":"Get separate checks","46d":"Protein source","49d":"Marcel Duchamp, e.g.","50d":"Crows","51d":"Oriental workplace","54d":"Just Plains folks","58d":"Goes soft","61d":"Poet Field","62d":"Big statue isle","65d":"Stuck","66d":"Wrap up","67d":"Shuffle","70d":"\"Show Boat\" tune","76d":"Nut's best part","77d":"Stick","79d":"Learn in a hurry","80d":"Diver's weapon","81d":"Navy trainee","86d":"Fully packed","87d":"Becomes evident","90d":"One who's got it coming","91d":"Tall prez, for short","92d":"Molière rival","93d":"Yankee followers?","96d":"Sonny and Cher, once","98d":"Public regard, informally","99d":"Baroness von Trapp","100d":"Reply sheepishly","101d":"Befuddle","104d":"Rug covers","105d":"Just one of those things","106d":"Lambies' mammies","107d":"Let","109d":"Small sports cars","111d":"___ particle"},"answers":{"1a":"SAVANT","7a":"SAWDUST","14a":"CARD","18a":"CLOVER","19a":"PREENER","20a":"SOFAR","21a":"OPTIMAL","23a":"UTILITY","24a":"ALFIE","25a":"THEDOCOFNIGHT","27a":"OFF","29a":"ALS","30a":"SAD","31a":"EPI","32a":"CHI","33a":"CURE","34a":"IRS","35a":"IFS","37a":"GELT","39a":"ROTOR","40a":"ROE","41a":"ADELE","44a":"ABLE","45a":"GEMS","46a":"TSAR","47a":"DIXIE","48a":"LAM","49a":"DOTE","50a":"BROODS","52a":"REPEL","53a":"BROCADES","55a":"RIFF","56a":"ITE","57a":"SMU","59a":"ADULT","60a":"ACUTER","63a":"FED","64a":"MEMBERATLODGE","68a":"HUH","69a":"TRIBAL","71a":"ANTIC","72a":"ASP","73a":"EGO","74a":"TILT","75a":"FRESHMAN","78a":"ACHED","80a":"SPILLS","82a":"FORT","83a":"ETC","84a":"DRONE","85a":"POOL","86a":"ELLS","87a":"SATE","88a":"DATES","89a":"ERN","90a":"PANEL","92a":"RITA","93a":"GYM","94a":"APT","95a":"ABCD","96a":"BAN","97a":"CRO","99a":"MBA","102a":"ROO","103a":"YEA","104a":"HOCKTHEHERALD","108a":"GIMME","110a":"SPANISH","112a":"POWERED","113a":"USAGE","114a":"ESTONIA","115a":"MENIAL","116a":"NESS","117a":"DISSENT","118a":"ESTATE","1d":"SCOTS","2d":"ALPHA","3d":"VOTED","4d":"AVID","5d":"NEMO","6d":"TRACES","7d":"SPUN","8d":"ARTICLE","9d":"WEIGHT","10d":"DELHI","11d":"UNIT","12d":"SET","13d":"TRYOUTS","14d":"COL","15d":"AFFAIRSOFTHEHOT","16d":"RAILROAD","17d":"DRESSERS","20d":"SAFER","22d":"LOP","26d":"FIGBAR","28d":"FRO","33d":"COMESTO","35d":"ILIE","36d":"FEELSMALL","38d":"ELMO","39d":"RETELL","41d":"ADRIFT","42d":"DIETER","43d":"EXPEDITIONTOMAS","44d":"ALBUM","45d":"GODUTCH","46d":"TOFU","49d":"DADAIST","50d":"BRAGS","51d":"RICEPADDY","54d":"CARTERS","58d":"MELTS","61d":"EUGENE","62d":"RHODES","65d":"BAFFLED","66d":"ENROLL","67d":"DANCE","70d":"BILL","76d":"MEAT","77d":"ATTACH","79d":"CRAM","80d":"SPEARGUN","81d":"PORPOISE","86d":"ENCASED","87d":"SINKSIN","90d":"PAYEE","91d":"ABE","92d":"RACINE","93d":"GOHOME","96d":"BONOS","98d":"REP","99d":"MARIA","100d":"BLEAT","101d":"ADDLE","104d":"HATS","105d":"THAT","106d":"EWES","107d":"RENT","109d":"MGS","111d":"PSI"}}