{"numbers":[["1","2","3","-","-","4","5","6","7","-","8","9","10","11","12"],["13","","","14","-","15","","","","-","16","","","",""],["17","","","","-","18","","","","-","19","","","",""],["20","","","","21","","","","","22","","","-","-","-"],["23","","","","","-","-","-","24","","","","25","26","27"],["-","-","-","28","","29","30","31","-","32","","","","",""],["33","34","35","","","","","","36","-","-","37","","",""],["38","","","-","-","39","","","","40","-","-","41","",""],["42","","","43","-","-","44","","","","45","46","","",""],["47","","","","48","49","-","50","","","","","-","-","-"],["51","","","","","","52","-","-","-","53","","54","55","56"],["-","-","-","57","","","","58","59","60","","","","",""],["61","62","63","","","-","64","","","","-","65","","",""],["66","","","","","-","67","","","","-","68","","",""],["69","","","","","-","70","","","","-","-","71","",""]],"clues":{"1a":"Mule's father","4a":"Comic Carvey","8a":"\"Beat it!\"","13a":"Actress Turner","15a":"Actor Jannings","16a":"Mild cigar","17a":"___ the Red","18a":"Pro ___ (like some legal work)","19a":"Bronco-busting affair","20a":"Subway system","23a":"Bara of the silents","24a":"Prairie diggers","28a":"All thumbs","32a":"Apple co-founder ___ Jobs","33a":"Gunslinger's forte","37a":"Cloy","38a":"From ___ Z","39a":"Shopping bags","41a":"Prefix with gram or meter","42a":"TV knob","44a":"Basketball strategy","47a":"Green-card holders","50a":"Rubberneck","51a":"Parish heads","53a":"Maxim","57a":"Harvard's ___ Club","61a":"Feed a fete","64a":"Willa Cather's \"One of ___\"","65a":"Skunk's defense","66a":"Car security device","67a":"Toward shelter, to a sailor","68a":"Willing","69a":"Rapture","70a":"Miss Durbeyfield","71a":"Amount after expenses","1d":"Argus-eyed","2d":"Opera's Caldwell","3d":"Criticize snidely, with \"at\"","4d":"Liability","5d":"Love, to Livy","6d":"Ship of 1492","7d":"Dylan's \"All ___ the Watchtower\"","8d":"Teleplay","9d":"Threads","10d":"\"Cool!\"","11d":"Exist","12d":"Roundup remark","14d":"Tart","21d":"Cool and damp","22d":"Brillo rival","25d":"Dodge","26d":"Nerve networks","27d":"Kind of preview or thief","29d":"Aug. clock setting in N.Y.C.","30d":"Head of the class","31d":"Soho so longs","33d":"Land near Bahrain","34d":"Applicable","35d":"Like some Greek columns","36d":"Sunset direction","40d":"Amtrak stop: Abbr.","43d":"Restraining ropes","45d":"Wire nail","46d":"Blitz, in football","48d":"Feature of the Venus de Milo","49d":"Sophs, two years later","52d":"Summer ermine","54d":"Actor Quinn","55d":"Troll","56d":"Everglades bird","58d":"Christmas","59d":"Clinton, e.g.: Abbr.","60d":"Employs","61d":"Taxi","62d":"Pledge of Allegiance ending","63d":"Mai ___"},"answers":{"1a":"ASS","4a":"DANA","8a":"SCRAM","13a":"LANA","15a":"EMIL","16a":"CLARO","17a":"ERIC","18a":"BONO","19a":"RODEO","20a":"RAPIDTRANSIT","23a":"THEDA","24a":"GOPHERS","28a":"INEPT","32a":"STEVEN","33a":"QUICKDRAW","37a":"SATE","38a":"ATO","39a":"TOTES","41a":"DIA","42a":"TINT","44a":"FASTBREAK","47a":"ALIENS","50a":"STARE","51a":"RECTORS","53a":"ADAGE","57a":"HASTYPUDDING","61a":"CATER","64a":"OURS","65a":"ODOR","66a":"ALARM","67a":"ALEE","68a":"GAME","69a":"BLISS","70a":"TESS","71a":"NET","1d":"ALERT","2d":"SARAH","3d":"SNIPE","4d":"DEBT","5d":"AMOR","6d":"NINA","7d":"ALONG","8d":"SCRIPT","9d":"CLOTHES","10d":"RAD","11d":"ARE","12d":"MOO","14d":"ACIDIC","21d":"DANK","22d":"SOS","25d":"EVADE","26d":"RETIA","27d":"SNEAK","29d":"EDT","30d":"PROF","31d":"TATAS","33d":"QATAR","34d":"UTILE","35d":"IONIC","36d":"WEST","40d":"STA","43d":"TETHERS","45d":"BRAD","46d":"REDDOG","48d":"NOARMS","49d":"SRS","52d":"STOAT","54d":"AIDAN","55d":"GNOME","56d":"EGRET","58d":"YULE","59d":"PRES","60d":"USES","61d":"CAB","62d":"ALL","63d":"TAI"}}