{"numbers":[["1","2","3","4","5","-","6","7","8","9","-","10","11","12","13"],["14","","","","","-","15","","","","-","16","","",""],["17","","","","","-","18","","","","19","","","",""],["20","","","","","-","21","","","","","","","",""],["22","","","","","23","-","-","-","24","","","","",""],["-","25","","","-","26","27","28","29","","","","-","-","-"],["30","","","","-","31","","","","-","32","","33","34","35"],["36","","","-","37","","","","","38","","-","39","",""],["40","","","41","","-","42","","","","-","43","","",""],["-","-","-","44","","45","","","","","-","46","","","-"],["47","48","49","","","","-","-","-","50","51","","","","52"],["53","","","","","","54","55","56","-","57","","","",""],["58","","","","","","","","","-","59","","","",""],["60","","","","-","61","","","","-","62","","","",""],["63","","","","-","64","","","","-","65","","","",""]],"clues":{"1a":"Lutetia's modern name","6a":"Ship's pole","10a":"Desert dweller","14a":"Acid type","15a":"So","16a":"Partnership for Peace grp.","17a":"Kind of chest","18a":"Car dealer's wingding","20a":"Threefold","21a":"Travel at night, perhaps","22a":"It's found near the toe of a boot","24a":"Gives a break","25a":"Cry on the set","26a":"TV attachment","30a":"\"What's My Line\" host John, 1950-67","31a":"Missus","32a":"Microsoft competitor","36a":"Compass dir.","37a":"Din","39a":"Sibling: Abbr.","40a":"Stew seasoning","42a":"Handel opera","43a":"Tax","44a":"Dry","46a":"Bon ___","47a":"Kind of sweater","50a":"Part of a weight lifter's routine","53a":"Art rooms","57a":"Loosen","58a":"Michigan, e.g.","59a":"Extract","60a":"Rapper of note","61a":"___ arch","62a":"A shot in the arm, maybe","63a":"First word of North Carolina's motto","64a":"Tennis star ___ Martin","65a":"Lock","1d":"Bonds","2d":"Slice of ___","3d":"Ribs","4d":"Foolishness","5d":"French philosopher Georges","6d":"Porgy's love","7d":"Turgenev's birthplace","8d":"Gape at","9d":"Harry","10d":"City on the Scheldt","11d":"1986 Indy winner Bobby","12d":"Former nuclear test site","13d":"Whops","19d":"Show up","23d":"Two-master","27d":"Tabloid favorite","28d":"Following","29d":"Edomites' capital","30d":"Ball girl","33d":"Jumping the gun","34d":"Book of laws","35d":"England's Isle of ___","37d":"Shade of red","38d":"Eternity","41d":"Obtain, bacteriologically","43d":"Convert, in a way","45d":"Tart","47d":"College Station athlete","48d":"Sniffling dogs' companions","49d":"Part songs","51d":"Medieval adventure","52d":"Looks like","54d":"\"Honest ___,/My Desdemona must I leave to thee\"","55d":"Made, with \"out\"","56d":"Sow"},"answers":{"1a":"PARIS","6a":"BOOM","10a":"ARAB","14a":"AMINO","15a":"ERGO","16a":"NATO","17a":"CEDAR","18a":"SELLATHON","20a":"TRINE","21a":"SLEEPWALK","22a":"SICILY","24a":"SPELLS","25a":"CUT","26a":"ADAPTER","30a":"DALY","31a":"WIFE","32a":"APPLE","36a":"ENE","37a":"CLATTER","39a":"REL","40a":"BASIL","42a":"NERO","43a":"LEVY","44a":"SAHARAN","46a":"AMI","47a":"ANGORA","50a":"SQUATS","53a":"GALLERIES","57a":"UNTIE","58a":"GREATLAKE","59a":"EDUCE","60a":"ICET","61a":"OGEE","62a":"SERUM","63a":"ESSE","64a":"TODD","65a":"TRESS","1d":"PACTS","2d":"AMERICANA","3d":"RIDICULES","4d":"INANITY","5d":"SOREL","6d":"BESS","7d":"OREL","8d":"OGLE","9d":"MOLEST","10d":"ANTWERP","11d":"RAHAL","12d":"ATOLL","13d":"BONKS","19d":"APPEAR","23d":"YAWL","27d":"DIANA","28d":"AFTER","29d":"PETRA","30d":"DEB","33d":"PREMATURE","34d":"LEVITICUS","35d":"ELY","37d":"CLARET","38d":"EONS","41d":"ISOLATE","43d":"LAUNDER","45d":"HARLOT","47d":"AGGIE","48d":"NARCS","49d":"GLEES","51d":"QUEST","52d":"SEEMS","54d":"IAGO","55d":"EKED","56d":"SEED"}}