{"numbers":[["1","2","3","4","-","5","6","7","8","9","-","10","11","12","13"],["14","","","","-","15","","","","","-","16","","",""],["17","","","","-","18","","","","","-","19","","",""],["20","","","","21","","","","-","22","23","","","",""],["-","-","-","24","","","","-","25","","","","-","-","-"],["26","27","28","","","","-","29","","","","","30","31","32"],["33","","","","","-","34","","","","","-","35","",""],["36","","","","-","37","","","","","-","38","","",""],["39","","","-","40","","","","","-","41","","","",""],["42","","","43","","","","","-","44","","","","",""],["-","-","-","45","","","","-","46","","","","-","-","-"],["47","48","49","","","","-","50","","","","","51","52","53"],["54","","","","-","55","56","","","","-","57","","",""],["58","","","","-","59","","","","","-","60","","",""],["61","","","","-","62","","","","","-","63","","",""]],"clues":{"1a":"Angel's instrument","5a":"Hardly emotional","10a":"What's more","14a":"Pain reliever","15a":"\"Where's ___?\"","16a":"Use U-Haul, e.g.","17a":"Serve with a summons","18a":"Sacro follower","19a":"Famous Ferrara family","20a":"Dogpatch's ___ Joy Juice","22a":"Be servile (to)","24a":"Revival shout","25a":"\"I Remember ___\"","26a":"Brazilian dances","29a":"Downfall","33a":"\"It's ___ question\"","34a":"Church belief","35a":"Old World money","36a":"Capital of Hawaii County","37a":"Operatic voice","38a":"Bangkok buck","39a":"Bank pymt.","40a":"Lustrous velvet","41a":"Amalgamated","42a":"Vigorous 60's dance","44a":"Roman statesman","45a":"Every, in Essen","46a":"Polio vaccinator","47a":"Country singer West","50a":"Australian marsupial","54a":"Musical conclusion","55a":"Boring","57a":"Watermelon waste","58a":"N.Y.S.E. counterpart","59a":"In the bag","60a":"Tribe in the Winnebago nation","61a":"Naysay","62a":"Seeped","63a":"Rows","1d":"Literary drudge","2d":"Et ___ (and others)","3d":"Coll. student's income source","4d":"Tot's game","5d":"Liberates, so to speak","6d":"Eagle's grabber","7d":"Mishmash","8d":"Mrs. McKinley","9d":"Crested parrot","10d":"From the 30's, e.g.","11d":"\"___ we forget\"","12d":"\"For ___ us a child...\"","13d":"Flight attendant, slangily","21d":"Word for a Latin lover?","23d":"Boding","25d":"Imposing home","26d":"Sir, in Ahmedabad","27d":"Protein acid","28d":"Very, in Verona","29d":"___ match for (couldn't compete with)","30d":"Let","31d":"Orangish shade","32d":"Show up","34d":"Dugout","37d":"Hype","38d":"Cowboy","40d":"Coffin cloth","41d":"Pervade","43d":"___ of stars","44d":"Given Demerol, e.g.","46d":"Hooch","47d":"Multitude","48d":"\"___, James!\"","49d":"First lady's residence","50d":"Crackerjack","51d":"Pinup Hayworth","52d":"___ about (around)","53d":"Poetical tributes","56d":"Singer Yoko"},"answers":{"1a":"HARP","5a":"STOIC","10a":"PLUS","14a":"ALOE","15a":"WALDO","16a":"RENT","17a":"CITE","18a":"ILIAC","19a":"ESTE","20a":"KICKAPOO","22a":"KOWTOW","24a":"AMEN","25a":"MAMA","26a":"SAMBAS","29a":"WATERLOO","33a":"AMOOT","34a":"CANON","35a":"ECU","36a":"HILO","37a":"BASSO","38a":"BAHT","39a":"INT","40a":"PANNE","41a":"FUSED","42a":"BOOGALOO","44a":"CICERO","45a":"ALLE","46a":"SALK","47a":"SHELLY","50a":"WALLAROO","54a":"CODA","55a":"HOHUM","57a":"RIND","58a":"AMEX","59a":"ONICE","60a":"OTOE","61a":"DENY","62a":"OOZED","63a":"OARS","1d":"HACK","2d":"ALII","3d":"ROTC","4d":"PEEKABOO","5d":"SWIPES","6d":"TALON","7d":"OLIO","8d":"IDA","9d":"COCKATOO","10d":"PREWAR","11d":"LEST","12d":"UNTO","13d":"STEW","21d":"AMAT","23d":"OMEN","25d":"MANSE","26d":"SAHIB","27d":"AMINO","28d":"MOLTO","29d":"WASNO","30d":"LEASE","31d":"OCHER","32d":"OUTDO","34d":"CANOE","37d":"BALLYHOO","38d":"BUCKAROO","40d":"PALL","41d":"FILL","43d":"GALAXY","44d":"CALMED","46d":"SAUCE","47d":"SCAD","48d":"HOME","49d":"EDEN","50d":"WHIZ","51d":"RITA","52d":"ONOR","53d":"ODES","56d":"ONO"}}