{"numbers":[["1","2","3","4","-","5","6","7","8","9","10","-","11","12","13"],["14","","","","-","15","","","","","","-","16","",""],["17","","","","18","","","","","","","19","","",""],["20","","","","","","-","21","","","-","22","","",""],["-","-","-","23","","","24","-","-","25","26","","-","-","-"],["27","28","29","","","","","30","31","","","","32","33","34"],["35","","","-","-","36","","","","-","37","","","",""],["38","","","39","40","-","41","","","-","42","","","",""],["43","","","","","-","44","","","45","-","-","46","",""],["47","","","","","48","","","","","49","50","","",""],["-","-","-","51","","","-","-","52","","","","-","-","-"],["53","54","55","","-","56","57","58","-","59","","","60","61","62"],["63","","","","64","","","","65","","","","","",""],["66","","","-","67","","","","","","-","68","","",""],["69","","","-","70","","","","","","-","71","","",""]],"clues":{"1a":"White matter of the brain","5a":"Russian shots","11a":"Gerry Adams's grp.","14a":"Omani money","15a":"Thoroughgoing","16a":"Blake Edwards movie","17a":"Start of a quip","20a":"Last-minute tennis partner","21a":"Canton-born architect","22a":"Experiment","23a":"Bear outlined in lights","25a":"Ultimate degree","27a":"Part 2 of the quip","35a":"Nav. rank","36a":"Furthermore","37a":"Saint honored on September 1","38a":"Journalist Pyle","41a":"___ stroke (suddenly)","42a":"Meager","43a":"Mrs. Boris Yeltsin","44a":"Shambles","46a":"One of the Howard brothers","47a":"Part 3 of the quip","51a":"112.5 degrees from N","52a":"Bristle","53a":"Watery","56a":"Topper","59a":"Pirandello and Boccherini","63a":"End of the quip","66a":"Coffee server","67a":"Wear away","68a":"Writer Ferber","69a":"Be savvy","70a":"Sullies","71a":"Harvest","1d":"\"La vendetta,\" e.g.","2d":"Paint a word-picture","3d":"Snookums","4d":"Full-bore","5d":"Singer Williams","6d":"California fort","7d":"Nebbish","8d":"Actress Carol of \"Taxi\"","9d":"Consecrate","10d":"Railroad stop: Abbr.","11d":"Response to an explanation","12d":"Tennis's Emerson and others","13d":"Act as lookout, e.g.","18d":"Letters on a cross","19d":"Kind of humor","24d":"Burning","26d":"Port boats","27d":"Hint of something imminent","28d":"Competitor of Montel","29d":"Ancient region of Asia Minor","30d":"Bone: Prefix","31d":"Exposes to dry heat","32d":"Mission to remember","33d":"Dovetail","34d":"Cosmetician Lauder","39d":"Mean","40d":"Vittles","45d":"Puts aside","48d":"Priam's wife","49d":"Needle case","50d":"Pot bumper","53d":"Mob member","54d":"Fabled loser","55d":"\"___ It a Pity\"","57d":"Rock shelter","58d":"Outline","60d":"\"If It Die...\" autobiographer","61d":"Site of St. Columbia's monastery","62d":"Break suddenly","64d":"Kind of bran","65d":"Summer hrs. in N.Y.C."},"answers":{"1a":"ALBA","5a":"VODKAS","11a":"IRA","14a":"RIAL","15a":"ARRANT","16a":"SOB","17a":"IMBLINDINONEEYE","20a":"ANYONE","21a":"PEI","22a":"TEST","23a":"URSA","25a":"NTH","27a":"SOITISFORTUNATE","35a":"CPO","36a":"ALSO","37a":"GILES","38a":"ERNIE","41a":"ATA","42a":"SCANT","43a":"NAINA","44a":"MESS","46a":"MOE","47a":"THATTHEOTHERONE","51a":"ESE","52a":"SETA","53a":"THIN","56a":"CAP","59a":"LUIGIS","63a":"HASDOUBLEVISION","66a":"URN","67a":"ABRADE","68a":"EDNA","69a":"GET","70a":"TAINTS","71a":"REAP","1d":"ARIA","2d":"LIMN","3d":"BABY","4d":"ALLOUT","5d":"VANESSA","6d":"ORD","7d":"DRIP","8d":"KANE","9d":"ANOINT","10d":"STN","11d":"ISEE","12d":"ROYS","13d":"ABET","18d":"INRI","19d":"ETHNIC","24d":"AFLAME","26d":"TUGS","27d":"SCENT","28d":"OPRAH","29d":"IONIA","30d":"OSTEO","31d":"ROASTS","32d":"ALAMO","33d":"TENON","34d":"ESTEE","39d":"INTEND","40d":"EATS","45d":"SHELVES","48d":"HECUBA","49d":"ETUI","50d":"RAISER","53d":"THUG","54d":"HARE","55d":"ISNT","57d":"ABRI","58d":"PLAN","60d":"GIDE","61d":"IONA","62d":"SNAP","64d":"OAT","65d":"EDT"}}