{"numbers":[["1","2","3","4","-","5","6","7","8","9","-","10","11","12","13"],["14","","","","-","15","","","","","-","16","","",""],["17","","","","18","","","","","","19","","","",""],["20","","","","","","-","21","","","","","","",""],["-","-","-","-","22","","23","-","24","","","-","-","-","-"],["25","26","27","28","","","","29","","","","30","31","32","33"],["34","","","","-","35","","","-","-","36","","","",""],["37","","","","-","38","","","39","40","-","41","","",""],["42","","","","43","-","-","44","","","-","45","","",""],["46","","","","","47","48","","","","49","","","",""],["-","-","-","-","50","","","-","51","","","-","-","-","-"],["52","53","54","55","","","","56","-","57","","58","59","60","61"],["62","","","","","","","","63","","","","","",""],["64","","","","-","65","","","","","-","66","","",""],["67","","","","-","68","","","","","-","69","","",""]],"clues":{"1a":"Out-of-focus object","5a":"Pencil chewing, e.g.","10a":"Stopper opener?","14a":"Margarita ingredient","15a":"Shelved for now","16a":"Eggplant color","17a":"Start of a quip","20a":"Fivesome","21a":"Phoebe, Rhea or Tethys","22a":"\"Old\" country","24a":"Just in or just out","25a":"Part 2 of quip","34a":"Baseless?","35a":"Day break","36a":"Put on","37a":"German equivalent of the Oscar","38a":"Unsolicited manuscripts","41a":"In this race, the runners are always behind","42a":"Deliberate","44a":"Old New Yorker cartoonist Gardner","45a":"Olympian hawk","46a":"Part 3 of quip","50a":"Fabled sleeper, informally","51a":"Cowboy or Indian","52a":"Emerald City locale","57a":"Behind","62a":"End of quip","64a":"Frank Herbert book series","65a":"Cigar butts?","66a":"Atlantic City attraction","67a":"Diving duck","68a":"Pork purchases","69a":"Air apparent?","1d":"Radar dot","2d":"Full of current","3d":"Eclipse, maybe, to primitive peoples","4d":"Tiptop","5d":"Country blowouts","6d":"Fay, in \"King Kong\"","7d":"Mooring post","8d":"\"Book of Changes\"","9d":"Wobble","10d":"English","11d":"Gargantuan","12d":"Singer Phil","13d":"Volstead Act opponents","18d":"Lighten","19d":"Noted criminologist with an apt-sounding name","23d":"Ring up","25d":"Supermodel Campbell","26d":"Mendelssohn's ___ in E flat major","27d":"Bjorn competitor","28d":"\"___ Wanna Cry\" (Mariah Carey #1 hit)","29d":"Cold-shoulder","30d":"Man of the world","31d":"Bull: Prefix","32d":"Incited, with \"on\"","33d":"\"Don't You Know\" songstress","39d":"Slip through the cracks","40d":"Bald","43d":"Spasm","47d":"Tower designer Alexandre","48d":"City north of Lisbon","49d":"Jordan's Queen ___","52d":"Former Ford models","53d":"Buzzing","54d":"Endangered state bird","55d":"Allured","56d":"Tubular pasta","58d":"\"Mame\" director Gene","59d":"Society note","60d":"A don't","61d":"Tar's toddy","63d":"Ike, e.g.: Abbr."},"answers":{"1a":"BLOB","5a":"HABIT","10a":"SHOW","14a":"LIME","15a":"ONICE","16a":"PUCE","17a":"IVESEENTHELIGHT","20a":"PENTAD","21a":"TITANESS","22a":"SOD","24a":"NEW","25a":"NOVIEWISGREATER","34a":"ACID","35a":"NAP","36a":"STAGE","37a":"OTTO","38a":"SLUSH","41a":"LUGE","42a":"MEANT","44a":"REA","45a":"ARES","46a":"ITSTHEONEINSIDE","50a":"RIP","51a":"PRO","52a":"LANDOFOZ","57a":"LOSING","62a":"THEREFRIGERATOR","64a":"DUNE","65a":"ETTES","66a":"KENO","67a":"SMEW","68a":"LOINS","69a":"SMOG","1d":"BLIP","2d":"LIVE","3d":"OMEN","4d":"BEST","5d":"HOEDOWNS","6d":"ANN","7d":"BITT","8d":"ICHING","9d":"TEETER","10d":"SPIN","11d":"HUGE","12d":"OCHS","13d":"WETS","18d":"EASE","19d":"LAWES","23d":"DIAL","25d":"NAOMI","26d":"OCTET","27d":"VITAS","28d":"IDONT","29d":"SPURN","30d":"ATLAS","31d":"TAURI","32d":"EGGED","33d":"REESE","39d":"SEEP","40d":"HAIRLESS","43d":"THROE","47d":"EIFFEL","48d":"OPORTO","49d":"NOOR","52d":"LTDS","53d":"AHUM","54d":"NENE","55d":"DREW","56d":"ZITI","58d":"SAKS","59d":"ITEM","60d":"NONO","61d":"GROG","63d":"GEN"}}