{"numbers":[["1","2","3","4","5","-","-","6","7","8","-","9","10","11","12"],["13","","","","","-","14","","","","-","15","","",""],["16","","","","","17","","","","","-","18","","",""],["19","","","","","","","","","","20","","","","-"],["21","","","-","-","22","","","","-","23","","","","24"],["-","25","","26","27","","-","-","28","29","","-","30","",""],["-","-","-","31","","","-","32","","","-","33","","",""],["-","34","35","","","","36","","","","37","","","","-"],["38","","","","-","39","","","-","40","","","-","-","-"],["41","","","-","42","","","-","-","43","","","44","45","-"],["46","","","47","","-","48","49","50","","-","-","51","","52"],["-","53","","","","54","","","","","55","56","","",""],["57","","","","-","58","","","","","","","","",""],["59","","","","-","60","","","","-","61","","","",""],["62","","","","-","63","","","-","-","64","","","",""]],"clues":{"1a":"Psychoanalyst Fromm","6a":"School subj.","9a":"Word with ran","13a":"Neighbor of Maui","14a":"Put on the schedule","15a":"Lovely ticketer of song","16a":"Worker's need","18a":"\"L'___ c'est moi\"","19a":"Start of a quote","21a":"Cry of surprise","22a":"Sign","23a":"Braved","25a":"Object","28a":"Literary monogram","30a":"Bustle","31a":"Kimono sash","32a":"She was Jenny in \"Love Story\"","33a":"___ impasse","34a":"Middle of the quote","38a":"Impudent person","39a":"Arrest","40a":"Verb type: Abbr.","41a":"Banking convenience","42a":"Calendar abbr.","43a":"See 42 Down","46a":"Chubby Checker's \"___ Rock\"","48a":"\"Two Years Before the Mast\" author","51a":"Actress Peeples","53a":"End of the quote","57a":"\"Go Tell ___ Rhody\"","58a":"Most abominable","59a":"50 Down membership","60a":"Lady ___ of \"Richard III\"","61a":"Moisten","62a":"Without thinking","63a":"Nutritional fig.","64a":"Word with rail or boy","1d":"Miss ___ of \"Dallas\"","2d":"Attacked suddenly","3d":"Call forth","4d":"Early tiller","5d":"Slightest amount","6d":"Quench","7d":"Convincingly","8d":"Topic of gossip","9d":"Amphitheater part","10d":"Intellectuals","11d":"Patronized, as an inn","12d":"Meal starter","14d":"Sink's alternative","17d":"Sobriquet of Elizabeth I","20d":"Commemorative for Billy Joe","24d":"Spanish lord","26d":"Women's rights crusade Lucretia","27d":"Alfred Jarry farce \"___ Roi\"","29d":"Hissing","32d":"Mass vestment","33d":"Bering Sea isle","34d":"Looked for Hepplewhites","35d":"Shared by all","36d":"Southwest tip of England","37d":"Numero ___","38d":"___ volatile (waker-upper)","42d":"With 43 Across, author of the quote","44d":"Endow with rank","45d":"Nap","47d":"Tiny","49d":"Range name","50d":"Financial page abbr.","52d":"September bloom","54d":"Leg up for skiers","55d":"1814-15 exile site","56d":"Mideast money","57d":"\"___ live and breathe!\""},"answers":{"1a":"ERICH","6a":"SCI","9a":"ALSO","13a":"LANAI","14a":"SLOT","15a":"RITA","16a":"LIVINGWAGE","18a":"ETAT","19a":"IDONTLIKEMONEY","21a":"EEK","22a":"OMEN","23a":"DARED","25a":"DEMUR","28a":"TSE","30a":"ADO","31a":"OBI","32a":"ALI","33a":"ATAN","34a":"ACTUALLYBUTIT","38a":"SNOT","39a":"NAB","40a":"INT","41a":"ATM","42a":"JAN","43a":"LOUIS","46a":"LIMBO","48a":"DANA","51a":"NIA","53a":"QUIETSMYNERVES","57a":"AUNT","58a":"BEASTLIEST","59a":"SEAT","60a":"ANNE","61a":"BASTE","62a":"IDLY","63a":"RDA","64a":"ALTAR","1d":"ELLIE","2d":"RAIDED","3d":"INVOKE","4d":"CAIN","5d":"HINT","6d":"SLAKE","7d":"COGENTLY","8d":"ITEM","9d":"ARENA","10d":"LITERATI","11d":"STAYEDAT","12d":"OAT","14d":"SWIM","17d":"GLORIANA","20d":"ODE","24d":"DON","26d":"MOTT","27d":"UBU","29d":"SIBILANT","32d":"ALB","33d":"ATTU","34d":"ANTIQUED","35d":"COMMUNAL","36d":"LANDSEND","37d":"UNO","38d":"SAL","42d":"JOE","44d":"INVEST","45d":"SIESTA","47d":"BITTY","49d":"AMANA","50d":"NYSE","52d":"ASTER","54d":"TBAR","55d":"ELBA","56d":"RIAL","57d":"ASI"}}