{"numbers":[["1","2","3","4","5","6","-","7","8","9","10","11","12","13","14"],["15","","","","","","-","16","","","","","","",""],["17","","","","","","-","18","","","","","","",""],["19","","","-","20","","21","","","","-","22","","",""],["-","-","23","24","","","","","-","-","25","","","",""],["26","27","","","","-","28","","29","30","","-","31","",""],["32","","","","-","33","","","","","","34","-","-","-"],["35","","","","36","","","","","","","","37","38","39"],["-","-","-","40","","","","","","","-","41","","",""],["42","43","44","-","45","","","","","-","46","","","",""],["47","","","48","","-","-","49","","50","","","","-","-"],["51","","","","-","52","53","","","","","-","54","55","56"],["57","","","","58","","","","-","59","","60","","",""],["61","","","","","","","","-","62","","","","",""],["63","","","","","","","","-","64","","","","",""]],"clues":{"1a":"Wipe out","7a":"Kind of parent","15a":"Originated (from)","16a":"In a movie","17a":"Large gully","18a":"10-time A.L. Gold Glove winner","19a":"Historian Russel ___","20a":"Delineates","22a":"\"How sweet ___!\"","23a":"Lighting device","25a":"DeMille films","26a":"San ___, Calif.","28a":"Hayworth and Rudner","31a":"Sargasso, e.g.","32a":"Poet who wrote a-a-b-a verses","33a":"Kodak rival","35a":"1988 Jonathan Demme film","40a":"Descends","41a":"Environmentalist Al","42a":"___ poetica","45a":"Slippery as ___","46a":"Flowing and ebbing","47a":"Like many old water pipes","49a":"Moderate red","51a":"Lay off","52a":"Touch","54a":"Half of an old comedy team","57a":"In rapid-fire succession","59a":"Street girl","61a":"\"Annie\" refrain","62a":"Aphrodite's beloved","63a":"Lively","64a":"At ___ (fully)","1d":"Bring in","2d":"Brawl","3d":"First-class","4d":"\"___ live and breathe!\"","5d":"Middle, in Italy","6d":"Año nuevo time","7d":"1957 Elia Kazan film","8d":"Take out","9d":"Annual Epsom race, with \"the\"","10d":"School open-house organizer","11d":"___ tree (white wood source)","12d":"Eye inflammation","13d":"Where \"La Traviata\" premiered","14d":"Macedonian capital, once","21d":"Shorten","24d":"Earth","25d":"Book after Neh.","26d":"May honoree","27d":"Healers' grp.","29d":"Played the flute","30d":"Cockpit readings: Abbr.","33d":"\"Count ___!\"","34d":"Umbrella, in a manner of speaking","36d":"\"Now ___ me down...\"","37d":"Career in fashion","38d":"Mouths","39d":"___ and the Dragon (book of the Apocrypha)","42d":"Party hosts prefer them","43d":"Kind of grass","44d":"Deli offering","46d":"Harsh speech","48d":"House Beautiful topic","50d":"August","52d":"TV bad boy","53d":"Western Indian","55d":"Condo","56d":"Entangle","58d":"Dernier ___","60d":"Calendar abbr."},"answers":{"1a":"EFFACE","7a":"ADOPTIVE","15a":"ARISEN","16a":"FEATURED","17a":"RAVINE","18a":"ALKALINE","19a":"NYE","20a":"TRACES","22a":"ITIS","23a":"STROBE","25a":"EPICS","26a":"MATEO","28a":"RITAS","31a":"SEA","32a":"OMAR","33a":"MINOLTA","35a":"MARRIEDTOTHEMOB","40a":"ALIGHTS","41a":"GORE","42a":"ARS","45a":"ANEEL","46a":"TIDAL","47a":"LEADY","49a":"CERISE","51a":"IDLE","52a":"BORDER","54a":"LUM","57a":"STACCATO","59a":"GAMINE","61a":"TOMORROW","62a":"ADONIS","63a":"SPIRITED","64a":"LENGTH","1d":"EARN","2d":"FRAY","3d":"FIVESTAR","4d":"ASI","5d":"CENTRO","6d":"ENERO","7d":"AFACEINTHECROWD","8d":"DELE","9d":"OAKS","10d":"PTA","11d":"TULIP","12d":"IRITIS","13d":"VENICE","14d":"EDESSA","21d":"ABRIDGE","24d":"TERRA","25d":"ESTH","26d":"MOM","27d":"AMA","29d":"TOOTLED","30d":"ALTS","33d":"MEIN","34d":"AEGIS","36d":"ILAY","37d":"MODELING","38d":"ORA","39d":"BEL","42d":"ALISTS","43d":"REDTOP","44d":"SALAMI","46d":"TIRADE","48d":"DECOR","50d":"REGAL","52d":"BART","53d":"OTOE","55d":"UNIT","56d":"MESH","58d":"CRI","60d":"MON"}}