{"numbers":[["1","2","3","4","5","6","7","8","9","-","10","11","12","13","14"],["15","","","","","","","","","-","16","","","",""],["17","","","","","","","","","-","18","","","",""],["19","","","","","","","","","-","-","20","","",""],["-","-","-","-","21","","","-","-","22","23","","","",""],["24","25","26","27","","-","28","29","30","","","","-","-","-"],["31","","","","","-","32","","","","","","33","34","-"],["35","","","","","-","36","","","-","37","","","","38"],["-","39","","","","40","","","","-","41","","","",""],["-","-","-","42","","","","","","-","43","","","",""],["44","45","46","","","","-","-","47","48","","-","-","-","-"],["49","","","","-","-","50","51","","","","52","53","54","55"],["56","","","","57","-","58","","","","","","","",""],["59","","","","","-","60","","","","","","","",""],["61","","","","","-","62","","","","","","","",""]],"clues":{"1a":"Not a sore loser","10a":"Dermatologists' subjects","15a":"Radio resource","16a":"Printing proof","17a":"Spider's organ","18a":"Textile lubricant","19a":"Convenience","20a":"Past due","21a":"Cattle genus","22a":"A lot","24a":"Fifer's drum","28a":"Standby's salvation","31a":"___ barrel","32a":"Alliances","35a":"Chill out","36a":"Sink, in olden times","37a":"One of the Jacksons","39a":"Be hooked on","41a":"Get down from this!","42a":"Rises","43a":"Budget-priced computer","44a":"Jeremiad","47a":"German composer Franz","49a":"Pronto","50a":"Computer program segment","56a":"Postal map divisions","58a":"Vetoes","59a":"Fish-eating eagles","60a":"Sardine-packing plants","61a":"Shopworn","62a":"Vice, so to speak","1d":"Miss's item of apparel","2d":"Stage of metamorphosis","3d":"Ymir's defeater","4d":"Cheese coating","5d":"\"Another Sad Love Song\" singer","6d":"Office assistant","7d":"Delusions","8d":"Zoo attractions","9d":"Clears","10d":"___-Magnon","11d":"Game fish","12d":"Kind of gun or head","13d":"Uninspired","14d":"Loudness units","22d":"\"The ___ Creature\" (1957 monster flick)","23d":"One who hypothesizes","24d":"Bare prominence","25d":"___ votre permission","26d":"Mr. Lugosi","27d":"Drink garnish","29d":"\"The joke's ___!\"","30d":"Cinderella's mother, e.g.","33d":"Beginning with blast or carp","34d":"Spotted","38d":"Liszt's \"___ sonetti del Petrarca\"","40d":"Mount, as a gem","44d":"Loafs","45d":"Of ___ (somewhat)","46d":"Spiritual sustenance","48d":"Carried","50d":"Kind of leaf","51d":"Paramecium's shape","52d":"Out of ___","53d":"They adjoin the ischia","54d":"Nair rival","55d":"In ___ (actually)","57d":"Vane dir."},"answers":{"1a":"SPORTSMAN","10a":"CYSTS","15a":"AUDIOTAPE","16a":"REPRO","17a":"SPINNERET","18a":"OLEIN","19a":"HANDINESS","20a":"LATE","21a":"BOS","22a":"SCORES","24a":"TABOR","28a":"NOSHOW","31a":"OVERA","32a":"ENTENTES","35a":"RELAX","36a":"SYE","37a":"JANET","39a":"CANTSTOP","41a":"EIDER","42a":"GOESUP","43a":"CLONE","44a":"LAMENT","47a":"ABT","49a":"ASAP","50a":"COROUTINE","56a":"ZONES","58a":"OVERRULES","59a":"ERNES","60a":"CANNERIES","61a":"STALE","62a":"ALTERNATE","1d":"SASH","2d":"PUPA","3d":"ODIN","4d":"RIND","5d":"TONIBRAXTON","6d":"STENO","7d":"MARESNESTS","8d":"APES","9d":"NETS","10d":"CRO","11d":"YELLOWTAIL","12d":"SPEAR","13d":"TRITE","14d":"SONES","22d":"SHE","23d":"CONJECTURER","24d":"TOR","25d":"AVEC","26d":"BELA","27d":"ORANGEPEEL","29d":"ONYOU","30d":"STEPPARENT","33d":"ENDO","34d":"SEEN","38d":"TRE","40d":"SET","44d":"LAZES","45d":"ASORT","46d":"MANNA","48d":"BORNE","50d":"COCA","51d":"OVAL","52d":"TURN","53d":"ILIA","54d":"NEET","55d":"ESSE","57d":"SSE"}}