{"numbers":[["1","2","3","4","5","-","-","6","7","8","9","10","-","11","12","13","14","15","16","17","18"],["19","","","","","-","20","","","","","","-","21","","","","","","",""],["22","","","","","23","","","","","","","-","24","","","","","","",""],["-","-","-","25","","","","","","-","26","","27","","","","","","-","-","-"],["28","29","30","","","","","-","-","31","","","","","-","32","","","33","34","-"],["35","","","","","","-","36","37","","","","","-","38","","","","","","39"],["40","","","","-","41","42","","","","","","-","43","","","","-","44","",""],["45","","","","46","-","47","","","","-","-","48","","","-","49","50","","",""],["51","","","-","52","53","","","-","-","54","55","","","","56","-","57","","",""],["58","","","-","59","","","","60","61","","","","-","62","","63","","","",""],["-","-","64","65","","","-","66","","","","","","67","-","68","","","","-","-"],["69","70","","","","","71","-","72","","","","","","73","","","-","74","75","76"],["77","","","","-","78","","79","","","","-","-","80","","","","-","81","",""],["82","","","","83","-","84","","","-","-","85","86","","","-","87","88","","",""],["89","","","-","90","91","","","-","92","93","","","","","94","-","95","","",""],["96","","","97","","","","-","98","","","","","","-","99","100","","","",""],["-","101","","","","","-","102","","","","","-","-","103","","","","","",""],["-","-","-","104","","","105","","","","","-","106","107","","","","","-","-","-"],["108","109","110","","","","","","-","111","","112","","","","","","","113","114","115"],["116","","","","","","","","-","117","","","","","","-","118","","","",""],["119","","","","","","","","-","120","","","","","-","-","121","","","",""]],"clues":{"1a":"Rod with a bat","6a":"Switchblades","11a":"It's not wanted","19a":"English architect Jones","20a":"\"Clueless\" star Silverstone","21a":"#1 Helen Reddy hit","22a":"Classic Whitman poem","24a":"Fourth-century pope","25a":"Franklin Mint ware","26a":"Bulldozer, in Brighton","28a":"Burgs","31a":"Manhandled","32a":"Bull, of a sort","35a":"Hydrosphere components","36a":"It's catching","38a":"Snaffle bit","40a":"Supermarket check","41a":"Process of mountain formation","43a":"Scottish Gaelic","44a":"\"I didn't know that!\"","45a":"Fifty past","47a":"1955 \"Fifty Million Times ___\"","48a":"Crimson rival","49a":"Mikhail's wife","51a":"___ (Kookie) Byrnes","52a":"New London-based org.","54a":"Former First Family","57a":"Clink","58a":"Eagle, e.g.","59a":"George Meredith novel","62a":"Some martinis","64a":"Film character with the voice of Frank Oz","66a":"Upkeep","68a":"Kind of hand, in euchre","69a":"Confers","72a":"\"Hannah and Her Sisters\" star","74a":"Campers","77a":"Curriculum range","78a":"Tyke","80a":"N.C.A.A. regional","81a":"Piece","82a":"Early summers","84a":"Fleur-de-___","85a":"Hua's successor","87a":"Convex molding","89a":"___ grass","90a":"Site for a seat of honor","92a":"Curtailed cone, in geometry","95a":"Abecedary phrase","96a":"Doubly","98a":"Taken care of","99a":"Charge","101a":"Peachy-keen","102a":"Red Sea republic","103a":"Hangdog","104a":"Well-thought-out","106a":"\"Adam's Rib\" co-playwright ___ Kanin","108a":"Examination","111a":"Louis XIV affirmation","116a":"Pavarotti encore","117a":"Radar blips","118a":"Jean Renoir film heroine","119a":"Some night life","120a":"Pizzazz","121a":"Lycra cousin","1d":"Successor to the U.S.S.R.","2d":"\"It's ___ win situation\"","3d":"___ Tin Tin","4d":"Shade of purple","5d":"Providing warmth, perhaps","6d":"Roy Rogers a k a Leonard ___","7d":"Boo follower","8d":"Protection money, in slang","9d":"Heavy","10d":"A&amp;P competitor","11d":"Had something the matter","12d":"Finalize, with \"down\"","13d":"Strollers","14d":"More outdoorsy, as fashion","15d":"Abominable","16d":"Longtime record label","17d":"When repeated, a Kenyan revolutionary","18d":"Years, in Thiers","20d":"Lbs. and qts., e.g.","23d":"1980 Dom DeLuise film","27d":"Check for accuracy","28d":"Traveler's stop","29d":"Give in","30d":"Old Ted Lewis standard","31d":"Game in the woods?","33d":"Descartes axiom","34d":"Walks oddly","36d":"Registers, as a complaint","37d":"___ Khan","38d":"Get, pricewise","39d":"Verges on","42d":"Heat","43d":"\"Telephone Line\" rock grp.","46d":"Top","48d":"Newsy's special","50d":"Club: Abbr.","53d":"Early woodwind","54d":"Almost catch, as the heels","55d":"\"Time ___ the essence\"","56d":"Outbuildings","60d":"Forrest's folks","61d":"Ron Howard TV role","63d":"Honor, in a way","65d":"Suffix with psych-","67d":"City in northern Italia","69d":"1991 Disney prince","70d":"Acts pushy","71d":"Cubic","73d":"Saucy name?","75d":"Carry-on item","76d":"Ripped","79d":"Mathematical constants","83d":"Devotee","85d":"Comedienne Nora","86d":"'70s teaching","88d":"With an empty expression","91d":"Unsurpassed","92d":"Cows and sows","93d":"Opposite of send packing","94d":"Pool shot","97d":"Punishing rod: Var.","98d":"Hatfield or Coats, e.g.: Abbr.","100d":"On the A-list","102d":"Ninnies","103d":"Meteors' paths","105d":"Orig.","106d":"\"The Ballad of Reading ___\"","107d":"To ___ (precisely)","108d":"Part of ASCAP: Abbr.","109d":"1860s abbr.","110d":"Fleece","112d":"\"___ will be done...\"","113d":"N.F.L.'s Blount","114d":"\"Sail ___ Ship of State!\"","115d":"Author Fleming"},"answers":{"1a":"CAREW","6a":"SHIVS","11a":"ANATHEMA","19a":"INIGO","20a":"ALICIA","21a":"IAMWOMAN","22a":"SONGOFMYSELF","24a":"LIBERIUS","25a":"PLATES","26a":"LEVELLER","28a":"HAMLETS","31a":"PAWED","32a":"EDICT","35a":"OCEANS","36a":"LARIAT","38a":"BRIDOON","40a":"SCAN","41a":"OROGENY","43a":"ERSE","44a":"GEE","45a":"TENTO","47a":"ADAY","48a":"ELI","49a":"RAISA","51a":"EDD","52a":"USCG","54a":"NIXONS","57a":"STIR","58a":"LEM","59a":"THEEGOIST","62a":"GIBSONS","64a":"YODA","66a":"SUPPORT","68a":"LONE","69a":"BESTOWS","72a":"MIAFARROW","74a":"RVS","77a":"ELHI","78a":"MOPPET","80a":"EAST","81a":"GAT","82a":"ABACI","84a":"LIS","85a":"DENG","87a":"OVOLO","89a":"SOD","90a":"DAIS","92a":"FRUSTUM","95a":"ASIN","96a":"TWOFOLD","98a":"SEENTO","99a":"ACCUSE","101a":"SWELL","102a":"YEMEN","103a":"ASHAMED","104a":"RATIONAL","106a":"GARSON","108a":"SCRUTINY","111a":"LETATCESTMOI","116a":"OSOLEMIO","117a":"ECHOES","118a":"ELENA","119a":"CABARETS","120a":"STYLE","121a":"NYLON","1d":"CIS","2d":"ANO","3d":"RIN","4d":"EGGPLANT","5d":"WOOLEN","6d":"SLYE","7d":"HISS","8d":"ICE","9d":"VILLAIN","10d":"SAFEWAY","11d":"AILED","12d":"NAIL","13d":"AMBLERS","14d":"TWEEDIER","15d":"HORRID","16d":"EMI","17d":"MAU","18d":"ANS","20d":"AMTS","23d":"FATSO","27d":"VET","28d":"HOSTEL","29d":"ACCEDE","30d":"MEANDMYSHADOW","31d":"PREY","33d":"COGITOERGOSUM","34d":"TOESIN","36d":"LODGES","37d":"AGA","38d":"BRING","39d":"NEARS","42d":"RACE","43d":"ELO","46d":"OUTDO","48d":"EXTRA","50d":"ASSN","53d":"SHAWM","54d":"NIPAT","55d":"ISOF","56d":"SILOS","60d":"GUMPS","61d":"OPIE","63d":"BOWTO","65d":"OTIC","67d":"TRENTO","69d":"BEAST","70d":"ELBOWS","71d":"SOLID","73d":"RAGU","75d":"VALISE","76d":"STONED","79d":"PIS","83d":"IDOLATER","85d":"DUNN","86d":"EST","88d":"VACANTLY","91d":"ALLTIME","92d":"FEMALES","93d":"REELECT","94d":"MASSE","97d":"FERULA","98d":"SEN","100d":"CHOSEN","102d":"YOYOS","103d":"ARCS","105d":"INIT","106d":"GAOL","107d":"ATEE","108d":"SOC","109d":"CSA","110d":"ROB","112d":"THY","113d":"MEL","114d":"ONO","115d":"IAN"}}