{"numbers":[["1","2","3","4","5","-","6","7","8","9","-","10","11","12","13"],["14","","","","","-","15","","","","-","16","","",""],["17","","","","","18","","","","","-","19","","",""],["20","","","-","21","","","","-","22","23","","","",""],["-","-","-","24","","","","-","25","","","","-","-","-"],["26","27","28","","","","-","29","","","","","30","31","32"],["33","","","","","-","34","","","","-","35","","",""],["36","","","","-","37","","","","","-","38","","",""],["39","","","","-","40","","","","-","41","","","",""],["42","","","","43","","","","-","44","","","","",""],["-","-","-","45","","","","-","46","","","","-","-","-"],["47","48","49","","","","-","50","","","","-","51","52","53"],["54","","","","-","55","56","","","","","57","","",""],["58","","","","-","59","","","","-","60","","","",""],["61","","","","-","62","","","","-","63","","","",""]],"clues":{"1a":"Danger signal","6a":"Where Mongolia is","10a":"Float, as a scent","14a":"He raised quite a racket in the 60's","15a":"\"Androcles and the ___\"","16a":"Long-legged bird","17a":"80's Lee Majors series","19a":"Nothin'","20a":"Iceman Bobby","21a":"Demeanor","22a":"More sodden","24a":"Wingspread","25a":"\"How do I love ___? Let ...\"","26a":"Valerie of \"Rhoda\"","29a":"Carte blanche","33a":"Obie or Edgar","34a":"\"Alas ___ Yorick...\"","35a":"Equal","36a":"Desert in 6 Across","37a":"Tennis starter","38a":"Sousaphone cousin","39a":"Analogous","40a":"Noggin, in Nice","41a":"West Pointer","42a":"Vanessa or Lynn","44a":"\"Holy\" city","45a":"Links cry","46a":"\"Rule, Britannia\" composer","47a":"Overnight flight","50a":"Close","51a":"Word with credibility or generation","54a":"Tel ___","55a":"When \"the livin' is easy\"","58a":"Hearts or darts","59a":"Toward shelter","60a":"Persian Gulf ship","61a":"America Online patron","62a":"Ticked (off)","63a":"Minimum","1d":"Kind of sax","2d":"Cowardly Lion portrayer","3d":"Ad infinitum","4d":"Ump","5d":"Hiked","6d":"Tim of \"Home Improvement\"","7d":"Omen","8d":"Chit","9d":"Unspecified place","10d":"Shakespeare play, with \"The\"","11d":"Blind as ___","12d":"Bona ___","13d":"Peter I, e.g.","18d":"Whopper server","23d":"Broad shoe width","24d":"Certain restlessness","25d":"Treasure ___","26d":"Dik Browne Viking","27d":"Came to","28d":"More than enthusiastic","29d":"Strong point","30d":"___ cologne","31d":"Fix firmly","32d":"Peachy-keen","34d":"Annoyance","37d":"Ogles","41d":"Restraint","43d":"Actor Thinnes","44d":"Verifiable","46d":"\"Arabian Nights\" prince","47d":"Sauce brand","48d":"Perón and others","49d":"Old phone call cost","50d":"\"Peter Pan\" pirate","51d":"Type of monster","52d":"Iowa city","53d":"Vivacious","56d":"Suffix with glob","57d":"Dead heat"},"answers":{"1a":"ALERT","6a":"ASIA","10a":"WAFT","14a":"LAVER","15a":"LION","16a":"IBIS","17a":"THEFALLGUY","19a":"NADA","20a":"ORR","21a":"MIEN","22a":"WETTER","24a":"SPAN","25a":"THEE","26a":"HARPER","29a":"FREEREIN","33a":"AWARD","34a":"POOR","35a":"SAME","36a":"GOBI","37a":"SERVE","38a":"TUBA","39a":"AKIN","40a":"TETE","41a":"CADET","42a":"REDGRAVE","44a":"TOLEDO","45a":"FORE","46a":"ARNE","47a":"REDEYE","50a":"SHUT","51a":"GAP","54a":"AVIV","55a":"SUMMERTIME","58a":"GAME","59a":"ALEE","60a":"OILER","61a":"USER","62a":"TEED","63a":"LEAST","1d":"ALTO","2d":"LAHR","3d":"EVER","4d":"REF","5d":"TRAMPED","6d":"ALLEN","7d":"SIGN","8d":"IOU","9d":"ANYWHERE","10d":"WINTERSTALE","11d":"ABAT","12d":"FIDE","13d":"TSAR","18d":"LIAR","23d":"EEE","24d":"SPRINGFEVER","25d":"TROVE","26d":"HAGAR","27d":"AWOKE","28d":"RABID","29d":"FORTE","30d":"EAUDE","31d":"IMBED","32d":"NEATO","34d":"PEEVE","37d":"STARESAT","41d":"CONTROL","43d":"ROY","44d":"TRUE","46d":"AHMED","47d":"RAGU","48d":"EVAS","49d":"DIME","50d":"SMEE","51d":"GILA","52d":"AMES","53d":"PERT","56d":"ULE","57d":"TIE"}}