{"numbers":[["1","2","3","4","5","-","6","7","8","-","9","10","11","12","13"],["14","","","","","-","15","","","-","16","","","",""],["17","","","","","18","","","","19","","","","",""],["20","","","","-","21","","","-","22","","","","",""],["-","-","-","-","23","","","-","24","","","","","","-"],["25","26","27","28","","","-","29","","","","-","-","-","-"],["30","","","","","-","31","","","","-","32","33","34","35"],["36","","","","","37","","","","","38","","","",""],["39","","","","-","40","","","","-","41","","","",""],["-","-","-","-","42","","","","-","43","","","","",""],["-","44","45","46","","","","-","47","","","-","-","-","-"],["48","","","","","","-","49","","","-","50","51","52","53"],["54","","","","","","55","","","","56","","","",""],["57","","","","","-","58","","","-","59","","","",""],["60","","","","","-","61","","","-","62","","","",""]],"clues":{"1a":"Stall","6a":"___ of hope","9a":"Muffler","14a":"Banish","15a":"Historic period","16a":"Piglike animal","17a":"Vote getter?","20a":"Devilkins","21a":"Copacabana Beach locale","22a":"Sanded","23a":"Opposite of 'tain't","24a":"Fuses, as ore","25a":"Ones deeply involved in opera?","29a":"San ___ Obispo","30a":"Elsie's bull","31a":"Some trophies","32a":"Fifth Avenue store","36a":"Vote tallies","39a":"Russian rejection","40a":"Saturday TV sports org.","41a":"Ant","42a":"Capone feature","43a":"Gaps","44a":"Condition","47a":"Diamond ___","48a":"Sacred beetle","49a":"Bill's partner in film adventures","50a":"Late tennis V.I.P.","54a":"36 Across aftermath, to the cynic","57a":"It may be + or -","58a":"___ Park, Ill.","59a":"Strainer","60a":"Coty and namesakes","61a":"Snoop","62a":"___ Lauder","1d":"Prefix with meter or bel","2d":"Checkup","3d":"Proceed falteringly","4d":"Yodeling locale","5d":"Pro vote","6d":"Kathie Lee's co-host","7d":"Florence's river","8d":"Utter nonsense","9d":"Hot spots","10d":"Wise man carrier","11d":"Half ___ (small milk order)","12d":"Knolls","13d":"British astronomer Sir ___ Hoyle","18d":"Bulbed flower","19d":"Cede claim to","23d":"Civil wrong","24d":"Former Toyota model","25d":"\"It's ___ real\"","26d":"War partner","27d":"Never Never Land dweller","28d":"Religious offshoot","29d":"Kind of orbit","31d":"Imogene et al.","32d":"Water collector","33d":"Hand holders?","34d":"Makeshift seat for a tot","35d":"Fast planes","37d":"Evil spirits","38d":"Marsh duck","42d":"Part of U.S.A.","43d":"Eye covers","44d":"Scotland's Stone of ___","45d":"Eagle's claw","46d":"Hitch ___ with","47d":"Not watertight","48d":"Box lightly","49d":"Ruler of old","50d":"Without option of return","51d":"Cooking fat","52d":"Possess","53d":"Gen. Robt. ___","55d":"Steal","56d":"Take advantage of"},"answers":{"1a":"DELAY","6a":"RAY","9a":"SCARF","14a":"EXILE","15a":"ERA","16a":"TAPIR","17a":"CAMPAIGNPROMISE","20a":"IMPS","21a":"RIO","22a":"EVENED","23a":"TIS","24a":"SMELTS","25a":"BASSOS","29a":"LUIS","30a":"ELMER","31a":"CUPS","32a":"SAKS","36a":"ELECTIONRETURNS","39a":"NYET","40a":"NCAA","41a":"EMMET","42a":"SCAR","43a":"LAPSES","44a":"STATUS","47a":"LIL","48a":"SCARAB","49a":"TED","50a":"ASHE","54a":"POLITICSASUSUAL","57a":"ANODE","58a":"OAK","59a":"SIEVE","60a":"RENES","61a":"PRY","62a":"ESTEE","1d":"DECI","2d":"EXAM","3d":"LIMP","4d":"ALPS","5d":"YEA","6d":"REGIS","7d":"ARNO","8d":"YAP","9d":"STOVES","10d":"CAMEL","11d":"APINT","12d":"RISES","13d":"FRED","18d":"IRIS","19d":"REMISE","23d":"TORT","24d":"SUPRA","25d":"BEEN","26d":"ALLY","27d":"SMEE","28d":"SECT","29d":"LUNAR","31d":"COCAS","32d":"SUMP","33d":"ARMS","34d":"KNEE","35d":"SSTS","37d":"INCUBI","38d":"TEAL","42d":"STATES","43d":"LIDS","44d":"SCONE","45d":"TALON","46d":"ARIDE","47d":"LEAKY","48d":"SPAR","49d":"TSAR","50d":"ASIS","51d":"SUET","52d":"HAVE","53d":"ELEE","55d":"COP","56d":"USE"}}