{"numbers":[["1","2","3","4","-","5","6","7","8","9","-","10","11","12","13"],["14","","","","-","15","","","","","-","16","","",""],["17","","","","18","","","","","","19","","","",""],["20","","","","","","","-","21","","","","","","-"],["-","-","-","22","","","-","23","","","","","-","-","-"],["24","25","26","","-","27","28","","","-","-","29","30","31","32"],["33","","","-","34","","","","-","35","36","","","",""],["37","","","38","","","","","39","","","","","",""],["40","","","","","","-","41","","","","-","42","",""],["43","","","","-","-","44","","","","-","45","","",""],["-","-","-","46","47","48","","","-","49","50","","-","-","-"],["-","51","52","","","","","-","53","","","","54","55","56"],["57","","","","","","","58","","","","","","",""],["59","","","","-","60","","","","","-","61","","",""],["62","","","","-","63","","","","","-","64","","",""]],"clues":{"1a":"Mentioned","5a":"Semi's wheels","10a":"Toward the bow","14a":"Trygve Lie's home","15a":"Japanese immigrants","16a":"Persia, today","17a":"Bald, per Robert Herrick","20a":"The outdoors","21a":"Belly buttons","22a":"New car offering, for short","23a":"Shade of purple","24a":"\"Rats!\"","27a":"D-Day city","29a":"Dentist's command","33a":"___ Jima","34a":"Cry of accomplishment","35a":"Resistance","37a":"Unruffled, per Gelett Burgess","40a":"Diligence","41a":"Polka followers","42a":"___ Lingus","43a":"Leave in","44a":"\"The Bible Tells ___\"","45a":"Contrary one","46a":"Felix's roommate","49a":"Hole number","51a":"Certain Kentucky college student","53a":"Beat in debate","57a":"Lithesome, per Samuel Rogers","59a":"___ Scotia","60a":"Clear the tape","61a":"Driving force","62a":"Consumer","63a":"Branch Davidians et al.","64a":"___ majesté","1d":"London district","2d":"Pronto","3d":"Nastase of tennis","4d":"California Rep. Robert","5d":"Fateful phrase, with \"The\"","6d":"Brezhnev's land","7d":"Fool","8d":"Incline toward the center","9d":"Rope fiber","10d":"Search thoroughly","11d":"Hurler Hershiser","12d":"Poverty, metaphorically","13d":"Chang's twin","18d":"Big dog, familiarly","19d":"Prize for MTV artists","23d":"Hero's hero","24d":"Chops up","25d":"Floating","26d":"Pocahontas's married name","28d":"Critic ___ Louise Huxtable","30d":"Joyful song","31d":"Plumed wader","32d":"Silent actress Pola","34d":"Cigarette stat","35d":"Far-reaching companies","36d":"\"For ___ a jolly...\"","38d":"Hupmobile, e.g.","39d":"Yellow moths","44d":"Lawn enrichment","45d":"Tricky","47d":"Call, in poker","48d":"Eateries","50d":"Sandburg's \"___ Window\"","51d":"Smith ___ cough drops","52d":"Projecting shape","53d":"Drying kiln","54d":"Rhine tributary","55d":"Drags","56d":"Femur-tibia connector","57d":"African antelope","58d":"Milk, in prescriptions"},"answers":{"1a":"SAID","5a":"DUALS","10a":"FORE","14a":"OSLO","15a":"ISSEI","16a":"IRAN","17a":"HAIRLESSASANEGG","20a":"OPENAIR","21a":"NAVELS","22a":"ABS","23a":"LILAC","24a":"DARN","27a":"CAEN","29a":"OPEN","33a":"IWO","34a":"TADA","35a":"OHMAGE","37a":"CALMASANICEBERG","40a":"EFFORT","41a":"DOTS","42a":"AER","43a":"STET","44a":"MESO","45a":"ANTI","46a":"OSCAR","49a":"PAR","51a":"BEREAN","53a":"OUTTALK","57a":"GRACEFULASAFAUN","59a":"NOVA","60a":"ERASE","61a":"URGE","62a":"USER","63a":"SECTS","64a":"LESE","1d":"SOHO","2d":"ASAP","3d":"ILIE","4d":"DORNAN","5d":"DIEISCAST","6d":"USSR","7d":"ASS","8d":"LEANIN","9d":"SISAL","10d":"FINECOMB","11d":"OREL","12d":"RAGS","13d":"ENG","18d":"LAB","19d":"AVA","23d":"LEANDER","24d":"DICES","25d":"AWAFT","26d":"ROLFE","28d":"ADA","30d":"PAEAN","31d":"EGRET","32d":"NEGRI","34d":"TAR","35d":"OCTOPUSES","36d":"HES","38d":"MOTORCAR","39d":"IOS","44d":"MANURE","45d":"ARTFUL","47d":"SEE","48d":"CAFES","50d":"ATA","51d":"BROS","52d":"EAVE","53d":"OAST","54d":"AARE","55d":"LUGS","56d":"KNEE","57d":"GNU","58d":"LAC"}}