{"numbers":[["1","2","3","4","-","-","5","6","7","8","9","10","11","12","13"],["14","","","","15","-","16","","","","","","","",""],["17","","","","","-","18","","","","","","","",""],["19","","","-","20","21","","","","","","-","22","",""],["23","","","24","","","","-","25","","","26","-","-","-"],["-","27","","","","","-","-","-","28","","","29","30","31"],["32","","","","-","33","34","35","36","-","37","","","",""],["38","","","-","39","","","","","40","","-","41","",""],["42","","","43","","-","44","","","","-","45","","",""],["46","","","","","47","-","-","-","48","49","","","","-"],["-","-","-","50","","","51","-","52","","","","","","53"],["54","55","56","-","57","","","58","","","","-","59","",""],["60","","","61","","","","","","-","62","63","","",""],["64","","","","","","","","","-","65","","","",""],["66","","","","","","","","","-","-","67","","",""]],"clues":{"1a":"Fair plot","5a":"Laundry load","14a":"Brown","16a":"Cowboy's horse","17a":"Live coal","18a":"\"Mee-ow!\" crier of verse","19a":"L.A.P.D. alert","20a":"Eliminate","22a":"Hypotheticals","23a":"Regular character in \"Blondie\"","25a":"Overrun","27a":"Arthur Murray instruction","28a":"Forage areas","32a":"Out of port","33a":"Tops or props","37a":"Office betting plans","38a":"Snoop group","39a":"Costa Rican coin","41a":"Surfers' hangout with \"the\"","42a":"Blackmore heroine","44a":"Seaman-author","45a":"Bodybuilders build them","46a":"Still on the market","48a":"Tap choice","50a":"First name in tennis","52a":"Yellow, trafficwise","54a":"\"The Kids Are Alright\" band, with \"The\"","57a":"Juliet question, with \"What's\"","59a":"Boffo sign","60a":"Showoff","62a":"Addict's program","64a":"Full, as clothes","65a":"Wallop","66a":"Nags","67a":"Scott Turow title","1d":"Varsity","2d":"Empathy","3d":"TV projections","4d":"Language suffix","5d":"Breakfast sizzler","6d":"\"You're ___\" (\"Thanks\")","7d":"Take off","8d":"Popular roll","9d":"Hardly a big spender","10d":"Unduly","11d":"Geometry points","12d":"F-111 fliers: Abbr.","13d":"Bodybuilders build them","15d":"Chaplin persona","21d":"Tend the roast","24d":"Greenery","26d":"Telephone \"6\"","29d":"1951 Crosby-Armstrong tune","30d":"Voters","31d":"J.F.K. sights","32d":"Rights champion, for short","34d":"Epilogue","35d":"Hellenic vowel","36d":"Trespass","39d":"Circus whistler","40d":"Gentlewoman","43d":"\"___ don't!\"","45d":"Like some alibis","47d":"Home run, in slang","49d":"Hand wringers","51d":"Tidal bore","52d":"Busch Stadium team","53d":"Prestigious prize","54d":"Lick","55d":"Improve","56d":"Baseball's Mel and Ed","58d":"___-do-well","61d":"Latin case: Abbr.","63d":"Comic Philips"},"answers":{"1a":"ACRE","5a":"BASKETFUL","14a":"TOAST","16a":"APPALOOSA","17a":"EMBER","18a":"CALICOCAT","19a":"APB","20a":"ABOLISH","22a":"IFS","23a":"MAILMAN","25a":"TEEM","27a":"STEPS","28a":"RANGES","32a":"ASEA","33a":"TEES","37a":"POOLS","38a":"CIA","39a":"CENTIMO","41a":"NET","42a":"LORNA","44a":"DANA","45a":"PECS","46a":"UNSOLD","48a":"DRAFT","50a":"ILIE","52a":"CAUTION","54a":"WHO","57a":"INANAME","59a":"SRO","60a":"HOTDOGGER","62a":"REHAB","64a":"UNTAPERED","65a":"SMITE","66a":"PESTERERS","67a":"ONEL","1d":"ATEAM","2d":"COMPASSION","3d":"RABBITEARS","4d":"ESE","5d":"BACON","6d":"APAL","7d":"SPLIT","8d":"KAISER","9d":"ELCHEAPO","10d":"TOO","11d":"FOCI","12d":"USAF","13d":"LATS","15d":"TRAMP","21d":"BASTE","24d":"LEA","26d":"MNO","29d":"GONEFISHIN","30d":"ELECTORATE","31d":"SSTS","32d":"ACLU","34d":"END","35d":"ETA","36d":"SIN","39d":"CALLIOPE","40d":"MADAM","43d":"NOI","45d":"PAT","47d":"DINGER","49d":"RUERS","51d":"EAGRE","52d":"CARDS","53d":"NOBEL","54d":"WHUP","55d":"HONE","56d":"OTTS","58d":"NEER","61d":"DAT","63d":"EMO"}}