{"numbers":[["-","-","1","2","3","4","5","-","-","6","7","8","9","10","11","12","-","13","14","15","-"],["16","17","","","","","","-","18","","","","","","","","-","19","","","20"],["21","","","","","","","22","","","","","","","","","-","23","","",""],["24","","","-","25","","","","","-","26","","","-","27","","28","","","",""],["29","","","30","-","31","","","","32","-","33","","34","","","","","","",""],["35","","","","36","-","37","","","","38","-","39","","","-","40","","","",""],["41","","","","","42","-","43","","","","44","","","-","45","","","","",""],["-","-","-","46","","","47","-","-","48","","","-","-","49","","","","-","-","-"],["50","51","52","","","","","53","54","","","","55","-","56","","","","57","58","59"],["60","","","","","-","61","","","-","62","","","63","","","","-","64","",""],["65","","","","-","66","","","","67","-","68","","","","","-","69","","",""],["70","","","-","71","","","","","","72","-","73","","","-","74","","","",""],["75","","","76","","","","-","77","","","78","","","","79","","","","",""],["-","-","-","80","","","","-","-","81","","","-","-","82","","","","-","-","-"],["83","84","85","","","","-","86","87","","","","88","89","-","90","","","91","92","93"],["94","","","","","-","95","","","-","96","","","","97","-","98","","","",""],["99","","","","","100","","","","101","-","102","","","","103","-","104","","",""],["105","","","","","","","-","106","","107","-","108","","","","109","-","110","",""],["111","","","","-","112","","113","","","","114","","","","","","115","","",""],["116","","","","-","117","","","","","","","","-","118","","","","","",""],["-","119","","","-","120","","","","","","","-","-","121","","","","","-","-"]],"clues":{"1a":"Innocents","6a":"Small heavy ropes","13a":"Part of a Mayberry address","16a":"Ordinarily","18a":"Apply, as enamel","19a":"Bank deposits","21a":"","23a":"Bonaventure, for one","24a":"Ivy Leaguer","25a":"Pat Riley, once","26a":"___ Canals","27a":"Account amount","29a":"Tyke watcher","31a":"Ticks off","33a":"Discothèque feature","35a":"Continental prefix","37a":"Handrail post","39a":"Equine vote?","40a":"Outer coat of a pollen grain","41a":"Routine","43a":"Neurological point","45a":"Grain supplies","46a":"Word with screen or teen","48a":"Mon ___","49a":"\"Mon Oncle\" star","50a":"","56a":"Discriminators of a sort","60a":"Corona, e.g.","61a":"Bedtime for some","62a":"Comforts","64a":"Very stylish","65a":"\"Flash Gordon\" creator ___ Raymond","66a":"Lineman","68a":"Hobo transportation","69a":"Entangle","70a":"Door word","71a":"Olden warriors","73a":"\"___ on parle...\"","74a":"Windy home","75a":"Small talk","77a":"","80a":"Electric units","81a":"Room for expansion","82a":"Biblical verb","83a":"Young runners","86a":"Dos Passos's Annabelle et al.","90a":"Fine-quality paper","94a":"Life and others","95a":"Long-jawed pike","96a":"Forms of address","98a":"Singer ___ Marie","99a":"Develops fully","102a":"Criticizes, with \"down\"","104a":"More than \"phooey!\"","105a":"Using two musical keys","106a":"Manuscript encl.","108a":"Island off Scotland","110a":"Holiday party serving","111a":"College major, informally","112a":"","116a":"Barbecue order","117a":"Cosmetic","118a":"Buttons, thread, ribbons, etc.","119a":"Fleur-de-___","120a":"Helmsman","121a":"Short pants","1d":"Thin sheets","2d":"Wall St. dealer","3d":"\"Fernwood 2-Night\" star","4d":"Bedim","5d":"Pianist Peter","6d":"1040 worker","7d":"Some notices at LAX","8d":"Hound","9d":"Snorkeling locales","10d":"Author LeShan","11d":"Spirited lass","12d":"\"Golf Begins at Forty\" author","13d":"","14d":"Last Holy Roman emperor","15d":"Ancestry","16d":"Solicitors","17d":"Kind of cap","18d":"Off the wall","20d":"Cordwood measures","22d":"Tennis star making a return?","28d":"Son of Polonius","30d":"Avoiding duties?","32d":"French assembly","34d":"Leave: Scot.","36d":"Meal with wine","38d":"\"Final Impact\" star","42d":"Soft shoe","44d":"Stacker","45d":"Light green plums","47d":"Calif. paper","49d":"Agreed","50d":"Rogue","51d":"Worker on hands and knees","52d":"Rocket stage","53d":"Where the Amazon arises","54d":"Naturally sluggish","55d":"Coffee spot","57d":"Bake in a shallow dish","58d":"Decorative Japanese gateway","59d":"Immerse","63d":"Twitches","66d":"Climb the ___","67d":"Upbeat critic","69d":"Like some water","71d":"J.R. headgear","72d":"Fakir's faith","74d":"Goodwill, e.g.","76d":"","78d":"Forelimb bones","79d":"\"Mazel ___!\"","83d":"Soprano Eleanor","84d":"Spiral-shaped","85d":"Convention activity","86d":"Squatted","87d":"Valley span","88d":"Star cluster","89d":"Sting","91d":"Sheds","92d":"Like high hay, e.g.","93d":"Juicy fruits","95d":"Small trading vessel","97d":"Leaving time?","100d":"Life-saving equipment","101d":"Announcer","103d":"Navigators Islands, today","107d":"Villa d'___","109d":"Mosquito protection","113d":"Shakespearean exclamation","114d":"Kind of verb: Abbr.","115d":"Taste, as soup"},"answers":{"1a":"LAMBS","6a":"CABLETS","13a":"RFD","16a":"ASARULE","18a":"SPREADON","19a":"ORES","21a":"GAMBLERSCARDGAME","23a":"MAST","24a":"ELI","25a":"LAKER","26a":"SOO","27a":"BALANCE","29a":"NANA","31a":"RILES","33a":"GOGODANCER","35a":"TRANS","37a":"NEWEL","39a":"NAY","40a":"EXINE","41a":"SYSTEM","43a":"SYNAPSE","45a":"GRISTS","46a":"IDOL","48a":"AMI","49a":"TATI","50a":"STATECAPITALS","56a":"AGEISTS","60a":"CIGAR","61a":"TEN","62a":"SETTLES","64a":"HOT","65a":"ALEX","66a":"WIRER","68a":"RAILS","69a":"MIRE","70a":"MEN","71a":"SAMURAI","73a":"ICI","74a":"AERIE","75a":"PRATTLE","77a":"TVSUNSETSTRIP","80a":"RELS","81a":"ELL","82a":"DOST","83a":"SHOOTS","86a":"STRANGS","90a":"VELLUM","94a":"TERMS","95a":"GAR","96a":"MAAMS","98a":"TEENA","99a":"ELABORATES","102a":"SLAPS","104a":"DAMN","105a":"BITONAL","106a":"SAE","108a":"ARRAN","110a":"NOG","111a":"ECON","112a":"FIFTYSIXTIMESTWO","116a":"RARE","117a":"TOILETRY","118a":"NOTIONS","119a":"LYS","120a":"STEERER","121a":"GASPS","1d":"LAMINAS","2d":"ARB","3d":"MULL","4d":"BLEAR","5d":"SERKIN","6d":"CPA","7d":"ARRS","8d":"BEDOG","9d":"LAGOONS","10d":"EDA","11d":"TOMBOY","12d":"SNEAD","13d":"ROMANXIII","14d":"FRANCIS","15d":"DESCENT","16d":"AGENTS","17d":"SALARY","18d":"SCREWY","20d":"STERES","22d":"SELES","28d":"LAERTES","30d":"ANTITAX","32d":"SENAT","34d":"GAE","36d":"SEDER","38d":"LAMAS","42d":"MOC","44d":"PILER","45d":"GAGES","47d":"LATIMES","49d":"TALLIED","50d":"SCAMP","51d":"TILER","52d":"AGENA","53d":"PERU","54d":"INERT","55d":"STAIN","57d":"SHIRR","58d":"TORII","59d":"STEEP","63d":"TICS","66d":"WALLS","67d":"RAVER","69d":"METTLED","71d":"STETSON","72d":"ISLAM","74d":"ASSET","76d":"TROMBONES","78d":"ULNAS","79d":"TOV","83d":"STEBER","84d":"HELICAL","85d":"ORATORY","86d":"SAT","87d":"TRESTLE","88d":"GALAXY","89d":"SMART","91d":"LEANTOS","92d":"UNMOWN","93d":"MANGOS","95d":"GALIOT","97d":"SPRING","100d":"RAFTS","101d":"SAYER","103d":"SAMOA","107d":"ESTE","109d":"NETS","113d":"FIE","114d":"IRR","115d":"SIP"}}