{"numbers":[["1","2","3","4","5","6","7","8","9","10","11","-","12","13","14"],["15","","","","","","","","","","","-","16","",""],["17","","","","","","","","","","","-","18","",""],["19","","","","","-","-","20","","","-","21","","",""],["22","","","","","23","-","24","","","25","","","",""],["-","-","-","-","26","","27","","","-","28","","","",""],["29","30","31","32","-","33","","","-","34","","","","",""],["35","","","","36","","","-","37","","","","","",""],["38","","","","","","-","39","","","-","40","","",""],["41","","","","","-","42","","","","43","-","-","-","-"],["44","","","","","45","","","-","46","","47","48","49","50"],["51","","","","-","52","","","-","-","53","","","",""],["54","","","-","55","","","","56","57","","","","",""],["58","","","-","59","","","","","","","","","",""],["60","","","-","61","","","","","","","","","",""]],"clues":{"1a":"Diet-breaking dessert","12a":"End of the Tudor line?","15a":"High-\"grossing\" film of 1978","16a":"Prefix with biology","17a":"\"Amadeus\" director","18a":"Desktop items","19a":"Transvaal trekkers","20a":"Social","21a":"Per unit","22a":"Fitting measurement","24a":"One way to get captured","26a":"P.G. &amp; E. and Con Ed","28a":"Where heros are made","29a":"Third of three","33a":"D.C. record-keeping org.","34a":"English actress Johnson et al.","35a":"When the swallows leave Capistrano","37a":"Met","38a":"Kitties","39a":"Arg. neighbor","40a":"\"A hillside near ___ farm\" (opening \"Peer Gynt\" scene)","41a":"Trevanian's \"The ___ Sanction\"","42a":"Apostles' follower?","44a":"\"Trilby\" character","46a":"Pickled, in a way","51a":"Small fry","52a":"Balloon filler","53a":"\"___ time!\"","54a":"Admiral Yuko ___","55a":"Exchange","58a":"1995 Jane Smiley novel","59a":"It gives the going rate","60a":"Be off base","61a":"Party","1d":"Disney character","2d":"Electrolysis particle","3d":"Ohio birthplace of William McKinley","4d":"\"That's ___\"","5d":"___ Hall (historic Princeton site)","6d":"80's sitcom","7d":"Yokums' \"Yes, indeed\"","8d":"California explorer Gaspar de ___","9d":"Light measures","10d":"Shorthand inventor Pitman","11d":"Perfection, to some","12d":"Airships","13d":"Tongue-lash","14d":"Lost Generation writer John","21d":"First name in aviation","23d":"Bank holdings: Abbr.","25d":"Old British colony","27d":"Leb. neighbor","29d":"Falls behind","30d":"Catalyst","31d":"Broadway hangout","32d":"Appreciation units?","34d":"Biblical spy","36d":"\"Wozzeck\" composer","37d":"Potential perch","39d":"Braised dish","42d":"Deep red","43d":"\"___ a line\"","45d":"Patently amazed","47d":"Bay","48d":"Not o'er","49d":"Roast leader","50d":"Harriet ___, author of \"Stones for Ibarra\"","55d":"Controversial flavor enhancer","56d":"Conductor de Waart","57d":"Dress (up)"},"answers":{"1a":"BANANASPLIT","12a":"ZED","15a":"ANIMALHOUSE","16a":"EXO","17a":"MILOSFORMAN","18a":"PCS","19a":"BOERS","20a":"TEA","21a":"APOP","22a":"INSEAM","24a":"ONCAMERA","26a":"UTILS","28a":"DELIS","29a":"LAST","33a":"GSA","34a":"CELIAS","35a":"OCTOBER","37a":"RANINTO","38a":"STAKES","39a":"BOL","40a":"ASES","41a":"EIGER","42a":"CREED","44a":"SVENGALI","46a":"BRINED","51a":"TADS","52a":"GAS","53a":"ONEMO","54a":"ITO","55a":"MARKETPLACE","58a":"MOO","59a":"SPEEDOMETER","60a":"ERR","61a":"GETTOGETHER","1d":"BAMBI","2d":"ANION","3d":"NILES","4d":"AMORE","5d":"NASSAU","6d":"ALF","7d":"SHO","8d":"PORTOLA","9d":"LUMENS","10d":"ISAAC","11d":"TEN","12d":"ZEPPELINS","13d":"EXCORIATE","14d":"DOSPASSOS","21d":"AMELIA","23d":"MTGES","25d":"ADEN","27d":"ISR","29d":"LOSESTIME","30d":"ACTIVATOR","31d":"STAGEDOOR","32d":"TOKENS","34d":"CALEB","36d":"BERG","37d":"ROE","39d":"BRISKET","42d":"CLARET","43d":"DROPME","45d":"AGAPE","47d":"INLET","48d":"NEATH","49d":"EMCEE","50d":"DOERR","55d":"MSG","56d":"EDO","57d":"TOG"}}