{"numbers":[["-","1","2","3","4","5","-","-","-","6","7","8","9","10","11"],["12","","","","","","13","-","-","14","","","","",""],["15","","","","","","","16","-","17","","","","",""],["18","","","-","19","","","","20","","","-","21","",""],["22","","","23","-","24","","","","","-","25","","",""],["26","","","","27","-","28","","","-","29","","","",""],["-","-","-","30","","31","","","","32","","","","","-"],["-","-","33","","","","","","","","","","","-","-"],["-","34","","","","","","","","","","","-","-","-"],["35","","","","","-","36","","","-","37","","38","39","40"],["41","","","","-","42","","","","43","-","44","","",""],["45","","","-","46","","","","","","47","-","48","",""],["49","","","50","","","-","51","","","","52","","",""],["53","","","","","","-","-","54","","","","","",""],["55","","","","","","-","-","-","56","","","","","-"]],"clues":{"1a":"Hunt","6a":"Dos follow","12a":"Asseveration","14a":"When the ghost appears in \"Hamlet\"","15a":"Cold weather wear","17a":"Name","18a":"___ out of (reject)","19a":"Famously hot California town","21a":"Like some tapes","22a":"First name in fashion","24a":"Longtime labor chief","25a":"Matter of meter","26a":"Former Israeli P.M.","28a":"Catch","29a":"Sheep menace","30a":"San Francisco landmark","33a":"Not the world's nicest boss","34a":"Smuggler's nemesis, maybe","35a":"Personal article, in law","36a":"Two-___","37a":"Bit of regalia","41a":"\"Blue Moon\" lyricist","42a":"Hasidic leader","44a":"Like some medicines","45a":"Classified item, for short","46a":"Pitches","48a":"Telephone button","49a":"Tar","51a":"Walter Raleigh quest","53a":"City on the Williamette","54a":"Tripoli locale","55a":"Discharged","56a":"Work clothes, perhaps","1d":"Use a Swingline","2d":"Checker, maybe","3d":"Olympic abbr.","4d":"Portray","5d":"Pay homage to","6d":"Bates","7d":"They're good with tricks","8d":"Engine additive","9d":"Remembrance of things past?","10d":"Active","11d":"Is conscientious","12d":"News first","13d":"Stuff it!","16d":"1975 Pulitzer playwright","20d":"50-cent picture","23d":"\"Scram!\"","25d":"Opera set in Seville","27d":"Lion's amount?","29d":"Matter of course?","31d":"Palindromic lady","32d":"Churchill, e.g.","33d":"Want","34d":"Work out at the gym","35d":"Fox-hunt sites","38d":"Blass rival","39d":"___ House","40d":"Crazy as ___","42d":"Blew a fuse","43d":"Over","46d":"Sprinkle site","47d":"\"___ it\" (conversation closer)","50d":"Frost relative","52d":"Streaked"},"answers":{"1a":"STALK","6a":"PASSOS","12a":"STATING","14a":"ACTONE","15a":"CASHMERE","17a":"REPUTE","18a":"OPT","19a":"NEEDLES","21a":"VHS","22a":"OLEG","24a":"LEWIS","25a":"FEET","26a":"PERES","28a":"NAB","29a":"DINGO","30a":"THEPRESIDIO","33a":"SLAVEDRIVER","34a":"SHOREPATROL","35a":"CHOSE","36a":"PLY","37a":"TIARA","41a":"HART","42a":"REBBE","44a":"ORAL","45a":"APT","46a":"CAREENS","48a":"MNO","49a":"SEADOG","51a":"ELDORADO","53a":"EUGENE","54a":"LEBANON","55a":"SPEWED","56a":"DENIM","1d":"STAPLE","2d":"TASTER","3d":"ATH","4d":"LIMN","5d":"KNEEL","6d":"PARES","7d":"ACES","8d":"STP","9d":"SOUVENIR","10d":"ONTHEGO","11d":"SEESTO","12d":"SCOOP","13d":"GREENPEPPER","16d":"EDWARDALBEE","20d":"LIBERTYBELL","23d":"GETLOST","25d":"FIDELIO","27d":"SHARE","29d":"DIVOT","31d":"EVE","32d":"SIR","33d":"SHORTAGE","34d":"SHAPEUP","35d":"CHASES","38d":"ARMANI","39d":"RANDOM","40d":"ALOON","42d":"RAGED","43d":"ENDED","46d":"CONE","47d":"SOBE","50d":"DEW","52d":"RAN"}}