{"numbers":[["1","2","3","4","5","6","7","-","8","9","10","11","12","13","-"],["14","","","","","","","-","15","","","","","","16"],["17","","","","","","","18","","","","","","",""],["19","","","","","","-","20","","","-","21","","",""],["-","-","-","-","-","22","23","","","","-","24","","",""],["25","26","27","28","29","","","","","","30","-","-","-","-"],["31","","","","","","","-","-","-","32","33","34","35","36"],["37","","","","","","","-","38","39","","","","",""],["40","","","","","-","-","-","41","","","","","",""],["-","-","-","-","42","43","44","45","","","","","","",""],["46","47","48","49","-","50","","","","","-","-","-","-","-"],["51","","","","-","52","","","-","53","54","55","56","57","58"],["59","","","","60","","","","61","","","","","",""],["62","","","","","","","-","63","","","","","",""],["-","64","","","","","","-","65","","","","","",""]],"clues":{"1a":"Like Job","8a":"Bob or beehive","14a":"Leisurely musical pieces","15a":"Decrees","17a":"Pentagon advocate?","19a":"Parlor piece","20a":"Ex-Knick coach Jackson","21a":"Author of \"Life in London\"","22a":"Heart of France","24a":"Part","25a":"Visit Robert Reich?","31a":"Medical apprentice","32a":"Ease","37a":"Blue \"Yellow Submarine\" characters","38a":"Revised","40a":"Ancient beginning","41a":"Off course","42a":"Foggy Bottom boat?","46a":"Narc's collar","50a":"\"Since___ Have You\"","51a":"Not for","52a":"Juan's uncle","53a":"Pescadores neighbor","59a":"Reno's piano practice?","62a":"Tympanic membrane","63a":"Guides, in a way","64a":"Brews tea","65a":"Menu listings","1d":"Falsifies accounts","2d":"Chick ender","3d":"White House heavyweight","4d":"Beach Boys' \"___Around\"","5d":"\"___ kleine Nachtmusik\"","6d":"Titan tip","7d":"Poetic monogram","8d":"Spa installation","9d":"Maestro Toscanini","10d":"Words often exchanged","11d":"Twice as unlikely","12d":"Down Under dog","13d":"\"Love Story\" star","16d":"January 1 song ending","18d":"Riding the waves","23d":"Bullfight cries","25d":"Walk with difficulty","26d":"Unwanted classification, once","27d":"Printing style: Abbr.","28d":"Hawaiian state bird","29d":"Kingston and others","30d":"Fee schedule","33d":"Friend of Ernie","34d":"Sills solo","35d":"Caterpillar construction","36d":"Advantage","38d":"Calling company","39d":"Intersection maneuver","43d":"Asks for a loan","44d":"They trip up foreigners","45d":"Magician's sound effect","46d":"First or home, e.g.","47d":"Last of the Mohicans","48d":"Genesis","49d":"Spanish squiggle","54d":"___ were (so to speak)","55d":"Ovid's way","56d":"Oenologist's interest","57d":"Entr'___","58d":"Costner character","60d":"Prior, to Prior","61d":"G.I.___"},"answers":{"1a":"PATIENT","8a":"HAIRDO","14a":"ADAGIOS","15a":"ORDAINS","17a":"DEFENSEATTORNEY","19a":"SETTEE","20a":"STU","21a":"EGAN","22a":"COEUR","24a":"ROLE","25a":"GOINTOLABOR","31a":"INTERNE","32a":"ABATE","37a":"MEANIES","38a":"ALTERED","40a":"PALEO","41a":"VEERING","42a":"SHIPOFSTATE","46a":"BUST","50a":"IDONT","51a":"ANTI","52a":"TIO","53a":"TAIWAN","59a":"SCALESOFJUSTICE","62a":"EARDRUM","63a":"ORIENTS","64a":"STEEPS","65a":"ENTREES","1d":"PADS","2d":"ADEE","3d":"TAFT","4d":"IGET","5d":"EINE","6d":"NOSECONE","7d":"TSE","8d":"HOTTUB","9d":"ARTURO","10d":"IDO","11d":"RARER","12d":"DINGO","13d":"ONEAL","16d":"SYNE","18d":"ASEA","23d":"OLES","25d":"GIMP","26d":"ONEA","27d":"ITAL","28d":"NENE","29d":"TRIOS","30d":"RATES","33d":"BERT","34d":"ARIA","35d":"TENT","36d":"EDGE","38d":"AVON","39d":"LEFTTURN","43d":"HITSUP","44d":"IDIOMS","45d":"POOF","46d":"BASE","47d":"UNCAS","48d":"START","49d":"TILDE","54d":"ASIT","55d":"ITER","56d":"WINE","57d":"ACTE","58d":"NESS","60d":"ERE","61d":"JOE"}}