{"numbers":[["1","2","3","4","5","-","6","7","8","9","-","10","11","12","13"],["14","","","","","-","15","","","","-","16","","",""],["17","","","","","-","18","","","","-","19","","",""],["-","20","","","","21","","","","","22","","","",""],["-","-","-","23","","","-","-","24","","","-","-","-","-"],["25","26","27","-","28","","29","30","-","31","","32","33","34","35"],["36","","","37","-","38","","","39","-","40","","","",""],["41","","","","42","","","","","43","","","","",""],["44","","","","","-","45","","","","-","46","","",""],["47","","","","","48","-","49","","","50","-","51","",""],["-","-","-","-","52","","53","-","-","54","","55","-","-","-"],["56","57","58","59","","","","60","61","","","","62","63","-"],["64","","","","-","65","","","","-","66","","","","67"],["68","","","","-","69","","","","-","70","","","",""],["71","","","","-","72","","","","-","73","","","",""]],"clues":{"1a":"John Denver's \"Christmas in ___\"","6a":"\"Tuna-Fishing\" painter","10a":"Among","14a":"\"___ Eyes\" (1969 song)","15a":"Actor Richard","16a":"Bounty rival","17a":"Refinement","18a":"Witticisms","19a":"Vigor","20a":"1950 Sinatra hit","23a":"West Bank org.","24a":"\"Just a ___\"","25a":"Three strokes, perhaps","28a":"Actress Sommer","31a":"Shares","36a":"Feared test","38a":"Troubles","40a":"Weaken","41a":"1955 Sinatra hit","44a":"Improve","45a":"Rig","46a":"Shut off","47a":"Beachwear","49a":"Relax","51a":"Audit conductor, for short","52a":"Guy's date","54a":"Eternity","56a":"1961 Sinatra hit","64a":"\"Warm\"","65a":"Minnow eater","66a":"Driving hazard","68a":"Petruchio's mate","69a":"Shillelagh land","70a":"10th-day-of- Christmas gift","71a":"Swerve","72a":"Henna and others","73a":"Follow","1d":"Blue-chip symbol","2d":"Lively dance","3d":"Chihuahua change","4d":"Bar, in law","5d":"Compass part","6d":"Half begun?","7d":"Excited","8d":"Stucco backing","9d":"Foot part","10d":"Swear","11d":"Ryun's run","12d":"Basil's successor","13d":"Niels Bohr, e.g.","21d":"The Man Without a Country","22d":"More aloof","25d":"Propels a gondola","26d":"Bouquet","27d":"Bird \"perched upon a bust of Pallas\"","29d":"Toddlers","30d":"Dramatist Rice","32d":"Goddess of discord","33d":"Raccoon kin","34d":"Lawn tool","35d":"Is apparent","37d":"Impart","39d":"Ditto","42d":"Saw","43d":"Elevated","48d":"Stood up","50d":"Kind of switch","53d":"Distrustful","55d":"Run site","56d":"Prepares the presses","57d":"Plumber's concern","58d":"Behind","59d":"Ale","60d":"Pennsylvania port","61d":"Roadhouses","62d":"They go into locks","63d":"Relative of Hindustani","67d":"Volte-face WNW"},"answers":{"1a":"ASPEN","6a":"DALI","10a":"AMID","14a":"THESE","15a":"EGAN","16a":"VIVA","17a":"TASTE","18a":"MOTS","19a":"ELAN","20a":"GOODNIGHTIRENE","23a":"PLO","24a":"SEC","25a":"PAR","28a":"ELKE","31a":"PIECES","36a":"ORAL","38a":"AILS","40a":"ERODE","41a":"LOVEANDMARRIAGE","44a":"EMEND","45a":"SEMI","46a":"STEM","47a":"SANDAL","49a":"REST","51a":"IRS","52a":"GAL","54a":"EON","56a":"ILLBESEEINGYOU","64a":"NEAR","65a":"TERN","66a":"GLARE","68a":"KATE","69a":"ERIN","70a":"LORDS","71a":"SKEW","72a":"DYES","73a":"ENSUE","1d":"ATT","2d":"SHAG","3d":"PESO","4d":"ESTOP","5d":"NEEDLE","6d":"DEMI","7d":"AGOG","8d":"LATHS","9d":"INSTEP","10d":"AVER","11d":"MILE","12d":"IVAN","13d":"DANE","21d":"NOLAN","22d":"ICIER","25d":"POLES","26d":"AROMA","27d":"RAVEN","29d":"KIDS","30d":"ELMER","32d":"ERIS","33d":"COATI","34d":"EDGER","35d":"SEEMS","37d":"LEND","39d":"SAME","42d":"ADAGE","43d":"RISEN","48d":"LASTED","50d":"TOGGLE","53d":"LEERY","55d":"NYLON","56d":"INKS","57d":"LEAK","58d":"LATE","59d":"BREW","60d":"ERIE","61d":"INNS","62d":"OARS","63d":"URDU","67d":"ESE"}}