{"numbers":[["1","2","3","4","5","-","6","7","8","9","-","10","11","12","13"],["14","","","","","-","15","","","","-","16","","",""],["17","","","","","-","18","","","","-","19","","",""],["20","","","","","21","","","","","-","22","","",""],["-","-","-","-","23","","","","-","24","25","","","",""],["26","27","28","29","","","-","-","30","","","","-","-","-"],["31","","","","-","32","33","34","","-","35","","36","37","38"],["39","","","","40","-","41","","","-","42","","","",""],["43","","","","","-","44","","","45","-","46","","",""],["-","-","-","47","","48","","-","-","49","50","","","",""],["51","52","53","","","","-","54","55","","","-","-","-","-"],["56","","","","-","57","58","","","","","59","60","61","62"],["63","","","","-","64","","","","-","65","","","",""],["66","","","","-","67","","","","-","68","","","",""],["69","","","","-","70","","","","-","71","","","",""]],"clues":{"1a":"Smelling things?","6a":"Howard and Brown","10a":"Hill-climber of rhyme","14a":"Well-nigh","15a":"Hand-cream additive","16a":"Writer Wiesel","17a":"\"___Davis Eyes\"","18a":"\"1982 Beineix thriller","19a":"Flat amount?","20a":"Subject of this puzzle","22a":"Designer Gernreich","23a":"Opulence","24a":"___Islands","26a":"Hamilton of the Carter White House","30a":"\"Topper\" pooch","31a":"Tom Joad, e.g.","32a":"Bond","35a":"Fixed-up building","39a":"Accord signer of '78","41a":"G.I. address","42a":"Tool for bending cold metal","43a":"Laugher?","44a":"Bumper blemish","46a":"Noted name in lithography","47a":"TV palomino","49a":"Maintain","51a":"Promised Land","54a":"Bumpkin","56a":"Barbra's co-star in '68","57a":"Noted performers on 20-Across's shows","63a":"Falling-out","64a":"\"___ Man\" (Estevez flick)","65a":"Kind of cannon","66a":"Opposed","67a":"Geometry datum","68a":"Wipe out","69a":"It may generate interest","70a":"Clobber","71a":"Jinni","1d":"Kemo ___","2d":"Sacked out","3d":"A good deal","4d":"1984 Nobelist","5d":"\"___ by Starlight\"","6d":"Base of a number system","7d":"\"Thimble Theater\" name","8d":"Smoked salmon","9d":"Rap session?","10d":"Performer on 20-Across's debut show","11d":"Alimentary canal part","12d":"Yorba___","13d":"Admit","21d":"Bronchiole locale","25d":"Snobbery","26d":"Playwright Logan","27d":"Rubber-stamp","28d":"The Cyclone, e.g.","29d":"Performer on 20-Across's debut show","30d":"Light gas","33d":"Alan or Cheryl","34d":"News org. founded in 1958","36d":"Wealthy person","37d":"Ripening agent","38d":"Insurance writer A.M.___","40d":"Georgia home","45d":"Mr. Kaplan","48d":"Draw in","50d":"Used wax, perhaps","51d":"___ Sea (W.W. II site)","52d":"___ acid","53d":"Gore/Perot debate topic","54d":"Beat the offense","55d":"Lusitania sinker","58d":"\"You are ___\"","59d":"Ran like mad","60d":"Rich soil","61d":"Former Sinclair competitor","62d":"Examined"},"answers":{"1a":"SALTS","6a":"RONS","10a":"JILL","14a":"ABOUT","15a":"ALOE","16a":"ELIE","17a":"BETTE","18a":"DIVA","19a":"RENT","20a":"EDSULLIVAN","22a":"RUDI","23a":"LUXE","24a":"CAYMAN","26a":"JORDAN","30a":"NEIL","31a":"OKIE","32a":"GLUE","35a":"REHAB","39a":"SADAT","41a":"APO","42a":"SWAGE","43a":"HYENA","44a":"DING","46a":"IVES","47a":"MRED","49a":"ASSERT","51a":"CANAAN","54a":"RUBE","56a":"OMAR","57a":"THEBEATLES","63a":"RIFT","64a":"REPO","65a":"LOOSE","66a":"ANTI","67a":"AREA","68a":"ERASE","69a":"LOAN","70a":"PELT","71a":"DEMON","1d":"SABE","2d":"ABED","3d":"LOTS","4d":"TUTU","5d":"STELLA","6d":"RADIX","7d":"OLIVE","8d":"NOVA","9d":"SEANCE","10d":"JERRYLEWIS","11d":"ILEUM","12d":"LINDA","13d":"LETIN","21d":"LUNG","25d":"AIRS","26d":"JOSH","27d":"OKAY","28d":"RIDE","29d":"DEANMARTIN","30d":"NEON","33d":"LADD","34d":"UPI","36d":"HAVE","37d":"AGER","38d":"BEST","40d":"TARA","45d":"GABE","48d":"ENTRAP","50d":"SEALED","51d":"CORAL","52d":"AMINO","53d":"NAFTA","54d":"REPEL","55d":"UBOAT","58d":"HERE","59d":"TORE","60d":"LOAM","61d":"ESSO","62d":"SEEN"}}