{"numbers":[["1","2","3","-","4","5","6","7","8","-","9","10","11","12","-"],["13","","","-","14","","","","","-","15","","","","16"],["17","","","-","18","","","","","-","19","","","",""],["20","","","21","","","","","","22","","","","",""],["-","23","","","","-","-","-","24","","","-","25","",""],["26","","","","-","27","28","29","","","-","30","","",""],["31","","","-","32","","","","-","33","34","","-","-","-"],["35","","","36","","","","","37","","","","38","39","40"],["-","-","-","41","","","-","42","","","","-","43","",""],["44","45","46","","-","47","48","","","","-","49","","",""],["50","","","-","51","","","-","-","-","52","","","","-"],["53","","","54","","","","55","56","57","","","","","58"],["59","","","","","-","60","","","","","-","61","",""],["62","","","","","-","63","","","","","-","64","",""],["-","65","","","","-","66","","","","","-","67","",""]],"clues":{"1a":"Tiller's place","4a":"Flop's opposite","9a":"Merchant R. H. ___","13a":"Money maker","14a":"Dessert bean","15a":"Newton knighted in 1705","17a":"Keg contents","18a":"\"Help\" star","19a":"1959 Ritchie Valens hit","20a":"Behave","23a":"Multicolored","24a":"___ Palmas, Spain","25a":"On an errand, maybe","26a":"Mortgage interest","27a":"Purple Heart, e.g.","30a":"\"Low bridge! Everyone down!\" canal","31a":"Officeholders","32a":"Circle of angels","33a":"Belief system","35a":"Is meticulous, with 53-Across","41a":"Abbr. in car ads","42a":"Many millennia","43a":"Word in an obit","44a":"Garroway of 50's TV","47a":"Itty-bitty map","49a":"\"Interview With the Vampire\" author","50a":"E.T.'s ship","51a":"\"Life___ beach\"","52a":"Alta. neighbor","53a":"See 35-Across","59a":"Kind of wave","60a":"Scrub a tub, maybe","61a":"Bolivian export","62a":"Triangular treat","63a":"Be a ham","64a":"It's in the bag","65a":"NASA green lights","66a":"Make current","67a":"Catching of thoughtwaves","1d":"First bone donor","2d":"Tagalog speaker","3d":"Most microscopic","4d":"Seafood dish","5d":"Water artery","6d":"An embarrassing problem to face?","7d":"Is in a slump","8d":"Celebration","9d":"The original Goldfinger?","10d":"\"Unto us___ is given\"","11d":"Openness","12d":"American in Habana","16d":"Brahman, for one","21d":"Study","22d":"Pronounced","26d":"Topper","27d":"Lack of oomph","28d":"Edifice extension","29d":"Spoils, with \"on\"","30d":"Trio of mommies?","32d":"Chance","34d":"Family nickname","36d":"Equal a bet","37d":"Ground-breaker","38d":"Sweet liqueur","39d":"Striped apparel, often","40d":"Heart of Billy Williams","44d":"Heating pipes","45d":"\"Out of ___\"","46d":"Spelling exercise?","48d":"Gamal of Egypt","49d":"Fan noise","51d":"Sailors' keys","52d":"Litter","54d":"Went to the bottom","55d":"Ne plus ultra","56d":"Diving bird","57d":"Guitar's ancestor","58d":"Piece of cake"},"answers":{"1a":"AFT","4a":"SMASH","9a":"MACY","13a":"DIE","14a":"CACAO","15a":"ISAAC","17a":"ALE","18a":"RINGO","19a":"DONNA","20a":"MINDONESPSANDQS","23a":"PIED","24a":"LAS","25a":"OUT","26a":"LIEN","27a":"MEDAL","30a":"ERIE","31a":"INS","32a":"HALO","33a":"ISM","35a":"DOTSALLTHEISAND","41a":"EPA","42a":"EONS","43a":"NEE","44a":"DAVE","47a":"INSET","49a":"RICE","50a":"UFO","51a":"ISA","52a":"SASK","53a":"CROSSESALLTHETS","59a":"TIDAL","60a":"SCOUR","61a":"TIN","62a":"SCONE","63a":"EMOTE","64a":"TEA","65a":"AOKS","66a":"RENEW","67a":"ESP","1d":"ADAM","2d":"FILIPINO","3d":"TEENIEST","4d":"SCROD","5d":"MAIN","6d":"ACNE","7d":"SAGS","8d":"HOOPLA","9d":"MIDAS","10d":"ASON","11d":"CANDOR","12d":"YANQUI","16d":"CASTE","21d":"DEN","22d":"SALIENT","26d":"LID","27d":"MALAISE","28d":"ELL","29d":"DOTES","30d":"EMS","32d":"HAP","34d":"SIS","36d":"SEE","37d":"HOE","38d":"ANISETTE","39d":"NECKTIES","40d":"DEE","44d":"DUCTS","45d":"AFRICA","46d":"VOODOO","48d":"NASSER","49d":"RAH","51d":"ISLES","52d":"STREW","54d":"SANK","55d":"ACME","56d":"LOON","57d":"LUTE","58d":"SNAP"}}