{"numbers":[["1","2","3","4","5","6","7","8","-","-","9","10","11","12","13"],["14","","","","","","","","-","15","","","","",""],["16","","","","","","","","-","17","","","","",""],["-","-","-","-","18","","","","-","19","","","","",""],["20","21","22","23","","","","","-","24","","","","",""],["25","","","","","","-","26","27","","","","-","-","-"],["28","","","","","-","29","","","","-","-","30","31","32"],["33","","","","","34","","-","35","","36","37","","",""],["38","","","-","-","39","","40","","-","41","","","",""],["-","-","-","42","43","","","","-","44","","","","",""],["45","46","47","","","","-","48","49","","","","","",""],["50","","","","","","-","51","","","","-","-","-","-"],["52","","","","","","-","53","","","","54","55","56","57"],["58","","","","","","-","59","","","","","","",""],["60","","","","","-","-","61","","","","","","",""]],"clues":{"1a":"Shrimp___","9a":"Hemingway and others","14a":"\"No Time for Sergeants\" playwright","15a":"1969 Super Bowl M.V.P.","16a":"Given similar parts","17a":"Kind of punch","18a":"\"The Twittering Machine\" artist","19a":"Drink of the gods","20a":"Youngest","24a":"\"Java\" man","25a":"Buckeye","26a":"From Trondheim","28a":"Element #5","29a":"Rum cake","30a":"Make it up, musically","33a":"Kitchen gizmo","35a":"Cover up","38a":"Gridiron stat: Abbr.","39a":"River past Bern","41a":"Dance line","42a":"Repeat sign","44a":"Pitcher Jim","45a":"\"Black Beauty\" author","48a":"Bridge, often","50a":"Become breathless?","51a":"Juveniles","52a":"\"Peanuts\" girl","53a":"Prattle","58a":"Glue brand","59a":"Watercolor?","60a":"Poor","61a":"Proceed toward the target","1d":"With, in Wiesbaden","2d":"Ending with honor","3d":"Kind of sheet","4d":"___ de la Cite","5d":"Collar holder","6d":"1990 Levinson film","7d":"Staircase piece","8d":"It catches some waves","9d":"Comic strip units","10d":"\"Cocoon\" Oscar winner","11d":"Page of music","12d":"Fighting","13d":"Height-challenged","15d":"Jewish, for example","20d":"Capitol group","21d":"\"You've Really Got___On Me\"","22d":"Begets","23d":"Jessica Rabbit, for one","27d":"The duck in \"Peter and the Wolf\"","29d":"Healthful breakfast food","30d":"Intriguing group","31d":"Rival of Sparta","32d":"Has in mind","34d":"Baby baldies","36d":"\"Taxi Driver\" director","37d":"Sudden ouster","40d":"Like a swindler","42d":"Zipped","43d":"First name in mysteries","44d":"Chaos","45d":"Low card in skat","46d":"Napoleon, twice","47d":"Disingenuous cry","49d":"Common rental","54d":"LXVII x III","55d":"Solo in space","56d":"Service mail drop: Abbr.","57d":"Common base"},"answers":{"1a":"MARINARA","9a":"PAPAS","14a":"IRALEVIN","15a":"NAMATH","16a":"TYPECAST","17a":"ONETWO","18a":"KLEE","19a":"NECTAR","20a":"LASTBORN","24a":"ALHIRT","25a":"OHIOAN","26a":"NORSE","28a":"BORON","29a":"BABA","30a":"JAM","33a":"BLENDER","35a":"OBSCURE","38a":"YDS","39a":"AARE","41a":"CONGA","42a":"SEGNO","44a":"BOUTON","45a":"SEWELL","48a":"OVERPASS","50a":"EXHALE","51a":"KIDS","52a":"VIOLET","53a":"IDLECHAT","58a":"ELMERS","59a":"SEASCAPE","60a":"NEEDY","61a":"HOMEINON","1d":"MIT","2d":"ARY","3d":"RAP","4d":"ILE","5d":"NECKBAND","6d":"AVALON","7d":"RISER","8d":"ANTENNA","9d":"PANELS","10d":"AMECHE","11d":"PATTI","12d":"ATWAR","13d":"SHORT","15d":"NONARAB","20d":"LOBBY","21d":"AHOLD","22d":"SIRES","23d":"TOON","27d":"OBOE","29d":"BRAN","30d":"JUNTA","31d":"ARGOS","32d":"MEANS","34d":"EAGLETS","36d":"SCORSESE","37d":"COUP","40d":"ROOKISH","42d":"SEALED","43d":"ELLERY","44d":"BEDLAM","45d":"SEVEN","46d":"EXILE","47d":"WHOME","49d":"VIDEO","54d":"CCI","55d":"HAN","56d":"APO","57d":"TEN"}}