{"numbers":[["1","2","3","4","5","6","-","7","8","9","10","11","12","13","14"],["15","","","","","","-","16","","","","","","",""],["17","","","","","","-","18","","","","","","",""],["19","","","","","-","20","","","-","21","","","",""],["22","","","","-","23","","","","-","24","","","",""],["25","","","-","26","","","","-","-","-","27","","","-"],["28","","","29","","","","-","30","31","32","","-","-","-"],["33","","","","","","","-","34","","","","35","36","37"],["-","-","-","38","","","","-","39","","","","","",""],["-","40","41","","-","-","-","42","","","","-","43","",""],["44","","","","45","-","46","","","","-","47","","",""],["48","","","","","-","49","","","-","50","","","",""],["51","","","","","52","","","-","53","","","","",""],["54","","","","","","","","-","55","","","","",""],["56","","","","","","","","-","57","","","","",""]],"clues":{"1a":"___ Tuesday","7a":"Drools","15a":"Neologist","16a":"Survivable","17a":"\"The Newton of Electricity\"","18a":"Neil Armstrong commanded it","19a":"Maintain one's credit rating?","20a":"Where to warm one's bones","21a":"Popular dress cut","22a":"Gorge","23a":"Demoted maj.","24a":"Charlie Chan portrayer","25a":"Crossword bird","26a":"Wacko","27a":"Bandleader Lewis","28a":"Raise one's spirits, perhaps","30a":"Show horse","33a":"Driving forces","34a":"Flower tops","38a":"Blurrer","39a":"Man of la Mancha","40a":"\"Say again?\"","42a":"Wept over","43a":"Mast rope","44a":"Indiana ___","46a":"Get ahead","47a":"Nukes","48a":"\"We ___ no thin red 'eroes\": Kipling","49a":"Make a decision","50a":"Small","51a":"Waits for a better offer","53a":"Woolgatherer's topic","54a":"Cheer","55a":"Aspen's relative","56a":"Kind of care","57a":"Part of the Ralik Chain","1d":"Muni or Pacino role","2d":"Follow the signal?","3d":"Undulant","4d":"\"The Bad News Bears\" star","5d":"V.I.P. section?","6d":"Earlier than","7d":"\"Make it ___!\"","8d":"Memorable Eddie of the Yankees","9d":"She wrote \"Grapefruit\"","10d":"Note above A","11d":"This should never be stuffed","12d":"French star","13d":"Precipitated","14d":"Less upfront","20d":"Most sound","23d":"Sorrows","26d":"Native New Mexican","29d":"He once had a hand in morning TV","30d":"Let go, in a way","31d":"Where Joan of Arc burned","32d":"Parched","35d":"Nohow","36d":"Not run-of-the-mill","37d":"Encounter Hollywood or Holyfield?","40d":"\"Satires\" author","41d":"World group based in Paris","42d":"Climber's descent","44d":"Legends are made there","45d":"Inscribed pillar","46d":"Brie's tray-mate","47d":"Marx-man","50d":"Novel action","52d":"Took a load off","53d":"Psychiatrists' org."},"answers":{"1a":"SHROVE","7a":"SLOBBERS","15a":"COINER","16a":"NONFATAL","17a":"AMPERE","18a":"APOLLOII","19a":"REPAY","20a":"SPA","21a":"ALINE","22a":"FILL","23a":"CAPT","24a":"TOLER","25a":"ANI","26a":"ZANY","27a":"TED","28a":"CONJURE","30a":"ARAB","33a":"ENGINES","34a":"CORONAS","38a":"MIST","39a":"QUIXOTE","40a":"HUH","42a":"RUED","43a":"TYE","44a":"JONES","46a":"GAIN","47a":"ZAPS","48a":"ARENT","49a":"OPT","50a":"PETIT","51a":"PASSESUP","53a":"ALPACA","54a":"ACCOLADE","55a":"POPLAR","56a":"NEONATAL","57a":"ATOLLS","1d":"SCARFACE","2d":"HOMEINON","3d":"RIPPLING","4d":"ONEAL","5d":"VERY","6d":"ERE","7d":"SNAPPY","8d":"LOPAT","9d":"ONO","10d":"BFLAT","11d":"BALLOTBOX","12d":"ETOILE","13d":"RAINED","14d":"SLIER","20d":"SANEST","23d":"CARES","26d":"ZUNI","29d":"JIMHENSON","30d":"ACQUIT","31d":"ROUEN","32d":"ARID","35d":"NOTATALL","36d":"ATYPICAL","37d":"SEESTARS","40d":"HORACE","41d":"UNESCO","42d":"RAPPEL","44d":"JAPAN","45d":"STELA","46d":"GOUDA","47d":"ZEPPO","50d":"PLOT","52d":"SAT","53d":"APA"}}