{"numbers":[["1","2","3","4","-","5","6","7","8","-","9","10","11","12","13","-","14","15","16","17","18"],["19","","","","-","20","","","","-","21","","","","","-","22","","","",""],["23","","","","24","","","","","-","25","","","","","-","26","","","",""],["27","","","","","","","","-","28","","","","-","29","30","","","","",""],["31","","","","","","-","-","32","","","","","33","","","-","34","","",""],["-","35","","","","-","36","37","","","-","-","38","","","","39","-","-","-","-"],["-","-","-","-","40","41","","","","","42","43","-","44","","","","45","46","47","48"],["49","50","51","52","-","53","","","","-","54","","55","-","56","","","","","",""],["57","","","","58","","","-","59","60","","","","61","-","62","","","","",""],["63","","","","","","","64","-","65","","","","","66","-","67","","","-","-"],["68","","","","","","","","69","","","","","","","70","","","","71","72"],["-","-","73","","","-","74","","","","","","-","75","","","","","","",""],["76","77","","","","78","-","79","","","","","80","-","81","","","","","",""],["82","","","","","","83","-","84","","","-","85","86","","","-","87","","",""],["88","","","","","","","89","-","90","","91","","","","","92","-","-","-","-"],["-","-","-","-","93","","","","94","-","-","95","","","","-","96","97","98","99","-"],["100","101","102","103","-","104","","","","105","106","","","-","-","107","","","","","108"],["109","","","","110","","","-","111","","","","-","112","113","","","","","",""],["114","","","","","-","115","116","","","","-","117","","","","","","","",""],["118","","","","","-","119","","","","","-","120","","","","-","121","","",""],["122","","","","","-","123","","","","","-","124","","","","-","125","","",""]],"clues":{"1a":"Urania, e.g.","5a":"Drug ___","9a":"Made a suborbital flight","14a":"\"Rob Roy\" author","19a":"___ errand of mercy","20a":"Closet","21a":"Oil source","22a":"En ___ (roulette bet)","23a":"504 marbles","25a":"Bar staple","26a":"Electrolysis particle","27a":"Saint of Hollywood","28a":"Illustrate","29a":"\"Best of ...\" volume","31a":"With intelligence","32a":"Capital near the Murrumbidgee River","34a":"Whereabouts","35a":"D, for one","36a":"Leeway","38a":"Small porch","40a":"Is partly redundant","44a":"Like Russia","49a":"Angela Lansbury role","53a":"Son of Bani, in the Bible","54a":"Bellwether's belle?","56a":"Golden quality","57a":"Ape","59a":"False rumor","62a":"Horse of 50's TV","63a":"Some fractions","65a":"Fracases","67a":"Spectate","68a":"Proverb giving a clue to this puzzle","73a":"Stadium cry","74a":"Surgeon's work","75a":"Is a forerunner of","76a":"Incentive of a sort","79a":"Pulverize the spuds some more","81a":"Dwellers by the English Channel","82a":"Forecast","84a":"Dealer's price","85a":"Acronym in 70's news","87a":"Proof word","88a":"Scheherazade's string of tales?","90a":"Tyrannical","93a":"Resell, in a way","95a":"November honorees","96a":"One of the Cartwrights","100a":"French Lick and others","104a":"Worshiper","107a":"Freshen","109a":"Finale of a 151-move chess game","111a":"Tennis score","112a":"1,001 log holders","114a":"Pay","115a":"Brazilian port","117a":"1,049 steamships","118a":"Like krypton","119a":"Chew the scenery","120a":"Gaze amorously","121a":"Kind of pool","122a":"1,000 boats","123a":"Groups of pills, e.g.","124a":"Secretary: Abbr.","125a":"Cardinal Slaughter","1d":"1,000 poems","2d":"Pioneering computer of 1951","3d":"Doc of 30's pulps","4d":"Pottery surface","5d":"Cautious","6d":"Tubular pasta","7d":"\"Zip-___-Doo-Dah\"","8d":"Judge's matter","9d":"Star of TV's \"Addams Family\"","10d":"Squished square","11d":"Bancroft, Meara and 98 others","12d":"___ Lilly &amp; Co.","13d":"Well-behaved","14d":"Survey","15d":"Four and twenty blackbirds (and 76 more)","16d":"Antelope with snakelike horns","17d":"Lake catch","18d":"Itchy, in a way","24d":"Noted wine family","28d":"Persecuted priest","30d":"New Zealand woodcarvers","32d":"Mulligrubs","33d":"Hwy.","36d":"Combines again","37d":"Boston sports legend","39d":"Fort's defense","41d":"Autobiographies","42d":"Gore, for example","43d":"Bundles up","45d":"Chemical salt","46d":"Wall Street figure","47d":"Good hole card","48d":"Saul's grandfather","49d":"70's dress","50d":"Revival cry","51d":"1,099 regal garments","52d":"Whiten, as a plant","55d":"Noted Folies Bergère designer","58d":"Electrical gauges","60d":"Like an alias","61d":"Village","64d":"Tart","66d":"Frozen desserts","69d":"Amenhotep IVs sole deity","70d":"Word of thanks","71d":"Tiananmen Square crusher","72d":"___ buco","76d":"Dashboard reading: Abbr.","77d":"Silkworm","78d":"Draw forth","80d":"Optimist","83d":"Made heavy","86d":"Big belly","89d":"Highway caution","91d":"Cinematographer Nykvist","92d":"Darling","94d":"\"___ Republic\"","97d":"Vitamin C source","98d":"Shiny fabric","99d":"Caterer's food warmer","100d":"Curtain fabric","101d":"Full assemblies","102d":"Pointer","103d":"Brat's smile","105d":"\"...___ which will live in infamy\"","106d":"Bathroom decor","107d":"Shoelace tip","108d":"Curves","110d":"Bar members, for short","112d":"A little over a million dollars?","113d":"Afflictions","116d":"Latin I word","117d":"Bird that's an anagram of 116 Down"},"answers":{"1a":"MUSE","5a":"CZAR","9a":"ARCED","14a":"SCOTT","19a":"ONAN","20a":"HIDE","21a":"SHALE","22a":"CARRE","23a":"DIVAGATES","25a":"TONIC","26a":"ANION","27a":"EVAMARIE","28a":"LIMN","29a":"OMNIBUS","31a":"SAGELY","32a":"CANBERRA","34a":"SITE","35a":"CELL","36a":"ROOM","38a":"STOOP","40a":"OVERLAPS","44a":"EURASIAN","49a":"MAME","53a":"IMRI","54a":"EWE","56a":"SILENCE","57a":"IMITATE","59a":"CANARD","62a":"SILVER","63a":"DECIMALS","65a":"SETTOS","67a":"SEE","68a":"INROMEDOASTHEROMANSDO","73a":"OLE","74a":"SUTURE","75a":"PREDATES","76a":"REBATE","79a":"REMASH","81a":"BRETONS","82a":"PRETELL","84a":"NET","85a":"OPEC","87a":"ERGO","88a":"MISERIES","90a":"DESPOTIC","93a":"SCALP","95a":"VETS","96a":"HOSS","100a":"SPAS","104a":"IDOLATER","107a":"AERATE","109a":"CLIMATE","111a":"ADIN","112a":"MIGRATES","114a":"REMIT","115a":"NATAL","117a":"MILLINERS","118a":"INERT","119a":"EMOTE","120a":"OGLE","121a":"GENE","122a":"MARKS","123a":"DOSES","124a":"ASST","125a":"ENOS","1d":"MODES","2d":"UNIVAC","3d":"SAVAGE","4d":"ENAMEL","5d":"CHARY","6d":"ZITI","7d":"ADEE","8d":"RES","9d":"ASTIN","10d":"RHOMB","11d":"CANNES","12d":"ELI","13d":"DECOROUS","14d":"SCAN","15d":"CANIS","16d":"ORIBI","17d":"TROUT","18d":"TENSE","24d":"GALLO","28d":"LAMA","30d":"MAORIS","32d":"COLIC","33d":"RTE","36d":"REMELDS","37d":"ORR","39d":"PALISADE","41d":"VITAE","42d":"PENETRATE","43d":"SWATHES","45d":"SELENATE","46d":"INVESTOR","47d":"ACE","48d":"NER","49d":"MIDI","50d":"AMEN","51d":"MICROBES","52d":"ETIOLATE","55d":"ERTE","58d":"AMMETERS","60d":"ASSUMED","61d":"DORP","64d":"SOUR","66d":"SORBETS","69d":"ATEN","70d":"MERCI","71d":"DENG","72d":"OSSO","76d":"RPM","77d":"ERI","78d":"ELICIT","80d":"HOPER","83d":"LEADENED","86d":"POT","89d":"SLO","91d":"SVEN","92d":"CHERI","94d":"PLATOS","97d":"ORANGE","98d":"SATEEN","99d":"STERNO","100d":"SCRIM","101d":"PLENA","102d":"AIMER","103d":"SMIRK","105d":"ADATE","106d":"TILES","107d":"AGLET","108d":"ESSES","110d":"ATTS","112d":"MIGS","113d":"ILLS","116d":"AMO","117d":"MOA"}}