{"numbers":[["1","2","3","4","5","-","6","7","8","9","-","10","11","12","13"],["14","","","","","-","15","","","","-","16","","",""],["17","","","","","18","","","","","19","","","",""],["20","","","","","","-","-","-","21","","","","",""],["-","-","-","-","22","","23","24","-","25","","","","","-"],["26","27","28","29","-","30","","","31","","","","-","-","-"],["32","","","","-","-","33","","","","","-","34","35","36"],["37","","","","38","39","","","","","","40","","",""],["41","","","-","42","","","","","-","-","43","","",""],["-","-","-","44","","","","","","45","-","46","","",""],["-","47","48","","","","-","49","","","50","-","-","-","-"],["51","","","","","","-","-","-","52","","53","54","55","56"],["57","","","","","","58","59","60","","","","","",""],["61","","","","-","62","","","","-","63","","","",""],["64","","","","-","65","","","","-","66","","","",""]],"clues":{"1a":"Hearth debris","6a":"Atmosphere","10a":"Columnist Bombeck","14a":"Room to ___","15a":"Skater Heiden","16a":"High time?","17a":"Critical juncture","20a":"Parade","21a":"Some oranges","22a":"Roasting items","25a":"Sometimes they get the hang of it","26a":"Woolly one","30a":"Carnegie Hall event","32a":"Where Marco Polo traveled","33a":"Tomb tenant","34a":"All fired up?","37a":"Future brass","41a":"Modeled, maybe","42a":"Mountain ridge","43a":"Peruvian of yore","44a":"Neptune's fork","46a":"Physicist Niels","47a":"Work, work, work","49a":"Its password was \"Mickey Mouse\"","51a":"Trotsky rival","52a":"Straight shooters?","57a":"Stops rambling","61a":"Algerian seaport","62a":"Broadway groom of 1922","63a":"Sister of Thalia","64a":"Bridge seat","65a":"Bank holding","66a":"Prepare to shave","1d":"Cleo's snakes","2d":"Flyspeck","3d":"\"Let the Sunshine In\" musical","4d":"Sea bird","5d":"Bristles","6d":"W.W.I grp.","7d":"Mausoleum item","8d":"\"Road to___\"","9d":"Beginnings of poetry?","10d":"Involve","11d":"Beauty aid","12d":"Folkways","13d":"Writer Beattie and others","18d":"Poet translated by FitzGerald","19d":"Toledo locale","23d":"Depended","24d":"Perfumed","26d":"Senate output","27d":"On the briny","28d":"\"Gorillas in the ___\"","29d":"Hit a fly, perhaps","31d":"Mean","34d":"Host Jay","35d":"Yen","36d":"Ivan, for one","38d":"Church front area","39d":"Expensive rug","40d":"Fish in a way","44d":"Aptitude","45d":"Weight allowance","47d":"Pack away","48d":"\"Falcon Crest\" star","50d":"\"Egad!\"","51d":"Barge","53d":"McHenry, e.g.","54d":"Munchhausen, for one","55d":"Within: Prefix","56d":"Common sign","58d":"Sash","59d":"Cause for overtime","60d":"Clucker"},"answers":{"1a":"ASHES","6a":"AURA","10a":"ERMA","14a":"SPARE","15a":"ERIC","16a":"NOON","17a":"POINTOFNORETURN","20a":"STREAM","21a":"OSAGES","22a":"EARS","25a":"SPIES","26a":"LAMB","30a":"RECITAL","32a":"ASIA","33a":"LENIN","34a":"LIT","37a":"WESTPOINTCADETS","41a":"SAT","42a":"ARETE","43a":"INCA","44a":"TRIDENT","46a":"BOHR","47a":"SLAVE","49a":"DDAY","51a":"STALIN","52a":"RIFLES","57a":"COMESTOTHEPOINT","61a":"ORAN","62a":"ABIE","63a":"ERATO","64a":"WEST","65a":"LIEN","66a":"STROP","1d":"ASPS","2d":"SPOT","3d":"HAIR","4d":"ERNE","5d":"SETAE","6d":"AEF","7d":"URN","8d":"RIO","9d":"ACROSTIC","10d":"ENTAIL","11d":"ROUGE","12d":"MORES","13d":"ANNS","18d":"OMAR","19d":"ESPANA","23d":"RELIED","24d":"SCENTED","26d":"LAWS","27d":"ASEA","28d":"MIST","29d":"BAT","31d":"INTEND","34d":"LENO","35d":"ITCH","36d":"TSAR","38d":"PARVIS","39d":"ORIENTAL","40d":"DIB","44d":"TALENT","45d":"TARE","47d":"STORE","48d":"LAMAS","50d":"YIPES","51d":"SCOW","53d":"FORT","54d":"LIAR","55d":"ENTO","56d":"STOP","58d":"OBI","59d":"TIE","60d":"HEN"}}