{"numbers":[["1","2","3","4","-","5","6","7","8","-","9","10","11","12","13"],["14","","","","-","15","","","","-","16","","","",""],["17","","","","-","18","","","","-","19","","","",""],["20","","","","21","","","","","22","","","","",""],["23","","","","","","-","24","","","","-","-","-","-"],["-","-","-","25","","","26","-","-","27","","28","29","30","31"],["32","33","34","","","-","35","36","37","","-","38","","",""],["39","","","","","40","","","","","41","","","",""],["42","","","","-","43","","","","-","44","","","",""],["45","","","","46","","-","-","47","48","","","-","-","-"],["-","-","-","-","49","","50","51","-","52","","","53","54","55"],["56","57","58","59","","","","","60","","","","","",""],["61","","","","","-","62","","","","-","63","","",""],["64","","","","","-","65","","","","-","66","","",""],["67","","","","","-","68","","","","-","69","","",""]],"clues":{"1a":"Crocus bulb","5a":"\"Son of the Sun\"","9a":"Set-to","14a":"Pastiche","15a":"Score in pinochle","16a":"\"A house is not ___\"","17a":"Restaurant request","18a":"Vessel for Jill","19a":"\"Anticipation\" singer","20a":"Song by 11-Down","23a":"Vinegary","24a":"Scottish hillside","25a":"Westernmost Aleutian","27a":"A clef","32a":"Unsettle?","35a":"Scruff","38a":"\"Aeneid\" locale","39a":"Musical or song by 11 -Down","42a":"Nobelist Wiesel","43a":"Rows before P","44a":"Gorky's \"The ___ Depths\"","45a":"Had a hunch","47a":"Carol","49a":"Daffy Duck talk","52a":"Bedtime annoyances","56a":"Song by 11-Down","61a":"Mercutio's friend","62a":"Cigar's end","63a":"Prefix with China","64a":"An acid","65a":"Alert","66a":"Ending with gang or mob","67a":"Guided a raft","68a":"Kane's Rosebud","69a":"Libel, e.g.","1d":"Pause sign","2d":"Relating to C18H3402","3d":"Dyeing instruction","4d":"Some handlebars","5d":"Collision","6d":"Circa","7d":"Mountaineer","8d":"Psychiatrist Alfred","9d":"Tennessee Senator Jim","10d":"l.O.U.","11d":"Late, great composer","12d":"Mine: Fr.","13d":"\"State of Grace\" star","21d":"Thurber's Walter","22d":"Informal goodbye","26d":"Word on a coin","28d":"Student of animal behavior","29d":"Make coffee","30d":"Knowledge","31d":"Spectator","32d":"Farm mothers","33d":"Base","34d":"\"The doctor ___\"","36d":"Barley beard","37d":"Exploited worker","40d":"It may be golden","41d":"Actress Verdugo","46d":"Friend of Harvey the rabbit","48d":"Belgian port","50d":"Mergansers' kin","51d":"Perfumery bit","53d":"Showed allegiance, in a way","54d":"Downy bird","55d":"Stable sound","56d":"Envelop","57d":"Our genus","58d":"Biographer Ludwig","59d":"Hawaiian honker","60d":"To be, to Henri"},"answers":{"1a":"CORM","5a":"INCA","9a":"SCRAP","14a":"OLIO","15a":"MELD","16a":"AHOME","17a":"MENU","18a":"PAIL","19a":"SIMON","20a":"MISSMARMELSTEIN","23a":"ACETIC","24a":"BRAE","25a":"ATTU","27a":"TREBLE","32a":"EVICT","35a":"NAPE","38a":"TROY","39a":"WISHYOUWEREHERE","42a":"ELIE","43a":"LMNO","44a":"LOWER","45a":"SENSED","47a":"NOEL","49a":"LISP","52a":"SNORES","56a":"WHENWEMEETAGAIN","61a":"ROMEO","62a":"ETTE","63a":"INDO","64a":"AMINO","65a":"WARN","66a":"STER","67a":"POLED","68a":"SLED","69a":"TORT","1d":"COMMA","2d":"OLEIC","3d":"RINSE","4d":"MOUSTACHES","5d":"IMPACT","6d":"NEAR","7d":"CLIMB","8d":"ADLER","9d":"SASSER","10d":"CHIT","11d":"ROME","12d":"AMOI","13d":"PENN","21d":"MITTY","22d":"LATER","26d":"UNUM","28d":"ETHOLOGIST","29d":"BREW","30d":"LORE","31d":"EYER","32d":"EWES","33d":"VILE","34d":"ISIN","36d":"AWN","37d":"PEON","40d":"OLDIE","41d":"ELENA","46d":"ELWOOD","48d":"OSTEND","50d":"SMEWS","51d":"PETAL","53d":"RANTO","54d":"EIDER","55d":"SNORT","56d":"WRAP","57d":"HOMO","58d":"EMIL","59d":"NENE","60d":"ETRE"}}