{"numbers":[["1","2","3","4","-","5","6","7","8","-","9","10","11","12","13"],["14","","","","-","15","","","","-","16","","","",""],["17","","","","-","18","","","","-","19","","","",""],["20","","","","21","","","","","22","","-","23","",""],["-","-","-","24","","","","-","-","25","","26","-","-","-"],["27","28","29","-","30","","","31","-","32","","","33","34","35"],["36","","","37","","-","38","","39","","-","40","","",""],["41","","","","","42","","","","","43","","","",""],["44","","","","-","45","","","","-","46","","","",""],["47","","","","48","","-","49","","50","","-","51","",""],["-","-","-","52","","","-","-","53","","","54","-","-","-"],["55","56","57","-","58","","59","60","","","","","61","62","63"],["64","","","65","","-","66","","","","-","67","","",""],["68","","","","","-","69","","","","-","70","","",""],["71","","","","","-","72","","","","-","73","","",""]],"clues":{"1a":"Yahoo","5a":"Pigeon drop, e.g.","9a":"Fill one's tank","14a":"Peace Nobelist Myrdal","15a":"Rival of Martina","16a":"Busy airport","17a":"Freud's home","18a":"Ticked off","19a":"Client of 16-Across","20a":"Princess Margaret's ex","23a":"Queue after Q","24a":"Fishing gear","25a":"Ended a bout early","27a":"Fishing gear","30a":"Barbering job","32a":"Really went for","36a":"Bakery enticement","38a":"Tide type","40a":"Nephew of Caligula","41a":"1991 Emmy-winning comic","44a":"Med. sch. subj.","45a":"Author Dinesen","46a":"Davis of \"Do the Right Thing\"","47a":"Tout's offering","49a":"Nudnik","51a":"Highway hazard","52a":"Uncommon sense","53a":"Music-score abbr.","55a":"Experimentation station","58a":"1961 Inauguration speaker","64a":"Jordanian port","66a":"Word on a $1 bill","67a":"Hoedown prop","68a":"Blender setting","69a":"Blockhead","70a":"\"If___You\" (1929 hit)","71a":"Game-show group","72a":"Tom Smothers amusement","73a":"Courage","1d":"Cry like a baby","2d":"Mixed bag","3d":"Walkie-talkie word","4d":"Leave time","5d":"Fight souvenir","6d":"Eastern region","7d":"One more time","8d":"Anti-D.W.I. group","9d":"Composer of Hitchcock's theme","10d":"Sounds of satisfaction","11d":"German coal region","12d":"\"Trinity\" author","13d":"Saucy","21d":"Attack","22d":"Giraffe kin","26d":"Taboos","27d":"Elephant rider, perhaps","28d":"Maine college town","29d":"Best Actor of '39","31d":"___Work (rock group)","33d":"Teammate of Robinson and Hodges","34d":"\"To ___ human\"","35d":"B12 quantities","37d":"Photo finish","39d":"Betraying clumsiness","42d":"\"Fantasia\" ballerina","43d":"\"___ I can help it!\"","48d":"Sharon's land","50d":"Completely","54d":"Boris Badenov's boss","55d":"Reindeer herder","56d":"Water color","57d":"Stable home","59d":"Miss Marple discovery","60d":"Suffix for stink","61d":"Waikiki locale","62d":"Chair part","63d":"Koppel and Kennedy","65d":"Old-fashioned do"},"answers":{"1a":"BOOR","5a":"SCAM","9a":"GASUP","14a":"ALVA","15a":"HANA","16a":"OHARE","17a":"WIEN","18a":"IRED","19a":"USAIR","20a":"LORDSNOWDON","23a":"RST","24a":"REEL","25a":"KOD","27a":"ROD","30a":"TRIM","32a":"ADORED","36a":"AROMA","38a":"NEAP","40a":"NERO","41a":"JONATHANWINTERS","44a":"ANAT","45a":"ISAK","46a":"OSSIE","47a":"HOTTIP","49a":"TWIT","51a":"ESS","52a":"ESP","53a":"ANIM","55a":"LAB","58a":"ROBERTFROST","64a":"AQABA","66a":"ORDO","67a":"BALE","68a":"PUREE","69a":"DOLT","70a":"IHAD","71a":"PANEL","72a":"YOYO","73a":"GUTS","1d":"BAWL","2d":"OLIO","3d":"OVER","4d":"RANDR","5d":"SHINER","6d":"CAROLINAS","7d":"ANEW","8d":"MADD","9d":"GOUNOD","10d":"AHS","11d":"SAAR","12d":"URIS","13d":"PERT","21d":"SETAT","22d":"OKAPI","26d":"DONTS","27d":"RAJAH","28d":"ORONO","29d":"DONAT","31d":"MENAT","33d":"REESE","34d":"ERRIS","35d":"DOSES","37d":"MATTE","39d":"AWKWARDLY","42d":"HIPPO","43d":"NOTIF","48d":"ISRAEL","50d":"INTOTO","54d":"MRBIG","55d":"LAPP","56d":"AQUA","57d":"BARN","59d":"BODY","60d":"EROO","61d":"OAHU","62d":"SLAT","63d":"TEDS","65d":"BEE"}}