{"numbers":[["1","2","3","4","5","-","-","6","7","8","9","10","-","-","11","12","13","14","-","15","16","17","18"],["19","","","","","-","20","","","","","","-","-","21","","","","-","22","","",""],["23","","","","","24","","","","","","","25","-","26","","","","27","","","",""],["28","","","-","29","","","","","","","-","30","31","","","-","32","","","","",""],["-","-","-","-","33","","","","","","-","34","","","","","-","35","","","","",""],["36","37","38","-","39","","","-","-","-","40","","","","-","-","41","","","-","-","-","-"],["42","","","43","-","44","","45","46","47","","","","","48","49","","-","-","-","50","51","52"],["53","","","","54","","-","55","","","","","-","-","56","","","57","-","58","","",""],["59","","","","","-","60","","","","-","-","61","62","","","","","-","63","","",""],["64","","","","","-","65","","","","66","67","","","-","68","","","69","","","",""],["70","","","-","-","71","","","","-","72","","","","-","-","-","73","","","","","-"],["-","-","74","75","76","","","","-","77","","","","","-","78","79","","","","","-","-"],["-","80","","","","","-","-","-","81","","","","-","82","","","","-","-","83","84","85"],["86","","","","","","87","88","-","89","","","","90","","","","-","91","92","","",""],["93","","","","-","94","","","95","","","-","-","96","","","","-","97","","","",""],["98","","","","-","99","","","","-","-","100","101","","","","-","102","","","","",""],["103","","","-","-","-","104","","","105","106","","","","","","107","","-","108","","",""],["-","-","-","-","109","110","","-","-","111","","","","-","-","-","112","","113","-","114","",""],["115","116","117","118","","","-","119","120","","","","-","121","122","123","","","","-","-","-","-"],["124","","","","","","-","125","","","","-","126","","","","","","","-","127","128","129"],["130","","","","","","131","","","-","132","133","","","","","","","","134","","",""],["135","","","","-","136","","","","-","-","137","","","","","","-","138","","","",""],["139","","","","-","140","","","","-","-","141","","","","","-","-","142","","","",""]],"clues":{"1a":"Pops","6a":"Cards left over from a deal","11a":"Invited a ticket?","15a":"Born's partner","19a":"Parts of villas","20a":"Handel bars?","21a":"The Ponte Vecchio crosses it","22a":"Dalai ___","23a":"Genius's residence","26a":"Michele's area of study","28a":"\"___ do\" (old hello)","29a":"State of being late","30a":"Pan's opposite","32a":"Site in \"Julius Caesar\"","33a":"Sawyer and others","34a":"Lighting problem?","35a":"Like many doorways","36a":"Baby food","39a":"Sty matriarch","40a":"Considerably","41a":"Happy hour order","42a":"Affirm","44a":"Bentsen's dental device","50a":"Defective","53a":"Size 5 women's shoe","55a":"Enlists again","56a":"Asia, the \"the\"","58a":"Balzac novel \"Le ___ Goriot\"","59a":"Wind: Prefix","60a":"Women's auxiliary of 60 Down: Abbr.","61a":"Bird back from near extinction","63a":"Testify","64a":"Start of many horror titles","65a":"Outhouse site, perhaps","68a":"Thinly","70a":"\"Owner of a Lonely Heart\" rock band","71a":"Having a golden touch","72a":"Merriment","73a":"Terrorist cell","74a":"Stephen King best seller","77a":"Marriage locale","78a":"Hebrew for \"house of God\"","80a":"Rumble","81a":"Robber's take","82a":"It's north of Okla.","83a":"Mos. and mos.","86a":"Worse than feeble","89a":"Shula's shoelace problem","91a":"Confused","93a":"Thumb-twiddling","94a":"Seth or Clarence","96a":"Spare parts?","97a":"Desires","98a":"Admissions chief","99a":"Bach violin sonata, e.g.","100a":"22 Across's capital","102a":"Shinbones","103a":"Site of semicircular canals","104a":"With whom Backus quarreled","108a":"\"I cannot tell ___\"","109a":"Nice friend","111a":"Hatchery sound","112a":"One who wears stripes","114a":"Law degree","115a":"Gypsy","119a":"Hobo's home","121a":"The \"R\" in CORE","124a":"City north of Lisbon","125a":"Nursery color","126a":"Filled","127a":"Party girl","130a":"Where a Muppet strolls","132a":"Sondheim's secret from the Feds","135a":"Noted Harper's Bazaar illustrator","136a":"Words of comprehension","137a":"One way to be cast","138a":"Mount","139a":"During office hours","140a":"\"Mask\" star","141a":"Have the ___ on","142a":"Married, in a way","1d":"Part of an officer's uniform","2d":"Emperor of A.D. 69","3d":"Keene sleuth","4d":"___ Jordan","5d":"Bar-made items?","6d":"Keepsake","7d":"Vase handles","8d":"Cowardly Lion actor and family","9d":"Siouan Indians","10d":"60's service site","11d":"One discharged from the Navy?","12d":"Primp","13d":"Wind dir.","14d":"Chancel cloth","15d":"Mont ___","16d":"Indian prince","17d":"Overact","18d":"Adventured","20d":"Doctor's note?","24d":"Player at Camden Yards","25d":"Box score component","27d":"Sea, in old verse","31d":"___ spumante","34d":"Clerical garb","36d":"Roman rule","37d":"New York's Columbus","38d":"Apostle's wine storage area","40d":"Venomous viper","41d":"Moral man?","43d":"Opposite of hubs","45d":"___ of Zeus at Dodona","46d":"Brewing aid","47d":"Rump","48d":"Thieves' locale","49d":"Wanders","50d":"Part of actress Garland's window","51d":"Have ___ to play (be of use)","52d":"Moist, perhaps","54d":"Piggie","57d":"Religious essays","58d":"___ deux","60d":"See 60 Across","61d":"Shoe \"treads\"","62d":"Czech river","66d":"Northern hemispheres?","67d":"Singer/songwriter John","69d":"Cheer","71d":"Says hi","75d":"Intro for stock or horn","76d":"Electrical unit","77d":"\"Sweet Liberty\" star","78d":"Tropical African tree","79d":"Tolkien creatures","80d":"Euripides tragedy","82d":"Fried snack","84d":"Kind of outlet","85d":"Talked back","86d":"Ensconce","87d":"Japanese sliding screen","88d":"Sun: Prefix","90d":"1800's U.S. Army rifle","91d":"Champion crowned 10/30/74","92d":"Part of a marching band","95d":"Tattoo dedicatee","100d":"Kind of soup","101d":"Very fashionable","102d":"Candies","105d":"Link","106d":"Peninsulas","107d":"___ Express","109d":"They take to the hills","110d":"Having Coke-bottle glasses?","113d":"Plump","115d":"In judicial attire","116d":"Threepenny entertainment?","117d":"Mickey Mouse nephew","118d":"Johnson and others","119d":"Shopping ___","120d":"Outdoorsman, perhaps","121d":"Not an original","122d":"Farm pest","123d":"Staff leaders","126d":"Write over","127d":"Actor Bogarde","128d":"Otherwise","129d":"Blackmailed","131d":"Firewood choice","133d":"Make out, in baseball","134d":"Overmuch"},"answers":{"1a":"SODAS","6a":"TALON","11a":"SPED","15a":"BRED","19a":"ATRIA","20a":"SONATA","21a":"ARNO","22a":"LAMA","23a":"SHERLOCKSHOME","26a":"LEESMAJOR","28a":"HOW","29a":"ARREARS","30a":"RAVE","32a":"SENATE","33a":"DIANES","34a":"ARSON","35a":"ARCHED","36a":"PAP","39a":"SOW","40a":"ALOT","41a":"ALE","42a":"AVER","44a":"LLOYDSBRIDGE","50a":"BAD","53a":"PETITE","55a":"REUPS","56a":"EAST","58a":"PERE","59a":"ANEMO","60a":"WAAF","61a":"CONDOR","63a":"AVOW","64a":"CURSE","65a":"WCSFIELD","68a":"SPARSELY","70a":"YES","71a":"GILT","72a":"GLEE","73a":"CADRE","74a":"CARRIE","77a":"ALTAR","78a":"BETHEL","80a":"MELEE","81a":"LOOT","82a":"KANS","83a":"YRS","86a":"HELPLESS","89a":"DONSKNOT","91a":"ATSEA","93a":"IDLE","94a":"THOMAS","96a":"RIBS","97a":"LUSTS","98a":"DEAN","99a":"SOLO","100a":"LHASA","102a":"TIBIAS","103a":"EAR","104a":"JIMSNEIGHBOR","108a":"ALIE","109a":"AMI","111a":"PEEP","112a":"REF","114a":"LLD","115a":"ROMANY","119a":"SHACK","121a":"RACIAL","124a":"OPORTO","125a":"PINK","126a":"REPLETE","127a":"DEB","130a":"BERTSPARK","132a":"STEPHENSSTILL","135a":"ERTE","136a":"ISEE","137a":"ADRIFT","138a":"HORSE","139a":"DAYS","140a":"CHER","141a":"GOODS","142a":"YOKED","1d":"SASH","2d":"OTHO","3d":"DREW","4d":"AIR","5d":"SALADS","6d":"TOKEN","7d":"ANSAE","8d":"LAHRS","9d":"OTOS","10d":"NAM","11d":"SALVO","12d":"PREEN","13d":"ENE","14d":"DOSSAL","15d":"BLANC","16d":"RAJAH","17d":"EMOTE","18d":"DARED","20d":"SCRAWL","24d":"ORIOLE","25d":"ERROR","27d":"MERE","31d":"ASTI","34d":"ALBS","36d":"PAPACY","37d":"AVENUE","38d":"PETERSCELLAR","40d":"ASP","41d":"AESOP","43d":"RIMS","45d":"ORACLE","46d":"YEAST","47d":"DUFF","48d":"DEN","49d":"GADS","50d":"BEVERLYSSILL","51d":"AROLE","52d":"DEWY","54d":"TOE","57d":"TRACTS","58d":"PASDE","60d":"WWII","61d":"CLEATS","62d":"ODER","66d":"IGLOOS","67d":"ELTON","69d":"RAH","71d":"GREETS","75d":"ALPEN","76d":"REL","77d":"ALDA","78d":"BAOBAB","79d":"ENTS","80d":"MEDEA","82d":"KNISH","84d":"RETAIL","85d":"SASSED","86d":"HIDE","87d":"SHOJI","88d":"SOLI","90d":"KRAG","91d":"ALI","92d":"TUBA","95d":"MOM","100d":"LEEK","101d":"HIP","102d":"TREATS","105d":"SPAN","106d":"NECKS","107d":"ORIENT","109d":"ANTS","110d":"MYOPIC","113d":"FLESHY","115d":"ROBED","116d":"OPERA","117d":"MORTY","118d":"ARTES","119d":"SPREE","120d":"HIKER","121d":"REPRO","122d":"APHID","123d":"CLEFS","126d":"REDO","127d":"DIRK","128d":"ELSE","129d":"BLED","131d":"ASH","133d":"TAG","134d":"TOO"}}