{"numbers":[["1","2","3","4","-","5","6","7","8","9","-","10","11","12","13"],["14","","","","-","15","","","","","-","16","","",""],["17","","","","18","","","","","","-","19","","",""],["20","","","","","-","-","21","","","22","","","",""],["-","23","","","","24","25","-","-","26","","","","-","-"],["-","-","-","27","","","","28","-","29","","","","30","31"],["32","33","34","","-","35","","","36","-","37","","","",""],["38","","","-","39","","","","","40","","-","41","",""],["42","","","43","","-","44","","","","-","45","","",""],["46","","","","","47","-","48","","","49","","-","-","-"],["-","-","50","","","","-","-","51","","","","52","53","-"],["54","55","","","","","56","57","-","-","58","","","","59"],["60","","","","-","61","","","62","63","","","","",""],["64","","","","-","65","","","","","-","66","","",""],["67","","","","-","68","","","","","-","69","","",""]],"clues":{"1a":"Old actress Anna May","5a":"Kiwi soldier","10a":"It follows the Gospels","14a":"On___with","15a":"Goddess of fate","16a":"Miss Loughlin of \"Full House\"","17a":"\"I'm off to bed,\" said Tom ___","19a":"Live wire","20a":"Obliterate","21a":"Disillusioned by","23a":"Takes in","26a":"Desert of dinosaur finds","27a":"Vicuna relative","29a":"Wear away","32a":"Fella","35a":"Ornery sort","37a":"Packed straw","38a":"Nest egg, for short","39a":"\"I get a company car,\" said Tom ___","41a":"Dillydally","42a":"Peace Corps kin","44a":"Chunks in a Greek salad","45a":"Unit of force","46a":"It sounds like B flat","48a":"He's hard to find","50a":"\"___ Dinka Doo\"","51a":"Berate","54a":"Sheltered, in a way","58a":"Chair-back part","60a":"Impulse","61a":"\"I sat in some poison ivy,\" said Tom ___","64a":"Cubbyhole","65a":"\"Lunch Poems\" poet","66a":"Macintosh sign","67a":"A final blow","68a":"___ situation","69a":"Endangered goose","1d":"Forks and spoons","2d":"\"Lakme,\" e.g.","3d":"Horoscope related","4d":"You can chew on this awhile","5d":"Jack Homer's last words","6d":"Parisian vote","7d":"Sidesteps","8d":"Mr. Guthrie","9d":"An Iroquois","10d":"Search for the unknown?","11d":"\"I'll have a curacao,\" said Tom___","12d":"The Bee Gees, e.g.","13d":"Speak with one's hands","18d":"Film short","22d":"Actor Benson","24d":"Tear","25d":"Blue fellow","28d":"Cockeyed","30d":"1934 baseball M.V.P.","31d":"Advantage","32d":"Met # 1?","33d":"\"The Haj\" author","34d":"\"Gotta run,\" said Tom ___","36d":"Lute's kin","39d":"Skiwear","40d":"Carol syllables","43d":"Fruit created circa 1904","45d":"Aquarium star","47d":"___ Weems","49d":"Harrow blade","52d":"Author Walker","53d":"Avian preening aid","54d":"Twain hero","55d":"'Hood","56d":"Mimic","57d":"Gunslinger's command","59d":"One of the Dalys","62d":"Jackie's second","63d":"Famous Amy"},"answers":{"1a":"WONG","5a":"ANZAC","10a":"ACTS","14a":"APAR","15a":"MOIRA","16a":"LORI","17a":"RETIRINGLY","19a":"GRIG","20a":"ERASE","21a":"SOUREDON","23a":"ALTERS","26a":"GOBI","27a":"LLAMA","29a":"ABRADE","32a":"DUDE","35a":"CUSS","37a":"BALED","38a":"IRA","39a":"PERKILY","41a":"LAG","42a":"VISTA","44a":"FETA","45a":"DYNE","46a":"ASHARP","48a":"WALDO","50a":"INKA","51a":"RAILAT","54a":"HANGARED","58a":"SPLAT","60a":"URGE","61a":"SCRATCHILY","64a":"CELL","65a":"OHARA","66a":"ICON","67a":"KAYO","68a":"NOWIN","69a":"NENE","1d":"WARE","2d":"OPERA","3d":"NATAL","4d":"GRISTLE","5d":"AMI","6d":"NON","7d":"ZIGS","8d":"ARLO","9d":"CAYUGA","10d":"ALGEBRA","11d":"CORDIALLY","12d":"TRIO","13d":"SIGN","18d":"REEL","22d":"ROBBY","24d":"RACE","25d":"SMURF","28d":"ASKEW","30d":"DEAN","31d":"EDGE","32d":"DIVA","33d":"URIS","34d":"DASHINGLY","36d":"SITAR","39d":"PARKA","40d":"LALA","43d":"TANGELO","45d":"DOLPHIN","47d":"PARSON","49d":"DISC","52d":"ALICE","53d":"TALON","54d":"HUCK","55d":"AREA","56d":"ECHO","57d":"DRAW","59d":"TYNE","62d":"ARI","63d":"TAN"}}