{"numbers":[["-","-","1","2","3","4","-","-","5","6","7","-","8","9","10"],["-","11","","","","","12","-","13","","","-","14","",""],["15","","","","","","","16","","","","-","17","",""],["18","","","","","","","","","","","19","","-","-"],["20","","","","","","-","21","","","-","22","","23","24"],["25","","","-","26","","27","-","-","-","28","","","",""],["-","-","-","-","-","29","","30","-","31","","","","",""],["-","-","32","33","34","","","","35","","","","","-","-"],["36","37","","","","","-","38","","","-","-","-","-","-"],["39","","","","","-","-","-","40","","41","-","42","43","44"],["45","","","","-","46","47","48","-","49","","50","","",""],["-","-","51","","52","","","","53","","","","","",""],["54","55","","-","56","","","","","","","","","",""],["57","","","-","58","","","-","59","","","","","","-"],["60","","","-","61","","","-","-","62","","","","-","-"]],"clues":{"1a":"Word with blood or touch","5a":"Pouch","8a":"Dollop","11a":"Fantasized","13a":"For","14a":"Bovarism","15a":"TV host","17a":"Abbr. on a grocery list","18a":"TV host","20a":"With rapid tempo","21a":"Golf course supply","22a":"Letters of invitation?","25a":"Network: Abbr.","26a":"One of the Chaplins","28a":"With 29-Across, an anatomical part","29a":"See above","31a":"Produce","32a":"TV host","36a":"Insubstantial","38a":"Women's wear daily","39a":"Cicero speaking site, with \"the\"","40a":"Mine-car load","42a":"Ending for pay","45a":"TV's Sharkey et al.","46a":"W.W. II enlistee","49a":"Threefold","51a":"TV host","54a":"___ tree","56a":"TV host","57a":"Kind of Buddhism","58a":"Stooge name","59a":"Doo-wop's ___ and the Dreamers","60a":"Passbook abbr.","61a":"Junior","62a":"Crow's-nest site","1d":"Christmas events, sometimes","2d":"Goads a hillbilly","3d":"___ way (yield a return)","4d":"Staff","5d":"Dick's Veep","6d":"Like hung streamers","7d":"Roy of Senate hearings","8d":"Bust site","9d":"Give it___","10d":"From A___","11d":"Grocery section","12d":"___T","15d":"Honored players, for short","16d":"\"Bugs\"","19d":"Beastly","23d":"James Herriot, e.g.","24d":"Before beginning","27d":"Marino of Miami","28d":"Man-mouse link","30d":"Needle","31d":"Navigator's work area","32d":"More than snooty","33d":"Vivify","34d":"Substance's partner","35d":"Cortez quest","36d":"Man in the mil.","37d":"Alley___","41d":"Sappho's poet friend","42d":"Kind of wonder","43d":"Lash of the West","44d":"Wings","46d":"Rodeo yell","47d":"Asylum seeker","48d":"Fifth-century date","50d":"Russian Johns","52d":"45 and 78, e.g.","53d":"Cranky","54d":"Banned gun","55d":"Write"},"answers":{"1a":"TYPE","5a":"SAC","8a":"PAT","11a":"DREAMT","13a":"PRO","14a":"EGO","15a":"MAURYPOVICH","17a":"DOZ","18a":"VICKILAWRENCE","20a":"PRESTO","21a":"SOD","22a":"RSVP","25a":"SYS","26a":"SYD","28a":"OUTER","29a":"EAR","31a":"CREATE","32a":"ARSENIOHALL","36a":"POROUS","38a":"BRA","39a":"FORUM","40a":"ORE","42a":"OLA","45a":"CPOS","46a":"WAC","49a":"TRINAL","51a":"GERALDORIVERA","54a":"UPA","56a":"PHILDONAHUE","57a":"ZEN","58a":"MOE","59a":"DONNIE","60a":"INT","61a":"SON","62a":"MAST","1d":"TRUCES","2d":"YERKS","3d":"PAYITS","4d":"EMPLOYEES","5d":"SPIRO","6d":"ARCED","7d":"COHN","8d":"PEDESTAL","9d":"AGO","10d":"TOZ","11d":"DAIRY","12d":"TOA","15d":"MVPS","16d":"VWS","19d":"CRUEL","23d":"VET","24d":"PRE","27d":"DAN","28d":"ORA","30d":"RIB","31d":"CHARTROOM","32d":"ARROGANT","33d":"ROUSE","34d":"SUM","35d":"ORO","36d":"PFC","37d":"OOP","41d":"ERINNA","42d":"ONEHIT","43d":"LARUE","44d":"ALAE","46d":"WAHOO","47d":"ALIEN","48d":"CDL","50d":"IVANS","52d":"RPMS","53d":"ODD","54d":"UZI","55d":"PEN"}}