{"numbers":[["1","2","3","4","-","5","6","7","8","-","9","10","11","12","13"],["14","","","","-","15","","","","-","16","","","",""],["17","","","","18","","","","","-","19","","","",""],["20","","","","","-","21","","","22","","","","",""],["-","-","-","23","","24","","-","25","","","-","26","",""],["27","28","29","","-","30","","31","","","","32","-","-","-"],["33","","","","-","34","","","-","35","","","36","37","38"],["39","","","","40","-","41","","42","-","43","","","",""],["44","","","","","45","-","46","","47","-","48","","",""],["-","-","-","49","","","50","","","","-","51","","",""],["52","53","54","-","55","","","-","56","","57","","-","-","-"],["58","","","59","","","","60","","-","61","","62","63","64"],["65","","","","","-","66","","","67","","","","",""],["68","","","","","-","69","","","","-","70","","",""],["71","","","","","-","72","","","","-","73","","",""]],"clues":{"1a":"Hans Arp style","5a":"Swindle","9a":"Sternward","14a":"Short jacket","15a":"Ballerina Spessivtseva","16a":"\"Morning Glory\" bloom","17a":"Friend of Antony in \"Antony and Cleopatra\"","19a":"Waiting, in a way","20a":"Walking ___","21a":"Katharina's match in \"The Taming of the Shrew\"","23a":"Tiny protest","25a":"Selene's sister","26a":"Fictional planet","27a":"Blowout","30a":"Mama on \"That's My Mama\"","33a":"Mess","34a":"Home to Tell","35a":"Big name in toys","39a":"Ruby defender","41a":"Workout site","43a":"1984 political diarist","44a":"Searches thoroughly","46a":"Muff","48a":"Campaign award","49a":"Sunrooms","51a":"Author Victoria","52a":"___ glance","55a":"Approval","56a":"Candidate of '08","58a":"Son of Duncan in \"Macbeth\"","61a":"Arcade name","65a":"Bye-bye","66a":"Hotspur ally in \"Henry IV Part 1\"","68a":"Martin Sheen's real first name","69a":"Conoco rival","70a":"\"99 Luftballons\" singer","71a":"Appraising","72a":"Be smart","73a":"Heaven on Earth","1d":"\"Whip It\" group","2d":"Ancient desk","3d":"Flor of film","4d":"Twin in \"The Comedy of Errors\"","5d":"Farm land","6d":"Barbershop item","7d":"Fever","8d":"Original","9d":"Unplugged?","10d":"Court seat","11d":"Granting that","12d":"See 63 Down","13d":"Pillow stuffing","18d":"Its root is pride, according to Chaucer","22d":"Muddy","24d":"Crossword bird","27d":"Old dos","28d":"Anchovy sauce","29d":"Titan's home","31d":"Redder, perhaps","32d":"Clown in \"As You Like It\"","36d":"Start of a legal plea","37d":"Pianist Gilels","38d":"Treasures","40d":"Respirator","42d":"Drought","45d":"Pig","47d":"\"The Facts of Life\" star","50d":"Saws","52d":"Antarctic cape","53d":"Currently","54d":"Tropical resins","57d":"Nefarious","59d":"Many millennia","60d":"She requested \"As Time Goes By\"","62d":"Gaping, maybe","63d":"\"And Then There Were None\" director, with 12 Down","64d":"Kerman local","67d":"Rebuffs"},"answers":{"1a":"DADA","5a":"SCAM","9a":"ABACK","14a":"ETON","15a":"OLGA","16a":"CALLA","17a":"VENTIDIUS","19a":"ONTAP","20a":"ONAIR","21a":"PETRUCHIO","23a":"PEEP","25a":"EOS","26a":"ORK","27a":"BASH","30a":"MERRITT","33a":"OLIO","34a":"URI","35a":"LIONEL","39a":"BELLI","41a":"SPA","43a":"CUOMO","44a":"SCOURS","46a":"ERR","48a":"CLIO","49a":"SOLARIA","51a":"HOLT","52a":"ATA","55a":"NOD","56a":"DEBS","58a":"DONALBAIN","61a":"ATARI","65a":"ADIEU","66a":"GLENDOWER","68a":"RAMON","69a":"ESSO","70a":"NENA","71a":"EYING","72a":"SASS","73a":"EDEN","1d":"DEVO","2d":"ATEN","3d":"DONA","4d":"ANTIPHOLUS","5d":"SOD","6d":"CLIPPERS","7d":"AGUE","8d":"MASTER","9d":"ACOUSTIC","10d":"BANC","11d":"ALTHO","12d":"CLAIR","13d":"KAPOK","18d":"IRE","22d":"ROIL","24d":"EMU","27d":"BOBS","28d":"ALEC","29d":"SILO","31d":"RIPER","32d":"TOUCHSTONE","36d":"NOLO","37d":"EMIL","38d":"LOOT","40d":"IRONLUNG","42d":"ARIDNESS","45d":"SLOB","47d":"RAE","50d":"ADAGES","52d":"ADARE","53d":"TODAY","54d":"ANIMI","57d":"BAD","59d":"AEON","60d":"ILSA","62d":"AWED","63d":"RENE","64d":"IRAN","67d":"NOS"}}