{"numbers":[["1","2","3","4","-","-","5","6","7","8","-","-","9","10","11","12","-","13","14","15","16"],["17","","","","18","-","19","","","","20","-","21","","","","-","22","","",""],["23","","","","","24","","","","","","-","25","","","","26","","","",""],["27","","","","","","","","-","28","","29","","","-","30","","","","",""],["-","-","-","31","","","","-","32","","","","-","-","33","","","","-","-","-"],["34","35","36","","","","-","37","","","","","38","39","","","-","40","41","42","43"],["44","","","-","45","","46","","","","-","47","","","","","-","-","48","",""],["49","","","50","-","-","51","","","-","-","-","52","","","","53","54","","",""],["55","","","","-","56","","","","57","58","59","","","","-","60","","","",""],["-","61","","","62","","","","-","63","","","","","-","64","","","","",""],["-","-","65","","","","","-","66","","","","","-","67","","","","","-","-"],["68","69","","","","","-","70","","","","","-","71","","","","","","72","-"],["73","","","","","-","74","","","","","","75","","","","-","76","","","77"],["78","","","","","79","","","","-","-","-","80","","","-","-","81","","",""],["82","","","-","-","83","","","","84","-","85","","","","86","87","-","88","",""],["89","","","90","-","91","","","","","92","","","","-","93","","94","","",""],["-","-","-","95","96","","","-","-","97","","","","-","98","","","","-","-","-"],["99","100","101","","","","-","102","103","","","","-","104","","","","","105","106","107"],["108","","","","","","109","","","-","110","","111","","","","","","","",""],["112","","","","-","113","","","","-","114","","","","","-","115","","","",""],["116","","","","-","117","","","","-","-","118","","","","-","-","119","","",""]],"clues":{"1a":"Tess Durbeyfield's seducer","5a":"In a good lookout position","9a":"Game saver, at times","13a":"Word of woe","17a":"Beans","19a":"He played Ugarte in \"Casablanca\"","21a":"Word ending a radio announcement","22a":"Mona ___","23a":"REAGAN, TO BUSH","25a":"ARMY CRITTERS?","27a":"Persevering","28a":"Shaggy-maned mammal","30a":"Gaucho's home","31a":"Booty","32a":"Mickey and Mighty","33a":"Fluff","34a":"Milton hero","37a":"PARTS","40a":"Taj Mahal city","44a":"___ mode","45a":"Almost","47a":"Reinforcement","48a":"In medias ___","49a":"Festival","51a":"Tom of the T-M Bar Ranch","52a":"Logo","55a":"___ blanche (sword)","56a":"CLEANING-RELATED","60a":"Comets' heads","61a":"It often comes with a twist","63a":"Onetime Dodge model","64a":"1983 Michener best seller","65a":"Signs of boredom","66a":"Barbershop sounds","67a":"Dumas's \"The Black ___\"","68a":"Mugged, maybe","70a":"Jim Backus provided his voice","71a":"Kids' board game","73a":"One who's starstruck","74a":"TUNA SALAD STAPLE","76a":"Vituperates, with \"into\"","78a":"Traveler s aid","80a":"Consoles, perhaps","81a":"Flappers?","82a":"Printers' measures","83a":"Casino equipment","85a":"Most parched","88a":"Court matter","89a":"Retardant","91a":"QUADRENNIAL EVENT","93a":"Rubs out","95a":"Some banks have them","97a":"Chop-chop","98a":"Cordon ___","99a":"Equus hemionus","102a":"Prearrange","104a":"The Yankee Clipper","108a":"JUST-IN-CASE CRAFT","110a":"FIX-UPS","112a":"Quotation notation?","113a":"Shoo, to Socks","114a":"Working stiff","115a":"Conductor Koussevitzky","116a":"Monster's home?","117a":"Novel ending","118a":"Fox hunt cry","119a":"Summer shirts","1d":"Sacred serpents","2d":"Tradition has it","3d":"Gazed upon","4d":"BAYOU RESIDENTS","5d":"Alaskan people","6d":"Start of a bowl game","7d":"Heraldic golds","8d":"Rectitude","9d":"___ avail (fruitless)","10d":"Stratford stream","11d":"Increase the r.p.m.'s","12d":"Said \"Let's wed\"","13d":"Wellesley grad","14d":"Speaketh?","15d":"Drifting","16d":"Smart talk","18d":"Gunfight site, in films","20d":"Longtime Susan Lucci role","24d":"Singer Peter","26d":"Rabbit's foot","29d":"Milosevic, e.g.","32d":"Year in the reign of Louis VII","33d":"Transferable print","34d":"\"Lonesome Dove\" genre","35d":"Wake-up call","36d":"VERBAL BLUNDER","37d":"African antelope","38d":"Bandleader Shaw and namesakes","39d":"1962 film \"___ Bulba\"","41d":"TENSE STUDENTS?","42d":"Did not premiere","43d":"\"You ___ For It\" (old Art Baker show)","46d":"Approvals","50d":"Bubbly","53d":"___ des Beaux-Arts","54d":"\"Le Misanthrope\" author","56d":"Lucky strike","57d":"Arthur Murray lesson","58d":"Rigel's locale","59d":"G.O.P. birthplace","62d":"Poetic contraction","64d":"All-natural","66d":"Skater David","67d":"Cup of café","68d":"Goaded, with \"on\"","69d":"Volcano's opening?","70d":"Colognes","71d":"Mannerly","72d":"Berlin's river","74d":"Rivers and others","75d":"Walk into ___","77d":"J.F.K. drop-ins","79d":"Cowslip","84d":"Til","85d":"Curtains","86d":"Onetime march site","87d":"Dog rewards","90d":"Heathens","92d":"Seize the throne","94d":"SHAKESPEAREAN LASS","96d":"Thrice, in prescriptions","98d":"Pull-up assister","99d":"Wang Lung's wife","100d":"Diamond group","101d":"Judean prophet","102d":"Immediately, to a surgeon","103d":"Ferrara family","104d":"Avant-garde writer Floyd","105d":"Al from Tennessee","106d":"\"The Dark at the Top of the Stairs\" playwright","107d":"Sugars","109d":"Don't just sit there","111d":"A deer, a female deer"},"answers":{"1a":"ALEC","5a":"ATOP","9a":"TARP","13a":"ALAS","17a":"SOYAS","19a":"LORRE","21a":"OVER","22a":"LISA","23a":"PREJANESSOR","25a":"NOVOPUSES","27a":"SEDULOUS","28a":"BISON","30a":"PAMPAS","31a":"LOOT","32a":"MICE","33a":"DOWN","34a":"SAMSON","37a":"OCTARATES","40a":"AGRA","44a":"ALA","45a":"NEARLY","47a":"BRACE","48a":"RES","49a":"GALA","51a":"MIX","52a":"TRADEMARK","55a":"ARME","56a":"FEBITORIAL","60a":"COMAE","61a":"MARTINI","63a":"ARIES","64a":"POLAND","65a":"YAWNS","66a":"SNIPS","67a":"TULIP","68a":"EMOTED","70a":"MAGOO","71a":"CAREERS","73a":"GAPER","74a":"JUNONNAISE","76a":"RIPS","78a":"GUIDEPOST","80a":"TVS","81a":"EARS","82a":"ENS","83a":"RAKES","85a":"DRIEST","88a":"NET","89a":"DAMP","91a":"INSEPURAL","93a":"ERASES","95a":"ATMS","97a":"ASAP","98a":"BLEU","99a":"ONAGER","102a":"SETUP","104a":"DIMAGGIO","108a":"LIMAROATS","110a":"REDECATIONS","112a":"ANON","113a":"SCAT","114a":"PROLE","115a":"SERGE","116a":"NESS","117a":"ETTE","118a":"YELP","119a":"TEES","1d":"ASPS","2d":"LORE","3d":"EYED","4d":"CAJULS","5d":"ALEUT","6d":"TOSS","7d":"ORS","8d":"PROBITY","9d":"TONO","10d":"AVON","11d":"REV","12d":"PROPOSED","13d":"ALUMNA","14d":"LISP","15d":"ASEA","16d":"SASS","18d":"SALOON","20d":"ERICA","24d":"NOONE","26d":"PAW","29d":"SERB","32d":"MCLXI","33d":"DECAL","34d":"SAGA","35d":"ALARM","36d":"MALMAYOPISM","37d":"ORIBI","38d":"ARTIES","39d":"TARAS","41d":"GRAMAPRIANS","42d":"RERAN","43d":"ASKED","46d":"AMENS","50d":"AERATED","53d":"ECOLE","54d":"MOLIERE","56d":"FIND","57d":"TANGO","58d":"ORION","59d":"RIPON","62d":"TWERE","64d":"PURE","66d":"SANTEE","67d":"TASSE","68d":"EGGED","69d":"MAUNA","70d":"MUSKS","71d":"CIVIL","72d":"SPREE","74d":"JOANS","75d":"ATRAP","77d":"SSTS","79d":"PRIMROSE","84d":"SPAT","85d":"DRAPERY","86d":"SELMA","87d":"TREATS","90d":"PAGANS","92d":"USURP","94d":"AUGIET","96d":"TER","98d":"BICEP","99d":"OLAN","100d":"NINE","101d":"AMOS","102d":"STAT","103d":"ESTE","104d":"DELL","105d":"GORE","106d":"INGE","107d":"OSES","109d":"ACT","111d":"DOE"}}