{"numbers":[["1","2","3","4","-","5","6","7","8","-","9","10","11","12","13"],["14","","","","-","15","","","","-","16","","","",""],["17","","","","18","","","","","19","","","","",""],["20","","","","","-","21","","","","-","22","","",""],["-","-","-","23","","24","","-","25","","26","","-","-","-"],["27","28","29","","-","30","","31","","","","","32","33","34"],["35","","","-","36","","","","-","37","","","","",""],["38","","","39","","-","40","","41","-","42","","","",""],["43","","","","","44","-","45","","46","","-","47","",""],["48","","","","","","49","","","","-","50","","",""],["-","-","-","51","","","","-","52","","53","","-","-","-"],["54","55","56","","-","57","","58","","-","59","","60","61","62"],["63","","","","64","","","","","65","","","","",""],["66","","","","","-","67","","","","-","68","","",""],["69","","","","","-","70","","","","-","71","","",""]],"clues":{"1a":"Child's getaway","5a":"Nurse's stick","9a":"Malpractice target","14a":"Margarine","15a":"Part of a cash register","16a":"Sam or Tom, e.g.","17a":"Businessperson's oxymoron","20a":"Crowbar","21a":"Runner Devers","22a":"Sums","23a":"\"Get ___!\"","25a":"Cut up","27a":"Vipers","30a":"Indignant person's oxymoron","35a":"Actor Erwin","36a":"Breezy","37a":"Refer (to)","38a":"Dinner bird","40a":"Command to Fido","42a":"Jewish dinner","43a":"Mideast language","45a":"Flood survivor","47a":"W.W. II grp.","48a":"Oxymoron for a homely person","50a":"Cheek","51a":"Riches' opposite","52a":"Took a powder","54a":"Jacob's brother","57a":"Bare","59a":"Speechify","63a":"Coffee drinker's oxymoron","66a":"Passe","67a":"Within: Prefix","68a":"Model married to David Bowie","69a":"Steeple","70a":"Slumber","71a":"Library item","1d":"Monk's hood","2d":"Lotion ingredient","3d":"Former talk-show host","4d":"Fireplace equipment","5d":"Penn, e.g.: Abbr.","6d":"Belly dancers","7d":"Edison's middle name","8d":"Mathematician Pascal","9d":"Sine ___ non","10d":"Straighten out","11d":"Sarcasm","12d":"Dolt","13d":"Barbies' mates","18d":"Enrage","19d":"Bow of silents","24d":"Black bird","26d":"Three-time Super Bowl-winning coach","27d":"Tin Pan Alley org.","28d":"One of the Beatles","29d":"Chrysalises","31d":"In competition","32d":"Lindley of \"The Ropers\"","33d":"Creativity","34d":"Indoor balls","36d":"Writer Loos","39d":"Busybody","41d":"Stashes","44d":"Caesar's swans","46d":"Certain vote","49d":"Shylock","50d":"Magellan, e.g.","53d":"Lee to Grant","54d":"Concludes","55d":"It's seen in bars","56d":"Against","58d":"Unit of force","60d":"BB's","61d":"Word after \"go!\"","62d":"Sea eagle","64d":"Humorist George","65d":"\"Oh, darn!\""},"answers":{"1a":"CAMP","5a":"SWAB","9a":"QUACK","14a":"OLEO","15a":"TILL","16a":"UNCLE","17a":"WORKINGVACATION","20a":"LEVER","21a":"GAIL","22a":"ADDS","23a":"REAL","25a":"SAWN","27a":"ASPS","30a":"NEVERAGAIN","35a":"STU","36a":"AIRY","37a":"ALLUDE","38a":"CAPON","40a":"SIC","42a":"SEDER","43a":"ARABIC","45a":"NOAH","47a":"RAF","48a":"PRETTYUGLY","50a":"SASS","51a":"RAGS","52a":"LEFT","54a":"ESAU","57a":"NUDE","59a":"ORATE","63a":"NONDAIRYCREAMER","66a":"DATED","67a":"ENTO","68a":"IMAN","69a":"SPIRE","70a":"REST","71a":"TOME","1d":"COWL","2d":"ALOE","3d":"MERV","4d":"POKERS","5d":"STN","6d":"WIGGLERS","7d":"ALVA","8d":"BLAISE","9d":"QUA","10d":"UNTANGLE","11d":"ACID","12d":"CLOD","13d":"KENS","18d":"IRE","19d":"CLARA","24d":"ANI","26d":"WALSH","27d":"ASCAP","28d":"STARR","29d":"PUPAE","31d":"VYING","32d":"AUDRA","33d":"IDEAS","34d":"NERFS","36d":"ANITA","39d":"OBTRUDER","41d":"COLLECTS","44d":"CYGNI","46d":"AYE","49d":"USURER","50d":"STRAIT","53d":"FOE","54d":"ENDS","55d":"SOAP","56d":"ANTI","58d":"DYNE","60d":"AMMO","61d":"TEAM","62d":"ERNE","64d":"ADE","65d":"ROT"}}