{"numbers":[["1","2","3","4","-","5","6","7","8","9","-","10","11","12","13"],["14","","","","-","15","","","","","-","16","","",""],["17","","","","18","","","","","","19","","","",""],["20","","","","","","","","-","21","","","","",""],["-","-","-","22","","","","-","23","","","","-","-","-"],["24","25","26","","","","-","27","","","","-","28","29","30"],["31","","","","","-","32","","","","-","33","","",""],["34","","","","","35","","","","","36","","","",""],["37","","","","-","38","","","","-","39","","","",""],["40","","","-","41","","","","-","42","","","","",""],["-","-","-","43","","","","-","44","","","","-","-","-"],["45","46","47","","","","-","48","","","","","49","50","51"],["52","","","","","","53","","","","","","","",""],["54","","","","-","55","","","","","-","56","","",""],["57","","","","-","58","","","","","-","59","","",""]],"clues":{"1a":"College digs","5a":"Haggadah-reading time","10a":"Coarse hominy","14a":"Piedmont city","15a":"Cuisine type","16a":"The Magi, e.g.","17a":"Railbird's passion","20a":"Certain wind","21a":"Check","22a":"Opposite of \"yippee!\"","23a":"Buyer caveat","24a":"Bottoms","27a":"Darlings","28a":"Railroad abbr.","31a":"Old toy company","32a":"Trim","33a":"It's not a dime a dozen","34a":"Bettor's bible","37a":"Grocery buy","38a":"Sword of sport","39a":"Archaic \"prior\"","40a":"Political abbr.","41a":"Cutting reminder?","42a":"Didn't quite rain","43a":"Broadcasts","44a":"Baptism, e.g.","45a":"Corner piece?","48a":"Some legal documents","52a":"Across-the-board bet","54a":"Mont. neighbor","55a":"Mercantilism","56a":"Mrs. Chaplin","57a":"Curacao ingredient","58a":"Downy duck","59a":"Snoopy","1d":"Desert dessert","2d":"Agcy. founded in 1970","3d":"Hwys.","4d":"Results of some errors","5d":"Summer wear","6d":"Some House of Lords members","7d":"Word before free or calls","8d":"Ike's command, for short","9d":"Double-check the seat belts","10d":"Muddles","11d":"\"Judith\" composer","12d":"Cold-war fighters","13d":"Starting gate","18d":"Like some gates","19d":"A Kringle","23d":"Penthouse home?","24d":"Pheasant broods","25d":"Words to live by","26d":"Stoop","27d":"Race-track runner","28d":"Snob","29d":"Notre planete","30d":"1947 Horse of the Year","32d":"\"___ Got a Brand New Bag\"","33d":"Track hiatus time","35d":"Have fun","36d":"Like trotters, e.g.","41d":"Dust collector?","42d":"Actor Martin","43d":"Dismay","44d":"\"The Cloister and the Hearth\" author","45d":"Switch","46d":"Roofing item","47d":"Chip in","48d":"Interpret","49d":"\"Git!\"","50d":"Geologists' times","51d":"Waffle","53d":"Dernier ___"},"answers":{"1a":"DORM","5a":"SEDER","10a":"SAMP","14a":"ASTI","15a":"HAUTE","16a":"TRIO","17a":"THESPORTOFKINGS","20a":"EASTERLY","21a":"ARREST","22a":"RATS","23a":"ASIS","24a":"NADIRS","27a":"PETS","28a":"STA","31a":"IDEAL","32a":"PARE","33a":"ONER","34a":"DAILYRACINGFORM","37a":"EGGS","38a":"EPEE","39a":"AFORE","40a":"SEN","41a":"SCAR","42a":"MISTED","43a":"AIRS","44a":"RITE","45a":"STAPLE","48a":"RELEASES","52a":"WINPLACEANDSHOW","54a":"ALTA","55a":"TRADE","56a":"OONA","57a":"PEEL","58a":"EIDER","59a":"NOSY","1d":"DATE","2d":"OSHA","3d":"RTES","4d":"MISTRIALS","5d":"SHORTS","6d":"EARLS","7d":"DUTY","8d":"ETO","9d":"REFASTEN","10d":"STIRS","11d":"ARNE","12d":"MIGS","13d":"POST","18d":"PEARLY","19d":"KRIS","23d":"AERIE","24d":"NIDES","25d":"ADAGE","26d":"DEIGN","27d":"PACER","28d":"SNOOT","29d":"TERRE","30d":"ARMED","32d":"PAPAS","33d":"OFFSEASON","35d":"RECREATE","36d":"GAITED","41d":"SILL","42d":"MILNER","43d":"APPAL","44d":"READE","45d":"SWAP","46d":"TILE","47d":"ANTE","48d":"READ","49d":"SHOO","50d":"EONS","51d":"SWAY","53d":"CRI"}}