{"numbers":[["1","2","3","-","-","4","5","6","7","8","-","-","9","10","11"],["12","","","13","-","14","","","","","-","15","","",""],["16","","","","-","17","","","","","18","","","",""],["-","-","-","19","20","","","","","-","21","","","",""],["-","22","23","","","-","24","","","25","","","","",""],["26","","","","","27","-","-","-","28","","","-","-","-"],["29","","","","-","30","31","32","33","","","-","34","35","36"],["37","","","","-","38","","","","","-","39","","",""],["40","","","-","41","","","","","","-","42","","",""],["-","-","-","43","","","-","-","-","44","45","","","",""],["46","47","48","","","","49","50","51","-","52","","","","-"],["53","","","","","-","54","","","55","","","-","-","-"],["56","","","","","57","","","","","-","58","59","60","61"],["62","","","","-","63","","","","","-","64","","",""],["65","","","-","-","66","","","","","-","-","67","",""]],"clues":{"1a":"Swiss river","4a":"New Orleans's Vieux ___","9a":"Child's shot","12a":"Pique","14a":"Mix 'n' match collections","15a":"Fisher's boat","16a":"Rhapsodic","17a":"Opening of 4/11/91","19a":"\"My Cup Runneth Over\" singer","21a":"Church teachings","22a":"Pitch","24a":"Opening of 3/13/47","26a":"Dialect","28a":"Beatles' \"___ Mine\"","29a":"Responsibility","30a":"Pope of 1775","34a":"Kitchen item","37a":"Song from \"Mondo Cane\"","38a":"Beauty parlor service","39a":"Nutmeg spice","40a":"Kind of money","41a":"Soda fountain indulgence","42a":"Back up, in a way","43a":"Actor McKellen","44a":"Singer Don","46a":"Opening of 3/26/64","52a":"Be a breadwinner","53a":"Flu variety","54a":"Memorial Coliseum player","56a":"Opening of 4/23/63","58a":"Smack","62a":"Schiller drama subject","63a":"Composer Bruckner","64a":"Gab","65a":"Name suffixes","66a":"Not in the ___","67a":"\"Rosemary\" of film","1d":"Timber tree","2d":"Cuckoo","3d":"Oil drilling equipment","4d":"Robin Cook best seller","5d":"Out on ___","6d":"Stage stand","7d":"Martini's partner","8d":"Snake","9d":"In concealment","10d":"Advertising ploy","11d":"Theater critic Kenneth","13d":"1979 Midler film","15d":"Electron tube","18d":"\"Turandot\" librettist","20d":"Sixth-century date","22d":"Eastern capital","23d":"Often illegal auto maneuver","25d":"\"___ Hell Harry\"","26d":"Magnificence","27d":"Out of jail","31d":"\"...kerchief and ___ my cap\"","32d":"Berlin connector","33d":"Retirees' agcy.","34d":"Flutter","35d":"Vast expanse","36d":"\"Roberta\" composer","39d":"Bunkum","41d":"\"Just ___\"","43d":"Together","45d":"Medium grade","46d":"Crash diets","47d":"Poe family","48d":"Nobel physicist Bohr","49d":"Soames Forsyte wife","50d":"Certain Jamaican","51d":"Broadway cars","55d":"Parking mishap","57d":"Comics prince","59d":"\"___ Woman\" ('72 hit)","60d":"Astr. or biol.","61d":"Some popular music"},"answers":{"1a":"AAR","4a":"CARRE","9a":"DPT","12a":"SNIT","14a":"OLIOS","15a":"DORY","16a":"HIGH","17a":"MISSSAIGON","19a":"EDAMES","21a":"DOGMA","22a":"HURL","24a":"BRIGADOON","26a":"PATOIS","28a":"IME","29a":"ONUS","30a":"PIUSVI","34a":"WOK","37a":"MORE","38a":"RINSE","39a":"MACE","40a":"PIN","41a":"SUNDAE","42a":"AVER","43a":"IAN","44a":"MCLEAN","46a":"FUNNYGIRL","52a":"EARN","53a":"ASIAN","54a":"RAIDER","56a":"SHELOVESME","58a":"KISS","62a":"TELL","63a":"ANTON","64a":"YACK","65a":"SRS","66a":"LEAST","67a":"MIA","1d":"ASH","2d":"ANI","3d":"RIG","4d":"COMA","5d":"ALIMB","6d":"RISER","7d":"ROSSI","8d":"ESS","9d":"DOGGO","10d":"PROMO","11d":"TYNAN","13d":"THEROSE","15d":"DIODE","18d":"ADAMI","20d":"DLI","22d":"HANOI","23d":"UTURN","25d":"GIVEEM","26d":"POMP","27d":"SPRUNG","31d":"IIN","32d":"UND","33d":"SSA","34d":"WAVER","35d":"OCEAN","36d":"KERN","39d":"MALARKY","41d":"SAYNO","43d":"INALL","45d":"CEE","46d":"FASTS","47d":"USHER","48d":"NIELS","49d":"IRENE","50d":"RASTA","51d":"LIMOS","55d":"DENT","57d":"VAL","59d":"IAM","60d":"SCI","61d":"SKA"}}