{"numbers":[["1","2","3","4","-","-","5","6","7","8","-","9","10","11","12"],["13","","","","-","14","","","","","-","15","","",""],["16","","","","17","","","","","","18","","","",""],["19","","","-","20","","","","","-","21","","","",""],["-","-","-","22","","","-","-","-","23","","","-","-","-"],["24","25","26","","","","27","28","29","","","","30","31","32"],["33","","","","","-","34","","","","","-","35","",""],["36","","","","-","37","","","","","-","38","","",""],["39","","","-","40","","","","","-","41","","","",""],["42","","","43","","","","","","44","","","","",""],["-","-","-","45","","","-","-","-","46","","","-","-","-"],["47","48","49","","","-","50","51","52","","","-","53","54","55"],["56","","","","","57","","","","","","58","","",""],["59","","","","-","60","","","","","-","61","","",""],["62","","","","-","63","","","","-","-","64","","",""]],"clues":{"1a":"Beckoned","5a":"Arroyo","9a":"Edith Evans, e.g.","13a":"Travel writer Thollander","14a":"Arrangement containers","15a":"Enthralled","16a":"Start of a quip","19a":"\"___ was saying...\"","20a":"\"Women Who Run With the Wolves\" author","21a":"Appearance","22a":"Stipple","23a":"Rent out","24a":"Quip, part 2","33a":"Punts, e.g.","34a":"Out of place","35a":"\"Bleak House\" girl","36a":"Moons","37a":"TV adjusters","38a":"Court score","39a":"1959 Kingston Trio hit","40a":"___ nous","41a":"In reserve","42a":"Quip, part 3","45a":"Stable particle","46a":"Super Bowl QB Dawson","47a":"\"Kenilworth\" novelist","50a":"\"Luck and Pluck\" writer","53a":"As well","56a":"End of the quip","59a":"A Guthrie","60a":"Marshal","61a":"Other","62a":"Jim Morrison, e.g.","63a":"Nanny, perhaps","64a":"Home bodies?","1d":"Kind of star","2d":"Comments to a doctor","3d":"Half of sechs","4d":"High ways?","5d":"Bulb measure","6d":"Court V.I.P. Arthur","7d":"Tunisian rulers, once","8d":"Theory","9d":"Lennon's last home, with \"The\"","10d":"Exchange premium","11d":"One of Chaucer's travelers","12d":"Hash-house order","14d":"Horizon, maybe","17d":"Persian cries","18d":"Bright-eyed and bushy-tailed","22d":"Silent-spring causers","23d":"More than snips","24d":"Frightful force","25d":"It comes from the heart","26d":"Capital on the Bou Regreg river","27d":"Reach in total","28d":"Vast, in the past","29d":"Name on a pencil","30d":"Point of greatest despair","31d":"Order","32d":"Decreases","37d":"Puzzle","38d":"Betimes","40d":"Woman with a lyre","41d":"\"Siegfried,\" e.g.","43d":"Lusting after","44d":"Thomas Gray piece","47d":"A herring","48d":"Mackerel-like fish","49d":"Ibsen's home","50d":"Farming prefix","51d":"Turkish money","52d":"Backbiter?","53d":"Prefix with port or play","54d":"Drying oven","55d":"Hugo works","57d":"Piano tune","58d":"Up on"},"answers":{"1a":"BADE","5a":"WADI","9a":"DAME","13a":"EARL","14a":"VASES","15a":"AGOG","16a":"THESMITHYMAKING","19a":"ASI","20a":"ESTES","21a":"LOOKS","22a":"DOT","23a":"LET","24a":"HARDWAREFORANEW","33a":"BOATS","34a":"UNAPT","35a":"ADA","36a":"ORBS","37a":"KNOBS","38a":"ADIN","39a":"MTA","40a":"ENTRE","41a":"ONICE","42a":"BATHROOMREPORTS","45a":"OAT","46a":"LEN","47a":"SCOTT","50a":"ALGER","53a":"TOO","56a":"HESFORGINGAHEAD","59a":"ARLO","60a":"ARRAY","61a":"ELSE","62a":"DOOR","63a":"GOAT","64a":"PETS","1d":"BETA","2d":"AAHS","3d":"DREI","4d":"ELS","5d":"WATT","6d":"ASHE","7d":"DEYS","8d":"ISM","9d":"DAKOTA","10d":"AGIO","11d":"MONK","12d":"EGGS","14d":"VISTA","17d":"MEOWS","18d":"ALERT","22d":"DDTS","23d":"LOPS","24d":"HBOMB","25d":"AORTA","26d":"RABAT","27d":"RUNTO","28d":"ENORM","29d":"FABER","30d":"NADIR","31d":"EDICT","32d":"WANES","37d":"KNOT","38d":"ANON","40d":"ERATO","41d":"OPERA","43d":"HOTFOR","44d":"ELEGY","47d":"SHAD","48d":"CERO","49d":"OSLO","50d":"AGRO","51d":"LIRA","52d":"GNAT","53d":"TELE","54d":"OAST","55d":"ODES","57d":"RAG","58d":"HEP"}}