{"numbers":[["1","2","3","4","5","-","6","7","8","9","-","10","11","12","13"],["14","","","","","-","15","","","","-","16","","",""],["17","","","","","-","18","","","","-","19","","",""],["-","-","20","","","-","21","","","","-","22","","",""],["23","24","","","-","25","","","","","26","","","",""],["27","","","","-","28","","","","","","-","29","",""],["30","","","","31","","","-","32","","","33","-","-","-"],["34","","","","","-","-","-","-","-","35","","36","37","38"],["-","-","-","39","","40","41","-","42","43","","","","",""],["44","45","46","-","47","","","48","","","-","49","","",""],["50","","","51","","","","","","","-","52","","",""],["53","","","","-","54","","","","-","55","","","-","-"],["56","","","","-","57","","","","-","58","","","59","60"],["61","","","","-","62","","","","-","63","","","",""],["64","","","","-","65","","","","-","66","","","",""]],"clues":{"1a":"P's ___(this puzzle's theme)","6a":"___ happened","10a":"Ewes, e.g.","14a":"\"Whippersnapper\" of films","15a":"Asian princess","16a":"Have too little","17a":"Landing site","18a":"Poet's inspiration","19a":"Wingate of W.W. II","20a":"Clinch","21a":"Jimmy Carter's birthday: Abbr.","22a":"Incense","23a":"Scuttled","25a":"Second-row occupant","27a":"Warm-up","28a":"Slips","29a":"Compass point","30a":"\"Enough ___!\"","32a":"Arrange, as the hair","34a":"Nuzzled","35a":"Bird groups","39a":"Conical candy","42a":"Circus prop","44a":"Asian honorific","47a":"Dig out","49a":"Kind of doctor","50a":"Lampoon","52a":"Part of 25-Down","53a":"Stadium section","54a":"15th-century date","55a":"Obsolescent","56a":"Problem for a masseur","57a":"Word before pittance","58a":"Heater setting","61a":"Good source of starch","62a":"Start of a cockney toast","63a":"Bewilders","64a":"Letter opening?","65a":"Time out for music","66a":"Sport with traps","1d":"Roker and others","2d":"\"Unforgettable\" singer","3d":"Racks for washed dishes","4d":"Glance","5d":"Decidedly not marshy","6d":"Sandhurst arsenal","7d":"Sci-fi transport","8d":"As a proxy","9d":"Connect with","10d":"Come down in a hurry","11d":"___ nails","12d":"Grants, perhaps","13d":"\"A Sentimental Journey\" writer","23d":"Cross","24d":"Alice's chronicler","25d":"Letters of triumph","26d":"Finnish bath","31d":"\"See you\"","33d":"Runt","36d":"Make a substitution?","37d":"Mary's \"South Pacific\" co-star","38d":"Post","40d":"Weight Watchers member, maybe","41d":"Square-dealing","42d":"Like a #1 housekeeper","43d":"Address abbr.","44d":"Perfumes","45d":"Brat","46d":"They're bicoastal","48d":"Inner circles","51d":"Pursuit","55d":"Tout's topic","59d":"Jay follower?","60d":"N.Y.C. zone"},"answers":{"1a":"ANDQS","6a":"ASIT","10a":"SHES","14a":"LARUE","15a":"RANI","16a":"WANT","17a":"STAIR","18a":"MUSE","19a":"ORDE","20a":"ICE","21a":"OCTI","22a":"ODOR","23a":"SANK","25a":"QUEENSPAWN","27a":"PREP","28a":"ERRATA","29a":"SSE","30a":"ALREADY","32a":"DOUP","34a":"NOSED","35a":"NIDES","39a":"KISS","42a":"TRAPEZE","44a":"SRI","47a":"ELICIT","49a":"SPIN","50a":"PASQUINADE","52a":"QUOD","53a":"RSTU","54a":"MCDI","55a":"OUT","56a":"ACHE","57a":"MERE","58a":"DEICE","61a":"YAMS","62a":"ERES","63a":"DAZES","64a":"SLIT","65a":"REST","66a":"SKEET","1d":"ALS","2d":"NAT","3d":"DRAINERS","4d":"QUICKPEEK","5d":"SERE","6d":"ARMOURY","7d":"SAUCER","8d":"INSTEAD","9d":"TIEINTO","10d":"SWOOP","11d":"HARDAS","12d":"ENDOWS","13d":"STERNE","23d":"SPAN","24d":"ARLO","25d":"QED","26d":"SAUNA","31d":"ADIEU","33d":"PIPSQUEAK","36d":"DEPUTIZE","37d":"EZIO","38d":"SEND","40d":"SLIMMER","41d":"SINCERE","42d":"TIDIEST","43d":"RTE","44d":"SPRAYS","45d":"RASCAL","46d":"ISTHMI","48d":"CADRES","51d":"QUEST","55d":"ODDS","59d":"CEE","60d":"EST"}}