{"numbers":[["1","2","3","4","5","6","7","8","9","-","-","10","11","12","13"],["14","","","","","","","","","-","15","","","",""],["16","","","","","","","","","-","17","","","",""],["18","","","","","","","","-","19","","","","",""],["-","-","-","-","20","","","-","21","","","","","",""],["22","23","24","25","","","-","26","","","","","-","-","-"],["27","","","","","-","28","","","","","","29","30","31"],["32","","","","-","33","","","","","-","34","","",""],["35","","","","36","","","","","-","37","","","",""],["-","-","-","38","","","","","-","39","","","","",""],["40","41","42","","","","","-","43","","","-","-","-","-"],["44","","","","","","-","45","","","","46","47","48","49"],["50","","","","","-","51","","","","","","","",""],["52","","","","","-","53","","","","","","","",""],["54","","","","-","-","55","","","","","","","",""]],"clues":{"1a":"\"Hide in Plain Sight\" star","10a":"Drumbeat","14a":"Briefly","15a":"Yammer","16a":"\"My ___\" (1972 hit)","17a":"Preminger classic","18a":"Never ever","19a":"Submit","20a":"It clinks in drinks","21a":"Pretends not to see","22a":"Trump Castle, for one","26a":"Whitman bloomer","27a":"Behind, in a way","28a":"A number 1","32a":"Way to go","33a":"Hardly laid-back","34a":"Horse play?","35a":"Startling revelation","37a":"Pebble Beach contest","38a":"1967 Uris novel","39a":"Junior rocker","40a":"Blitzes with a blizzard","43a":"___ kwon do","44a":"Nicholson film \"Drive, ___\"","45a":"Bent","50a":"Wax Websterian","51a":"Browne of \"Black Like Me\"","52a":"Moves cautiously","53a":"Irish Sea spot","54a":"Henna handler","55a":"Lombardi lecture","1d":"Novelty hit of 1919","2d":"Working hard","3d":"\"The Magic Mountain\" author","4d":"Breakfast brand","5d":"Scheduling","6d":"Like Eugene Field's cat","7d":"Lively, in Lyon","8d":"Teen trauma","9d":"Battery term.","10d":"\"Pocketful of Miracles\" director","11d":"Eulogizes","12d":"Places in the heart","13d":"\"I ___ what I said\"","15d":"Two-dimensional","19d":"Imagist poet Doolittle","21d":"Squeegee","22d":"Rise to the occasion","23d":"On the road","24d":"Planned setting","25d":"Steaming","26d":"\"If I Had a Hammer\" singer","28d":"\"Oh! Calcutta!\" cowriter","29d":"Couples club","30d":"Upwardly mobile Israeli group?","31d":"Multiday building project?","33d":"Lukewarm","36d":"Nosegays","37d":"Make beforehand, as rice","39d":"Scrub","40d":"Like some horses","41d":"Square","42d":"Orange or Indian","43d":"Radio pioneer","45d":"Swanky","46d":"Avoirdupois","47d":"Michigan college town","48d":"1963 Best Actress","49d":"Six-mile-plus run","51d":"Ocasek of the Cars"},"answers":{"1a":"JAMESCAAN","10a":"FLAM","14a":"ATAGLANCE","15a":"PRATE","16a":"DINGALING","17a":"LAURA","18a":"ATNOTIME","19a":"HANDIN","20a":"ICE","21a":"WINKSAT","22a":"CASINO","26a":"LILAC","27a":"OWING","28a":"TOPDRAWER","32a":"PATH","33a":"TYPEA","34a":"POLO","35a":"EYEOPENER","37a":"PROAM","38a":"TOPAZ","39a":"CRADLE","40a":"SNOWSIN","43a":"TAE","44a":"HESAID","45a":"PENCHANT","50a":"ORATE","51a":"ROSCOELEE","52a":"EDGES","53a":"ISLEOFMAN","54a":"DYER","55a":"CHALKTALK","1d":"JADA","2d":"ATIT","3d":"MANN","4d":"EGGO","5d":"SLATING","6d":"CALICO","7d":"ANIME","8d":"ACNE","9d":"NEG","10d":"FRANKCAPRA","11d":"LAUDS","12d":"ATRIA","13d":"MEANT","15d":"PLANAR","19d":"HILDA","21d":"WIPER","22d":"COPE","23d":"AWAY","24d":"SITE","25d":"INHOTWATER","26d":"LOPEZ","28d":"TYNAN","29d":"WOOD","30d":"ELAL","31d":"ROME","33d":"TEPID","36d":"POSIES","37d":"PRECOOK","39d":"CANCEL","40d":"SHOED","41d":"NERDY","42d":"OSAGE","43d":"TESLA","45d":"POSH","46d":"HEFT","47d":"ALMA","48d":"NEAL","49d":"TENK","51d":"RIC"}}