{"numbers":[["1","2","3","4","5","-","6","7","8","9","-","-","10","11","12"],["13","","","","","-","14","","","","-","15","","",""],["16","","","","","17","","","","","-","18","","",""],["19","","","","-","20","","","","","-","21","","",""],["-","-","-","-","22","","","-","-","23","24","","","",""],["25","26","27","28","","-","29","30","31","","","-","-","-","-"],["32","","","","","33","-","34","","","","35","36","37","-"],["38","","","","","","39","","","","","","","","40"],["-","41","","","","","","","-","42","","","","",""],["-","-","-","-","43","","","","44","-","45","","","",""],["46","47","48","49","","","-","-","50","51","","-","-","-","-"],["52","","","","-","53","54","55","","","-","56","57","58","59"],["60","","","","-","61","","","","","62","","","",""],["63","","","","-","64","","","","-","65","","","",""],["66","","","-","-","67","","","","-","68","","","",""]],"clues":{"1a":"Gore's \"___ in the Balance\"","6a":"One who's \"agin\" it","10a":"Train unit","13a":"\"___Without Windows\" ('64 song)","14a":"Supermarket meat label","15a":"Territory","16a":"Major Bowes updated?","18a":"Fat","19a":"Home on the range","20a":"Kind of signal","21a":"Part of SEATO","22a":"Mail HQ","23a":"Breakfast order","25a":"Lift up","29a":"Woodworker's choice","32a":"Belgian airline","34a":"Bests","38a":"Hemingway opus","41a":"Dub again","42a":"Took ten","43a":"Ingenious","45a":"Shows remorse","46a":"Up","50a":"Marinaro and others","52a":"Slough","53a":"Reckon","56a":"Bosom companions","60a":"\"Remember the neediest,\" e.g.","61a":"Olympia Dukakis film","63a":"Fast time","64a":"Capri, for one","65a":"Misrepresent","66a":"Pupil's place","67a":"African lake","68a":"Volvo worker","1d":"Bridge seat","2d":"Comic Johnson","3d":"Imitation morocco","4d":"Civil wrong","5d":"___ Pinafore","6d":"Cottonwoods","7d":"Grammy-winning pianist","8d":"Yacht heading","9d":"Person of will","10d":"1929 event","11d":"High nest","12d":"\"M*A*S*H\" character","15d":"\"Too bad!\"","17d":"Parapsychology study","22d":"Authentic","24d":"Singing sisters","25d":"D.C. zone","26d":"Comic Bert","27d":"Have___ in one's bonnet","28d":"Probe","30d":"Flat sign?","31d":"Vienna is its cap.","33d":"In opposition to one another","35d":"River to the Seine","36d":"Town near Padua","37d":"Osmose","39d":"Melmackian of TV","40d":"60's org.","44d":"Craved","46d":"With room to spare","47d":"\"Little Orphan Annie\" poet","48d":"Goodnight girl","49d":"Pants part","51d":"___ Plaines","54d":"Deluxe","55d":"Southeast Kansas town","56d":"Witch's___","57d":"Golden, e.g.","58d":"Tart","59d":"___-Ball (arcade game)","62d":"Kitchen meas."},"answers":{"1a":"EARTH","6a":"ANTI","10a":"CAR","13a":"AROOM","14a":"LEAN","15a":"AREA","16a":"STARSEARCH","18a":"LARD","19a":"TENT","20a":"SMOKE","21a":"ASIA","22a":"GPO","23a":"RASHER","25a":"ELATE","29a":"STAIN","32a":"SABENA","34a":"OUTDOES","38a":"THESUNALSORISES","41a":"RETITLE","42a":"RESTED","43a":"NIFTY","45a":"WEEPS","46a":"ARISEN","50a":"EDS","52a":"MIRE","53a":"OPINE","56a":"BRAS","60a":"PLEA","61a":"MOONSTRUCK","63a":"LENT","64a":"ISLE","65a":"BELIE","66a":"EYE","67a":"CHAD","68a":"SWEDE","1d":"EAST","2d":"ARTE","3d":"ROAN","4d":"TORT","5d":"HMS","6d":"ALAMOS","7d":"NERO","8d":"TACK","9d":"INHERITOR","10d":"CRASH","11d":"AERIE","12d":"RADAR","15d":"ALAS","17d":"ESP","22d":"GENUINE","24d":"ANDREWS","25d":"EST","26d":"LAHR","27d":"ABEE","28d":"TEST","30d":"TOLET","31d":"AUS","33d":"ANTINOMIC","35d":"OISE","36d":"ESTE","37d":"SEEP","39d":"ALF","40d":"SDS","44d":"YENNED","46d":"AMPLE","47d":"RILEY","48d":"IRENE","49d":"SEAT","51d":"DES","54d":"POSH","55d":"IOLA","56d":"BREW","57d":"RULE","58d":"ACID","59d":"SKEE","62d":"TBS"}}