{"numbers":[["-","-","1","2","3","4","5","6","7","-","8","9","10","11","12","13","14","-","15","16","17","18","19"],["-","20","","","","","","","","-","21","","","","","","","-","22","","","",""],["23","","","","","","","","","24","","","","","","","","-","25","","","",""],["26","","","","","-","27","","","","-","28","","","","","-","29","","","","",""],["30","","","","-","31","","","","","32","-","33","","","-","34","","","-","35","",""],["-","-","-","-","36","","","","","-","37","38","","-","-","39","","","-","40","","",""],["41","42","43","44","","","","-","-","45","","","","46","47","","","","48","","","",""],["49","","","","","","-","50","51","","","","-","52","","","","","","","-","-","-"],["53","","","","","-","54","","","","-","-","55","","","","","-","56","","57","58","59"],["60","","","","","61","","","","","62","-","63","","","","-","64","","","","",""],["-","-","-","-","-","65","","","","-","66","67","","","-","-","-","68","","","","",""],["69","70","71","72","73","","-","74","","75","","","","","76","77","-","78","","","","",""],["79","","","","","","-","-","-","80","","","","-","81","","82","","-","-","-","-","-"],["83","","","","","","-","84","85","","","-","86","87","","","","","88","89","90","91","92"],["93","","","","","-","94","","","","","-","-","95","","","","-","96","","","",""],["-","-","-","97","","98","","","","","-","99","100","","","","-","101","","","","",""],["102","103","104","","","","","","","","105","","","","-","-","106","","","","","",""],["107","","","","-","108","","","-","-","109","","","-","110","111","","","","-","-","-","-"],["112","","","-","113","","","-","114","115","","-","116","117","","","","","-","118","119","120","121"],["122","","","123","","","-","124","","","","125","-","126","","","","-","127","","","",""],["128","","","","","-","129","","","","","","130","","","","","131","","","","",""],["132","","","","","-","133","","","","","","","-","134","","","","","","","","-"],["135","","","","","-","136","","","","","","","-","137","","","","","","","-","-"]],"clues":{"1a":"Mozart's alleged poisoner","8a":"In jeopardy","15a":"Itsy-bitsy bits","20a":"Part-time reporter","21a":"Stimulate","22a":"Text for public reading","23a":"Election pledges?","25a":"\"Mefistofele\" composer","26a":"Noted Washington couple","27a":"Oilstone","28a":"1982 World Cup site","29a":"Place for props?","30a":"Talked into","31a":"Lapwings","33a":"Joseph Smith's grp.","34a":"Tittle","35a":"Comeback victor of 1974","36a":"Daffy Duck's voice","37a":"Reason for sudden death","39a":"\"Le Coq ___\"","40a":"The Wild Man of Africa","41a":"Termite's medium","45a":"Election victory celebration?","49a":"Last place?","50a":"Rockefeller and others","52a":"Not playing around","53a":"End of ___","54a":"Former French Sudan","55a":"Subject of the movie \"Sweet Dreams\"","56a":"Mussolini's son-in-law","60a":"Political therapists?","63a":"Hubble component","64a":"Winston Cup sponsor","65a":"Gold source","66a":"Lawyer Dershowitz","68a":"Highest degrees","69a":"With 74 Across, devious skill in politics?","74a":"See 69 Across","78a":"Ford's press secretary","79a":"Lane-Lerner's \"On ___ Day\"","80a":"Words from Caesar","81a":"Informality","83a":"Bear hugs","84a":"Louise or Victoria","86a":"House whips?","93a":"Pan-fry","94a":"Warlord in the news","95a":"___ off (beside oneself)","96a":"Actor Delon","97a":"Triathlon athletes","99a":"English composer","101a":"Excite","102a":"Prosperous political outing?","106a":"Gut response","107a":"\"Give it ___!\"","108a":"Social hanger-on","109a":"Arctic explorer","110a":"Largo, e.g.","112a":"Gulager of \"The Virginian\"","113a":"Comment from the byre","114a":"Society event","116a":"Post-office pane","118a":"Meanders","122a":"Add, as a rider","124a":"Set on fire","126a":"___ de capo","127a":"\"The Frog and the Ox\" writer","128a":"Jaleel White TV role","129a":"Bowing to a Presidential veto?","132a":"Contract negotiator","133a":"Leader of France?","134a":"Diving gear","135a":"Resulted in","136a":"Mrs. Bob Hope","137a":"Yea votes","1d":"Filibuster","2d":"Type of conflict","3d":"Ruby items","4d":"___ sense","5d":"Highbrow","6d":"Celebrity","7d":"Pacific","8d":"Air traffic controllers' sys.","9d":"Relative of Wm. or Robt.","10d":"\"Home Sweet Home\" site","11d":"Three-note chord","12d":"Point in orbit","13d":"Poignant","14d":"Annapolis grad.","15d":"Up","16d":"\"Tummy Trouble\" character","17d":"Paperwork?","18d":"Mary of \"Equal Time\"","19d":"Bracing","20d":"\"Off you go!\"","23d":"I.R.A. investments","24d":"Dearie","29d":"Mob","31d":"Graph","32d":"Maneuver","34d":"\"Go and Catch a Falling Star\" poet","36d":"Maverick Idaho Senator","38d":"Evaders' enemy","39d":"Sews up","40d":"See 48 Down","41d":"Dead heat","42d":"Hebrew name meaning \"joy\"","43d":"W.W. I battle site","44d":"Promise","45d":"Eshkol's successor","46d":"Soviet dissident Bonner","47d":"Get ahead","48d":"Houdini et al., with 40 Down","50d":"Well-founded","51d":"Nicholas Gage book","54d":"Clarke of \"The Public Enemy\"","55d":"Button one's lip","57d":"Handel's \"___ and Galatea\"","58d":"Big shot","59d":"Algerian port","61d":"Middle of a famous trio","62d":"Saved with \"away\"","64d":"\"___ taxes\"","67d":"Stock holding","69d":"Pouches","70d":"John Wooden's school","71d":"Blue in Berlin","72d":"Appear before a House committee","73d":"Dukas ballet","75d":"___ duck","76d":"Harvest goddess","77d":"Director of \"Breaking Away\"","82d":"A Chaplin","84d":"Brink","85d":"___ of thieves","87d":"\"Take ___ from me\"","88d":"Oprah's production company","89d":"Jesus, for one","90d":"Net lining in a woman's hat","91d":"Philematologist's study","92d":"Old knife","94d":"Ellerbee's \"___ It Goes\"","98d":"Salad bulb","99d":"Car-front cover","100d":"\"Fairy tales\"","101d":"Music enhancers","102d":"Sure-enough","103d":"Loose","104d":"Hauled","105d":"John Deere product","106d":"Repercussions","110d":"Pacific battle site of 1943","111d":"Herzog and Zola","113d":"___ allegro (very quickly)","114d":"Pitched","115d":"One of nine","117d":"Randy's skating partner","118d":"Understand","119d":"Small helpers","120d":"John and Jane","121d":"Rudolf Abel, e.g.","123d":"Artist Rockwell","124d":"\"A ___'clock scholar\"","125d":"Patch site","127d":"Give ___ for one's money","129d":"Triste","130d":"Latin thing","131d":"Deal with"},"answers":{"1a":"SALIERI","8a":"ATSTAKE","15a":"ATOMS","20a":"STRINGER","21a":"SHARPEN","22a":"TORAH","23a":"CHAMPAGNEPROMISES","25a":"BOITO","26a":"DOLES","27a":"HONE","28a":"SPAIN","29a":"HANGAR","30a":"SOLD","31a":"PEWITS","33a":"LDS","34a":"DOT","35a":"ALI","36a":"BLANC","37a":"TIE","39a":"DOR","40a":"AMIN","41a":"DRYWOOD","45a":"MERRYGANDERING","49a":"RESORT","50a":"VEEPS","52a":"EARNEST","53a":"ANERA","54a":"MALI","55a":"CLINE","56a":"CIANO","60a":"WARDHEALERS","63a":"LENS","64a":"NASCAR","65a":"VEIN","66a":"ALAN","68a":"OPTIMA","69a":"SUBTLE","74a":"DIPLOMACY","78a":"NESSEN","79a":"ACLEAR","80a":"ETTU","81a":"EASE","83a":"CLASPS","84a":"LAKE","86a":"PARTYWHACKS","93a":"SAUTE","94a":"AIDID","95a":"TEED","96a":"ALAIN","97a":"IRONMEN","99a":"BLISS","101a":"AROUSE","102a":"FATFINDINGTRIP","106a":"IMPULSE","107a":"ATRY","108a":"IST","109a":"RAE","110a":"TEMPO","112a":"CLU","113a":"MOO","114a":"TEA","116a":"STAMPS","118a":"GADS","122a":"TACKON","124a":"TORCH","126a":"ARIA","127a":"AESOP","128a":"URKEL","129a":"SENATORIALCURTSEY","132a":"AGENT","133a":"ANATOLE","134a":"WETSUITS","135a":"LEDTO","136a":"DOLORES","137a":"ASSENTS","1d":"STALL","2d":"ARMED","3d":"LIPS","4d":"INA","5d":"EGGHEAD","6d":"RENOWN","7d":"IRENIC","8d":"ASR","9d":"THOS","10d":"SAMPLER","11d":"TRIAD","12d":"APSIS","13d":"KEEN","14d":"ENS","15d":"ATBAT","16d":"TOON","17d":"ORIGAMI","18d":"MATALIN","19d":"SHORING","20d":"SHOO","23d":"CDS","24d":"PET","29d":"HORDE","31d":"PLOT","32d":"STEP","34d":"DONNE","36d":"BORAH","38d":"IRS","39d":"DARNS","40d":"ARTISTS","41d":"DRAW","42d":"RENA","43d":"YSER","44d":"WORD","45d":"MEIR","46d":"YELENA","47d":"GAIN","48d":"ESCAPE","50d":"VALID","51d":"ELENI","54d":"MAE","55d":"CLAMUP","57d":"ACIS","58d":"NAME","59d":"ORAN","61d":"EVERS","62d":"SALTED","64d":"NONEW","67d":"LOT","69d":"SACS","70d":"UCLA","71d":"BLAU","72d":"TESTIFY","73d":"LAPERI","75d":"PEKING","76d":"CERES","77d":"YATES","82d":"SYD","84d":"LIMIT","85d":"ADEN","87d":"ATIP","88d":"HARPO","89d":"ALOU","90d":"CAUL","91d":"KISS","92d":"SNEE","94d":"ANDSO","98d":"ONION","99d":"BRA","100d":"LIES","101d":"AMPS","102d":"FACTUAL","103d":"ATLARGE","104d":"TRUCKED","105d":"TRACTOR","106d":"IMPACTS","110d":"TARAWA","111d":"EMILES","113d":"MOLTO","114d":"TONAL","115d":"ERATO","117d":"TAI","118d":"GETIT","119d":"ASSTS","120d":"DOES","121d":"SPY","123d":"KENT","124d":"TENO","125d":"HOLE","127d":"ARUN","129d":"SAD","130d":"RES","131d":"USE"}}