{"numbers":[["1","2","3","4","-","5","6","7","8","-","9","10","11","12","13"],["14","","","","-","15","","","","-","16","","","",""],["17","","","","-","18","","","","-","19","","","",""],["20","","","","21","","","","","22","","","","-","-"],["23","","","","","-","-","-","24","","","-","25","26","27"],["28","","","-","29","30","31","32","","","-","33","","",""],["-","-","-","34","","","","","-","35","36","","","",""],["-","-","37","","","","","","38","","","","","-","-"],["39","40","","","","","-","41","","","","","-","-","-"],["42","","","","-","43","44","","","","","-","45","46","47"],["48","","","-","49","","","-","-","-","50","51","","",""],["-","-","52","53","","","","54","55","56","","","","",""],["57","58","","","","-","59","","","","-","60","","",""],["61","","","","","-","62","","","","-","63","","",""],["64","","","","","-","65","","","","-","66","","",""]],"clues":{"1a":"Wrongs","5a":"Stockyard group","9a":"Sail supports","14a":"Govt. agents","15a":"War of 1812 battle site","16a":"Member of a crowd scene","17a":"Give stars to","18a":"Basketball's Chamberlain","19a":"1993 Formula One winner Prost","20a":"Old \"House Party\" host","23a":"Knocks down","24a":"Reserved","25a":"1975 Stephanie Mills musical, with \"The\"","28a":"Hot time in Paris","29a":"Take turns","33a":"Kind of package","34a":"More albinolike","35a":"Phobic","37a":"P.G.A.'s 1992 leading money winner","39a":"Rickey Henderson stat","41a":"Hunter of myth","42a":"Well ventilated","43a":"Least exciting","45a":"Rotary disk","48a":"Sign of summer","49a":"Mathematician's letters","50a":"Throw","52a":"N.F.L. receiver for 18 seasons","57a":"Booby","59a":"Not in use","60a":"Grips or Bloods","61a":"Uris's \"___ Pass\"","62a":"Baylor mascot","63a":"Skirt","64a":"Check writer","65a":"Slumped","66a":"Actress Charlotte et al.","1d":"Attack by plane","2d":"Turkish hostelry","3d":"Stinging plant","4d":"Fish-line attachment","5d":"Axed","6d":"Dancer Bruhn","7d":"Small brook","8d":"Loathe","9d":"Substantial","10d":"Wheel shaft","11d":"Noted film trilogy","12d":"Angle starter","13d":"___ Jose","21d":"Hebrew for \"contender with God\"","22d":"Eponymous poet of Greek drama","26d":"Temper","27d":"British alphabet ender","30d":"Elderly one","31d":"Gumshoe","32d":"\"___ With a View\"","33d":"Columnist Herb","34d":"Supplicate","36d":"Thread of life spinner, in myth","37d":"Savageness","38d":"Late actress Mary","39d":"NaCl, to a pharmacist","40d":"Truss","44d":"Deviates from the script","45d":"Party to Nafta","46d":"Exact retribution","47d":"Enters a freeway","49d":"Persian Gulf land","51d":"Trevanian's \"The ___ Sanction\"","53d":"Green target","54d":"Madison Avenue product","55d":"Ardor","56d":"Boor","57d":"Cutup","58d":"Noche's opposite"},"answers":{"1a":"SINS","5a":"HERD","9a":"MASTS","14a":"TMEN","15a":"ERIE","16a":"EXTRA","17a":"RATE","18a":"WILT","19a":"ALAIN","20a":"ARTLINKLETTER","23a":"FELLS","24a":"SHY","25a":"WIZ","28a":"ETE","29a":"ROTATE","33a":"CARE","34a":"PALER","35a":"SCARED","37a":"FREDCOUPLES","39a":"STEALS","41a":"ORION","42a":"AIRY","43a":"TAMEST","45a":"CAM","48a":"LEO","49a":"QED","50a":"HEAVE","52a":"CHARLIEJOINER","57a":"IDIOT","59a":"IDLE","60a":"GANG","61a":"MITLA","62a":"BEAR","63a":"EDGE","64a":"PAYER","65a":"SANK","66a":"RAES","1d":"STRAFE","2d":"IMARET","3d":"NETTLE","4d":"SNELL","5d":"HEWN","6d":"ERIK","7d":"RILL","8d":"DETEST","9d":"MEATY","10d":"AXLE","11d":"STARWARS","12d":"TRI","13d":"SAN","21d":"ISRAEL","22d":"THESPIS","26d":"IRE","27d":"ZED","30d":"OLDSTER","31d":"TEC","32d":"AROOM","33d":"CAEN","34d":"PRAY","36d":"CLOTHO","37d":"FEROCITY","38d":"URE","39d":"SAL","40d":"TIE","44d":"ADLIBS","45d":"CANADA","46d":"AVENGE","47d":"MERGES","49d":"QATAR","51d":"EIGER","53d":"HOLE","54d":"IDEA","55d":"ELAN","56d":"JERK","57d":"IMP","58d":"DIA"}}