{"numbers":[["1","2","3","4","5","-","6","7","8","9","-","10","11","12","13"],["14","","","","","-","15","","","","-","16","","",""],["17","","","","","18","","","","","19","","","",""],["20","","","","-","21","","","","-","22","","","",""],["-","-","-","23","24","","-","-","-","25","","","-","-","-"],["26","27","28","","","","29","30","31","","","","32","33","34"],["35","","","","","-","36","","","","","-","37","",""],["38","","","","-","39","","","","","-","40","","",""],["41","","","-","42","","","","","-","43","","","",""],["44","","","45","","","","","","46","","","","",""],["-","-","-","47","","","-","-","-","48","","","-","-","-"],["49","50","51","","","-","52","53","54","","-","55","56","57","58"],["59","","","","","60","","","","","61","","","",""],["62","","","","-","63","","","","-","64","","","",""],["65","","","","-","66","","","","-","67","","","",""]],"clues":{"1a":"Rumble","6a":"Not fancy?","10a":"Difficult obligation","14a":"\"___of do or die\"","15a":"Bing Crosby best seller","16a":"Guthrie the younger","17a":"Hearty entree","20a":"Kibbutzniks' dance","21a":"Reverse","22a":"Must","23a":"Place to crash","25a":"Kipling novel","26a":"Tasty side dish","35a":"Mortgage matter","36a":"Words before \"in the arm\" or \"in the dark\"","37a":"Detective's cry","38a":"Them in \"Them!\"","39a":"Common key signature","40a":"Composer___ Carlo Menotti","41a":"Cpl., for one","42a":"Feed a fete","43a":"Stood for","44a":"Yummy dessert","47a":"Cherbourg chum","48a":"Latin I?","49a":"Lamb Chop's \"spokesperson\"","52a":"Oceania republic","55a":"Windmill segment","59a":"Eventual bonus?","62a":"Cream-filled sandwich","63a":"Debouchment","64a":"Internet patrons","65a":"Blubber","66a":"Yeltsin veto","67a":"Koch's predecessor","1d":"Calculator work","2d":"Radar blip","3d":"Thieves' hideout","4d":"They're loose","5d":"\"Yikes!\"","6d":"\"The Afternoon of a ___\"","7d":"In the thick of","8d":"First name in perfumery","9d":"Venture","10d":"Japanese mats","11d":"Olympic hawk","12d":"Bed-frame crosspiece","13d":"\"Mikado\" executioner","18d":"Sport whose name means \"soft way\"","19d":"Polo, e.g.","24d":"Circulars","25d":"Carpenter's woe","26d":"French bread?","27d":"High-priced spread?","28d":"\".... and eat ___\"","29d":"Subj. of a Clinton victory, 11/17/93","30d":"Key","31d":"Midway alternative","32d":"River nymph","33d":"The Gold Coast, today","34d":"\"A votre___!\"","39d":"Java neighbor","40d":"Columbus, by birth","42d":"\"Nancy\" or \"Cathy\"","43d":"Puss","45d":"Server on skates","46d":"DOS + cuatro","49d":"Take third","50d":"Take on","51d":"\"___on Film\" (1983 book set)","52d":"Conniving","53d":"Coach Nastase","54d":"Rock's Joan","56d":"Sphere","57d":"\"Cheers\" habitue","58d":"Alternatively","60d":"Lady lobster","61d":"Ungainly craft"},"answers":{"1a":"MELEE","6a":"FACT","10a":"TASK","14a":"ACASE","15a":"AMOR","16a":"ARLO","17a":"THICKJUICYSTEAK","20a":"HORA","21a":"UNDO","22a":"HASTO","23a":"PAD","25a":"KIM","26a":"FRIEDONIONRINGS","35a":"RATES","36a":"ASHOT","37a":"AHA","38a":"ANTS","39a":"BFLAT","40a":"GIAN","41a":"NCO","42a":"CATER","43a":"MEANT","44a":"CHOCOLATESUNDAE","47a":"AMI","48a":"EGO","49a":"SHARI","52a":"FIJI","55a":"VANE","59a":"HIGHCHOLESTEROL","62a":"OREO","63a":"EXIT","64a":"USERS","65a":"WEEP","66a":"NYET","67a":"BEAME","1d":"MATH","2d":"ECHO","3d":"LAIR","4d":"ESCAPEES","5d":"EEK","6d":"FAUN","7d":"AMID","8d":"COCO","9d":"TRY","10d":"TATAMI","11d":"ARES","12d":"SLAT","13d":"KOKO","18d":"JUDO","19d":"SHIRT","24d":"ADS","25d":"KNOT","26d":"FRANC","27d":"RANCH","28d":"ITTOO","29d":"NAFTA","30d":"ISLET","31d":"OHARE","32d":"NAIAD","33d":"GHANA","34d":"SANTE","39d":"BALI","40d":"GENOVESE","42d":"COMIC","43d":"MUG","45d":"CARHOP","46d":"SEIS","49d":"SHOW","50d":"HIRE","51d":"AGEE","52d":"FOXY","53d":"ILIE","54d":"JETT","56d":"AREA","57d":"NORM","58d":"ELSE","60d":"HEN","61d":"TUB"}}