{"numbers":[["1","2","3","4","-","5","6","7","8","9","-","10","11","12","13"],["14","","","","-","15","","","","","-","16","","",""],["17","","","","18","","","","","","-","19","","",""],["-","-","-","20","","","","-","-","-","21","","","",""],["22","23","24","-","25","","","26","-","27","","","","",""],["28","","","29","","","-","30","31","","","","","-","-"],["32","","","","","-","33","","","","","-","34","35","36"],["37","","","","-","38","","","","","-","39","","",""],["40","","","-","41","","","","","-","42","","","",""],["-","-","43","44","","","","","-","45","","","","",""],["46","47","","","","","-","48","49","","","-","50","",""],["51","","","","","-","-","-","52","","","53","-","-","-"],["54","","","","-","55","56","57","","","","","58","59","60"],["61","","","","-","62","","","","","-","63","","",""],["64","","","","-","65","","","","","-","66","","",""]],"clues":{"1a":"Noodlehead","5a":"Dagger handles","10a":"Silver-tongued","14a":"Eminently draftable","15a":"He has \"99 beautiful names\"","16a":"San___, Italy","17a":"\"Murder in the Cathedral\" setting","19a":"Faux pas follower","20a":"Auto part","21a":"Abe's \"The Woman in the ___\"","22a":"Bohea, e.g.","25a":"Caddies carry them","27a":"In fairness","28a":"Boulevard","30a":"Genteel","32a":"Aquarium fish","33a":"Humble toiler","34a":"Pick","37a":"Training-room complaint","38a":"Robbery","39a":"National Enquirer rival","40a":"66,e.g.: Abbr.","41a":"Like \"Hee Haw\" humor","42a":"Italian Renaissance poet","43a":"Two-time A.L. M.V.P.","45a":"Lecture","46a":"Reserve supply","48a":"Promise word","50a":"Beat one's gums","51a":"Brook","52a":"Writer Angelou","54a":"Eaglelike, perhaps","55a":"Perambulates","61a":"Plains Indian","62a":"Regarding","63a":"Xenia's home","64a":"First-rate","65a":"Violet relative","66a":"Arctic native","1d":"Baseball's Gooden","2d":"___roll","3d":"Actor Cariou","4d":"\"So long\"","5d":"Yamaha rival","6d":"Noted absurdist","7d":"Kind of shot","8d":"Tobacco figure","9d":"Like a wallflower","10d":"Ptarmigan","11d":"Assassin's victim, 8/20/40","12d":"Spur","13d":"Imperious","18d":"Lagniappe","21d":"Con","22d":"Golden Horde member","23d":"Upright","24d":"Miss Marple film \"Murder ___\"","26d":"Upholstery concern","27d":"Stun","29d":"Up to","31d":"Cheerful","33d":"Persian sprite","35d":"Fettuccelle, e.g.","36d":"Scout group","38d":"___de combat","39d":"\"They called her frivolous ___\"","41d":"Tobacco wad","42d":"Singer Tucker","44d":"Deteriorates","45d":"Nice and warm","46d":"Work shoe","47d":"\"Symposium\" man","49d":"Sibyl subjects","53d":"Baseless?","55d":"Kind of dance","56d":"Cultural collection","57d":"Writer Auletta","58d":"\"Great idea!\"","59d":"Sass","60d":"Keystone fellow"},"answers":{"1a":"DOLT","5a":"HAFTS","10a":"GLIB","14a":"ONEA","15a":"ALLAH","16a":"REMO","17a":"CANTERBURY","19a":"OOPS","20a":"AXLE","21a":"DUNES","22a":"TEA","25a":"TEES","27a":"JUSTLY","28a":"ARTERY","30a":"PROPER","32a":"TETRA","33a":"PROLE","34a":"OPT","37a":"ACHE","38a":"HEIST","39a":"STAR","40a":"RTE","41a":"CORNY","42a":"TASSO","43a":"GEHRIG","45a":"TALKTO","46a":"SPARES","48a":"SOON","50a":"YAP","51a":"ALLOW","52a":"MAYA","54a":"BALD","55a":"TAKESAWALK","61a":"OTOE","62a":"ANENT","63a":"OHIO","64a":"TOPS","65a":"PANSY","66a":"LAPP","1d":"DOC","2d":"ONA","3d":"LEN","4d":"TATA","5d":"HARLEY","6d":"ALBEE","7d":"FLU","8d":"TAR","9d":"SHY","10d":"GROUSE","11d":"LEONTROTSKY","12d":"IMPEL","13d":"BOSSY","18d":"EXTRA","21d":"DUPE","22d":"TATAR","23d":"ERECT","24d":"ATTHEGALLOP","26d":"SPRINGS","27d":"JOLT","29d":"ERE","31d":"ROSY","33d":"PERI","35d":"PASTA","36d":"TROOP","38d":"HORS","39d":"SAL","41d":"CHEW","42d":"TANYA","44d":"ERODES","45d":"TOASTY","46d":"SABOT","47d":"PLATO","49d":"OMENS","53d":"AWOL","55d":"TAP","56d":"ANA","57d":"KEN","58d":"AHA","59d":"LIP","60d":"KOP"}}