{"numbers":[["1","2","3","4","-","5","6","7","8","9","-","10","11","12","13"],["14","","","","-","15","","","","","-","16","","",""],["17","","","","-","18","","","","","-","19","","",""],["20","","","","21","","","","","","22","","","",""],["-","-","-","23","","","-","-","24","","","","-","-","-"],["25","26","27","","","-","28","29","","-","30","","31","32","33"],["34","","","","-","35","","","","36","","-","37","",""],["38","","","","-","39","","","","","-","40","","",""],["41","","","-","42","","","","","","-","43","","",""],["44","","","45","","-","46","","","-","47","","","",""],["-","-","-","48","","49","","-","-","50","","","-","-","-"],["51","52","53","","","","","54","55","","","","56","57","58"],["59","","","","-","60","","","","","-","61","","",""],["62","","","","-","63","","","","","-","64","","",""],["65","","","","-","66","","","","","-","67","","",""]],"clues":{"1a":"Not piquant","5a":"Israelite at the conquest of Canaan","10a":"Fortune's partner","14a":"Rustic","15a":"More than fubsy","16a":"Part of an été","17a":"About 17 million square miles","18a":"Get even, in a way","19a":"Germany's Oscar","20a":"Start of an adage","23a":"Infamous Ugandan","24a":"\"The Third Man\" director","25a":"Subservient","28a":"Mash","30a":"Computer code","34a":"Son of Hera","35a":"Type of window","37a":"Mason's aid","38a":"Cornishman","39a":"Web-footed animal","40a":"Use a whetstone","41a":"Four-time Japanese P.M.","42a":"Mugs","43a":"Tag words","44a":"Tithing","46a":"ABC, for short","47a":"Making a stand?","48a":"1905 Secretary of State","50a":"Shoshone","51a":"End of the adage","59a":"Word with fire or no","60a":"Paris official","61a":"Pop singer Burdon","62a":"Some charts","63a":"Essence","64a":"Late-night star","65a":"Fly ash","66a":"Some homes","67a":"Crackpot","1d":"Prankster","2d":"Rummy","3d":"Anne Nichols stage hero","4d":"Exciting to the max","5d":"Welsh dog","6d":"Incite","7d":"Wife of Jacob","8d":"Steep slope","9d":"Actress Davis","10d":"Oslo and others","11d":"Taurus or Aries, e.g.","12d":"Paw","13d":"Western Electric founder ___ Barton","21d":"Preternatural","22d":"Binge","25d":"Wordless","26d":"Alpine feature","27d":"Item in a patch","28d":"Make powerful","29d":"Big-band name","31d":"X'd","32d":"Type of column","33d":"Words of explanation","35d":"\"i\" piece?","36d":"Oral stumbles","40d":"Wood hyacinth","42d":"Type of gun","45d":"Like best friends","47d":"Theta preceder","49d":"Isle___","50d":"Patrons","51d":"Indiana Jones perils","52d":"Actor Scott","53d":"Stick in the fridge?","54d":"Tiny imperfections","55d":"\"Darn it all!\"","56d":"Nabisco product","57d":"El ___","58d":"Coll. course"},"answers":{"1a":"BLAH","5a":"CALEB","10a":"FAME","14a":"RUBE","15a":"OBESE","16a":"JUIN","17a":"ASIA","18a":"REACT","19a":"OTTO","20a":"THEDOGTHATTROTS","23a":"IDI","24a":"REED","25a":"TAMED","28a":"PAP","30a":"ASCII","34a":"ARES","35a":"DORMER","37a":"HOD","38a":"CELT","39a":"OTTER","40a":"HONE","41a":"ITO","42a":"STEINS","43a":"ASIS","44a":"TENTH","46a":"NET","47a":"ERECT","48a":"ROOT","50a":"UTE","51a":"ABOUTFINDSABONE","59a":"SALE","60a":"MAIRE","61a":"ERIC","62a":"PIES","63a":"ATTAR","64a":"LENO","65a":"SOOT","66a":"NESTS","67a":"LOON","1d":"BRAT","2d":"LUSH","3d":"ABIE","4d":"HEADIEST","5d":"CORGI","6d":"ABET","7d":"LEAH","8d":"ESCARPMENT","9d":"BETTE","10d":"FJORDS","11d":"AUTO","12d":"MITT","13d":"ENOS","21d":"ODD","22d":"TEAR","25d":"TACIT","26d":"ARETE","27d":"MELON","28d":"POTENTIATE","29d":"ARTIE","31d":"CHOSE","32d":"IONIC","33d":"IDEST","35d":"DOT","36d":"ERS","40d":"HAREBELL","42d":"SHOT","45d":"TRUEST","47d":"ETA","49d":"OFMAN","50d":"USERS","51d":"ASPS","52d":"BAIO","53d":"OLEO","54d":"NITS","55d":"DRAT","56d":"OREO","57d":"NINO","58d":"ECON"}}