{"numbers":[["1","2","3","4","5","6","-","-","7","8","9","-","10","11","12"],["13","","","","","","-","14","","","","-","15","",""],["16","","","","","","17","","","","","-","18","",""],["-","19","","","-","20","","","","-","21","22","","",""],["-","-","-","23","24","","","","","-","25","","","",""],["26","27","28","","","-","-","-","29","30","","","","-","-"],["31","","","-","32","33","34","35","","","-","36","","37","38"],["39","","","-","40","","","","","","41","-","42","",""],["43","","","44","-","45","","","","","","-","46","",""],["-","-","47","","48","","","-","-","-","49","50","","",""],["51","52","","","","-","53","54","55","56","","","-","-","-"],["57","","","","","-","58","","","","-","59","60","61","-"],["62","","","-","63","64","","","","","65","","","","66"],["67","","","-","68","","","","-","69","","","","",""],["70","","","-","71","","","-","-","72","","","","",""]],"clues":{"1a":"Six-Day War commander","7a":"Music makers","10a":"Paul Fusco TV role","13a":"Oregon city","14a":"First name in tennis","15a":"My___","16a":"Chico, really","18a":"Common vow","19a":"Snorkel, for one: Abbr.","20a":"Rocky Road servings","21a":"Chair person?","23a":"Gauge","25a":"Chan portrayer","26a":"Flummox","29a":"Like some polynomials","31a":"Bud's buddy","32a":"St. John's player","36a":"Reps.","39a":"Blow it","40a":"Bubby of the N.F.L.","42a":"L.L. Cool J's genre","43a":"Affix a brand to","45a":"San ___, Tex.","46a":"Wanted-poster abbr.","47a":"Untrue","49a":"Norton's workplace","51a":"Spokes","53a":"Linguine toppings","57a":"Blue, in a way","58a":"What's more","59a":"Kettle and others","62a":"Dear one?","63a":"Head of surveys","67a":"Sleep disturber, possibly","68a":"De Valera's land","69a":"10-Across and others","70a":"Lie on the beach","71a":"Driller's deg.","72a":"Floating","1d":"Poivre's mate","2d":"Lemon and orange, e.g.","3d":"Het up","4d":"Airport pickup","5d":"___ string","6d":"Squares","7d":"Yearbook signer","8d":"S or E: Abbr.","9d":"\"All My Pretty Ones\" poet","10d":"\"Goodbye, Columbus\" star","11d":"Burdened","12d":"Arctic finger","14d":"Pucks","17d":"It impresses","22d":"Saturn's end?","24d":"Novi Sad native","26d":"Steinfuls","27d":"Film producer ___ Schary","28d":"Simon LeBon's band","30d":"Like Nash's lama","33d":"Bullpen stats","34d":"Outmoded items","35d":"\"No___\" (menu phrase)","37d":"Fish haul","38d":"Practice with a palooka","41d":"Charlie Hustle","44d":"Ruffle","48d":"Of nobility","50d":"Sparkle","51d":"Barely talks","52d":"Word for a person on the go?","54d":"What George couldn't tell","55d":"Letters before a state name, perhaps","56d":"Cagney role","60d":"Gazetteer data","61d":"___ Fein","64d":"Sci-fi suffix","65d":"Carte start","66d":"Wings of a sort"},"answers":{"1a":"SHARON","7a":"CDS","10a":"ALF","13a":"EUGENE","14a":"ILIE","15a":"LAI","16a":"LEONARDMARX","18a":"IDO","19a":"SGT","20a":"DIPS","21a":"TAMER","23a":"ASSESS","25a":"OLAND","26a":"ADDLE","29a":"MONIC","31a":"LOU","32a":"REDMAN","36a":"AGTS","39a":"ERR","40a":"BRISTER","42a":"RAP","43a":"SEAR","45a":"ANGELO","46a":"AKA","47a":"NOTSO","49a":"SEWER","51a":"RADII","53a":"SAUCES","57a":"ADULT","58a":"ALSO","59a":"PAS","62a":"SIR","63a":"LOUISHARRIS","67a":"PEA","68a":"EIRE","69a":"ALIENS","70a":"SUN","71a":"DDS","72a":"NATANT","1d":"SEL","2d":"HUES","3d":"AGOG","4d":"RENTAL","5d":"ONA","6d":"NERDS","7d":"CLASSMATE","8d":"DIR","9d":"SEXTON","10d":"ALIMACGRAW","11d":"LADEN","12d":"FIORD","14d":"IMPS","17d":"DIE","22d":"ALIA","24d":"SERB","26d":"ALES","27d":"DORE","28d":"DURANDURAN","30d":"ONEL","33d":"ERAS","34d":"DINOSAURS","35d":"MSG","37d":"TAKE","38d":"SPAR","41d":"ROSE","44d":"ROIL","48d":"TITLED","50d":"ESPRIT","51d":"RASPS","52d":"ADIEU","54d":"ALIE","55d":"USS","56d":"COHAN","60d":"AREA","61d":"SINN","64d":"OID","65d":"ALA","66d":"SST"}}