{"numbers":[["1","2","3","4","5","-","6","7","8","9","-","10","11","12","13"],["14","","","","","-","15","","","","16","","","",""],["17","","","","","-","18","","","","","","","",""],["-","-","-","19","","20","","-","21","","","","-","-","-"],["22","23","24","","","","-","25","","","-","26","27","28","29"],["30","","","-","31","","32","","-","33","34","","","",""],["35","","","36","","","","","37","-","38","","","",""],["-","-","39","","","","","","","40","","","","-","-"],["41","42","","","","-","43","","","","","","","44","45"],["46","","","","","47","-","48","","","","-","49","",""],["50","","","","-","51","52","","-","53","","54","","",""],["-","-","-","55","56","","","-","57","","","","-","-","-"],["58","59","60","","","","","61","","-","62","","63","64","65"],["66","","","","","","","","","-","67","","","",""],["68","","","","-","69","","","","-","70","","","",""]],"clues":{"1a":"Fix","6a":"Rat-___","10a":"\"Sanford and Son\" producer","14a":"\"Blue ___\" (1977 hit)","15a":"Secret advisers","17a":"Vowel mark","18a":"One of the five related names in this puzzle","19a":"Glimpse","21a":"Snuggery","22a":"Buoyant one","25a":"___ a cheval (horseshoe)","26a":"Ancestor of the Edomites","30a":"Timepiece?","31a":"Actress Talbot","33a":"Secure","35a":"Kind of road","38a":"Linguistic origins","39a":"See 18-Across","41a":"Bake, in a way","43a":"Title","46a":"Factory seconds, for short","48a":"Cruising","49a":"Reconstruction, for one","50a":"No frill, this","51a":"Architectural crossette","53a":"Downsized upright","55a":"Decorate","57a":"Undulant ones","58a":"See 18-Across","62a":"Futurist Toffler","66a":"Turkey","67a":"Green","68a":"Declared items","69a":"Slowly sinks","70a":"Formicary denizen","1d":"Recession","2d":"Mangle","3d":"Kind of tooth","4d":"Hugo contender","5d":"See 18-Across","6d":"Bruised","7d":"Crux","8d":"Commodious","9d":"Olympics skier McKinney","10d":"Gilbert works","11d":"Ransom Olds's middle name","12d":"___-American","13d":"\"The Facts of Life\" star","16d":"Charles, e.g.","20d":"Rap sheet blot","22d":"Patch","23d":"12-foot bird","24d":"Move to act","25d":"Travel incentive","27d":"Pourer's request","28d":"Ready-fire link","29d":"Spanish article","32d":"Kind of shell","34d":"See 18-Across","36d":"Mercenaries","37d":"McGrew and others","40d":"Hall of Fame Dodger","41d":"Kind of tax","42d":"Initials in old Europe","44d":"Vexation","45d":"Well-rehearsed","47d":"Stage actress Marian","52d":"C'est ___","54d":"\"Satanic Verses\" topic","56d":"Class","57d":"Vanities","58d":"Vane dir.","59d":"Bake sale org., perhaps","60d":"Auto option","61d":"\"Wayne's World\" exclamation","63d":"Life","64d":"Secret follower","65d":"Aerialist's safeguard"},"answers":{"1a":"EMEND","6a":"ATAT","10a":"LEAR","14a":"BAYOU","15a":"CAMARILLA","17a":"BREVE","18a":"HUPMOBILE","19a":"ESPY","21a":"LAIR","22a":"SMILER","25a":"FER","26a":"ESAU","30a":"EON","31a":"NITA","33a":"ATTAIN","35a":"WASHBOARD","38a":"ETYMO","39a":"PIERCEARROW","41a":"SHIRR","43a":"OWNERSHIP","46a":"IRREGS","48a":"ASEA","49a":"ERA","50a":"NEED","51a":"EAR","53a":"SPINET","55a":"GILD","57a":"EELS","58a":"SPAULDING","62a":"ALVIN","66a":"STINKEROO","67a":"NAIVE","68a":"WARS","69a":"SETS","70a":"EMMET","1d":"EBB","2d":"MAR","3d":"EYE","4d":"NOVEL","5d":"DUESENBERG","6d":"ACHY","7d":"TAU","8d":"AMPLE","9d":"TAMARA","10d":"LIBRETTOS","11d":"ELI","12d":"ALL","13d":"RAE","16d":"ROI","20d":"PRIOR","22d":"SEW","23d":"MOA","24d":"INSPIRE","25d":"FAREWAR","27d":"SAYWHEN","28d":"AIM","29d":"UNO","32d":"TACO","34d":"TERRAPLANE","36d":"HIREDGUNS","37d":"DANS","40d":"REESE","41d":"SIN","42d":"HRE","44d":"IRE","45d":"PAT","47d":"SELDES","52d":"ADIRE","54d":"ISLAM","56d":"ILK","57d":"EGOS","58d":"SSW","59d":"PTA","60d":"AIR","61d":"NOT","63d":"VIM","64d":"IVE","65d":"NET"}}