{"numbers":[["1","2","3","4","-","-","5","6","7","8","-","9","10","11","12","13","-","14","15","16","-"],["17","","","","18","-","19","","","","-","20","","","","","-","21","","","22"],["23","","","","","24","","","","","25","","","","","","-","26","","",""],["27","","","-","28","","","","-","29","","","","","-","30","31","","","",""],["32","","","33","","","","-","34","","","","-","-","-","35","","","","",""],["36","","","","-","-","37","38","","","","","39","40","41","","","-","42","",""],["-","43","","","44","-","-","45","","","","-","46","","","-","47","48","","-","-"],["-","-","-","49","","50","51","","","-","-","52","","","","-","53","","","54","55"],["56","57","58","-","59","","","","","60","61","","","","","62","-","63","","",""],["64","","","-","65","","","","-","66","","","","-","-","67","68","","","",""],["69","","","70","","","","-","71","","","","","-","72","","","","","",""],["73","","","","","","-","-","74","","","","-","75","","","","-","76","",""],["77","","","","-","78","79","80","","","","","81","","","","","-","82","",""],["83","","","","84","-","85","","","","-","-","86","","","","","87","-","-","-"],["-","-","88","","","-","89","","","-","90","91","","","-","-","92","","93","94","-"],["95","96","","-","97","98","","","","99","","","","","100","-","-","101","","","102"],["103","","","104","","","-","-","-","105","","","","-","106","107","108","","","",""],["109","","","","","","-","110","111","","","","-","112","","","","-","113","",""],["114","","","","-","115","116","","","","","","117","","","","","118","","",""],["119","","","","-","120","","","","","-","121","","","","-","122","","","",""],["-","123","","","-","124","","","","","-","125","","","","-","-","126","","",""]],"clues":{"1a":"Vulcan's workshop, in myth","5a":"Movement begun by Tristan Tzara","9a":"Digs into","14a":"Parliamentarian's call","17a":"Fritters away time","19a":"Joie de vivre","20a":"Pass","21a":"Legends","23a":"Heavy-duty farm machine","26a":"___ mater","27a":"When D.S.T. ends","28a":"Hilo mementos","29a":"Honors with style","30a":"\"Rinaldo\" and others","32a":"Vacillate","34a":"Call by intercom","35a":"Signify","36a":"Wall Street order","37a":"Playing the toady","42a":"Fictional dog","43a":"Bar orders","45a":"Orangish food","46a":"Item of kabuki apparel","47a":"Ballot abbr.","49a":"Seurat, e.g.","52a":"\"This must weigh ___ !\"","53a":"Sails close to the wind","56a":"\"Hey!\"","59a":"\"A Dissertation on Roast Pig\" writer","63a":"Serving dish","64a":"N.C.A.A. participant: Abbr.","65a":"Writer Murdoch","66a":"60's B-ball champs","67a":"Patent medicine","69a":"Certain clipping","71a":"Rugby get-together","72a":"Yielding","73a":"Start of a Harper Lee title","74a":"\"Pardon me!\"","75a":"Hide","76a":"___ franchise","77a":"\"A Summer Place\" star","78a":"Newspaper employee","82a":"Ring rock","83a":"She played Jane to O'Keeffe's Tarzan","85a":"Yahtzee equipment","86a":"Grasp","88a":"___ rule","89a":"It's north of Minn.","90a":"Police sch.","92a":"Drains","95a":"Ma Bell","97a":"Rodgers-Hart show","101a":"Besides","103a":"Dreaming, to Hamlet?","105a":"Dusks, to Donne","106a":"Least clever","109a":"Smoothly, to Solti","110a":"Flavorless","112a":"Logical start","113a":"Dian Fossey subject","114a":"\"Unto us ___ is given\"","115a":"Fields-West film","119a":"Frangible","120a":"Lindsay's successor","121a":"Issue","122a":"Correct","123a":"34th, Elm, etc: Abbr.","124a":"Cavalry weapon","125a":"First name in New York City politics","126a":"Apposes","1d":"Jostles","2d":"Faith healer, perhaps","3d":"One way to dress","4d":"Sternward","5d":"Just said no","6d":"\"___ fair... \"","7d":"\"Life with Father\" writer","8d":"Gift for a budding entomologist","9d":"Hammered","10d":"In the old days","11d":"\"Phooeyl\"","12d":"\"Foucault's Pendulum\" author","13d":"Walked purposefully","14d":"Mayflower Compact signer","15d":"Where to pack troubles","16d":"Slips","18d":"Ego","22d":"Buffered","24d":"Presb. or Epis.","25d":"Co-host of morning TV","31d":"Agatha Christie's \"___ at End House\"","33d":"Hightailed it","34d":"Oyster catch?","38d":"Sentinels","39d":"Robin's hangout?","40d":"Organ stop","41d":"Hollywood crosser","44d":"Gregarious","48d":"Ancient Red Sea kingdom","50d":"Send","51d":"Bedog","52d":"In ___ (batting poorly)","54d":"Ribbed silk fabric","55d":"Parade","56d":"Praised, in a way","57d":"Filmland's Joe Besser, e.g.","58d":"Pat Morita film","60d":"Swindle","61d":"Rocky debris","62d":"Bit of ammo","68d":"Petrol amounts","70d":"Striped yellow balls, in pool","71d":"Retreats","72d":"Fido and Fluffy","75d":"Madrid landmark","79d":"Rock's Billy","80d":"Word from a pen","81d":"Sheik Rahman et al.","84d":"Dead","87d":"Entertains like Hammer","90d":"Catalyst","91d":"Egg tester","93d":"Was appealing?","94d":"Defer","95d":"Attorney ___","96d":"Luther's postings","98d":"\"Fat Man\" and \"Little Boy\" of 1945","99d":"More in order","100d":"Marvel","102d":"Arabs, perhaps","104d":"Puts in order","107d":"Ballad ending","108d":"Knob","110d":"Sing","111d":"Soil sweetener","112d":"Footnote note","116d":"Voice vote","117d":"Bird in a herd","118d":"G.P.'S org."},"answers":{"1a":"ETNA","5a":"DADA","9a":"BORES","14a":"AYE","17a":"LOAFS","19a":"ELAN","20a":"ENACT","21a":"LORE","23a":"BUTTERFLYTRACTOR","26a":"DURA","27a":"OCT","28a":"LEIS","29a":"FETES","30a":"OPERAS","32a":"WHIFFLE","34a":"PAGE","35a":"DENOTE","36a":"SELL","37a":"DEERINGOVER","42a":"LAD","43a":"RYES","45a":"YAMS","46a":"OBI","47a":"IND","49a":"DOTTER","52a":"ATON","53a":"LUFFS","56a":"PST","59a":"CHARLESSHEEP","63a":"BOAT","64a":"ATH","65a":"IRIS","66a":"UCLA","67a":"ELIXIR","69a":"TOENAIL","71a":"SCRUM","72a":"PLIABLE","73a":"TOKILL","74a":"AHEM","75a":"PELT","76a":"ALA","77a":"EGAN","78a":"LIONREPORTER","82a":"GEM","83a":"DEREK","85a":"DICE","86a":"MASTER","88a":"ASA","89a":"ONT","90a":"ACAD","92a":"SAPS","95a":"ATT","97a":"PALKANGAROO","101a":"PLUS","103a":"THERUB","105a":"EENS","106a":"DENSEST","109a":"LEGATO","110a":"BLAND","112a":"IDEO","113a":"APE","114a":"ASON","115a":"MYLITTLEBIRDADEE","119a":"WEAK","120a":"BEAME","121a":"EMIT","122a":"EMEND","123a":"STS","124a":"SABER","125a":"RUDY","126a":"ADDS","1d":"ELBOWS","2d":"TOUCHER","3d":"NATTILY","4d":"AFT","5d":"DEFIED","6d":"ALLS","7d":"DAY","8d":"ANTFARM","9d":"BEATEN","10d":"ONCE","11d":"RATS","12d":"ECO","13d":"STRODE","14d":"ALDEN","15d":"YOUROLDFOXBAG","16d":"ERRATA","18d":"SELF","22d":"EASED","24d":"REL","25d":"REGIS","31d":"PERIL","33d":"FLED","34d":"PEARL","38d":"EYERS","39d":"GOTHAM","40d":"OBOE","41d":"VINE","44d":"SOCIAL","48d":"NUBIA","50d":"THRILL","51d":"TAIL","52d":"ASLUMP","54d":"FAILLE","55d":"STREAM","56d":"PATTED","57d":"STOOGE","58d":"THEKARATEGOAT","60d":"EUCHRE","61d":"SCREE","62d":"PELLET","68d":"LITRES","70d":"NINES","71d":"SANCTA","72d":"PETS","75d":"PRADO","79d":"IDOL","80d":"OINK","81d":"OMARS","84d":"KAPUT","87d":"RAPS","90d":"AGENT","91d":"CANDLER","93d":"PLEADED","94d":"SUSPEND","95d":"ATLAW","96d":"THESES","98d":"ABOMBS","99d":"NEATER","100d":"ODDITY","102d":"STEEDS","104d":"RANKS","107d":"EER","108d":"NODE","110d":"BLAB","111d":"LIME","112d":"IBID","116d":"YEA","117d":"EMU","118d":"AMA"}}