{"numbers":[["1","2","3","4","5","-","6","7","8","9","-","10","11","12","13"],["14","","","","","-","15","","","","-","16","","",""],["17","","","","","18","","","","","-","19","","",""],["-","-","-","-","20","","","-","-","21","22","","","",""],["23","24","25","26","","","-","27","28","","","-","29","",""],["30","","","","","","-","31","","","","-","32","",""],["33","","","","-","34","35","","","","","36","","-","-"],["37","","","","38","-","39","","","-","40","","","41","42"],["-","-","43","","","44","","","","45","-","46","","",""],["47","48","","-","49","","","","-","50","51","","","",""],["52","","","-","53","","","","-","54","","","","",""],["55","","","56","","","-","-","57","","","-","-","-","-"],["58","","","","-","59","60","61","","","","62","63","64","65"],["66","","","","-","67","","","","-","68","","","",""],["69","","","","-","70","","","","-","71","","","",""]],"clues":{"1a":"Assists","6a":"Group that votes alike","10a":"Tennis score","14a":"\"So long, Simone\"","15a":"Verdi opera","16a":"Local theater","17a":"Systematic, as instructions","19a":"Looks at","20a":"Faux ___","21a":"Stymie","23a":"Wampum","27a":"6/6/44","29a":"Old-fashioned curse word","30a":"Baseball's Espinoza","31a":"Writer Murdoch","32a":"Tiny bit","33a":"Tiniest sound","34a":"Blacktop basketball contest","37a":"Painful points","39a":"\"Am ___ blame?\"","40a":"1983 film \"El","43a":"Everything being taken into account","46a":"DCCLII doubled","47a":"60 secs.","49a":"Hebrew dry measure","50a":"Conceive","52a":"Unaffiliated politically: Abbr.","53a":"Nimble","54a":"Bryce ___ National Park","55a":"One of the Fates","57a":"Suffix with beat or peace","58a":"Move about","59a":"How a pendulum swings","66a":"Hot chamber","67a":"Lamb's pen name","68a":"Bathroom hanger","69a":"Hardly Mr. Cool","70a":"Bambi,. e.g.","71a":"Ring-shaped island","1d":"Is down with","2d":"N.Y.C. summer hrs.","3d":"Prevaricate","4d":"Energy","5d":"Poor, as a performance","6d":"Contralto's counterpart","7d":"On, as a lamp","8d":"Lyric poem","9d":"Abraham Lincoln, in a Whitman poem","10d":"Once more","11d":"Continually","12d":"Spain's peninsula","13d":"Fitted one within another","18d":"Rube","22d":"Green tea","23d":"Rand McNally products","24d":"Margarine","25d":"Repeatedly","26d":"Place for a pin","27d":"Food-related","28d":"Oversalivate","35d":"San Francisco player, for short","36d":"Roman name","38d":"Walk through puddles","41d":"Former Yugoslav chief","42d":"Tied","44d":"Laid on, as taxes","45d":"Permitted by law","47d":"One-millionth of a meter","48d":"Smitten","51d":"Sioux Indian","56d":"Look after","57d":"Close","60d":"___ -de-France","61d":"Conk out","62d":"Drunkard","63d":"___Jima","64d":"Second smallest state: Abbr.","65d":"Right angle"},"answers":{"1a":"HELPS","6a":"BLOC","10a":"ADIN","14a":"ADIEU","15a":"AIDA","16a":"NABE","17a":"STEPBYSTEP","19a":"EYES","20a":"PAS","21a":"THWART","23a":"MOOLAH","27a":"DDAY","29a":"FIE","30a":"ALVARO","31a":"IRIS","32a":"TAD","33a":"PEEP","34a":"ONEONONE","37a":"SORES","39a":"ITO","40a":"NORTE","43a":"ALLINALL","46a":"MDIV","47a":"MIN","49a":"OMER","50a":"IDEATE","52a":"IND","53a":"SPRY","54a":"CANYON","55a":"CLOTHO","57a":"NIK","58a":"ROVE","59a":"SIDETOSIDE","66a":"OVEN","67a":"ELIA","68a":"TOWEL","69a":"NERD","70a":"DEER","71a":"ATOLL","1d":"HAS","2d":"EDT","3d":"LIE","4d":"PEP","5d":"SUBPAR","6d":"BASS","7d":"LIT","8d":"ODE","9d":"CAPTAIN","10d":"ANEW","11d":"DAYAFTERDAY","12d":"IBERIA","13d":"NESTED","18d":"YAHOO","22d":"HYSON","23d":"MAPS","24d":"OLEO","25d":"OVERANDOVER","26d":"LAPEL","27d":"DIETARY","28d":"DROOL","35d":"NINER","36d":"NOMEN","38d":"SLOSH","41d":"TITO","42d":"EVEN","44d":"IMPOSED","45d":"LICIT","47d":"MICRON","48d":"INLOVE","51d":"DAKOTA","56d":"TEND","57d":"NEAR","60d":"ILE","61d":"DIE","62d":"SOT","63d":"IWO","64d":"DEL","65d":"ELL"}}