{"numbers":[["1","2","3","4","5","-","6","7","8","9","-","10","11","12","13"],["14","","","","","-","15","","","","-","16","","",""],["17","","","","","18","","","","","19","","","",""],["20","","","-","21","","","","-","22","","","","",""],["-","-","-","23","","","","-","24","","","","-","-","-"],["-","25","26","","","","","27","","","","","28","29","-"],["30","","","","-","-","-","31","","","","-","32","","33"],["34","","","","-","35","36","","","","-","37","","",""],["38","","","-","39","","","","-","-","-","40","","",""],["-","41","","42","","","","","43","44","45","","","","-"],["-","-","-","46","","","","-","47","","","","-","-","-"],["48","49","50","","","","-","51","","","","-","52","53","54"],["55","","","","","","56","","","","","57","","",""],["58","","","","-","59","","","","-","60","","","",""],["61","","","","-","62","","","","-","63","","","",""]],"clues":{"1a":"Iraq's second-largest city","6a":"Drain problem","10a":"Actress Garr","14a":"Dominant","15a":"Hockey's Gordie","16a":"Flair","17a":"Poker loser's retort","20a":"Hindquarters","21a":"Western Indian","22a":"French fighter jet","23a":"Amo, ___, amat","24a":"Transfusion liquids","25a":"Ambiguity","30a":"Kind of loser","31a":"Publicizes","32a":"\"How dry ___\"","34a":"Plenty","35a":"Plaintiff or defendant","37a":"Cruel one","38a":"Midmorning","39a":"Slug","40a":"Twisted","41a":"Some baseball games","46a":"Bargain hunter's delight","47a":"Dental photo","48a":"Mummify","51a":"\"King ___\"","52a":"Apply with a light touch","55a":"Insurance provision","58a":"\"___ just take a minute\"","59a":"In ___ of","60a":"Golfer with an army","61a":"Prefix with gram or graph","62a":"Prevaricates","63a":"Gift ideas for prisoners?","1d":"Foretoken","2d":"Ever and ___","3d":"Collar fastener","4d":"Morrow of \"Quiz Show\"","5d":"Savoir-faire","6d":"Pick","7d":"Knowledge","8d":"Have","9d":"\"There is no royal road to ___\": Euclid","10d":"Ayatollah's capital","11d":"\"On the Waterfront\" director Kazan","12d":"Summoned, as a servant","13d":"\"Picnic\" playwright","18d":"Kin of etc.","19d":"Radials, e.g.","23d":"Fritzi Ritz, to Nancy","24d":"Show of anger","25d":"Distributed charity","26d":"Home of Maine's Black Bears","27d":"___ Day (April 22)","28d":"Tony of cereal fame","29d":"Works hard for","30d":"Horror-film prop","33d":"Happened upon","35d":"Headlong","36d":"Toward shelter","37d":"Old-fashioned wedding word","39d":"\"Hoops\"","42d":"Of service","43d":"Uris bestseller","44d":"English composer Thomas","45d":"\"Broadway Open House\" regular, in 50's TV","48d":"Fix text","49d":"Speck of dust","50d":"Positive Wall Street figure","51d":"Banjo site, in song","52d":"Rackets","53d":"Eagerly expecting","54d":"Ciao, adios, etc.","56d":"Three, on a sundial","57d":"F.D.R.'s Blue Eagle grp."},"answers":{"1a":"BASRA","6a":"CLOG","10a":"TERI","14a":"ONTOP","15a":"HOWE","16a":"ELAN","17a":"DOUBLEORNOTHING","20a":"END","21a":"OTOE","22a":"MIRAGE","23a":"AMAS","24a":"SERA","25a":"DOUBLEENTENTE","30a":"BORN","31a":"AIRS","32a":"IAM","34a":"ALOT","35a":"PARTY","37a":"OGRE","38a":"TEN","39a":"BELT","40a":"BENT","41a":"DOUBLEHEADERS","46a":"SALE","47a":"XRAY","48a":"EMBALM","51a":"KONG","52a":"DAB","55a":"DOUBLEINDEMNITY","58a":"ITLL","59a":"LIEU","60a":"ARNIE","61a":"TELE","62a":"LIES","63a":"RASPS","1d":"BODE","2d":"ANON","3d":"STUD","4d":"ROB","5d":"APLOMB","6d":"CHOOSE","7d":"LORE","8d":"OWN","9d":"GEOMETRY","10d":"TEHRAN","11d":"ELIA","12d":"RANG","13d":"INGE","18d":"ETAL","19d":"TIRES","23d":"AUNT","24d":"SNIT","25d":"DOLED","26d":"ORONO","27d":"EARTH","28d":"TIGER","29d":"EARNS","30d":"BAT","33d":"MET","35d":"PELLMELL","36d":"ALEE","37d":"OBEY","39d":"BBALL","42d":"USABLE","43d":"EXODUS","44d":"ARNE","45d":"DAGMAR","48d":"EDIT","49d":"MOTE","50d":"BULL","51d":"KNEE","52d":"DINS","53d":"ATIP","54d":"BYES","56d":"III","57d":"NRA"}}