{"numbers":[["1","2","3","4","5","6","7","-","-","8","9","10","11","12","13"],["14","","","","","","","-","15","","","","","",""],["16","","","","","","","17","","","","","","",""],["-","-","-","18","","","-","19","","","","","-","-","-"],["20","21","22","-","-","23","24","","-","-","-","25","26","27","28"],["29","","","30","31","","","-","32","33","34","-","35","",""],["36","","","","","-","37","38","","","","-","39","",""],["40","","","","","41","","","","","","42","","",""],["43","","","-","44","","","","","-","45","","","",""],["46","","","-","47","","","-","48","49","","","","",""],["50","","","51","-","-","-","52","","","-","-","53","",""],["-","-","-","54","55","56","57","","-","58","59","60","-","-","-"],["61","62","63","","","","","","64","","","","65","66","67"],["68","","","","","","","-","69","","","","","",""],["70","","","","","","-","-","71","","","","","",""]],"clues":{"1a":"\"All done\"","8a":"Nina of jazz","14a":"\"Strangers in the Night\" singer","15a":"Actor Jack of \"City Slickers\"","16a":"\"Wait a minute!\"","18a":"Member of Cong.","19a":"A dot in the ocean","20a":"The Rail Splitter","23a":"Declaration of interdependence","25a":"Bridge feat","29a":"Bergen of \"Murphy Brown\"","32a":"Wall St. regulator","35a":"Tyrant Amin","36a":"The British Museum's ___ marbles","37a":"Sales spiel","39a":"RCA products","40a":"\"Rough ride ahead!\"","43a":"___jiffy","44a":"Old Testament prophet","45a":"___cum laude","46a":"R. E. Lee, e.g.","47a":"Printers' widths","48a":"Now available","50a":"Jekyll's counterpart","52a":"Ocean","53a":"Tiny","54a":"Tutor","58a":"___ man (unanimously)","61a":"\"Get ready for hard times!\"","68a":"Having a liking for","69a":"Give-away: Var.","70a":"Allergy sufferer's bane","71a":"Nuclear treaty","1d":"Reproof sound","2d":"Hurry","3d":"Suffix with meth- or hex-","4d":"Bugle solo","5d":"Eye problem","6d":"Satirical, maybe","7d":"T in Sparta","8d":"Comedian Mort","9d":"Nasty racket operator?","10d":"Stores","11d":"Que. neighbor","12d":"Sgt., e.g.","13d":"Nighttime, in poetry","15d":"Letter endings: Abbr.","17d":"\"Flying Down to ___\"","20d":"Like certain poker hands","21d":"Poppycock","22d":"\"Oh, to be in ___\": Browning","24d":"Bottommost area","26d":"Actor John","27d":"Make progress","28d":"Boner","30d":"Performed","31d":"\"Two mints ___\"","32d":"Block","33d":"Logical beginning","34d":"Pals","38d":"Debtor's letters","41d":"Site of 60's service","42d":"Inform (on)","49d":"Word with mother or human","51d":"Lucy's landlady","52d":"Bashful","55d":"Little: Suffix","56d":"Time spent in line, seemingly","57d":"Atlanta-based network","59d":"Bauxite and others","60d":"Aid and ___","61d":"Kitchen meas.","62d":"___ Jima","63d":"Toothpaste, perhaps","64d":"Frequently","65d":"Tide's retreat","66d":"Actress Thompson","67d":"Perfect rating"},"answers":{"1a":"THATSIT","8a":"SIMONE","14a":"SINATRA","15a":"PALANCE","16a":"KEEPYOURSHIRTON","18a":"SEN","19a":"ISLET","20a":"ABE","23a":"IDO","25a":"SLAM","29a":"CANDICE","32a":"SEC","35a":"IDI","36a":"ELGIN","37a":"PITCH","39a":"TVS","40a":"HOLDONTOYOURHAT","43a":"INA","44a":"NAHUM","45a":"MAGNA","46a":"GEN","47a":"EMS","48a":"INSTOCK","50a":"HYDE","52a":"SEA","53a":"WEE","54a":"TEACH","58a":"TOA","61a":"TIGHTENYOURBELT","68a":"SWEETON","69a":"FREEBEE","70a":"POLLEN","71a":"TESTBAN","1d":"TSK","2d":"HIE","3d":"ANE","4d":"TAPS","5d":"STYE","6d":"IRONIC","7d":"TAU","8d":"SAHL","9d":"ILIE","10d":"MARTS","11d":"ONT","12d":"NCO","13d":"EEN","15d":"PSS","17d":"RIO","20d":"ACEHIGH","21d":"BALONEY","22d":"ENGLAND","24d":"DEPTHS","26d":"LITHGOW","27d":"ADVANCE","28d":"MISTAKE","30d":"DID","31d":"INONE","32d":"STYMIE","33d":"ECO","34d":"CHUMS","38d":"IOU","41d":"NAM","42d":"RAT","49d":"NATURE","51d":"ETHEL","52d":"SHY","55d":"ETTE","56d":"AEON","57d":"CNN","59d":"ORES","60d":"ABET","61d":"TSP","62d":"IWO","63d":"GEL","64d":"OFT","65d":"EBB","66d":"LEA","67d":"TEN"}}