{"numbers":[["1","2","3","4","5","-","6","7","8","-","9","10","11","12","13"],["14","","","","","-","15","","","-","16","","","",""],["17","","","","","18","","","","-","19","","","",""],["20","","","","","","","","","21","","","","","-"],["22","","","-","23","","","","-","24","","","-","-","-"],["25","","","26","","","","-","27","","","-","28","29","30"],["-","31","","","-","-","-","32","","","","-","33","",""],["34","","","","35","36","37","","","","","38","","",""],["39","","","-","40","","","","-","-","-","41","","","-"],["42","","","-","43","","","-","44","45","46","","","","47"],["-","-","-","48","","","-","49","","","","-","50","",""],["-","51","52","","","","53","","","","","54","","",""],["55","","","","","-","56","","","","","","","",""],["57","","","","","-","58","","","-","59","","","",""],["60","","","","","-","61","","","-","62","","","",""]],"clues":{"1a":"Barbecue rods","6a":"Newfoundland catch","9a":"Trouble","14a":"\"Ready___","15a":"Rap sheet abbr.","16a":"Kind of acid","17a":"Headed for the hills","19a":"Oregon's capital","20a":"With 34-Across, one example of 51-Across","22a":"Cash ending","23a":"Selma Lagerlof hero","24a":"\"___ bite\"","25a":"As a whole","27a":"Western Indian","28a":"Path of virtuous conduct","31a":"[So written]","32a":"Responsibility","33a":"Media co. founded in 1919","34a":"See 20-Across","39a":"Corrida cheer","40a":"Geraint's beloved","41a":"Seine sight","42a":"Sir or ma'am preceder","43a":"___ in xylophone","44a":"Item seldom seen in pockets","48a":"Boob","49a":"Rows","50a":"4:00 function","51a":"Difficult articulations","55a":"Salk's conquest","56a":"She-monsters: Var.","57a":"Troublesome gas","58a":"Egg producer","59a":"Steamed","60a":"Utopias","61a":"Assn.","62a":"Fodder figures","1d":"Bombing run","2d":"Adapted for grasping","3d":"Blends","4d":"Crags","5d":"Ale servings","6d":"Beef","7d":"Approvals: Var.","8d":"June honorees","9d":"Completely untrue","10d":"Modern messages","11d":"Kimono fabric","12d":"Chemical suffixes","13d":"The piper's son","18d":"Bygone alliance","21d":"Ask for a loan","26d":"Not wait","27d":"A, in Aries","28d":"Three-sided","29d":"Swift, in music","30d":"Bucket material","32d":"Expensive ref. work","34d":"Kind of sauce","35d":"Honeycomb cells","36d":"More than a boo-boo","37d":"Part of H.R.H.","38d":"Family member","44d":"Crows' noise","45d":"___ and Thummim (sacred Judaic articles)","46d":"Montaigne works","47d":"Lads' partners","48d":"Salad ingredient","49d":"Thomas Tryon chiller, with \"The\"","51d":"Tailless amphibian","52d":"Obsolete for \"obsolete\"","53d":"Canyon phenomenon","54d":"Actress Hatcher","55d":"Viewer record lead-in"},"answers":{"1a":"SPITS","6a":"COD","9a":"BESET","14a":"ORNOT","15a":"AKA","16a":"AMINO","17a":"RETREATED","19a":"SALEM","20a":"THESIXTHSHEIKS","22a":"IER","23a":"NILS","24a":"ILL","25a":"ENMASSE","27a":"UTE","28a":"TAO","31a":"SIC","32a":"ONUS","33a":"RCA","34a":"SIXTHSHEEPSSICK","39a":"OLE","40a":"ENID","41a":"ILE","42a":"YES","43a":"XAS","44a":"CUEBALL","48a":"OAF","49a":"OARS","50a":"TEA","51a":"TONGUETWISTERS","55a":"POLIO","56a":"CHIMAERAS","57a":"RADON","58a":"HEN","59a":"IRATE","60a":"EDENS","61a":"ORG","62a":"SILOS","1d":"SORTIE","2d":"PREHENSILE","3d":"INTERMIXES","4d":"TORS","5d":"STEINS","6d":"CATTLE","7d":"OKEHS","8d":"DADS","9d":"BASELESS","10d":"EMAIL","11d":"SILK","12d":"ENES","13d":"TOM","18d":"AXIS","21d":"HITUP","26d":"ACT","27d":"UNE","28d":"TRILATERAL","29d":"ACCELERATO","30d":"OAK","32d":"OED","34d":"SOY","35d":"HEXAGONS","36d":"SNAFU","37d":"HIS","38d":"SIB","44d":"CAWING","45d":"URIM","46d":"ESSAIS","47d":"LASSES","48d":"ONION","49d":"OTHER","51d":"TOAD","52d":"OLDE","53d":"ECHO","54d":"TERI","55d":"PRE"}}