{"numbers":[["1","2","3","4","5","-","-","-","6","7","8","9","10","-","-"],["11","","","","","12","-","-","13","","","","","14","-"],["15","","","","","","16","-","17","","","","","","18"],["19","","","-","20","","","21","","","","-","22","",""],["23","","","24","-","25","","","","","-","26","","",""],["27","","","","28","-","29","","","-","30","","","",""],["-","31","","","","32","","","","33","","","-","-","-"],["-","-","34","","","","","","","","","","35","-","-"],["-","-","-","36","","","","","","","","","","37","-"],["38","39","40","","","-","41","","","-","42","","","","43"],["44","","","","-","45","","","","46","-","47","","",""],["48","","","-","49","","","","","","50","-","51","",""],["52","","","53","","","","-","54","","","55","","",""],["-","56","","","","","","-","-","57","","","","",""],["-","-","58","","","","","-","-","-","59","","","",""]],"clues":{"1a":"Full-length","6a":"Cubbyholes","11a":"Coati's coat, e.g.","13a":"Vile","15a":"Losing enthusiasm","17a":"Openly admit","19a":"Item in a surplice store?","20a":"Illuminated in a way","22a":"Forever and a day","23a":"Zest","25a":"Breed of red cattle","26a":"Caiman's cousin, for short","27a":"___ for Peace (50's program)","29a":"Night of poetry","30a":"Black","31a":"Last leg","34a":"Old-fashioned country event","36a":"O.K.'d","38a":"Uniform hue?","41a":"No-win situation","42a":"Sleipnir, to Odin","44a":"\"A Doll's House\" heroine","45a":"Cambodian","47a":"Not out","48a":"Gaslight, for one","49a":"\"Sweeney Todd\" writer","51a":"Sample","52a":"Payload portion","54a":"Mew","56a":"Belgian airline","57a":"Coming from both sides","58a":"Stowe character","59a":"Out at the elbows","1d":"New Jersey college founded in 1893","2d":"Stone relic","3d":"Philip Carey's handicap in Maugham's \"Of Human Bondage\"","4d":"Brief Egypt-Syria coalition","5d":"Crusoe's favorite expression?","6d":"Wait, to Spillane","7d":"Moses or Meese","8d":"Cling-on","9d":"Dan McGrew's ladylove","10d":"Splendiferous","12d":"Geraint's ladylove","14d":"Seat","16d":"Arose","18d":"Some years back","21d":"Unfailingly","24d":"Baroness ___ Orczy (\"The Scarlet Pimpernel\" author)","26d":"Partnership, in slang","28d":"Turkish inn","30d":"Harbor haulers","32d":"It turns up at the end","33d":"Bozo's middle name?","35d":"Cherish","37d":"Polluted","38d":"Felt in one's bones","39d":"Round dances","40d":"Legendary landfall","43d":"Position strategically","45d":"Top Tatars","46d":"Actor Roger of \"Cheers\"","49d":"Have a bawl","50d":"\"Phooey!\"","53d":"One-third of Tri-star Pictures","55d":"Capital of Germany"},"answers":{"1a":"UNCUT","6a":"CELLS","11a":"PELAGE","13a":"ODIOUS","15a":"SOURING","17a":"OWNUPTO","19a":"ALB","20a":"FIRELIT","22a":"EON","23a":"LIFE","25a":"DEVON","26a":"CROC","27a":"ATOMS","29a":"EEN","30a":"SABLE","31a":"HOMESTRETCH","34a":"TURKEYSHOOT","36a":"SAIDTHEWORD","38a":"KHAKI","41a":"TIE","42a":"STEED","44a":"NORA","45a":"KHMER","47a":"SAFE","48a":"ERA","49a":"WHEELER","51a":"SIP","52a":"WARHEAD","54a":"SEAGULL","56a":"SABENA","57a":"STEREO","58a":"TOPSY","59a":"SEEDY","1d":"UPSALA","2d":"NEOLITH","3d":"CLUBFOOT","4d":"UAR","5d":"TGIF","6d":"COOLONESHEELS","7d":"EDWIN","8d":"LINT","9d":"LOU","10d":"SUPERB","12d":"ENID","14d":"STOOL","16d":"GREETEDTHEDAY","18d":"ONCE","21d":"EVERYTIME","24d":"EMMUSKA","26d":"CAHOOTS","28d":"SERAI","30d":"SCOWS","32d":"SKI","33d":"THE","35d":"TREASURE","37d":"DEFILED","38d":"KNEW","39d":"HORAS","40d":"ARARAT","43d":"DEPLOY","45d":"KHANS","46d":"REES","49d":"WEEP","50d":"RATS","53d":"HBO","55d":"GEE"}}