{"numbers":[["1","2","3","4","5","6","7","8","-","-","9","10","11","12","-"],["13","","","","","","","","-","14","","","","","15"],["16","","","","","","","","-","17","","","","",""],["18","","","","-","19","","","20","","","","","",""],["21","","","-","-","-","22","","","","-","23","","",""],["24","","","25","-","26","","","","","27","","","","-"],["28","","","","29","","","-","30","","","","-","-","-"],["31","","","","","","-","-","-","32","","","33","34","35"],["-","-","-","36","","","37","-","38","","","","","",""],["-","39","40","","","","","41","","","-","42","","",""],["43","","","","-","44","","","","-","-","-","45","",""],["46","","","","47","","","","","48","-","49","","",""],["50","","","","","","-","51","","","52","","","",""],["53","","","","","","-","54","","","","","","",""],["-","55","","","","-","-","56","","","","","","",""]],"clues":{"1a":"Cyclists' cousins","9a":"\"Rambo\" rescuees","13a":"Mundane","14a":"Scribes","16a":"Love songs: It.","17a":"Portuguese peso","18a":"Egyptian goddess","19a":"Head of a team of eight","21a":"TV comic Margaret","22a":"Words of Caesar","23a":"Island bird","24a":"Have it ___","26a":"Lighting specialists?","28a":"Grain beards","30a":"Run ___","31a":"Pear product","32a":"Head garland","36a":"Suffix with stink","38a":"Breakfast food","39a":"Crime phrase","42a":"Special agents","43a":"Old Syria","44a":"Markers","45a":"\"___ Man\" (1967 hit)","46a":"Whirling dance","49a":"Without ___ (daringly)","50a":"Apt","51a":"Colorless, flammable gas","53a":"Hearths","54a":"After-dinner drink","55a":"Tarot reader","56a":"Consider in new light","1d":"Robert Preston Broadway role","2d":"Wall Street unit","3d":"Kind of table","4d":"Split personalities?","5d":"Put on","6d":"LAX data","7d":"Thelma and John","8d":"Atomizers' contents","9d":"Click","10d":"Irregular","11d":"Charm","12d":"Car choices","14d":"Related to finances","15d":"It won't get far by running","20d":"Like ___ not","25d":"Worthy","26d":"Descendants of Moses' brother","27d":"Scotland's Monastery of ___","29d":"Punishes publicly","33d":"Overwhelm","34d":"Euclidean work","35d":"Endangered animals","37d":"Native Oklahoman","38d":"Underground conduit","39d":"Saps","40d":"Rowing equipment, in old parlance","41d":"Radio wave emitter","43d":"King of the Huns","47d":"Chi. Cub or Atl. Brave, e.g.","48d":"By another way: Lat.","49d":"Top guns","52d":"Mag. edition"},"answers":{"1a":"MOPEDERS","9a":"MIAS","13a":"UNEXOTIC","14a":"PENMEN","16a":"SERENATE","17a":"ESCUDO","18a":"ISIS","19a":"STNICHOLAS","21a":"CHO","22a":"ETTU","23a":"NENE","24a":"MADE","26a":"ARSONISTS","28a":"ARISTAS","30a":"RIOT","31a":"NECTAR","32a":"ANADEM","36a":"EROO","38a":"GRANOLA","39a":"DOESNTPAY","42a":"TMEN","43a":"ARAM","44a":"IOUS","45a":"IMA","46a":"TARANTELLA","49a":"ANET","50a":"LIABLE","51a":"SILICANE","53a":"INGLES","54a":"ANISETTE","55a":"SEER","56a":"REASSESS","1d":"MUSICMAN","2d":"ONESHARE","3d":"PERIODIC","4d":"EXES","5d":"DON","6d":"ETAS","7d":"RITTERS","8d":"SCENTS","9d":"MESH","10d":"INCONSTANT","11d":"AMULET","12d":"SEDANS","14d":"PECUNIARY","15d":"NOSE","20d":"ITOR","25d":"ESTEEMABLE","26d":"AARONITES","27d":"IONA","29d":"TARS","33d":"DOMINATE","34d":"ELEMENTS","35d":"MANATEES","37d":"OTOE","38d":"GASLINE","39d":"DRAINS","40d":"OARAGE","41d":"PULSAR","43d":"ATLI","47d":"NLER","48d":"ALIA","49d":"ACES","52d":"ISS"}}