{"numbers":[["1","2","3","4","5","-","6","7","8","9","-","10","11","12","13"],["14","","","","","-","15","","","","-","16","","",""],["17","","","","","-","18","","","","-","19","","",""],["20","","","","","21","","","","","22","","","",""],["23","","","","","","","-","24","","","","-","-","-"],["-","-","-","-","25","","","-","26","","","","27","28","29"],["30","31","32","33","","","","-","34","","","","","",""],["35","","","","-","-","-","-","-","-","-","36","","",""],["37","","","","38","39","40","-","41","42","43","","","",""],["44","","","","","","","-","45","","","-","-","-","-"],["-","-","-","46","","","","-","47","","","48","49","50","51"],["52","53","54","","","","","55","","","","","","",""],["56","","","","-","57","","","","-","58","","","",""],["59","","","","-","60","","","","-","61","","","",""],["62","","","","-","63","","","","-","64","","","",""]],"clues":{"1a":"Pandora's release","6a":"\"The Man Who Came to Dinner\" playwright","10a":"Pointed criticisms","14a":"Alice's cat in \"Alice in Wonderland\"","15a":"Blue Bonnet product","16a":"Scope","17a":"\"See if ___!\"","18a":"Flip","19a":"Appearance","20a":"San Francisco site","23a":"Bridge support","24a":"\"Red Roses for a Blue Lady\" singer","25a":"That, in Tijuana","26a":"Euripides tragedy","30a":"Milieu for Edith Piaf","34a":"Search for","35a":"Corporate name in chemicals","36a":"Welland Canal terminus","37a":"Evening event","41a":"Performed badly","44a":"Have some faith","45a":"Prince Valiant's firstborn","46a":"Lasting introduction","47a":"Where Athens is","52a":"San Francisco site","56a":"Flash","57a":"Gaelic Ireland","58a":"Future star","59a":"Israeli airline","60a":"Editor's notation","61a":"Hersey locale","62a":"Kind of swoop","63a":"Miss Trueheart","64a":"Ernie and others","1d":"Word from on high","2d":"Wakefield V.I.P","3d":"Absurd","4d":"Greases up","5d":"Protection","6d":"Grilling site","7d":"Oceans","8d":"Lives","9d":"Proportional","10d":"Crowded","11d":"___ da capo","12d":"It may have a head but not a tail","13d":"Sent to the bottom","21d":"Ultimatum word","22d":"Patella's place","27d":"One who sees red?","28d":"Devastation","29d":"Suit to___","30d":"Hair raiser, perhaps","31d":"Shampoo ingredient","32d":"Sci. course","33d":"Best Picture of 1977","38d":"Golfer Ballesteros","39d":"Hillary's conquest","40d":"Home wrecker","41d":"Refrigerator decorators","42d":"Furies","43d":"Rainier cover?","48d":"Aunt of song","49d":"___Abdel Nasser","50d":"Peace goddess","51d":"60's hairdos","52d":"Where esnes slaved","53d":"Unoccupied","54d":"Imprimatur","55d":"War god"},"answers":{"1a":"EVILS","6a":"HART","10a":"JABS","14a":"DINAH","15a":"OLEO","16a":"AREA","17a":"ICARE","18a":"TOSS","19a":"MIEN","20a":"CANDLESTICKPARK","23a":"TRESTLE","24a":"DANA","25a":"ESA","26a":"ELECTRA","30a":"CABARET","34a":"SEEKOUT","35a":"OLIN","36a":"ERIE","37a":"MOONSET","41a":"MISDONE","44a":"BELIEVE","45a":"ARN","46a":"EVER","47a":"GEORGIA","52a":"FISHERMANSWHARF","56a":"IDEA","57a":"EIRE","58a":"COMER","59a":"ELAL","60a":"STET","61a":"ADANO","62a":"FELL","63a":"TESS","64a":"PYLES","1d":"EDICT","2d":"VICAR","3d":"INANE","4d":"LARDS","5d":"SHELTER","6d":"HOTSEAT","7d":"ALOT","8d":"RESIDES","9d":"TOSCALE","10d":"JAMPACKED","11d":"ARIA","12d":"BEER","13d":"SANK","21d":"ELSE","22d":"KNEE","27d":"TORO","28d":"RUIN","29d":"ATEE","30d":"COMB","31d":"ALOE","32d":"BIOL","33d":"ANNIEHALL","38d":"SEVE","39d":"EVEREST","40d":"TERMITE","41d":"MAGNETS","42d":"IRES","43d":"SNOWCAP","48d":"RHODY","49d":"GAMAL","50d":"IRENE","51d":"AFROS","52d":"FIEF","53d":"IDLE","54d":"SEAL","55d":"ARES"}}