{"numbers":[["1","2","3","4","-","5","6","7","8","9","-","10","11","12","13"],["14","","","","-","15","","","","","-","16","","",""],["17","","","","18","","","","","","-","19","","",""],["20","","","","","","","-","21","","22","","","",""],["-","-","-","23","","","","24","-","25","","","","-","-"],["26","27","28","","","-","29","","30","-","31","","","32","33"],["34","","","","","35","-","36","","37","-","38","","",""],["39","","","-","40","","41","","","","42","-","43","",""],["44","","","45","-","46","","","-","47","","48","","",""],["49","","","","50","-","51","","52","-","53","","","",""],["-","-","54","","","55","-","56","","57","","","-","-","-"],["58","59","","","","","60","-","61","","","","62","63","64"],["65","","","","-","66","","67","","","","","","",""],["68","","","","-","69","","","","","-","70","","",""],["71","","","","-","72","","","","","-","73","","",""]],"clues":{"1a":"Shakespearean title start","5a":"Rock's UB40, e.g.","10a":"Sailor, informally","14a":"Marciano match","15a":"Doorbell","16a":"Shooter of thunderbolts","17a":"Alexander the Great's horse","19a":"Strauss's \"___ Nacht in Venedig\"","20a":"Studio","21a":"Not a member of the reserves","23a":"\"The Wizard of Oz\" producer Mervyn","25a":"Indy champ Luyendyk","26a":"Mr. Levant","29a":"Henpeck, in a way","31a":"1966 Michael Caine role","34a":"Cicadas' sounds","36a":"L-P connection","38a":"\"Lohengrin\" heroine","39a":"A dog's age","40a":"Winter wear","43a":"Blue chip initials","44a":"Sacramento arena","46a":"Trivial Pursuit piece","47a":"Skirmish","49a":"Sedaka and Simon","51a":"Mouths","53a":"Dentist's gas","54a":"Peace Garden State: Abbr.","56a":"Luigi's ladder","58a":"1957 Henry Fonda film, with \"The\"","61a":"Surfaces","65a":"Latin 101 word","66a":"Dale Evans's horse","68a":"Past due","69a":"City SSE of Buffalo","70a":"___ breve","71a":"Kuwaiti leader","72a":"Quasimodo's charges","73a":"\"Harper's Weekly\" cartoonist","1d":"Palindromic pop group","2d":"Oaf","3d":"\"Time\" founder","4d":"Brilliant","5d":"Fall color","6d":"Styx ferryman","7d":"Up to","8d":"Big birds","9d":"Seed cover","10d":"Hospital-clean","11d":"Tex Ritter's horse","12d":"Top of the line","13d":"___ Rabbit","18d":"General Beauregard","22d":"Southern constellation","24d":"Bellyaches","26d":"Indian, for one","27d":"\"Encino Man\" star Pauly ___","28d":"Ulysses S. Grant's horse","30d":"Wildebeest","32d":"Cordage fiber","33d":"Glutton","35d":"Spring riser","37d":"Frequently, in poetry","41d":"Cruise port","42d":"Gas station attendant","45d":"Graybeard","48d":"1984 sci-fi film","50d":"Plopped down","52d":"Solvent","55d":"Barbecue entree","57d":"Solemn assents","58d":"Yarn","59d":"Teheran V.I.P.","60d":"\"I before e, except after c,\" e.g.","62d":"Desert monster","63d":"Plumbing joints","64d":"Three-handed card game","67d":"___ Aviv"},"answers":{"1a":"ALLS","5a":"OCTET","10a":"SWAB","14a":"BOUT","15a":"CHIME","16a":"THOR","17a":"BUCEPHALUS","19a":"EINE","20a":"ATELIER","21a":"STARTER","23a":"LEROY","25a":"ARIE","26a":"OSCAR","29a":"NAG","31a":"ALFIE","34a":"CHIRRS","36a":"MNO","38a":"ELSA","39a":"EON","40a":"EARMUFF","43a":"ATT","44a":"ARCO","46a":"PIE","47a":"TUSSLE","49a":"NEILS","51a":"ORA","53a":"ETHER","54a":"NDAK","56a":"SCALA","58a":"TINSTAR","61a":"EMERGES","65a":"AMAT","66a":"BUTTERMILK","68a":"LATE","69a":"OLEAN","70a":"ALLA","71a":"EMIR","72a":"BELLS","73a":"NAST","1d":"ABBA","2d":"LOUT","3d":"LUCE","4d":"STELLAR","5d":"OCHER","6d":"CHARON","7d":"TIL","8d":"EMUS","9d":"TESTA","10d":"STERILE","11d":"WHITEFLASH","12d":"AONE","13d":"BRER","18d":"PIERRE","22d":"ARA","24d":"YAMMERS","26d":"OCEAN","27d":"SHORE","28d":"CINCINNATI","30d":"GNU","32d":"ISTLE","33d":"EATER","35d":"SAP","37d":"OFT","41d":"RIO","42d":"FUELER","45d":"OLDSTER","48d":"STARMAN","50d":"SAT","52d":"ACETAL","55d":"KABOB","57d":"AMENS","58d":"TALE","59d":"IMAM","60d":"RULE","62d":"GILA","63d":"ELLS","64d":"SKAT","67d":"TEL"}}