{"numbers":[["1","2","3","4","5","6","-","7","8","9","10","-","11","12","13"],["14","","","","","","-","15","","","","-","16","",""],["17","","","","","","18","","","","","-","19","",""],["-","-","-","20","","","","-","21","","","22","","",""],["23","24","25","-","26","","","27","-","28","","","","",""],["29","","","30","-","31","","","32","","","","","",""],["33","","","","34","-","-","35","","","","","-","-","-"],["36","","","","","-","37","","","-","38","","39","40","41"],["-","-","-","42","","43","","","-","-","44","","","",""],["45","46","47","","","","","","48","49","-","50","","",""],["51","","","","","","-","52","","","53","-","54","",""],["55","","","","","","56","-","57","","","58","-","-","-"],["59","","","-","60","","","61","","","","","62","63","64"],["65","","","-","66","","","","-","67","","","","",""],["68","","","-","69","","","","-","70","","","","",""]],"clues":{"1a":"Nimble","7a":"Warbler James","11a":"Ammo","14a":"Shed","15a":"Glad rags","16a":"A month of Sundays","17a":"Start of a question","19a":"Murmur","20a":"Sprinkle","21a":"Stood by, as an alibi","23a":"Sleeve","26a":"It's a long story","28a":"Returned","29a":"Meter ___","31a":"Part 2 of the question","33a":"39th Veep","35a":"Bottle size","36a":"Effectiveness","37a":"Part 3 of the question","38a":"An Allen","42a":"Stringency","44a":"Amusement park feature","45a":"Part 4 of the question","50a":"Constantly","51a":"Takes advantage (of)","52a":"1937 Tommy Dorsey hit","54a":"Purpose","55a":"Choral piece","57a":"\"Otello\" baritone","59a":"Upset","60a":"End of the question","65a":"You can spend it in Romania","66a":"Solar deity","67a":"Uneasy","68a":"W.W. II craft","69a":"Voters' choices","70a":"___d'etat. (for the good of the country): Fr.","1d":"TV's Bundy and others","2d":"___ gratias","3d":"Encouraging word","4d":"___ about (legalistic phrase)","5d":"\"___ a dark and stormy .. .\"","6d":"Biblical adversary of Nehemiah","7d":"Bloke","8d":"Little ones","9d":"Used the most","10d":"Humans on flying saucers, e.g.","11d":"Crook a finger at","12d":"It covers little piggies","13d":"Head wraps","18d":"Actress Swenson","22d":"Victor's laugh","23d":"Latin I word","24d":"Fad","25d":"First word of \"The Battle Hymn of the Republic\"","27d":"Wing feature","30d":"Lion locale","32d":"On","34d":"Triple Crown winner in '41","37d":"Meshech prince, in the Bible","39d":"Swarm","40d":"Yemen port","41d":"One who's not in","43d":"Develop slowly","45d":"Betty Joan Perske, familiarly","46d":"Weasels out of","47d":"Disperse, as a search party","48d":"Kind of cloth","49d":"Orange or lemon, e.g.","53d":"Rocket stage","56d":"Cruising","58d":"\"You're the___ Care For\"","61d":"___and outs","62d":"Sports scores, for short","63d":"Kind of mania","64d":"Cave"},"answers":{"1a":"ADROIT","7a":"ETTA","11a":"BBS","14a":"LEANTO","15a":"GARB","16a":"EON","17a":"SOHOWBIGDID","19a":"COO","20a":"RAIN","21a":"STUCKTO","23a":"ARM","26a":"SAGA","28a":"ECHOED","29a":"MAID","31a":"HAILSTONES","33a":"AGNEW","35a":"LITER","36a":"TEETH","37a":"GET","38a":"ETHAN","42a":"RIGOR","44a":"SLIDE","45a":"BEFOREGOLF","50a":"EVER","51a":"AVAILS","52a":"NOLA","54a":"END","55a":"CANTATA","57a":"IAGO","59a":"ADO","60a":"WASINVENTED","65a":"LEU","66a":"ATEN","67a":"ONEDGE","68a":"LST","69a":"YEAS","70a":"RAISON","1d":"ALS","2d":"DEO","3d":"RAH","4d":"ONOR","5d":"ITWAS","6d":"TOBIAH","7d":"EGG","8d":"TADS","9d":"TRITEST","10d":"ABDUCTEES","11d":"BECKON","12d":"BOOTEE","13d":"SNOODS","18d":"INGA","22d":"CHORTLE","23d":"AMAT","24d":"RAGE","25d":"MINE","27d":"AILERON","30d":"DETROIT","32d":"LIT","34d":"WHIRLAWAY","37d":"GOG","39d":"HIVE","40d":"ADEN","41d":"NERD","43d":"GESTATE","45d":"BACALL","46d":"EVADES","47d":"FANOUT","48d":"LOIN","49d":"FLAVOR","53d":"AGENA","56d":"ASEA","58d":"ONEI","61d":"INS","62d":"TDS","63d":"EGO","64d":"DEN"}}