{"numbers":[["1","2","3","4","5","-","6","7","8","9","-","10","11","12","13"],["14","","","","","-","15","","","","-","16","","",""],["17","","","","","-","18","","","","-","19","","",""],["20","","","","","21","","","","","-","22","","",""],["-","-","-","-","23","","","","-","24","25","","","",""],["26","27","28","29","","","-","30","31","","","","-","-","-"],["32","","","","-","33","34","","","-","35","","36","37","38"],["39","","","","40","","","-","41","42","","","","",""],["43","","","","","-","44","45","","","-","46","","",""],["-","-","-","47","","48","","","-","49","50","","","",""],["51","52","53","","","","-","54","55","","","-","-","-","-"],["56","","","","-","57","58","","","","","59","60","61","62"],["63","","","","-","64","","","","-","65","","","",""],["66","","","","-","67","","","","-","68","","","",""],["69","","","","-","70","","","","-","71","","","",""]],"clues":{"1a":"Man with a whale of a tale?","6a":"Texas city","10a":"Invoice stamp","14a":"Tickle one's fancy","15a":"Shah's land","16a":"Columnist Bombeck","17a":"Doctor","18a":"Pay no ___","19a":"Actor Richard","20a":"Cheap liquor","22a":"Unmixed","23a":"Go on","24a":"Emotional period","26a":"Airplane engine","30a":"Kind of booth or opposition","32a":"Basso Pinza","33a":"Ishmael's son-in-law","35a":"Obvious onlooker","39a":"Most bounteous","41a":"Make good as new","43a":"Fairy tale villain","44a":"Toward sunrise","46a":"Award given by The Village Voice","47a":"TV's \"The ___ and the Restless\"","49a":"Marzipan base","51a":"Children, in English dialect","54a":"Pro ___","56a":"Cartoonist Peter","57a":"Fair","63a":"Pharmacist's sale","64a":"Fizzled out","65a":"Oil, in Orleans","66a":"Quayle's successor","67a":"\"___dust shall thou return\"","68a":"Rub out","69a":"Water pitcher","70a":"Like Franklin's Richard","71a":"Did a cobbler's job","1d":"Tight spots","2d":"Sign to heed","3d":"Manet's \"Olympia,\" e.g.","4d":"30% of the world","5d":"Badger, as a speaker","6d":"Non-macho men","7d":"Piece for Pavarotti","8d":"Isn't able to","9d":"Next up","10d":"Voyeur","11d":"Monster with 100 eyes","12d":"Pottery from Japan","13d":"They may be great","21d":"\"Rawhide\" role for Eastwood","25d":"Antique autos","26d":"Plundered, old-style","27d":"Mediterranean's Cote d'___","28d":"\"Venus de ___\"","29d":"Flag for Captain Kidd","31d":"Not theirs","34d":"W.W. II gun","36d":"The gray wolf","37d":"Actress Moran","38d":"Marsh plant","40d":"North Carolina school","42d":"States, in St. Lo","45d":"Accept","48d":"Gone","50d":"Carpenters' machines","51d":"Sheriff's star","52d":"Symbol of straightness","53d":"Get used (to)","55d":"Dual conjunction","58d":"Italian wine","59d":"Prefix with centric","60d":"Poison holder","61d":"Other","62d":"Want"},"answers":{"1a":"JONAH","6a":"WACO","10a":"PAID","14a":"AMUSE","15a":"IRAN","16a":"ERMA","17a":"MEDIC","18a":"MIND","19a":"EGAN","20a":"SNEAKYPETE","22a":"PURE","23a":"LAST","24a":"CRISIS","26a":"RAMJET","30a":"TOKEN","32a":"EZIO","33a":"ESAU","35a":"OGLER","39a":"FULLEST","41a":"RESTORE","43a":"TROLL","44a":"EAST","46a":"OBIE","47a":"YOUNG","49a":"ALMOND","51a":"BAIRNS","54a":"RATA","56a":"ARNO","57a":"EVENSTEVEN","63a":"DRUG","64a":"DIED","65a":"HUILE","66a":"GORE","67a":"UNTO","68a":"ERASE","69a":"EWER","70a":"POOR","71a":"SOLED","1d":"JAMS","2d":"OMEN","3d":"NUDE","4d":"ASIA","5d":"HECKLE","6d":"WIMPS","7d":"ARIETTA","8d":"CANT","9d":"ONDECK","10d":"PEEPINGTOM","11d":"ARGUS","12d":"IMARI","13d":"DANES","21d":"YATES","25d":"REOS","26d":"REFT","27d":"AZUR","28d":"MILO","29d":"JOLLYROGER","31d":"OURS","34d":"STEN","36d":"LOBO","37d":"ERIN","38d":"REED","40d":"ELON","42d":"ETATS","45d":"AGREETO","48d":"USEDUP","50d":"LATHES","51d":"BADGE","52d":"ARROW","53d":"INURE","55d":"ANDOR","58d":"VINO","59d":"EURO","60d":"VIAL","61d":"ELSE","62d":"NEED"}}