{"numbers":[["1","2","3","4","5","6","-","-","7","8","9","10","11","12","-","13","14","15","16","17","18"],["19","","","","","","-","20","","","","","","","-","21","","","","",""],["22","","","","","","-","23","","","","","","","-","24","","","","",""],["25","","","","","","26","","","","","","","","27","","-","28","","",""],["-","-","-","-","29","","","","","","-","-","-","30","","","31","","-","-","-"],["32","33","34","-","-","35","","","","-","36","37","38","","","-","39","","40","41","42"],["43","","","44","45","","","","-","46","","","","","","-","47","","","",""],["48","","","","","","","-","49","","","","","","-","50","","","","",""],["51","","","","","","-","-","52","","","","","-","53","","","","","",""],["54","","","","-","55","56","57","","","","-","58","59","","","","","-","-","-"],["60","","","","61","","","","-","62","","63","-","64","","","","","65","66","67"],["-","-","-","68","","","","","69","-","70","","71","","","","-","72","","",""],["73","74","75","","","","","-","76","77","","","","-","-","78","79","","","",""],["80","","","","","","-","81","","","","","","-","82","","","","","",""],["83","","","","","-","84","","","","","","-","85","","","","","","",""],["86","","","","","-","87","","","","","-","88","","","","-","-","89","",""],["-","-","-","90","","91","","","-","-","-","92","","","","","93","-","-","-","-"],["94","95","96","","-","97","","","98","99","100","","","","","","","101","102","103","104"],["105","","","","106","","-","107","","","","","","","-","108","","","","",""],["109","","","","","","-","110","","","","","","","-","111","","","","",""],["112","","","","","","-","113","","","","","","-","-","114","","","","",""]],"clues":{"1a":"Language from which \"bog\" is derived","7a":"Peer Gynt's Arabic love","13a":"Begin a losing streak","19a":"Part of the iris","20a":"Fish that spawns at high tide","21a":"Galileo's muse","22a":"\"Noises Off\" and others","23a":"Phantom","24a":"Shred","25a":"Unexpected hitch","28a":"Commercial ___","29a":"Little terror of children's literature","30a":"\"Little Rascals\" creator Hal","32a":"Car ad abbr.","35a":"Cubemeister Rubik","36a":"Fold","39a":"German metaphysicist","43a":"Brooklyn Bridge engineer","46a":"Intended","47a":"\"All systems ___!\"","48a":"Secures","49a":"___-weenie","50a":"Activities","51a":"1983 Michael Jackson hit","52a":"\"America's Most Wanted\" info","53a":"Fever","54a":"Pearl Harbor tributes","55a":"Arrest","58a":"Judicial writ","60a":"Adds spice to","62a":"Rock group with a blissful-sounding name","64a":"Hairlike","68a":"Spiff up","70a":"\"Green Mansions\" novelist William Henry ___","72a":"Crossword bird","73a":"\"Chilly Scenes of Winter\" author","76a":"In ___ (unborn)","78a":"Three times","80a":"Robin Hood, e.g.","81a":"Toast to one's health","82a":"\"Man of ___\"","83a":"Track athlete","84a":"\"A Girl Named ___\" (1962 film)","85a":"Fakery","86a":"Kind of tank","87a":"Agreement","88a":"Head material, perhaps","89a":"Your: Fr.","90a":"On the mother's side of the family","92a":"East Indian sailor","94a":"Seed covering","97a":"Clumsy one","105a":"Freshwater minnow","107a":"Crescent-shaped window","108a":"Levi Strauss rival","109a":"Tenor Jan","110a":"Type of afferent nerve","111a":"___ Institute (self-improvement group)","112a":"St. George, for one","113a":"Casino employee","114a":"Not uniform","1d":"Kind of sail","2d":"Asian sea","3d":"Spine-tingling: Var.","4d":"Points","5d":"Actress Graff","6d":"Impossible dream","7d":"Recitative song","8d":"Blue picture","9d":"Sharing, as a secret","10d":"Type of steering","11d":"Ship cabin","12d":"\"The Vampire Lestat\" writer","13d":"Architectural drop","14d":"Jody's mother in \"The Yearling\"","15d":"Best seller of 1951, with \"The\"","16d":"Aware of","17d":"Emulated Ananais","18d":"Throw down the gauntlet","20d":"Turning right","26d":"Brass","27d":"Score unit","31d":"In disarray","32d":"Fit for farming","33d":"Irish moonshine","34d":"Sears specialty","36d":"High hopes","37d":"___ Lang (Superbody's girlfriend)","38d":"Aromatic seed","40d":"Kind of pool","41d":"Shirred items","42d":"Destruction","44d":"What crazy people have","45d":"Weeks per annum?","46d":"Name of four Popes","49d":"Chess champ Mikhail","50d":"Selfish one","53d":"Lifesaver","56d":"Buy into a poker game","57d":"Apply","59d":"O.T.C. grads, perhaps","61d":"One who's seen combat","63d":"Antique shop item","65d":"Get situated","66d":"If","67d":"Some lawn mowers","69d":"\"The Flying Finn\"","71d":"Telegraph bit","73d":"Sounds of impact","74d":"Lexicographer Partridge","75d":"Defendant's friend, often: Abbr.","77d":"Words after \"hop\" or \"get around\"","79d":"Angry, with \"up\"","81d":"Like a den, often","82d":"Actress Lords","84d":"\"Swan Lake\" garb","85d":"More extravagant","88d":"Five to ten, e.g.?","91d":"Yokum boy","92d":"Milk, in Milano","93d":"Mrs. Gorbachev","94d":"Dadaist pieces","95d":"Projectionist's need","96d":"Inkling","98d":"Elegance","99d":"Quechua ruler","100d":"Buzz's lunar partner","101d":"Bellows painting \"___ at Sharkey's\"","102d":"Guard's cry","103d":"Eminently draftable","104d":"Pioneering video game","106d":"The rocks in \"on the rocks\""},"answers":{"1a":"GAELIC","7a":"ANITRA","13a":"GOCOLD","19a":"AREOLA","20a":"GRUNION","21a":"URANIA","22a":"FARCES","23a":"EIDOLON","24a":"TATTER","25a":"FLYINTHEOINTMENT","28a":"CODE","29a":"ELOISE","30a":"ROACH","32a":"APR","35a":"ERNO","36a":"PLAIT","39a":"HEGEL","43a":"ROEBLING","46a":"FIANCE","47a":"AREGO","48a":"ATTAINS","49a":"TEENIE","50a":"DOINGS","51a":"BEATIT","52a":"ALIAS","53a":"HOTNESS","54a":"LEIS","55a":"HAULIN","58a":"ELEGIT","60a":"ENLIVENS","62a":"XTC","64a":"TRICHOID","68a":"NEATEN","70a":"HUDSON","72a":"ERNE","73a":"BEATTIE","76a":"UTERO","78a":"THRICE","80a":"ARCHER","81a":"PROSIT","82a":"THEYEAR","83a":"MILER","84a":"TAMIKO","85a":"PRETENSE","86a":"SCUBA","87a":"UNITY","88a":"FOAM","89a":"TES","90a":"ENATE","92a":"LASCAR","94a":"ARIL","97a":"BULLINACHINASHOP","105a":"REDFIN","107a":"LUNETTE","108a":"GITANO","109a":"PEERCE","110a":"EXCITOR","111a":"ESALEN","112a":"SLAYER","113a":"DEALER","114a":"RAGTAG","1d":"GAFF","2d":"ARAL","3d":"EERY","4d":"LOCI","5d":"ILENE","6d":"CASTLEINTHEAIR","7d":"ARIOSO","8d":"NUDIE","9d":"INON","10d":"TILT","11d":"ROOM","12d":"ANNERICE","13d":"GUTTA","14d":"ORA","15d":"CATCHERINTHERYE","16d":"ONTO","17d":"LIED","18d":"DARE","20d":"GEEING","26d":"HORNS","27d":"NOTE","31d":"CHAOTIC","32d":"ARABLE","33d":"POTEEN","34d":"RETAIL","36d":"PIEINTHESKY","37d":"LANA","38d":"ANISE","40d":"GENE","41d":"EGGS","42d":"LOSS","44d":"BATSINTHEBELFRY","45d":"LII","46d":"FELIX","49d":"TAL","50d":"DOGINTHEMANGER","53d":"HERO","56d":"ANTE","57d":"USE","59d":"LTS","61d":"VETERAN","63d":"CURIO","65d":"ORIENT","66d":"INCASE","67d":"DEERES","69d":"NURMI","71d":"DOT","73d":"BAMS","74d":"ERIC","75d":"ACLU","77d":"TOIT","79d":"HET","81d":"PANELLED","82d":"TRACI","84d":"TUTU","85d":"POSHER","88d":"FACTOR","91d":"ABNER","92d":"LATTE","93d":"RAISA","94d":"ARPS","95d":"REEL","96d":"IDEA","98d":"LUXE","99d":"INCA","100d":"NEIL","101d":"STAG","102d":"HALT","103d":"ONEA","104d":"PONG","106d":"ICE"}}