{"numbers":[["1","2","3","4","-","5","6","7","8","-","9","10","11","12","13"],["14","","","","-","15","","","","-","16","","","",""],["17","","","","-","18","","","","-","19","","","",""],["-","20","","","21","","","","","22","","","","","-"],["-","-","-","23","","","-","-","24","","","","-","-","-"],["25","26","27","","","","28","29","","","","-","30","31","32"],["33","","","","-","34","","","-","-","35","36","","",""],["37","","","","-","38","","","39","40","-","41","","",""],["42","","","","43","-","-","44","","","-","45","","",""],["46","","","-","47","48","49","","","","50","","","",""],["-","-","-","51","","","","-","-","52","","","-","-","-"],["-","53","54","","","","","55","56","","","","57","58","-"],["59","","","","","-","60","","","","-","61","","","62"],["63","","","","","-","64","","","","-","65","","",""],["66","","","","","-","67","","","","-","68","","",""]],"clues":{"1a":"They rank above Pfc.'s","5a":"Address for a lady","9a":"Lamb servings","14a":"\"Whoops\"","15a":"\"___You\" (Platters hit)","16a":"Protection","17a":"Metric prefix","18a":"Tetley products","19a":"Stag-party attendees","20a":"Many a Fifth Avenue habitue","23a":"Yevtushenko's \"Babi___\"","24a":"___of March","25a":"Young faddist","30a":"Toy gun ammo","33a":"Overhead lighting?","34a":"Salt Lake City player","35a":"Lacking, with \"of\"","37a":"Hecklers' missiles","38a":"\"Get lost!\"","41a":"Drama award","42a":"Tsetses","44a":"Rhoda's mom, in 70's TV","45a":"Part of a paper roll","46a":"Countdown start","47a":"Nightclub gadabout","51a":"Role for Leontyne","52a":"Sloppy ___","53a":"Stovetop appliance","59a":"Life-jacket innards","60a":"Noodle","61a":"Commercial endorsement","63a":"Harsh","64a":"\"Mystery\" host Diana","65a":"Aden. Zumwalt","66a":"Snappish","67a":"Give___ up (assist)","68a":"Engrossed","1d":"Cow's chew","2d":"\"That was close!\"","3d":"Mathematical sets of points","4d":"Rudolph has one","5d":"Tourist transport","6d":"Once more","7d":"Voiced sigh","8d":"Gershwin-Weill ballad","9d":"Park patrons","10d":"Piles","11d":"Girl-watch","12d":"Fishing site","13d":"Draft org.","21d":"24 hours","22d":"Poem of praise","25d":"It's a steal","26d":"Two under par","27d":"Illinois city","28d":"How some stocks are sold: Abbr.","29d":"Jeopardy","30d":"Appear suddenly","31d":"Payola","32d":"Have the helm","36d":"It makes salsa picante","39d":"\"Fables in Slang\" author","40d":"Bridge alternative","43d":"Remain loyal to","48d":"Hubbub","49d":"Ms. Streisand","50d":"\"Alley ___\"","51d":"To the left, to Bligh","53d":"Stride","54d":"Unlocks, to Milton","55d":"Diamond of fame","56d":"Summon","57d":"Fitzgerald of scat","58d":"Roast cut","59d":"\"Krazy___\"","62d":"Understood"},"answers":{"1a":"CPLS","5a":"MAAM","9a":"CHOPS","14a":"UHOH","15a":"ONLY","16a":"AEGIS","17a":"DECI","18a":"TEAS","19a":"MALES","20a":"WINDOWSHOPPER","23a":"YAR","24a":"IDES","25a":"TEENYBOPPER","30a":"BBS","33a":"HALO","34a":"UTE","35a":"SHORT","37a":"EGGS","38a":"SCRAM","41a":"OBIE","42a":"FLIES","44a":"IDA","45a":"TUBE","46a":"TEN","47a":"TABLEHOPPER","51a":"AIDA","52a":"JOE","53a":"POPCORNPOPPER","59a":"KAPOK","60a":"BEAN","61a":"PLUG","63a":"ACERB","64a":"RIGG","65a":"ELMO","66a":"TESTY","67a":"ALEG","68a":"RAPT","1d":"CUD","2d":"PHEW","3d":"LOCI","4d":"SHINYNOSE","5d":"MOTORBUS","6d":"ANEW","7d":"ALAS","8d":"MYSHIP","9d":"CAMPERS","10d":"HEAPS","11d":"OGLE","12d":"PIER","13d":"SSS","21d":"DAY","22d":"ODE","25d":"THEFT","26d":"EAGLE","27d":"ELGIN","28d":"OTC","29d":"PERIL","30d":"BOBUP","31d":"BRIBE","32d":"STEER","36d":"HOTPEPPER","39d":"ADE","40d":"MAHJONGG","43d":"STICKBY","48d":"ADO","49d":"BARBRA","50d":"OOP","51d":"APORT","53d":"PACE","54d":"OPES","55d":"NEIL","56d":"PAGE","57d":"ELLA","58d":"RUMP","59d":"KAT","62d":"GOT"}}