{"numbers":[["1","2","3","4","5","6","-","-","7","8","9","10","11","12","-","13","14","15","16","17","18"],["19","","","","","","-","20","","","","","","","-","21","","","","",""],["22","","","","","","23","","","","","","","","24","","","","","",""],["-","25","","","","","","","-","-","26","","","-","27","","","","","","-"],["-","-","-","-","28","","","-","29","30","","","","-","31","","","-","-","-","-"],["32","33","34","35","","","-","36","","","","","-","37","","","-","-","38","39","40"],["41","","","","-","-","42","","","","-","-","43","","","","-","44","","",""],["45","","","","46","47","","","","","48","49","","","","","50","","","",""],["51","","","-","52","","","","-","-","53","","","","-","-","54","","","",""],["55","","","56","","","","-","57","58","","","","","-","59","","","","",""],["-","-","-","60","","","","61","","","-","62","","","63","","","","-","-","-"],["64","65","66","","","","-","67","","","68","","","-","69","","","","70","71","72"],["73","","","","","-","-","74","","","","-","-","75","","","","-","76","",""],["77","","","","","78","79","","","","","80","81","","","","","82","","",""],["83","","","","-","84","","","","-","-","85","","","","-","-","86","","",""],["87","","","-","-","88","","","-","89","90","","","","-","91","92","","","",""],["-","-","-","-","93","","","-","94","","","","","-","95","","","-","-","-","-"],["-","96","97","98","","","","-","99","","","-","-","100","","","","101","102","103","-"],["104","","","","","","","105","","","","106","107","","","","","","","","108"],["109","","","","","","-","110","","","","","","","-","111","","","","",""],["112","","","","","","-","113","","","","","","-","-","114","","","","",""]],"clues":{"1a":"Hercules feats","7a":"Alphonse's friend, in the comics","13a":"Legendary name in bridge","19a":"Turkish hospice","20a":"Merlin's stock-in-trade","21a":"European airline","22a":"Start of a verse","25a":"Informer, informally","26a":"\"___ live and breathe!\"","27a":"Cars with Teletouch transmission","28a":"Means of enlightenment","29a":"Specifically","31a":"Undergrad degrees","32a":"Baking potatoes","36a":"Greenland air base","37a":"Of city govt.","38a":"Gasp of delight","41a":"Allgood of stage and screen","42a":"Husband of Ruth","43a":"Shape","44a":"___ Domini","45a":"More of the verse","51a":"Kind of dye","52a":"Site of the first Olympics","53a":"Clearance","54a":"Symbol of hardness","55a":"Thin white linen fabric","57a":"Old Blood and Guts","59a":"Sportscaster Vin","60a":"Greenhorns","62a":"Moil and toil","64a":"Shipping route","67a":"Enlivened","69a":"Trollope's \"The ___ Diamonds\"","73a":"Presses","74a":"Colorful fish","75a":"First name in folk music","76a":"Mimi's dissent","77a":"More of the verse","83a":"Arms recipient, maybe","84a":"On ___ with","85a":"Architect Mies var der ___","86a":"___ jet","87a":"Madrigal","88a":"Women's grp. since 1890","89a":"Repeat oneself, in a way","91a":"\"Tristam Shandy\" author","93a":"Hang out","94a":"Piqued","95a":"Scandanavian actress Aulin","96a":"In ___ res","99a":"Untried","100a":"Neighbor of Oakland","104a":"End of the verse","109a":"Verdi opera, 1887","110a":"Apportion","111a":"Football unit","112a":"Facade","113a":"Goes all out","114a":"Forwarded","1d":"French flower","2d":"Conjugation bit","3d":"Switch's partner","4d":"Church calendar","5d":"Senora's long scarf","6d":"Stone pillars","7d":"Maudlin sentimentality","8d":"Usher's offering","9d":"Write badly","10d":"Comedienne O'Shea","11d":"Circle","12d":"Comic author Bill","13d":"Hunky-dory","14d":"1989 underwater thriller, with \"The\"","15d":"Grant","16d":"City south of Moscow","17d":"It's not fair!","18d":"Maneuverable, as a ship","20d":"Jeanne or Bernadette, e.g.: Abbr.","23d":"\"A Spy in the House of Love\" author","24d":"Mount Palomar sighting","29d":"\"___ said,...\"","30d":"Anise-flavored liqueur","32d":"Shorthand inventor Pitman","33d":"Tony of \"Who's the Boss?\"","34d":"Woolf's \"___ of One's Own\"","35d":"Beaver, for one","36d":"Eight-six","37d":"Pavarotti's birthplace","38d":"Newsman Roger","39d":"Start for fours or sides","40d":"Heavy and awkward looking","42d":"Third little pig's material","43d":"Old servant's phrase of address","44d":"To ___ (excessively)","46d":"Valor","47d":"\"The Cocktail Party\" poet","48d":"Alphabet trio","49d":"Paint choice","50d":"Canine's neighbor","56d":"Snifter's contents, maybe","57d":"Bombard","58d":"Flu type","59d":"Waterfall","61d":"Front line?","63d":"Prophetic writer","64d":"Cordage fiber","65d":"Skipping syllables","66d":"Turbulent","68d":"Windy City, breezily","70d":"Displease","71d":"\"Twenty Years on Broadway\" autobiographer","72d":"Among: Fr.","75d":"Wimbledon winner, 1975","78d":"Heater","79d":"Scattered","80d":"Hanover Stake, e.g.","81d":"\"Last Days of Pompeii\" girl","82d":"Seine sight","89d":"Father","90d":"Person with unwashable briefs","91d":"Pitchman","92d":"Steamed dish","93d":"Bride's beat","94d":"The Dow, e.g.","95d":"Draper's measure","96d":"Speck","97d":"Gershwin biographer David","98d":"Hill's opposite","100d":"Back","101d":"Makes do, with \"out\"","102d":"Bathyspheric mission","103d":"Ancient sun disk","104d":"\"Mazel ___!\"","105d":"1952 hit \"Botch-___\"","106d":"Caught","107d":"Suffix with rigor or vigor","108d":"Tolkein tree-man"},"answers":{"1a":"LABORS","7a":"GASTON","13a":"JACOBY","19a":"IMARET","20a":"SORCERY","21a":"IBERIA","22a":"SAIDBENTOMRSBENMYDEAR","25a":"STOOLIE","26a":"ASI","27a":"EDSELS","28a":"ZEN","29a":"TOWIT","31a":"BAS","32a":"IDAHOS","36a":"THULE","37a":"MUN","38a":"OOH","41a":"SARA","42a":"BOAZ","43a":"MOLD","44a":"ANNO","45a":"ANOTHERSTORMYDAYIFEAR","51a":"AZO","52a":"ELIS","53a":"SALE","54a":"NAILS","55a":"CAMBRIC","57a":"PATTON","59a":"SCULLY","60a":"ROOKIES","62a":"TRAVAIL","64a":"STRAIT","67a":"SPICED","69a":"EUSTACE","73a":"IRONS","74a":"OPAH","75a":"ARLO","76a":"NON","77a":"SAIDMRSBENITISNTRIGHT","83a":"ALLY","84a":"APAR","85a":"ROHE","86a":"LEAR","87a":"LAY","88a":"DAR","89a":"CLONE","91a":"STERNE","93a":"AIR","94a":"IRATE","95a":"EWA","96a":"MEDIAS","99a":"NEW","100a":"ALAMEDA","104a":"TOWASTEADAYGOFLYAKITE","109a":"OTELLO","110a":"METEOUT","111a":"ELEVEN","112a":"VENEER","113a":"EXERTS","114a":"RESENT","1d":"LIS","2d":"AMAS","3d":"BAIT","4d":"ORDO","5d":"REBOZO","6d":"STELES","7d":"GOO","8d":"ARM","9d":"SCRAWL","10d":"TESSIE","11d":"ORBIT","12d":"NYE","13d":"JIMDANDY","14d":"ABYSS","15d":"CEDE","16d":"OREL","17d":"BIAS","18d":"YAR","20d":"STE","23d":"NIN","24d":"NEBULA","29d":"THAT","30d":"OUZO","32d":"ISAAC","33d":"DANZA","34d":"AROOM","35d":"HAT","36d":"TOSS","37d":"MODENA","38d":"ONEIL","39d":"ONALL","40d":"HORSY","42d":"BRICK","43d":"MYLORD","44d":"AFAULT","46d":"HEROISM","47d":"ELIOT","48d":"RST","49d":"MATTE","50d":"INCISOR","56d":"BRANDY","57d":"PEPPER","58d":"ASIAN","59d":"SAULT","61d":"ISOBAR","63d":"VERNE","64d":"SISAL","65d":"TRALA","66d":"ROILY","68d":"CHI","70d":"ANGER","71d":"COHAN","72d":"ENTRE","75d":"ASHE","78d":"RADIATOR","79d":"SPARSE","80d":"TROT","81d":"IONE","82d":"ILE","89d":"CREATE","90d":"LAWYER","91d":"SWAYER","92d":"TAMALE","93d":"AISLE","94d":"INDEX","95d":"ELL","96d":"MOTE","97d":"EWEN","98d":"DALE","100d":"AFT","101d":"EKES","102d":"DIVE","103d":"ATEN","104d":"TOV","105d":"AME","106d":"GOT","107d":"OUS","108d":"ENT"}}