{"numbers":[["1","2","3","4","-","-","5","6","7","8","9","10","11","12","13"],["14","","","","15","-","16","","","","","","","",""],["17","","","","","-","18","","","","","","","",""],["19","","","","","20","-","21","","","","","","",""],["22","","","","","","23","-","24","","","-","-","-","-"],["-","-","-","25","","","","26","-","27","","28","29","30","31"],["32","33","34","","","","","","35","-","36","","","",""],["37","","","","-","38","","","","39","-","40","","",""],["41","","","","42","-","43","","","","44","","","",""],["45","","","","","46","-","47","","","","","-","-","-"],["-","-","-","-","48","","49","-","50","","","","51","52","53"],["54","55","56","57","","","","58","-","59","","","","",""],["60","","","","","","","","61","-","62","","","",""],["63","","","","","","","","","-","64","","","",""],["65","","","","","","","","","-","-","66","","",""]],"clues":{"1a":"Get juice from","5a":"Hunter's quest","14a":"Birch","16a":"Learned","17a":"Hollow rock","18a":"Glassed-in garden","19a":"Fortify","21a":"Boas","22a":"NASA robot","24a":"Put down, in slang","25a":"Livy's stars","27a":"Boil down","32a":"Modern outfits","36a":"Songwriter Cahn","37a":"Not a pretty fruit","38a":"\"I don't believe it!\"","40a":"Quiet spot","41a":"Brass","43a":"Stroke of good fortune?","45a":"\"Paint Your Wagon\" costar Jean","47a":"Glove material","48a":"Curve","50a":"One way to the top","54a":"Ride the waves","59a":"You, evidently","60a":"S.E.C. employees","62a":"Ballerina Shearer","63a":"Alaskan waters","64a":"\"Golf Begins at Forty\" author","65a":"Zippy","66a":"Maroon's locale","1d":"Stormed","2d":"Turgenev heroine","3d":"Ornament","4d":"Thoughtful","5d":"Maximal ending","6d":"Virtuosos","7d":"Fragment","8d":"X-rated, perhaps","9d":"Passes","10d":"\"So ___\" (Jimmy Dorsey hit)","11d":"Bedelia's home, in a folk song","12d":"Flood","13d":"Fitness centers","15d":"Niche","20d":"Try to mooch from","23d":"Temper","26d":"Greek \"holy mountain\"","28d":"Pasta dish","29d":"Novel of the South Seas","30d":"Slangy summons","31d":"Kid","32d":"Some crossword clues","33d":"\"The African Queen\" screenwriter","34d":"Strike-monitoring agcy.","35d":"Roman goddess of health","39d":"Calendar rows","42d":"Going back to the start","44d":"Curry favor and crack a joke, e.g.","46d":"90's fashion look","49d":"High point","51d":"Creepers","52d":"Untamed","53d":"___ secret","54d":"Nogales newborn","55d":"Slow movers","56d":"Brave","57d":"Norse giant","58d":"At liberty, in Munich","61d":"Pouch"},"answers":{"1a":"REAM","5a":"EASTEREGG","14a":"ALDER","16a":"SCHOLARLY","17a":"GEODE","18a":"TERRARIUM","19a":"ENRICH","21a":"SERPENTS","22a":"DANTEII","24a":"DIS","25a":"ASTRA","27a":"DECOCT","32a":"PANTSUITS","36a":"SAMMY","37a":"UGLI","38a":"PSHAW","40a":"NOOK","41a":"NERVE","43a":"HOLEINONE","45a":"SEBERG","47a":"SUEDE","48a":"ARC","50a":"SKILIFT","54a":"BODYSURF","59a":"SOLVER","60a":"EXAMINERS","62a":"MOIRA","63a":"BERINGSEA","64a":"SNEAD","65a":"ENERGETIC","66a":"ISLE","1d":"RAGED","2d":"ELENA","3d":"ADORN","4d":"MEDITATIVE","5d":"EST","6d":"ACES","7d":"SHRED","8d":"TORRID","9d":"ELAPSES","10d":"RARE","11d":"ERIN","12d":"GLUT","13d":"GYMS","15d":"RECESS","20d":"HITUP","23d":"IRISH","26d":"ATHOS","28d":"CANNELLONI","29d":"OMOO","30d":"CMON","31d":"TYKE","32d":"PUNS","33d":"AGEE","34d":"NLRB","35d":"SALUS","39d":"WEEKS","42d":"ERASING","44d":"IDIOMS","46d":"GRUNGE","49d":"CREST","51d":"IVIES","52d":"FERAL","53d":"TRADE","54d":"BEBE","55d":"OXEN","56d":"DARE","57d":"YMIR","58d":"FREI","61d":"SAC"}}