{"numbers":[["1","2","3","4","-","5","6","7","8","-","9","10","11","12","-","13","14","15","16","17","18"],["19","","","","-","20","","","","-","21","","","","-","22","","","","",""],["23","","","","24","","","","","25","","","","","-","26","","","","",""],["27","","","","","-","28","","","","-","-","29","","30","","-","31","","",""],["-","-","-","32","","33","","","","","34","35","","","","","36","","-","-","-"],["37","38","39","-","40","","","-","-","-","41","","","","","-","42","","43","44","45"],["46","","","47","-","48","","49","50","51","","","-","-","-","52","","","","",""],["53","","","","54","","-","55","","","","","56","57","58","","","-","59","",""],["60","","","","","","-","61","","","-","-","62","","","","-","63","","",""],["64","","","","","","65","-","66","","67","-","68","","","","69","","","-","-"],["-","70","","","","-","71","72","","","","73","","","","-","74","","","75","-"],["-","-","76","","","77","","","","-","78","","","-","79","80","","","","","81"],["82","83","","","-","84","","","","-","-","85","","86","-","87","","","","",""],["88","","","-","89","","","","","90","91","","","","-","92","","","","",""],["93","","","94","","","-","-","-","95","","","","","96","","-","97","","",""],["98","","","","","-","99","100","101","","","-","-","-","102","","103","-","104","",""],["-","-","-","105","","106","","","","","","107","108","109","","","","110","-","-","-"],["111","112","113","","-","114","","","","-","-","115","","","","-","116","","117","118","119"],["120","","","","121","","-","122","","123","124","","","","","125","","","","",""],["126","","","","","","-","127","","","","-","128","","","","-","129","","",""],["130","","","","","","-","131","","","","-","132","","","","-","133","","",""]],"clues":{"1a":"60's teens","5a":"Bit of kelp, e.g.","9a":"Italian wine city","13a":"Pioneering hypnotist","19a":"Drop","20a":"Where the kip is currency","21a":"Roll up","22a":"Run out","23a":"Like many a jailbird?","26a":"Goad","27a":"Haughty look","28a":"Body passage","29a":"Horned vipers","31a":"Deutschland song","32a":"Transporting white envelopes?","37a":"Cartoonist Browne","40a":"Witticism","41a":"Mitigates","42a":"Erstwhile catalogue","46a":"Opposed, in oaters","48a":"Farm alarm","52a":"Kind of tunnel","53a":"Dethrone","55a":"Ill effect of some rock?","59a":"Long Island Sound city","60a":"Nightclub","61a":"Dummy","62a":"Singer Tennille","63a":"Dappled","64a":"Saying","66a":"Méditerranée, e.g.","68a":"Hits the hay","70a":"Chemical endings","71a":"Gold mine for brew lovers?","74a":"Author Umberto et al.","76a":"Imagine","78a":"CBer's \"bear\"","79a":"Porky Pig's girlfriend","82a":"Stage doings","84a":"Eighth-century Chinese poet","85a":"East Lansing sch.","87a":"Beauty parlor procedures","88a":"Showy wrap","89a":"Result of too much filing by the manicurist?","92a":"Where the bees are","93a":"A Dionne","95a":"Some smiths","97a":"Leeds's river","98a":"Low-lying areas","99a":"Expanse","102a":"Brit. lexicon","104a":"Classicist's subs.","105a":"Direction to the special effects guy?","111a":"Deposit","114a":"\"Good Luck Miss Wyckoff\" writer","115a":"Appear","116a":"Wonderland cake message","120a":"Nitrogen compounds","122a":"These may have been given to Ishmael?","126a":"Kind of wheel","127a":"Cartoonist Peter","128a":"King's address","129a":"Rombauer of cookbook fame","130a":"Drops of water, e.g.","131a":"It's \"east\" of Toledo","132a":"Chuck","133a":"Australian hoppers","1d":"Liverwort kin","2d":"Arabian land","3d":"Joint","4d":"Beef on the hoof","5d":"Garment under a chasuble","6d":"Lambaste","7d":"Convicted crime boss John","8d":"Pale","9d":"Mil. post","10d":"Latin possessive","11d":"\"The Crucible\" happenings","12d":"\"Maybe\"","13d":"Bright group","14d":"River of Somersetshire","15d":"Bee participant","16d":"The south of France","17d":"Perry's creator","18d":"Saxophone, e.g.","24d":"Recipient of a beating","25d":"Physics unit","30d":"Canadian chiefs","33d":"Sewer worker of 50's TV","34d":"Eponymous British Bobby","35d":"Swiss river","36d":"Danish writer Dinesen","37d":"Smears","38d":"Light","39d":"Play an amorous detective?","43d":"Where the criminal seaman ended up?","44d":"Martha of \"Hellzapoppin\"","45d":"Inuit conveyance","47d":"Some fishermen","49d":"C.I.A., once","50d":"Indecent","51d":"Saved for future viewing","52d":"Third-century date","54d":"Emerge","56d":"Secures with seat belts","57d":"Broke clods","58d":"Successful","63d":"Money: Lat.","65d":"Range","67d":"Old Fox sitcom","69d":"Put a new point on","72d":"Artist's workspace","73d":"Non-italic","75d":"Notched range","77d":"End in ___","80d":"Slip remover","81d":"To date","82d":"Slumbering","83d":"Robin Cook book","86d":"Little: Suffix","89d":"Actress Virna","90d":"Print indelibly","91d":"Actress Talbot","94d":"Map explanations","96d":"Gadabouts","99d":"Lacrosse squad","100d":"Jamaican music","101d":"Muslim moguls","103d":"Vier preceded","106d":"They hold tight","107d":"\"-y\" equivalent","108d":"Part of L.C.M.","109d":"Sun: Prefix","110d":"Mr. Arafat","111d":"Reindeer herder","112d":"Sheik Abdel Rahman","113d":"Conn of \"Benson\"","117d":"By way of, old-style","118d":"Office note","119d":"Those, to Juanita","121d":"Hackberry, for one","123d":"Bang maker","124d":"Me, it's often said","125d":"Jazzman Montgomery"},"answers":{"1a":"MODS","5a":"ALGA","9a":"ASTI","13a":"MESMER","19a":"OMIT","20a":"LAOS","21a":"FURL","22a":"EXPIRE","23a":"SAVEDBYTHEBAIL","26a":"NEEDLE","27a":"SNEER","28a":"ITER","29a":"ASPS","31a":"LIED","32a":"RUNNINGPALEMAIL","37a":"DIK","40a":"MOT","41a":"EASES","42a":"SEARS","46a":"AGIN","48a":"ROOSTER","52a":"CARPAL","53a":"UNSEAT","55a":"SHALESHOCK","59a":"RYE","60a":"BISTRO","61a":"SAP","62a":"TONI","63a":"PIED","64a":"STATING","66a":"MER","68a":"RETIRES","70a":"ENES","71a":"ALEDORADO","74a":"ECOS","76a":"DREAMOF","78a":"COP","79a":"PETUNIA","82a":"ACTS","84a":"TUFU","85a":"MSU","87a":"RINSES","88a":"BOA","89a":"LITTLENAIL","92a":"APIARY","93a":"EMILIE","95a":"TINNERS","97a":"AIRE","98a":"DALES","99a":"TRACT","102a":"OED","104a":"LAT","105a":"GIVEEMHAILHARRY","111a":"LODE","114a":"INGE","115a":"SEEM","116a":"EATME","120a":"AMINES","122a":"GETWHALEWISHES","126a":"PADDLE","127a":"ARNO","128a":"SIRE","129a":"IRMA","130a":"PRISMS","131a":"ESTE","132a":"TOSS","133a":"ROOS","1d":"MOSS","2d":"OMAN","3d":"DIVE","4d":"STEER","5d":"ALB","6d":"LAYINTO","7d":"GOTTI","8d":"ASHEN","9d":"AFB","10d":"SUA","11d":"TRIALS","12d":"ILLSEE","13d":"MENSA","14d":"EXE","15d":"SPELLER","16d":"MIDI","17d":"ERLE","18d":"REED","24d":"DRUM","25d":"ERG","30d":"PMS","33d":"NORTON","34d":"PEEL","35d":"AARE","36d":"ISAK","37d":"DAUBS","38d":"IGNITE","39d":"KISSANDTAIL","43d":"APRISONSAIL","44d":"RAYE","45d":"SLED","47d":"NETTERS","49d":"OSS","50d":"SHAMEFUL","51d":"TAPED","52d":"CCII","54d":"ARISE","56d":"STRAPSIN","57d":"HOED","58d":"ONTOP","63d":"PECUNIA","65d":"GAMUT","67d":"ROC","69d":"RETIP","72d":"LOFT","73d":"ROMAN","75d":"SIERRA","77d":"ATIE","80d":"ERASER","81d":"ASYET","82d":"ABED","83d":"COMA","86d":"ULE","89d":"LISI","90d":"ETCH","91d":"NITA","94d":"LEGENDS","96d":"ROAMERS","99d":"TEN","100d":"REGGAE","101d":"AMEERS","103d":"DREI","106d":"VISES","107d":"ISH","108d":"LEAST","109d":"HELIO","110d":"YASIR","111d":"LAPP","112d":"OMAR","113d":"DIDI","117d":"THRO","118d":"MEMO","119d":"ESAS","121d":"ELM","123d":"TNT","124d":"WOE","125d":"WES"}}