{"numbers":[["-","-","-","1","2","3","4","5","6","7","8","9","-","-","-"],["-","10","11","","","","","","","","","","12","13","-"],["14","","","","","","","","","","","","","","15"],["16","","","-","17","","","","","-","-","-","18","",""],["19","","","20","","-","21","","","22","-","23","","",""],["24","","","","-","-","-","-","-","25","26","","","",""],["27","","","","28","29","30","31","32","","","","-","-","-"],["33","","","-","34","","","","","","","-","35","36","37"],["-","-","-","38","","","","","","","","39","","",""],["40","41","42","","","","-","-","-","-","-","43","","",""],["44","","","","-","45","46","47","48","-","49","","","",""],["50","","","-","-","-","51","","","52","","-","53","",""],["54","","","55","56","57","","","","","","58","","",""],["-","59","","","","","","","","","","","","","-"],["-","-","-","60","","","","","","","","","-","-","-"]],"clues":{"1a":"Venezuelan lake or seaport","10a":"Lightheaded ones?","14a":"Pastime for two","16a":"Andean tuber","17a":"Tender","18a":"Middling mark","19a":"Giant Brave","21a":"Drinking spree","23a":"\"Excuse me...\"","24a":"Complacent","25a":"Fishermen","27a":"Caps","33a":"Some H.S. students","34a":"Up-and-comers, perhaps","35a":"Detectives' discoveries: Abbr.","38a":"Delusion","40a":"Wear","43a":"This, senor","44a":"Reclined","45a":"Vishnu incarnation","49a":"Sisters of Charity founder","50a":"Chronological division","51a":"Noblewoman","53a":"River to Solway Firth","54a":"The Southern Crown","59a":"Old means of punishment","60a":"Trees with dark, fragrant wood","1d":"Year in Louis Vll's reign","2d":"Rubber center","3d":"Gambrel, for one","4d":"Overhead","5d":"Intaglio's counterpart","6d":"Male: Prefix","7d":"Give___whirl","8d":"Science fiction writer Bova","9d":"Azog or Bolg of Middle-earth","10d":"Green-plumed tropical bird","11d":"Warnings, once","12d":"Place of one's own","13d":"Scorn, with \"at\"","14d":"Crows","15d":"Screen ___ (old TV company)","20d":"U.S. scientific satellite of the 60's","22d":"Dentures","23d":"Singer Jarreau and others","26d":"Robert the Bruce's tongue","28d":"Budge","29d":"More robust","30d":"Hoarder's goal","31d":"Conservative start","32d":"Cause of a blowup","35d":"Relate incorrectly","36d":"Formation of bone","37d":"Disciplines, in a way","38d":"Capture","39d":"Lilliputian","40d":"Smart one","41d":"Old European card game","42d":"Pageant prop","46d":"\"This is___!\" (crimebuster's cry)","47d":"Volcano opening","48d":"Goose genus","49d":"Icy pinnacle","52d":"R. &amp; B. singer James","55d":"Where Its. are educated","56d":"When doubled, a Gauguin book","57d":"Massachusetts cape","58d":"Three-toed sloths"},"answers":{"1a":"MARACAIBO","10a":"JACKOLANTERNS","14a":"BALLROOMDANCING","16a":"OCA","17a":"OFFER","18a":"CEE","19a":"AARON","21a":"TOOT","23a":"AHEM","24a":"SMUG","25a":"EELERS","27a":"TAMOSHANTERS","33a":"SRS","34a":"TALENTS","35a":"MOS","38a":"WILLOTHEWISP","40a":"ATTIRE","43a":"ESTA","44a":"LAIN","45a":"RAMA","49a":"SETON","50a":"ERA","51a":"RANEE","53a":"ESK","54a":"CORONAAUSTRALIS","59a":"CATONINETAILS","60a":"SANDARACS","1d":"MCL","2d":"AKRON","3d":"ROOF","4d":"ALOFT","5d":"CAMEO","6d":"ANDRO","7d":"ITA","8d":"BEN","9d":"ORC","10d":"JACAMAR","11d":"ALARUMS","12d":"NICHE","13d":"SNEER","14d":"BOASTS","15d":"GEMS","20d":"OGO","22d":"TEETH","23d":"ALS","26d":"ERSE","28d":"STIR","29d":"HALER","30d":"ALL","31d":"NEO","32d":"TNT","35d":"MISTELL","36d":"OSTOSIS","37d":"SPANKS","38d":"WIN","39d":"WEE","40d":"ALEC","41d":"TAROC","42d":"TIARA","46d":"ARAID","47d":"MAUNA","48d":"ANSER","49d":"SERAC","52d":"ETTA","55d":"OTS","56d":"NOA","57d":"ANN","58d":"AIS"}}