{"numbers":[["1","2","3","-","4","5","6","7","8","-","9","10","11","12","13"],["14","","","-","15","","","","","-","16","","","",""],["17","","","-","18","","","","","-","19","","","",""],["20","","","21","","","","","","22","","","-","-","-"],["23","","","","","-","-","-","24","","","","25","26","27"],["28","","","","-","29","30","31","-","32","","","","",""],["33","","","-","34","","","","35","-","36","","","",""],["-","-","-","37","","","","","","38","","","-","-","-"],["39","40","41","","","-","42","","","","","-","43","44","45"],["46","","","","","47","-","48","","","-","49","","",""],["50","","","","","","51","-","-","-","52","","","",""],["-","-","-","53","","","","54","55","56","","","","",""],["57","58","59","","","-","60","","","","","-","61","",""],["62","","","","","-","63","","","","","-","64","",""],["65","","","","","-","66","","","","","-","67","",""]],"clues":{"1a":"Dolphin family member","4a":"Terra___","9a":"Mrs. Gorbachev","14a":"Comment from 33-Across","15a":"Oscar, e.g.","16a":"Mayflower Compact signer","17a":"___ major (legal doctrine)","18a":"\"Faust\" character","19a":"New York's Little ___","20a":"Start of a lapel-button warning message","23a":"Cut down","24a":"Mexican snack","28a":"Hoo-ha","29a":"American rival","32a":"Words after see, hear or speak","33a":"Barnyard belle","34a":"Simplifies, with \"down\"","36a":"Rocket stage","37a":"Part 2 of the message","39a":"Capable of making mistakes","42a":"Football's Papa Bear, George ___","43a":"Wrecker","46a":"Come out","48a":"\"Mayberry___\"","49a":"Singer Amos","50a":"Matt Dillon, e.g.","52a":"Snouted beast","53a":"End of the message (we warned you!)","57a":"Spice-rack item","60a":"Gettysburg victor","61a":"Jazz musician","62a":"Run off","63a":"Tidal ___","64a":"G.P. grp.","65a":"It's unfathomable","66a":"Chose, with \"for\"","67a":"Back talk","1d":"Make unnecessary","2d":"___Coalition","3d":"Washington's ___ Range","4d":"Military group","5d":"One who charges","6d":"Rikki-tikki-___","7d":"Math subject","8d":"Wing it","9d":"Four Monopoly properties","10d":"Inseparable friend","11d":"G. &amp; S. princess","12d":"French seasoning","13d":"___ which way","21d":"Siouan Indian","22d":"Dog holder","25d":"\"___ had it!\"","26d":"___ lizzie","27d":"Schnozz extension","29d":"Coal measure","30d":"Genie's grant","31d":"Hitching post?","34d":"Cask openings","35d":"Kind of portrait","37d":"Esculent roots","38d":"Groovy, these days","39d":"Border","40d":"Actress Thurman","41d":"Debussy's \"La ___\"","43d":"Kind of anesthetic","44d":"Paper art","45d":"Eavesdrop, in a way","47d":"Wear away","49d":"Smear","51d":"Bar dance?","52d":"The way things go","54d":"___ tide","55d":"Skiing memento, perhaps","56d":"Garfield's pal","57d":"Maude portrayer","58d":"Priest's garment","59d":"Kind of sauce"},"answers":{"1a":"ORC","4a":"COTTA","9a":"RAISA","14a":"BAA","15a":"AWARD","16a":"ALDEN","17a":"VIS","18a":"DEVIL","19a":"ITALY","20a":"INCORRIGIBLE","23a":"ABATE","24a":"BURRITO","28a":"TODO","29a":"TWA","32a":"NOEVIL","33a":"EWE","34a":"BOILS","36a":"AGENA","37a":"PUNSTERDO","39a":"HUMAN","42a":"HALAS","43a":"TOW","46a":"EMERGE","48a":"RFD","49a":"TORI","50a":"MARSHAL","52a":"TAPIR","53a":"NOTINCORRIGE","57a":"BASIL","60a":"MEADE","61a":"CAT","62a":"ELOPE","63a":"BASIN","64a":"AMA","65a":"ABYSS","66a":"OPTED","67a":"LIP","1d":"OBVIATE","2d":"RAINBOW","3d":"CASCADE","4d":"CADRE","5d":"OWER","6d":"TAVI","7d":"TRIG","8d":"ADLIB","9d":"RAILROADS","10d":"ALTEREGO","11d":"IDA","12d":"SEL","13d":"ANY","21d":"OTO","22d":"BUN","25d":"IVE","26d":"TIN","27d":"OLA","29d":"TON","30d":"WISH","31d":"ALTAR","34d":"BUNGHOLES","35d":"SELF","37d":"PARSNIPS","38d":"RAD","39d":"HEM","40d":"UMA","41d":"MER","43d":"TOPICAL","44d":"ORIGAMI","45d":"WIRETAP","47d":"EAT","49d":"TAR","51d":"LIMBO","52d":"TREND","54d":"NEAP","55d":"CAST","56d":"ODIE","57d":"BEA","58d":"ALB","59d":"SOY"}}