{"numbers":[["1","2","3","4","5","6","-","7","8","9","10","-","11","12","13"],["14","","","","","","-","15","","","","-","16","",""],["17","","","","","","18","","","","","-","19","",""],["20","","","","","-","21","","","","-","22","","",""],["23","","","-","24","25","","-","-","26","27","","","",""],["28","","","29","-","30","","31","-","-","32","","","",""],["-","-","-","33","34","","","","-","35","","","","",""],["-","36","37","","","","","","38","","","","","","-"],["39","","","","","","-","40","","","","","-","-","-"],["41","","","","","-","-","42","","","-","43","44","45","46"],["47","","","","","48","-","-","49","","50","-","51","",""],["52","","","","-","53","54","55","","-","56","57","","",""],["58","","","-","59","","","","","60","","","","",""],["61","","","-","62","","","","-","63","","","","",""],["64","","","-","65","","","","-","66","","","","",""]],"clues":{"1a":"Whom Simple Simon met","7a":"Worn out","11a":"Marciano stats","14a":"Ancient mystic","15a":"Alternative to Charles de Gaulle","16a":"A Mrs. Mickey Rooney","17a":"Lunch item","19a":"Pro-___","20a":"Make even","21a":"Stringed grp.","22a":"Ahab's father","23a":"D.C. summer hrs.","24a":"Lith., formerly","26a":"Of the first category","28a":"Fishing equipment","30a":"Curling inning","32a":"Francophone's income","33a":"Cosmetician Lauder","35a":"Like Pinocchio","36a":"Lunch item","39a":"\"As You Like It\" character","40a":"Physicist Bruno","41a":"Disgruntled employee's words","42a":"Pub serving","43a":"Thin wood strip","47a":"Fertilizers","49a":"Nettle","51a":"Fourth letter of the Arabic alphabet","52a":"Hairdresser's preparations","53a":"Pound, for one","56a":"Cigar tips","58a":"\"___ tu\" (Verdi aria)","59a":"Lunch item","61a":"New Yorker cartoonist Chast","62a":"___ out (scrapes by)","63a":"Greek markets","64a":"Mariner's dir.","65a":"Foreign start","66a":"Attacks on all sides","1d":"Effervescent \"Dr.\"","2d":"Tristram's beloved","3d":"Possessions left behind","4d":"Intend","5d":"Starts a pool","6d":"Art movement prefix","7d":"Planck contemporary","8d":"Red navigator","9d":"Capital of Attica?","10d":"Cobb and others","11d":"Capital of Nepal","12d":"Exceed, in away","13d":"Japanese guitar","18d":"Ophthalmologist's study","22d":"Margarine ingredient","25d":"Paving stones","27d":"Greek or Maltese, e.g.","29d":"Author Ursula et al.","31d":"Actress Winger","34d":"Take care of","35d":"North Sea feeder","36d":"Southwestern cowboys","37d":"Make uniform","38d":"Light of Humbert Humbert's life","39d":"Tots of liquor","44d":"Clothes","45d":"Start of a Seuss title","46d":"Talks (over)","48d":"Nietzsche's \"Thus___ Zarathustra\"","50d":"Small anchor","54d":"Presage","55d":"Conoco rival","57d":"Deux, dos, due et al.","59d":"Do voodoo","60d":"Collar"},"answers":{"1a":"PIEMAN","7a":"BEAT","11a":"KOS","14a":"ESSENE","15a":"ORLY","16a":"AVA","17a":"POTATOCHIPS","19a":"TEM","20a":"PLANE","21a":"ORCH","22a":"OMRI","23a":"EDT","24a":"SSR","26a":"ACLASS","28a":"REEL","30a":"END","32a":"RENTE","33a":"ESTEE","35a":"WOODEN","36a":"VEGETABLESOUP","39a":"JAQUES","40a":"ROSSI","41a":"IQUIT","42a":"ALE","43a":"LATH","47a":"GUANOS","49a":"IRK","51a":"THA","52a":"GELS","53a":"POET","56a":"ETTES","58a":"ERI","59a":"HAMSANDWICH","61a":"ROZ","62a":"EKES","63a":"AGORAE","64a":"SSE","65a":"XENO","66a":"BESETS","1d":"PEPPER","2d":"ISOLDE","3d":"ESTATE","4d":"MEAN","5d":"ANTES","6d":"NEO","7d":"BOHR","8d":"ERIC","9d":"ALPHA","10d":"TYS","11d":"KATMANDU","12d":"OVERSTEP","13d":"SAMISEN","18d":"CORNEA","22d":"OLEOOIL","25d":"SETTS","27d":"CROSS","29d":"LEGUINS","31d":"DEBRA","34d":"SEETO","35d":"WESER","36d":"VAQUEROS","37d":"EQUALIZE","38d":"LOLITA","39d":"JIGGERS","44d":"ATTIRE","45d":"THECAT","46d":"HASHES","48d":"SPAKE","50d":"KEDGE","54d":"OMEN","55d":"ESSO","57d":"TWOS","59d":"HEX","60d":"NAB"}}