{"numbers":[["1","2","3","4","5","6","7","8","9","-","10","11","12","13","14"],["15","","","","","","","","","-","16","","","",""],["17","","","","","","","","","-","18","","","",""],["19","","","-","20","","","","-","21","","","","",""],["22","","","23","","","","-","24","","","","","",""],["25","","","","","-","-","26","","","","","","",""],["27","","","","","28","29","","","","-","30","","",""],["-","-","-","-","31","","","","","","32","-","-","-","-"],["33","34","35","36","-","37","","","","","","38","39","40","41"],["42","","","","43","","","","-","-","44","","","",""],["45","","","","","","","-","46","47","","","","",""],["48","","","","","","-","49","","","","-","50","",""],["51","","","","","-","52","","","","","53","","",""],["54","","","","","-","55","","","","","","","",""],["56","","","","","-","57","","","","","","","",""]],"clues":{"1a":"Luminesced","10a":"Course","15a":"Fatalness","16a":"J.P. Donleavy novel","17a":"Kudos","18a":"Like many teacups","19a":"Ultimate","20a":"Tropical fruit tree","21a":"Spread","22a":"Most newspapers","24a":"Plot","25a":"Sea eagles","26a":"Search party members","27a":"Backsliding","30a":"1981 Beatty-Keaton epic","31a":"Mountaineers","33a":"Canine cries","37a":"Hires too many employees","42a":"Spayed","44a":"Lofty nest: Var.","45a":"Snubbed","46a":"Bygone empress","48a":"City on the Bay of Bengal","49a":"Nectar flavor","50a":"Male cat","51a":"Nom de guerre","52a":"Chew","54a":"Shade","55a":"Linked in a series","56a":"Fired up","57a":"Vulgarity","1d":"Throw dirt on","2d":"2.471 acres","3d":"Restless","4d":"Conductance unit","5d":"Feeling of discomfort","6d":"Cheer","7d":"Disneyland attractions","8d":"Parisian summers","9d":"Functional prefix","10d":"Absterges","11d":"Student","12d":"TV show's spot","13d":"Having protective wrapping","14d":"Dispirits","21d":"Brainteasers","23d":"Manannan's father, in myth","24d":"Stand in (for)","26d":"Aheap","28d":"Makes baskets","29d":"Made a copy on a floppy","32d":"Candle-wax compounds","33d":"Vivify","34d":"King's privileges","35d":"Financial support","36d":"Safekeeping","38d":"Burgh on the Firth of Clyde","39d":"Aircraft carrier escort","40d":"Sets that have limits","41d":"Ocean floors","43d":"Pencil topper","46d":"Seed coat","47d":"Overindulges","49d":"Famous name in TV talk","52d":"Year in King John's reign","53d":"Hoosegow"},"answers":{"1a":"SHIMMERED","10a":"CLASS","15a":"LETHALITY","16a":"LEILA","17a":"ACCOLADES","18a":"EARED","19a":"NTH","20a":"ATES","21a":"PARTED","22a":"DAILIES","24a":"CONNIVE","25a":"ERNES","26a":"POSSEMEN","27a":"REGRESSIVE","30a":"REDS","31a":"SCALERS","33a":"ARFS","37a":"OVERSTAFFS","42a":"NEUTERED","44a":"EYRIE","45a":"IGNORED","46a":"TSARINA","48a":"MADRAS","49a":"PEAR","50a":"GIB","51a":"ALIAS","52a":"MASTICATE","54a":"TINGE","55a":"CATENATED","56a":"EAGER","57a":"CRASSNESS","1d":"SLANDER","2d":"HECTARE","3d":"ITCHING","4d":"MHO","5d":"MALAISES","6d":"ELATE","7d":"RIDES","8d":"ETES","9d":"DYS","10d":"CLEANS","11d":"LEARNER","12d":"AIRTIME","13d":"SLEEVED","14d":"SADDENS","21d":"POSERS","23d":"LER","24d":"COVER","26d":"PILED","28d":"SCORES","29d":"SAVED","32d":"STEARINS","33d":"ANIMATE","34d":"REGALIA","35d":"FUNDING","36d":"STORAGE","38d":"AYR","39d":"FRIGATE","40d":"FINITES","41d":"SEABEDS","43d":"ERASER","46d":"TESTA","47d":"SATES","49d":"PAAR","52d":"MCC","53d":"CAN"}}