{"numbers":[["1","2","3","4","5","6","-","7","8","9","10","-","11","12","13"],["14","","","","","","-","15","","","","-","16","",""],["17","","","","","","18","","","","","19","","",""],["-","20","","","","","","-","21","","","","","",""],["22","","","-","-","23","","24","","-","-","25","","",""],["26","","","27","28","-","29","","","30","-","31","","",""],["32","","","","","33","-","34","","","35","","-","-","-"],["-","36","","","","","37","","","","","","38","39","-"],["-","-","-","40","","","","","-","41","","","","","42"],["43","44","45","","-","46","","","47","-","48","","","",""],["49","","","","-","-","50","","","51","-","-","52","",""],["53","","","","54","55","","-","56","","57","58","","","-"],["59","","","","","","","60","","","","","","","61"],["62","","","-","63","","","","-","64","","","","",""],["65","","","-","66","","","","-","67","","","","",""]],"clues":{"1a":"Erle Stanley Gardner pen name","7a":"Bo Derek's film debut","11a":"Jack or jenny","14a":"Kind of association","15a":"Preliminary race","16a":"Penn, for one: Abbr.","17a":"A, to Ludwig van Beethoven","20a":"Octogenarian's goal in life?","21a":"Thorns in one's side","22a":"Ask overpersonally","23a":"Framework","25a":"Flood residues","26a":"Presided over, as a case","29a":"Chevron wearers: Abbr.","31a":"___ facto","32a":"Humble","34a":"Dog-tired","36a":"B, to Samuel Morse","40a":"Kind of kingdom","41a":"___Aires","43a":"Sharpen","46a":"Critic Pauline","48a":"Italian \"please\"","49a":"Playwright Connelly","50a":"Marched along","52a":"Fresh","53a":"Last words","56a":"Grammy song of '83","59a":"C, to Albert Einstein","62a":"The elected","63a":"Humorist Bombeck","64a":"Waterford worker","65a":"Middle grade","66a":"Monopoly piece","67a":"Platforms","1d":"\"Pooh\" monogram","2d":"TV voice of Fred Flintstone","3d":"View from Tokyo","4d":"Egypt's ___-Ra","5d":"Legal memo starter","6d":"Laugh-a-minute comedies","7d":"Electrical unit","8d":"\"Beverly Hills Cop\" co-star","9d":"Beat, in away","10d":"Building block of nature","11d":"Invites, as to an apartment","12d":"Lippizaners","13d":"Insists","18d":"Ford role in \"Clear and Present Danger\"","19d":"String on a finger, e.g.","22d":"Third degree?","24d":"Break up","27d":"Things to be paid","28d":"\"Chitty Chitty Bang Bang\" screenwriter","30d":"Oscar Madison, e.g.","33d":"Mont. neighbor","35d":"Live ___","37d":"Phrase after \"Variations\"","38d":"Type of stand","39d":"As a unit","42d":"Farm mother","43d":"Like ipecac","44d":"Strauss opera","45d":"Dolphin Hall-of-Famer Bob","47d":"Wolf, in Juarez","51d":"Put off","54d":"Mimed","55d":"One of the Dumas","57d":"Musical part","58d":"Spasms","60d":"Pop","61d":"Refrain intro"},"answers":{"1a":"AAFAIR","7a":"ORCA","11a":"ASS","14a":"ALUMNI","15a":"HEAT","16a":"STA","17a":"MAJORORMINORKEY","20a":"NINETY","21a":"NEMESES","22a":"PRY","23a":"SASH","25a":"MUDS","26a":"HEARD","29a":"NCOS","31a":"IPSO","32a":"DEMEAN","34a":"ALLIN","36a":"DASHDOTDOTDOT","40a":"PLANT","41a":"BUENOS","43a":"EDGE","46a":"KAEL","48a":"PREGO","49a":"MARC","50a":"TROD","52a":"NEW","53a":"EPITAPH","56a":"BEATIT","59a":"THESPEEDOFLIGHT","62a":"INS","63a":"ERMA","64a":"ETCHER","65a":"CEE","66a":"DEED","67a":"ROSTRA","1d":"AAM","2d":"ALANREED","3d":"FUJIYAMA","4d":"AMON","5d":"INRE","6d":"RIOTS","7d":"OHM","8d":"REINHOLD","9d":"CANE","10d":"ATOM","11d":"ASKSUP","12d":"STEEDS","13d":"SAYSSO","18d":"RYAN","19d":"REMINDER","22d":"PHD","24d":"SCATTER","27d":"RESPECTS","28d":"DAHL","30d":"SLOB","33d":"NDAK","35d":"ITUP","37d":"ONATHEME","38d":"ONENIGHT","39d":"TOGETHER","42d":"SOW","43d":"EMETIC","44d":"DAPHNE","45d":"GRIESE","47d":"LOBO","51d":"DEFER","54d":"APED","55d":"PERE","57d":"ALTO","58d":"TICS","60d":"DAD","61d":"TRA"}}