{"numbers":[["1","2","3","4","5","-","6","7","8","-","-","9","10","11","12"],["13","","","","","-","14","","","-","15","","","",""],["16","","","","","17","","","","18","","","","",""],["19","","","","-","20","","","-","21","","","","",""],["-","-","-","-","22","","","-","23","","","","","",""],["24","25","26","27","","","-","28","","","","-","-","-","-"],["29","","","","","-","30","","","","-","31","32","33","34"],["35","","","","","36","","","","","37","","","",""],["38","","","","-","39","","","","-","40","","","",""],["-","-","-","-","41","","","","-","42","","","","",""],["43","44","45","46","","","","-","47","","","-","-","-","-"],["48","","","","","","-","49","","","-","50","51","52","53"],["54","","","","","","55","","","","56","","","",""],["57","","","","","-","58","","","-","59","","","",""],["60","","","","-","-","61","","","-","62","","","",""]],"clues":{"1a":"\"My Fair Lady\" miss","6a":"___ Air","9a":"Drop explosives on","13a":"Sal, in song","14a":"King topper","15a":"Kind of eclipse","16a":"Beethoven classic","19a":"Poker opener","20a":"Classic auto","21a":"Accountants' activities","22a":"Be under the weather","23a":"Electrical units","24a":"Horizontally","28a":"Leave the ground","29a":"Hint of scandal","30a":"\"Gee whiz!\"","31a":"Yearn (for)","35a":"Rarely","38a":"Jury member","39a":"Nobelist Wiesel","40a":"Adored","41a":"Mr. Musial","42a":"Evaluate","43a":"Adherents of Allah","47a":"Mine output","48a":"Gasoline rating","49a":"List ender","50a":"Native of old Peru","54a":"My sweetheart, in an old song","57a":"Core belief","58a":"Unknown John","59a":"Street urchin","60a":"Winged god","61a":"Neighbor of Syr.","62a":"Portents","1d":"Austen heroine","2d":"City on the Rhone","3d":"\"___ Rhythm\"","4d":"Western novelist Grey","5d":"The whole shebang","6d":"Breakfast roll","7d":"Bounce back","8d":"Tennis call","9d":"German political groups","10d":"TV studio light","11d":"Lusterless finish","12d":"Copper-zinc alloy","15d":"Jeweler's eyeglass","17d":"Eye part","18d":"Chinese liquor","22d":"Spumante city","23d":"Bridal path?","24d":"Upon","25d":"Chaplin trademark","26d":"Houston school","27d":"Lollapalooza","28d":"Batman's partner","30d":"Swank affairs","31d":"Famous cookie man","32d":"Cabot ___ (\"Murder, She Wrote\" town)","33d":"Works the garden","34d":"Pass receivers","36d":"Tennis players","37d":"Otherwise","41d":"French legislature","42d":"St. Louis landmark","43d":"Grove of trees, in the Southwest","44d":"Yellow-orange","45d":"Dictation taker","46d":"Injures","47d":"Aquatic animal","49d":"Son in Genesis","50d":"Mideastern V.I.P.","51d":"Alaskan city","52d":"Originate, as a phrase","53d":"Miller and Sothern","55d":"Uganda's Amin","56d":"Self"},"answers":{"1a":"ELIZA","6a":"BEL","9a":"BOMB","13a":"MYGAL","14a":"ACE","15a":"LUNAR","16a":"MOONLIGHTSONATA","19a":"ANTE","20a":"REO","21a":"AUDITS","22a":"AIL","23a":"AMPERES","24a":"ACROSS","28a":"RISE","29a":"TAINT","30a":"GOSH","31a":"ACHE","35a":"ONCEINABLUEMOON","38a":"PEER","39a":"ELIE","40a":"LOVED","41a":"STAN","42a":"ASSESS","43a":"MOSLEMS","47a":"ORE","48a":"OCTANE","49a":"ETC","50a":"INCA","54a":"THEMANINTHEMOON","57a":"TENET","58a":"DOE","59a":"GAMIN","60a":"EROS","61a":"ISR","62a":"OMENS","1d":"EMMA","2d":"LYON","3d":"IGOT","4d":"ZANE","5d":"ALL","6d":"BAGEL","7d":"ECHO","8d":"LET","9d":"BUNDE","10d":"ONAIR","11d":"MATTE","12d":"BRASS","15d":"LOUPE","17d":"IRIS","18d":"SAMSHU","22d":"ASTI","23d":"AISLE","24d":"ATOP","25d":"CANE","26d":"RICE","27d":"ONER","28d":"ROBIN","30d":"GALAS","31d":"AMOS","32d":"COVE","33d":"HOES","34d":"ENDS","36d":"NETMEN","37d":"ELSE","41d":"SENAT","42d":"ARCH","43d":"MOTTE","44d":"OCHER","45d":"STENO","46d":"LAMES","47d":"OTTER","49d":"ENOS","50d":"IMAM","51d":"NOME","52d":"COIN","53d":"ANNS","55d":"IDI","56d":"EGO"}}