{"numbers":[["1","2","3","4","-","5","6","7","8","-","9","10","11","12","13"],["14","","","","-","15","","","","-","16","","","",""],["17","","","","-","18","","","","-","19","","","",""],["20","","","","21","","","","","22","","","","-","-"],["-","23","","","","","","-","24","","","","","25","26"],["-","27","","","","-","28","29","","","-","30","","",""],["-","-","-","31","","32","-","33","","","34","-","35","",""],["-","36","37","","","","38","","","","","39","","","-"],["40","","","-","41","","","","-","42","","","-","-","-"],["43","","","44","-","45","","","46","-","47","","48","49","-"],["50","","","","51","","","-","52","53","","","","","-"],["-","-","54","","","","","55","","","","","","","56"],["57","58","","","","-","59","","","","-","60","","",""],["61","","","","","-","62","","","","-","63","","",""],["64","","","","","-","65","","","","-","66","","",""]],"clues":{"1a":"Chief","5a":"Opposite of fem.","9a":"Carries on","14a":"\"That's a laugh\"","15a":"Capital on the 60th. parallel","16a":"Newbery- winning author Scott","17a":"Tied","18a":"Object of devotion","19a":"Playwright Maxim","20a":"Three-time Wimbledon champ","23a":"Kind of image","24a":"Swordsman","27a":"\"Jane ___\"","28a":"What a vacuum vacuums","30a":"Car radio feature","31a":"Goal","33a":"Brouhaha","35a":"Scurrier","36a":"\"Ruthless People\" actor","40a":"Account exec","41a":"Prof. ___ (ex-academic)","42a":"Swindle","43a":"Things to be hedged","45a":"German river","47a":"D'Urbervilles lass","50a":"Triathlon competitor","52a":"Cultural","54a":"Longtime role for Shelley Long","57a":"June honorees","59a":"Golf stroke","60a":"Popular cookie","61a":"Norman's motel","62a":"Soprano Te Kanawa","63a":"City south of Salt Lake City","64a":"Cubic meter","65a":"British weapon","66a":"Actress Carol","1d":"\"Beg pardon\"","2d":"Desolate","3d":"Sundae garnish","4d":"Parked, at O'Hare","5d":"Rippled fabric","6d":"Mount","7d":"Type of machine","8d":"Mozart compositions","9d":"Miscreant","10d":"Cherishes","11d":"Plumb","12d":"Lodge member","13d":"Stone or Stallone","21d":"Pay back","22d":"Showing a preference","25d":"Smooth, in a way","26d":"Cable network","29d":"Grenoble is its capital","32d":"Humiliate","34d":"Beat","36d":"Boo","37d":"Current","38d":"Some rubes","39d":"Kind of exam","40d":"Diamond stat","44d":"Ebbets Field hero Duke","46d":"Terminate a termination","48d":"\"High___\" (1941 film)","49d":"Filter","51d":"Minnesota Fats stroke","53d":"Hakeem Olajuwon score","55d":"I.O.U.","56d":"Several","57d":"Literary monogram","58d":"Squeal (on)"},"answers":{"1a":"ARCH","5a":"MASC","9a":"RAVES","14a":"HAHA","15a":"OSLO","16a":"ODELL","17a":"EVEN","18a":"ICON","19a":"GORKY","20a":"MARGARETCOURT","23a":"GRAVEN","24a":"EPEEIST","27a":"EYRE","28a":"DIRT","30a":"SCAN","31a":"END","33a":"STIR","35a":"ANT","36a":"JUDGEREINHOLD","40a":"REP","41a":"EMER","42a":"GYP","43a":"BETS","45a":"EDER","47a":"TESS","50a":"IRONMAN","52a":"ETHNIC","54a":"DIANECHAMBERS","57a":"GRADS","59a":"CHIP","60a":"OREO","61a":"BATES","62a":"KIRI","63a":"OREM","64a":"STERE","65a":"STEN","66a":"KANE","1d":"AHEM","2d":"RAVAGE","3d":"CHERRY","4d":"HANGARED","5d":"MOIRE","6d":"ASCEND","7d":"SLOT","8d":"CONCERTI","9d":"ROGUE","10d":"ADORES","11d":"VERTICAL","12d":"ELK","13d":"SLY","21d":"AVENGE","22d":"OPTING","25d":"SAND","26d":"TNT","29d":"ISERE","32d":"DEMEAN","34d":"RHYTHM","36d":"JEER","37d":"UPTODATE","38d":"REDNECKS","39d":"OPENBOOK","40d":"RBI","44d":"SNIDER","46d":"REHIRE","48d":"SIERRA","49d":"SCREEN","51d":"MASSE","53d":"TAPIN","55d":"CHIT","56d":"SOME","57d":"GBS","58d":"RAT"}}