{"numbers":[["1","2","3","4","-","5","6","7","8","-","9","10","11","12","13"],["14","","","","-","15","","","","-","16","","","",""],["17","","","","-","18","","","","-","19","","","",""],["20","","","","21","","","","","-","22","","","",""],["23","","","","","","","-","-","24","","","","-","-"],["-","-","-","25","","","-","26","27","","","-","28","29","30"],["31","32","33","","","-","34","","","","","-","35","",""],["36","","","","-","37","","","","","-","38","","",""],["39","","","-","40","","","","","-","41","","","",""],["42","","","-","43","","","","-","44","","","-","-","-"],["-","-","45","46","","","-","-","47","","","","48","49","50"],["51","52","","","","-","53","54","","","","","","",""],["55","","","","","-","56","","","","-","57","","",""],["58","","","","","-","59","","","","-","60","","",""],["61","","","","","-","62","","","","-","63","","",""]],"clues":{"1a":"Adam and Eve locale","5a":"Pecan or poplar","9a":"Track official","14a":"Fully cooked","15a":"Do damage to","16a":"Become used (to)","17a":"Chew like a beaver","18a":"Radiate","19a":"Out of practice","20a":"Popular topping","22a":"Fire-gone conclusion","23a":"Film extras?","24a":"German-Polish border river","25a":"Industrial tub","26a":"Buttermilk's rider","28a":"Metal-in-the-rough","31a":"Comfortably inviting","34a":"Thick strings","35a":"Fix a squeak","36a":"Prayer ending","37a":"Mock-innocent query","38a":"Some med. insurance cos.","39a":"___ good turn (help)","40a":"Suspicious","41a":"\"All That Jazz\" director Bob","42a":"Write hastily","43a":"\"Gilligan's Island\" homes","44a":"Hasty escape","45a":"Pager's sound","47a":"Put away (for)","51a":"Ahab's sighting","53a":"Popular topping","55a":"Corridors","56a":"Shirt brand name","57a":"\"Do ___ others as...\"","58a":"Kate's TV mate","59a":"Suffix with switch","60a":"No de Cologne?","61a":"Heston role","62a":"Called up","63a":"Matches a bet","1d":"The F.B.I.'s J. ___ Hoover","2d":"\"No man is an island\" writer","3d":"Pass, as laws","4d":"Yale's home","5d":"Phillies park, familiarly","6d":"Film director Harold","7d":"Cleveland's lake","8d":"911 responders: Abbr.","9d":"Irrational speeches","10d":"Occupied, as a bathroom","11d":"Popular topping","12d":"Art Deco artist","13d":"Alejandro and Fernando","21d":"Say yes to","24d":"Ye ___ Book Shoppe","26d":"Jim Morrison's group, with \"the\"","27d":"Palmer's gallery","29d":"Ocho ___, Jamaica","30d":"Choice word","31d":"Muslim pilgrim","32d":"Melville romance","33d":"Popular topping","34d":"Schmooze","37d":"Defeat, a la Ali","38d":"Base clearers","40d":"Gouda and Edam, e.g.","41d":"Top choice, so to speak","44d":"Pomeranian, for one","46d":"Miss ___ of \"Dallas\"","47d":"Dish's beloved, in rhyme","48d":"Gift recipient","49d":"Loosen the laces","50d":"Subatomic particles","51d":"Smack!","52d":"Angel's headgear","53d":"Berth place","54d":"Nehemiah preceder"},"answers":{"1a":"EDEN","5a":"TREE","9a":"TIMER","14a":"DONE","15a":"HARM","16a":"INURE","17a":"GNAW","18a":"EMIT","19a":"RUSTY","20a":"ANCHOVIES","22a":"ASHES","23a":"RETAKES","24a":"ODER","25a":"VAT","26a":"DALE","28a":"ORE","31a":"HOMEY","34a":"CORDS","35a":"OIL","36a":"AMEN","37a":"WHOME","38a":"HMOS","39a":"DOA","40a":"CHARY","41a":"FOSSE","42a":"JOT","43a":"HUTS","44a":"LAM","45a":"BEEP","47a":"SAVEDUP","51a":"WHALE","53a":"PEPPERONI","55a":"HALLS","56a":"IZOD","57a":"UNTO","58a":"ALLIE","59a":"EROO","60a":"NEIN","61a":"MOSES","62a":"RANG","63a":"SEES","1d":"EDGAR","2d":"DONNE","3d":"ENACT","4d":"NEWHAVEN","5d":"THEVET","6d":"RAMIS","7d":"ERIE","8d":"EMTS","9d":"TIRADES","10d":"INUSE","11d":"MUSHROOMS","12d":"ERTE","13d":"REYS","21d":"OKAY","24d":"OLDE","26d":"DOORS","27d":"ARMY","29d":"RIOS","30d":"ELSE","31d":"HADJ","32d":"OMOO","33d":"MEATBALLS","34d":"CHAT","37d":"WHUP","38d":"HOMERUNS","40d":"CHEESES","41d":"FAVE","44d":"LAPDOG","46d":"ELLIE","47d":"SPOON","48d":"DONEE","49d":"UNTIE","50d":"PIONS","51d":"WHAM","52d":"HALO","53d":"PIER","54d":"EZRA"}}