{"numbers":[["1","2","3","-","-","4","5","6","7","-","8","9","10","11","12"],["13","","","14","-","15","","","","-","16","","","",""],["17","","","","-","18","","","","19","","","","",""],["20","","","","-","21","","","-","22","","","","",""],["-","-","-","23","24","","","-","25","","","","","","-"],["-","26","27","","","","-","28","","","","-","-","-","-"],["29","","","","","-","30","","","","-","31","32","33","34"],["35","","","","","36","","","","","37","","","",""],["38","","","","-","39","","","","-","40","","","",""],["-","-","-","-","41","","","","-","42","","","","","-"],["-","43","44","45","","","","-","46","","","","-","-","-"],["47","","","","","","-","48","","","-","49","50","51","52"],["53","","","","","","54","","","","-","55","","",""],["56","","","","","-","57","","","","-","58","","",""],["59","","","","","-","60","","","","-","-","61","",""]],"clues":{"1a":"Church seat","4a":"Advantage","8a":"One way to enlarge a family","13a":"Essayist Wiesel","15a":"Projecting rock","16a":"\"Casablanca\" star, informally","17a":"Org.","18a":"Halloween imps","20a":"Retained","21a":"Jupiter's mother","22a":"Keanu of \"Speed\"","23a":"Map lines: Abbr.","25a":"Super joke","26a":"Listened","28a":"Cluckers","29a":"River of W.W. I","30a":"Vampire's tooth","31a":"Oxford, e.g.","35a":"Halloween visitors","38a":"Graf ___","39a":"Wedding shower?","40a":"French topper","41a":"Alternative to charge","42a":"Luges","43a":"Freshen, in a way","46a":"Mimic","47a":"Place side by side","48a":"Evergreen","49a":"First of all","53a":"Halloween tale","55a":"Stare open-mouthed","56a":"Equestrian","57a":"City south of Moscow","58a":"Gaelic","59a":"Gland: Prefix","60a":"Small whirlpool","61a":"Court divider","1d":"High spot","2d":"Otherwise","3d":"Tuft","4d":"Repeated","5d":"Throat-soothing candies","6d":"Chatters","7d":"Sunny-side-up item","8d":"Top nun","9d":"Measures (out)","10d":"Architectural arch","11d":"Moper","12d":"Hardy girl","14d":"Captivate","19d":"Juice source","24d":"Long journey","25d":"Style","26d":"Complain","27d":"Great Lake","28d":"Concoct","29d":"McKinley and others: Abbr.","30d":"Wiry rug fabric","31d":"Cheapest accommodations","32d":"Roundup group","33d":"Raw metals","34d":"N.Y. wintertime","36d":"Declaims","37d":"Competent","41d":"Cuba's Fidel","42d":"With nimbleness","43d":"Garden insect","44d":"Lyric poem","45d":"1953 American League M.V.P. Al","46d":"Broadcast","47d":"Taj Mahal site","48d":"Tennessee Ernie ___","50d":"Mend","51d":"Church recess","52d":"Encounter","54d":"Stocking's end"},"answers":{"1a":"PEW","4a":"EDGE","8a":"ADOPT","13a":"ELIE","15a":"CRAG","16a":"BOGIE","17a":"ASSN","18a":"HOBGOBLINS","20a":"KEPT","21a":"OPS","22a":"REEVES","23a":"RTES","25a":"GASSER","26a":"HEARD","28a":"HENS","29a":"MARNE","30a":"FANG","31a":"SHOE","35a":"TRICKORTREATERS","38a":"SPEE","39a":"RICE","40a":"BERET","41a":"CASH","42a":"SLEDS","43a":"AERATE","46a":"APER","47a":"APPOSE","48a":"FIR","49a":"ADAM","53a":"GHOSTSTORY","55a":"GAPE","56a":"RIDER","57a":"OREL","58a":"ERSE","59a":"ADENO","60a":"EDDY","61a":"NET","1d":"PEAK","2d":"ELSE","3d":"WISP","4d":"ECHOED","5d":"DROPS","6d":"GABS","7d":"EGG","8d":"ABBESS","9d":"DOLES","10d":"OGIVE","11d":"PINER","12d":"TESS","14d":"ENTRANCE","19d":"ORANGE","24d":"TREK","25d":"GENRE","26d":"HARP","27d":"ERIE","28d":"HATCH","29d":"MTS","30d":"FRISE","31d":"STEERAGE","32d":"HERD","33d":"ORES","34d":"EST","36d":"ORATES","37d":"ABLE","41d":"CASTRO","42d":"SPRYLY","43d":"APHID","44d":"EPODE","45d":"ROSEN","46d":"AIRED","47d":"AGRA","48d":"FORD","50d":"DARN","51d":"APSE","52d":"MEET","54d":"TOE"}}