{"numbers":[["1","2","3","4","-","5","6","7","-","8","9","10","-","11","12","13","-","14","15","16","17"],["18","","","","-","19","","","20","","","","-","21","","","22","","","",""],["23","","","","24","","","","","","","","-","25","","","","","","",""],["26","","","","","","-","-","27","","","","28","","","","","","","",""],["-","-","-","29","","","-","-","30","","","","","-","-","-","31","","","","-"],["32","33","34","","","-","35","36","","","","-","37","38","39","40","","-","-","-","-"],["41","","","","-","42","","","","","-","43","","","","","-","44","45","46","47"],["48","","","","-","49","","","","-","50","","","","","","-","51","","",""],["52","","","","53","","","","-","54","","","-","55","","","56","","","",""],["-","-","-","57","","","","-","58","","","","59","","","-","60","","","",""],["-","61","62","","","","-","63","","","","","","","-","64","","","","","-"],["65","","","","","-","66","","","","","","","-","67","","","","-","-","-"],["68","","","","","69","","","-","70","","","-","71","","","","","72","73","74"],["75","","","","-","76","","","77","","","-","78","","","","-","79","","",""],["80","","","","-","81","","","","","-","82","","","","","-","83","","",""],["-","-","-","-","84","","","","","-","85","","","","","-","86","","","",""],["-","87","88","89","","-","-","-","90","91","","","","-","-","92","","","-","-","-"],["93","","","","","94","95","96","","","","","","-","-","97","","","98","99","100"],["101","","","","","","","","-","102","","","","103","104","","","","","",""],["105","","","","","","","","-","106","","","","","","","-","107","","",""],["108","","","","-","109","","","-","110","","","-","111","","","-","112","","",""]],"clues":{"1a":"Cheese in a mousetrap","5a":"Rider Haggard romance","8a":"David Stockman's dept., once","11a":"Dickens alias","14a":"Cheerless","18a":"\"Moses\" author, 1951","19a":"Circle","21a":"One who has the hives","23a":"\"In the evening when I sit alone a-dreaming...\"","25a":"Arm of the sea?","26a":"Kind of tea","27a":"\"Oh, give me land, lots of land...\"","29a":"Bruiser","30a":"Beethoven dedicatee","31a":"Org. for the 20 Down","32a":"Excel","35a":"Landslide detritus","37a":"Carve across the grain","41a":"Lincoln in-law","42a":"Selects","43a":"Popular sports car","44a":"Like versatile appliances","48a":"Each","49a":"Call it ___","50a":"Tax evaders' bugbears","51a":"Turn about","52a":"Noted castaway","54a":"Iranian desert","55a":"Handbills","57a":"Gulf north of Somalia","58a":"Mummer, at times","60a":"Start, in a way","61a":"Trifled","63a":"Top dog at the zoo","64a":"Some canines","65a":"___ cropper","66a":"Bracelets","67a":"Spring","68a":"Seconds","70a":"M.I.T. grads, perhaps","71a":"Least clear","75a":"Gallimaufry","76a":"Spray alternative","78a":"Nut cases?","79a":"Wipe out","80a":"Cult film \"___ 9 From Outer Space\"","81a":"Protective rings","82a":"Where eagles gather","83a":"Kids' stuff?","84a":"Not well","85a":"Paid (up)","86a":"Hamlet's father, e.g.","87a":"Composed","90a":"Milk: Prefix","92a":"Where to go for a spell?","93a":"\"Trailer for sale or rent...\"","97a":"Salad bar item","101a":"Introductory offer","102a":"\"Alas! My love, you do me wrong...\"","105a":"Court official","106a":"Anomalous","107a":"Legendary gunfighter","108a":"They've earned their stripes: Abbr.","109a":"German spa","110a":"Common pluralizer","111a":"Stephen Foster's Nelly","112a":"\"Let us ___\"","1d":"Do","2d":"\"...___ forgive our debtors\"","3d":"Petit four finisher","4d":"\"Casey would waltz with a strawberry blonde...\"","5d":"Map info","6d":"Bricklayer's burden","7d":"Printemps follower","8d":"1983 World Series champs","9d":"Paul Bunyan's wife","10d":"Borscht base","11d":"Restrain","12d":"U.S. ___","13d":"Wurtzite ingredient","14d":"Playhouse fare","15d":"Kitchen gadget","16d":"Have ___ of the tongue","17d":"One of a vitamin complex","20d":"Seniors, with \"the\"","22d":"Special forces unit","24d":"End of the race","28d":"Malodorous","32d":"Kind of horn or line","33d":"Snake dancers","34d":"Pop star","35d":"Nubian Desert locale","36d":"Family","38d":"Prospective taxi fare","39d":"Out-and-out","40d":"Tabula ___","42d":"Pent up","43d":"Changes","44d":"\"Stormy the night and the waves roll high...\"","45d":"Anti-slip device","46d":"Reagan nickname","47d":"\"___ a rire\" (\"It is to laugh\"): Fr.","50d":"\"As the blackbird in the spring...\"","53d":"Flawless","54d":"Gifts","56d":"Kind of accident","58d":"Groaner","59d":"Computer software abbr.","61d":"\"...and ___ a goodnight!\"","62d":"___ vincit amor","63d":"Informal","64d":"Laconic","65d":"Hatchet job?","66d":"Sit on","67d":"Like supermarket tabloids","69d":"Madame Bovary","71d":"Entomb in a wall","72d":"Dollar prefix","73d":"Car-roof items","74d":"Words","77d":"Vogue","78d":"Happens to","82d":"\"Invincible\" victim of Hercules","84d":"Dries, in a way","85d":"Nuts","86d":"Personality determinant","87d":"Kind of duty","88d":"___-trump","89d":"Monsters","91d":"Bicker","92d":"Food processor","93d":"City south of Dusseldorf","94d":"Rage","95d":"Stratford streetcar","96d":"Plymouth Rocks, e.g.","98d":"Basso Andresen","99d":"Actress Miles","100d":"Spot","103d":"Crux","104d":"___ ammoniac"},"answers":{"1a":"BAIT","5a":"SHE","8a":"OMB","11a":"BOZ","14a":"DRAB","18a":"ASCH","19a":"COTERIE","21a":"APIARIST","23a":"SWEETADELINE","25a":"TENTACLE","26a":"HERBAL","27a":"DONTFENCEMEIN","29a":"APE","30a":"ELISE","31a":"AARP","32a":"SHINE","35a":"SCREE","37a":"THURM","41a":"TODD","42a":"CULLS","43a":"MIATA","44a":"ACDC","48a":"APOP","49a":"ADAY","50a":"AUDITS","51a":"SLUE","52a":"GILLIGAN","54a":"LUT","55a":"LEAFLETS","57a":"ADEN","58a":"PARADER","60a":"REACT","61a":"TOYED","63a":"CURATOR","64a":"TEETH","65a":"COMEA","66a":"BANGLES","67a":"LEAP","68a":"HANDLERS","70a":"EES","71a":"MURKIEST","75a":"OLIO","76a":"MOUSSE","78a":"BURS","79a":"NUKE","80a":"PLAN","81a":"MOATS","82a":"AERIE","83a":"TRIX","84a":"BADLY","85a":"ANTED","86a":"GHOST","87a":"COOL","90a":"LACTI","92a":"BEE","93a":"KINGOFTHEROAD","97a":"ENDIVE","101a":"OVERTURE","102a":"GREENSLEEVES","105a":"LINESMAN","106a":"UNUSUAL","107a":"EARP","108a":"NCOS","109a":"EMS","110a":"ESS","111a":"BLY","112a":"PRAY","1d":"BASH","2d":"ASWE","3d":"ICER","4d":"THEBANDPLAYEDON","5d":"SCALE","6d":"HOD","7d":"ETE","8d":"ORIOLES","9d":"MINNIE","10d":"BEETS","11d":"BATE","12d":"OPEN","13d":"ZINC","14d":"DRAMA","15d":"RICER","16d":"ASLIP","17d":"BTEN","20d":"ELDERLY","22d":"ATEAM","24d":"TAPE","28d":"FETID","32d":"STAG","33d":"HOPI","34d":"IDOL","35d":"SUDAN","36d":"CLAN","38d":"HAILER","39d":"UTTER","40d":"RASA","42d":"CAGED","43d":"MUTATES","44d":"ASLEEPINTHEDEEP","45d":"CLEAT","46d":"DUTCH","47d":"CEST","50d":"AURALEE","53d":"IDEAL","54d":"LARGESS","56d":"FREAK","58d":"PUN","59d":"DOS","61d":"TOALL","62d":"OMNIA","63d":"CASUAL","64d":"TERSE","65d":"CHOP","66d":"BROOD","67d":"LURID","69d":"EMMA","71d":"MURE","72d":"EURO","73d":"SKIS","74d":"TEXT","77d":"STYLE","78d":"BETIDES","82d":"ANTAEUS","84d":"BLOTS","85d":"ACORNS","86d":"GENE","87d":"CIVIC","88d":"ONENO","89d":"OGRES","91d":"ARGUE","92d":"BELLY","93d":"KOLN","94d":"FUME","95d":"TRAM","96d":"HENS","98d":"IVAR","99d":"VERA","100d":"ESPY","103d":"NUB","104d":"SAL"}}