{"numbers":[["1","2","3","4","-","5","6","7","8","9","-","10","11","12","13"],["14","","","","-","15","","","","","-","16","","",""],["17","","","","18","","","","","","19","","","",""],["20","","","","","","","-","21","","","","","","-"],["-","-","-","22","","","-","23","","","","","-","-","-"],["24","25","26","","-","27","28","","","-","-","29","30","31","32"],["33","","","-","34","","","","-","35","36","","","",""],["37","","","38","","","","","39","","","","","",""],["40","","","","","","-","41","","","","-","42","",""],["43","","","","-","-","44","","","","-","45","","",""],["-","-","-","46","47","48","","","-","49","50","","-","-","-"],["-","51","52","","","","","-","53","","","","54","55","56"],["57","","","","","","","58","","","","","","",""],["59","","","","-","60","","","","","-","61","","",""],["62","","","","-","63","","","","","-","64","","",""]],"clues":{"1a":"Beaver projects","5a":"Service item","10a":"Conceal","14a":"Of grand proportions","15a":"Flushed, as the cheeks","16a":"North Sea feeder","17a":"Relax","20a":"Maximal","21a":"Covered with scales","22a":"Hellenic H","23a":"Evocative of an earlier time, as fashion","24a":"Treadless","27a":"Excursion","29a":"Paul Anka's \"___ a Lady\"","33a":"Mil. address","34a":"Ride the waves","35a":"Raise","37a":"Rossini opera, with \"The\"","40a":"Card game for two","41a":"Tax deferral plans","42a":"Command to Dobbin","43a":"Actress Olin","44a":"Where some chichi ski","45a":"Difficult","46a":"Part of Iberia","49a":"\"Ode ___ Nightingale\"","51a":"Medicinal amount","53a":"1975 Beatty-Hawn film","57a":"Small pooch","59a":"Toward shelter","60a":"Counting everything","61a":"Denoting certain textbook publishers","62a":"Fastens","63a":"Spruce","64a":"Society gatherings","1d":"Proofreader's mark","2d":"Summit","3d":"Catcher's glove","4d":"Tallied","5d":"Early","6d":"Misplace","7d":"Bat wood","8d":"Come-on","9d":"Undemocratic law","10d":"Seaplane attachment","11d":"\"Time ___ the essence\"","12d":"Moist","13d":"Coastal flier","18d":"After taxes","19d":"Capek drama","23d":"Bully","24d":"Noisy confusion","25d":"Quickly","26d":"Navigational system","28d":"Spanish gold","30d":"Hagar's better half, in the comics","31d":"Swiss mathematician","32d":"1994 movie thriller","34d":"Bullheaded","35d":"Salutarily","36d":"Hosp. devices","38d":"Number two woods","39d":"___ Lanka","44d":"Type of sausage","45d":"Gertrude's son","47d":"Busy election-year org.","48d":"Once more","50d":"Pull, at sea","51d":"Sandwich shop","52d":"Farm team","53d":"NaCl","54d":"Soccer great","55d":"Worker-welfare watchdog: Abbr.","56d":"Medical suffix","57d":"Glove compartment item","58d":"Sombrero, e.g."},"answers":{"1a":"DAMS","5a":"PLATE","10a":"HIDE","14a":"EPIC","15a":"ROSED","16a":"YSER","17a":"LETONESHAIRDOWN","20a":"EXTREME","21a":"SCURFY","22a":"ETA","23a":"RETRO","24a":"BALD","27a":"TOUR","29a":"SHES","33a":"APO","34a":"SURF","35a":"HIKEUP","37a":"BARBEROFSEVILLE","40a":"ECARTE","41a":"IRAS","42a":"GEE","43a":"LENA","44a":"VAIL","45a":"HARD","46a":"SPAIN","49a":"TOA","51a":"DOSAGE","53a":"SHAMPOO","57a":"MEXICANHAIRLESS","59a":"ALEE","60a":"INALL","61a":"ELHI","62a":"PINS","63a":"NATTY","64a":"TEAS","1d":"DELE","2d":"APEX","3d":"MITT","4d":"SCORED","5d":"PREMATURE","6d":"LOSE","7d":"ASH","8d":"TEASER","9d":"EDICT","10d":"HYDROSKI","11d":"ISOF","12d":"DEWY","13d":"ERN","18d":"NET","19d":"RUR","23d":"RUFFIAN","24d":"BABEL","25d":"APACE","26d":"LORAN","28d":"ORO","30d":"HELGA","31d":"EULER","32d":"SPEED","34d":"SET","35d":"HEALTHILY","36d":"IVS","38d":"BRASSIES","39d":"SRI","44d":"VIENNA","45d":"HAMLET","47d":"PAC","48d":"AGAIN","50d":"OAR","51d":"DELI","52d":"OXEN","53d":"SALT","54d":"PELE","55d":"OSHA","56d":"OSIS","57d":"MAP","58d":"HAT"}}