{"numbers":[["1","2","3","4","-","5","6","7","8","9","-","10","11","12","13"],["14","","","","-","15","","","","","-","16","","",""],["17","","","","18","","","","","","19","","","",""],["20","","","","","-","-","21","","","","-","22","",""],["-","-","-","23","","24","25","-","-","26","","27","-","-","-"],["28","29","30","","","","","31","32","","","","33","34","35"],["36","","","-","37","","","","","-","38","","","",""],["39","","","40","-","41","","","","42","-","43","","",""],["44","","","","45","-","46","","","","47","-","48","",""],["49","","","","","50","","","","","","51","","",""],["-","-","-","52","","","-","-","53","","","","-","-","-"],["54","55","56","-","57","","58","59","-","-","60","","61","62","63"],["64","","","65","","","","","66","67","","","","",""],["68","","","","-","69","","","","","-","70","","",""],["71","","","","-","72","","","","","-","73","","",""]],"clues":{"1a":"Concede, with \"up\"","5a":"Star in Cygnus","10a":"Door-closing sound","14a":"Proceedings","15a":"The end for Socrates","16a":"Wonderland creature","17a":"Accomplice in 64-Across","20a":"Poker-faced TV sidekick","21a":"Workbench item","22a":"Pop","23a":"Restaurant freebie","26a":"Discus thrower Oerter et al.","28a":"Time of 64-Across","36a":"Tokyo of yore","37a":"Blacksmith","38a":"Now","39a":"See 3-Down","41a":"Inflexible","43a":"Enliven, with \"up\"","44a":"Finger, in a way","46a":"\"___ the news today, oh boy\" (Beatles lyric)","48a":"___-Felicite, Que.","49a":"Places where 17-Across sat","52a":"Give the boot","53a":"Hamlet","54a":"Pumper's pride","57a":"Swimming champ Kristin","60a":"Drawn-out fight","64a":"Downfall of 17-Across","68a":"Egg on","69a":"Nail file","70a":"Guardianship","71a":"Will's wife","72a":"Took it from the top","73a":"Physics unit","1d":"Actuality","2d":"She loved Narcissus","3d":"With 39-Across, \"The Girl From Ipanema\" saxophonist","4d":"Nobel Prize refuser, 1964","5d":"Everyman John","6d":"Fat letters","7d":"St. Petersburg's river","8d":"Major Hoople's exclamation, in the comics","9d":"Japanese battle cry","10d":"\"Pinball Wizard\" band, with \"the\"","11d":"Rocky","12d":"Acreage","13d":"Patch","18d":"Despoils","19d":"Blue-and-white pottery","24d":"Glassmaking oven","25d":"Pope of 795-816","27d":"\"Cool it!\"","28d":"Silent star","29d":"Concepts","30d":"\"___ worry ...\"","31d":"Part of U.N.C.F.","32d":"Quaker","33d":"That is","34d":"Terra firma","35d":"Gettysburg general George","40d":"\"Germinal\" author","42d":"Actress Maryam","45d":"Island in Greek myth","47d":"Animals' backs","50d":"Grazer's limiter","51d":"Thought","54d":"Shade of blue","55d":"Overcook","56d":"Speak with the hands","58d":"Bibliophile's purchase","59d":"Was in arrears","61d":"Nervous","62d":"Football yardage","63d":"\"What ___ is new?\"","65d":"Dutch waterway","66d":"Indian title","67d":"Dancer Charisse"},"answers":{"1a":"FESS","5a":"DENEB","10a":"WHAM","14a":"ACTA","15a":"OMEGA","16a":"HARE","17a":"CHARLESVANDOREN","20a":"TONTO","21a":"ADZE","22a":"DAD","23a":"ROLL","26a":"ALS","28a":"NINETEENFIFTIES","36a":"EDO","37a":"SHOER","38a":"TODAY","39a":"GETZ","41a":"RIGID","43a":"PERK","44a":"RATON","46a":"IREAD","48a":"STE","49a":"ISOLATIONBOOTHS","52a":"AXE","53a":"DORP","54a":"ABS","57a":"OTTO","60a":"SIEGE","64a":"QUIZSHOWSCANDAL","68a":"URGE","69a":"EMERY","70a":"EGIS","71a":"ANNE","72a":"REDID","73a":"DYNE","1d":"FACT","2d":"ECHO","3d":"STAN","4d":"SARTRE","5d":"DOE","6d":"EMS","7d":"NEVA","8d":"EGAD","9d":"BANZAI","10d":"WHO","11d":"HARD","12d":"AREA","13d":"MEND","18d":"LOOTS","19d":"DELFT","24d":"LEHR","25d":"LEOIII","27d":"STOP","28d":"NEGRI","29d":"IDEAS","30d":"NOTTO","31d":"NEGRO","32d":"FRIEND","33d":"IDEST","34d":"EARTH","35d":"SYKES","40d":"ZOLA","42d":"DABO","45d":"NAXOS","47d":"DORSA","50d":"TETHER","51d":"OPINED","54d":"AQUA","55d":"BURN","56d":"SIGN","58d":"TOME","59d":"OWED","61d":"EDGY","62d":"GAIN","63d":"ELSE","65d":"ZEE","66d":"SRI","67d":"CYD"}}