{"numbers":[["1","2","3","4","-","5","6","7","8","-","9","10","11","12","13"],["14","","","","-","15","","","","-","16","","","",""],["17","","","","18","","","","","-","19","","","",""],["20","","","","","","-","21","","22","","-","23","",""],["-","-","-","24","","","25","-","26","","","27","","-","-"],["-","28","29","","","","","30","-","31","","","","32","33"],["34","","","-","35","","","","36","","-","37","","",""],["38","","","39","","-","40","","","-","41","","","",""],["42","","","","-","43","","","","44","","-","45","",""],["46","","","","47","","-","48","","","","49","","","-"],["-","-","50","","","","51","-","52","","","","-","-","-"],["53","54","","-","55","","","56","-","57","","","58","59","60"],["61","","","62","","-","63","","64","","","","","",""],["65","","","","","-","66","","","","-","67","","",""],["68","","","","","-","69","","","","-","70","","",""]],"clues":{"1a":"Butcher's hook","5a":"Exam for H.S. jrs.","9a":"Make nuts","14a":"___ breve (2/2 time)","15a":"Aunt Millie's competitor","16a":"Had something wrong","17a":"\"When Worlds Collide\" producer","19a":"Knight spot?","20a":"Eddying","21a":"Take the bus","23a":"Sweet spud","24a":"Argo ending","26a":"Where to get plastered?","28a":"Forsake","31a":"\"Cosby Show\" co-star","34a":"Winter bug","35a":"Hate with a passion","37a":"Host Jay","38a":"Rock groups","40a":"Reduce the fare?","41a":"Runs into","42a":"\"___ partridge ...\"","43a":"Levy","45a":"Peppermint Twister Joey","46a":"Yellowstone attraction","48a":"A month of ___","50a":"Unearthly","52a":"Harbor boats","53a":"Symbol of sovereignty","55a":"Quantico initials","57a":"Fix","61a":"Man of morals","63a":"Longtime Pirate pitcher","65a":"Lost one's balance?","66a":"Peter Gunn's lady","67a":"Capital of Yemen","68a":"Shadings","69a":"Split","70a":"\"Enterprise\" journey","1d":"Infatuated","2d":"Pub round","3d":"Go with it","4d":"A Little Rascal","5d":"Musical intro","6d":"Enervate","7d":"Seaweed substance","8d":"Haarlem bloomer","9d":"Tourist's tote","10d":"Inlet","11d":"\"Brat pack\" actress","12d":"Epsilon follower","13d":"Holland export","18d":"Some pianos","22d":"Move like a dragonfly","25d":"Indian icon","27d":"South Seas site","28d":"Out in the cold","29d":"\"Barnaby Jones\" star","30d":"Tide types","32d":"Starts the pot","33d":"Pill allotment","34d":"Old Glory","36d":"Substantial","39d":"Let up","41d":"Civil-rights leader Evers","43d":"Flower of one's eye?","44d":"Extinguished","47d":"Hits the ceiling","49d":"Shortstop's stat","51d":"Barbecue leftover","53d":"Malt drier","54d":"Bank take-back","56d":"Spy writing","58d":"Bender","59d":"Feminine suffix","60d":"Neighbor of Sas.","62d":"\"A Chorus Line\" finale","64d":"Hopper"},"answers":{"1a":"GAFF","5a":"PSAT","9a":"CRAZE","14a":"ALLA","15a":"RAGU","16a":"AILED","17a":"GEORGEPAL","19a":"MALTA","20a":"ASWIRL","21a":"RIDE","23a":"YAM","24a":"NAUT","26a":"PARIS","28a":"ABANDON","31a":"RASHAD","34a":"FLU","35a":"DETEST","37a":"LENO","38a":"LODES","40a":"EAT","41a":"MEETS","42a":"ANDA","43a":"IMPOSE","45a":"DEE","46a":"GEYSER","48a":"SUNDAYS","50a":"EERIE","52a":"TUGS","53a":"ORB","55a":"USMC","57a":"FASTEN","61a":"AESOP","63a":"BOBFRIEND","65a":"SPENT","66a":"EDIE","67a":"SANA","68a":"TONES","69a":"REND","70a":"TREK","1d":"GAGA","2d":"ALES","3d":"FLOW","4d":"FARINA","5d":"PRELUDE","6d":"SAP","7d":"AGAR","8d":"TULIP","9d":"CAMERA","10d":"RIA","11d":"ALLYSHEEDY","12d":"ZETA","13d":"EDAM","18d":"GRANDS","22d":"DART","25d":"TOTEM","27d":"ISLE","28d":"ALONE","29d":"BUDDYEBSEN","30d":"NEAPS","32d":"ANTES","33d":"DOSE","34d":"FLAG","36d":"STOUT","39d":"EASE","41d":"MEDGAR","43d":"IRIS","44d":"SNUFFED","47d":"ERUPTS","49d":"ASSIST","51d":"EMBER","53d":"OAST","54d":"REPO","56d":"CODE","58d":"TEAR","59d":"ENNE","60d":"NDAK","62d":"ONE","64d":"BIN"}}