{"numbers":[["1","2","3","4","5","6","7","8","-","9","10","11","12","13","14"],["15","","","","","","","","-","16","","","","",""],["17","","","","","","","","-","18","","","","",""],["19","","","","-","20","","","21","","-","22","","",""],["-","23","","","24","","-","-","25","","26","","-","-","-"],["-","-","-","-","27","","28","-","29","","","-","30","31","32"],["-","33","34","35","","","","36","","","","37","","",""],["38","","","","-","-","39","","","-","-","40","","",""],["41","","","","42","43","","","","44","45","","","","-"],["46","","","-","47","","","-","48","","","-","-","-","-"],["-","-","-","49","","","","-","-","50","","51","52","53","-"],["54","55","56","","-","57","","58","59","","-","60","","","61"],["62","","","","63","","-","64","","","65","","","",""],["66","","","","","","-","67","","","","","","",""],["68","","","","","","-","69","","","","","","",""]],"clues":{"1a":"Underground passageway","9a":"Where shadowy figures appear?","15a":"Handel bars","16a":"Steamship smokestack","17a":"007 thriller by Robert Markham","18a":"\"Hurry up!\"","19a":"666, to some","20a":"Plaster of Paris, perhaps","22a":"Asia, with \"the\"","23a":"Betel palm","25a":"Pitcher","27a":"Health-care pros","29a":"Retreat","30a":"K-O combination","33a":"World capital since 1811","38a":"Flexible, in a way","39a":"Sink a submarine?","40a":"Endangered antelope","41a":"Baskin-Robbins orders","46a":"Gunpower site","47a":"___-leaf cluster","48a":"Go blonde","49a":"Top-drawer","50a":"Take out for ___","54a":"Evening spectacle","57a":"Teddy Roosevelt target","60a":"Baal, e.g.","62a":"X","64a":"Missile telemetry site","66a":"Mistake eliminator","67a":"Separation","68a":"1978 N.B.A. M.V.P.","69a":"Hood","1d":"First name in fashion","2d":"Bouquet","3d":"Old German coin: Var.","4d":"Expiate, with \"for\"","5d":"Snooker","6d":"Spaghetti sauce ingredient","7d":"One in 500?","8d":"Ship officers","9d":"Kansas, the ___ State","10d":"Just","11d":"___ alia","12d":"Amphora handle","13d":"Jack Diamond's nickname","14d":"Jukebox part","21d":"Gave a goofball to","24d":"Dernier ___ (latest fashion)","26d":"Bambi's aunt","28d":"Burglar's shoe?","30d":"Tacklebox item","31d":"Giant Giant","32d":"Night goddess","33d":"Have a hangover","34d":"Parhelion","35d":"XXX x X","36d":"Congratulate in a way","37d":"City of Portuguese India","38d":"Cry of surprise in the comics","42d":"Tic-tac-toe triumph","43d":"The Green ___ (superhero)","44d":"Revolutionary leader of 1911","45d":"___ Moines","49d":"Bikini blowout in '46","51d":"Type types","52d":"Shocking wedding vow?","53d":"For the ___","54d":"Cousin of the Venus' flytrap","55d":"Some antitoxin","56d":"Airline to Ben-Gurion","58d":"Not celebrated","59d":"Kind of cracker","61d":"Satyric glance","63d":"Auto racer ___ Fabi","65d":"Part of a joule"},"answers":{"1a":"CATACOMB","9a":"SUNDIALS","15a":"ORATORIO","16a":"FUNNEL","17a":"COLONELSUN","18a":"LETSGO","19a":"OMEN","20a":"GESSO","22a":"EAST","23a":"ARECA","25a":"EWER","27a":"RNS","29a":"DEN","30a":"LMN","33a":"ASUNCIONPARAGUAY","38a":"ACDC","39a":"EAT","40a":"ORYX","41a":"CHOCOLATESUNDAES","46a":"KEG","47a":"OAK","48a":"DYE","49a":"AONE","50a":"ASPIN","54a":"SUNSET","57a":"TRUST","60a":"IDOL","62a":"DELETE","64a":"NOSECONE","66a":"ERASER","67a":"SUNDERANCE","68a":"WALTON","69a":"GANGSTER","1d":"COCO","2d":"AROMA","3d":"TALER","4d":"ATONE","5d":"CON","6d":"OREGANO","7d":"MILE","8d":"BOSUNS","9d":"SUNFLOWER","10d":"DUE","11d":"INTER","12d":"ANSA","13d":"LEGS","14d":"SLOT","21d":"SEDATED","24d":"CRI","26d":"ENA","28d":"SNEAKER","30d":"LURE","31d":"MAYS","32d":"NYX","33d":"ACHE","34d":"SUNDOG","35d":"CCC","36d":"PAT","37d":"GOA","38d":"ACK","42d":"OOO","43d":"LANTERN","44d":"SUNYATSEN","45d":"DES","49d":"ATEST","51d":"PICAS","52d":"IDONT","53d":"NONCE","54d":"SUNDEW","55d":"SERA","56d":"ELAL","58d":"UNSUNG","59d":"SODA","61d":"LEER","63d":"TEO","65d":"ERG"}}