{"numbers":[["-","1","2","3","-","-","-","4","5","6","7","8","9","10","-"],["11","","","","12","-","13","","","","","","","","14"],["15","","","","","-","16","","","","","","","",""],["17","","","","","-","18","","","","-","19","","",""],["20","","","-","21","22","","-","23","","24","","","","-"],["25","","","26","","","-","27","","","","-","-","-","-"],["28","","","","","","29","","","-","30","31","32","33","-"],["34","","","","-","35","","","","36","-","37","","","38"],["-","39","","","40","-","41","","","","42","","","",""],["-","-","-","-","43","44","","","-","45","","","","",""],["-","46","47","48","","","","-","49","","","-","50","",""],["51","","","","-","52","","53","","-","54","55","","",""],["56","","","","57","","","","","-","58","","","",""],["59","","","","","","","","","-","60","","","",""],["-","61","","","","","","","-","-","-","62","","","-"]],"clues":{"1a":"Cardinal","4a":"Sailed in a small boat","11a":"Sorted, as chicks","13a":"Toward the mouth","15a":"Spray","16a":"Resident of Asian Turkey","17a":"Perfumery resin","18a":"___ vu","19a":"Headset, to hams","20a":"Rumpus","21a":"Itinerary word","23a":"Squirrel's cache","25a":"Salient points","27a":"Countertenor","28a":"Cézanne's \"The Big Apples,\" e.g.","30a":"B.C. or N.B.","34a":"Cellular home","35a":"Pixyish","37a":"Returned to earth","39a":"\"___ Si Bon\" (old song hit)","41a":"Solid hit","43a":"Sophocles tragedy","45a":"In any way","46a":"Abrasive mineral","49a":"Dardanelles or Bosporus: Abbr.","50a":"Suffix with cardinal points","51a":"Ration","52a":"___ Sabe (trusty scout)","54a":"Optional","56a":"Pittsburgh work area","58a":"Reason for a raise","59a":"Writhes","60a":"Castle of film","61a":"Razzed","62a":"Witness","1d":"Lifelike","2d":"Widespread","3d":"Judge","4d":"Loudness measure","5d":"1944 Pacific battle site","6d":"Whole","7d":"Back","8d":"Taxpayer","9d":"Spa famous for its water","10d":"Favorites","11d":"Kind of turnip","12d":"Prattle","13d":"Art genre","14d":"E.R. personnel","22d":"Secluded place","24d":"Alley closing","26d":"Diminutive suffixes","27d":"Attach","29d":"Jittery","31d":"Atypical","32d":"Gift of Athena to mankind","33d":"Of civets, tenets and mongooses","36d":"Brood","38d":"Like a cloverleaf","40d":"Whip","42d":"Upscale trio?","44d":"Stevenson hero","46d":"Boarded","47d":"Coeur d'___","48d":"Oswald the ___ (Chaucer character)","49d":"Transplants grass","51d":"U.S. Army medal","53d":"Onetime prime-time equine","55d":"Unversed signers","57d":"Grandson of Noah"},"answers":{"1a":"RED","4a":"SKIFFED","11a":"SEXED","13a":"DOWNRIVER","15a":"WATER","16a":"ANATOLIAN","17a":"ELEMI","18a":"DEJA","19a":"EARS","20a":"DIN","21a":"VIA","23a":"ACORNS","25a":"ISSUES","27a":"ALTO","28a":"STILLLIFE","30a":"PROV","34a":"HIVE","35a":"ELFIN","37a":"ALIT","39a":"CEST","41a":"LINEDRIVE","43a":"AJAX","45a":"SOEVER","46a":"GARNET","49a":"STR","50a":"ERN","51a":"DOLE","52a":"KEMO","54a":"EXTRA","56a":"STEELYARD","58a":"MERIT","59a":"CONVULSES","60a":"IRENE","61a":"NEEDLED","62a":"SEE","1d":"REALISTIC","2d":"EXTENSIVE","3d":"DEEM","4d":"SONE","5d":"KWAJALEIN","6d":"INTACT","7d":"FRO","8d":"FILER","9d":"EVIAN","10d":"DEARS","11d":"SWEDISH","12d":"DRIVEL","13d":"DADA","14d":"RNS","22d":"ISLE","24d":"OOP","26d":"ULES","27d":"AFFIX","29d":"ILLATEASE","31d":"RARE","32d":"OLIVETREE","33d":"VIVERRINE","36d":"NEST","38d":"TERNATE","40d":"TAN","42d":"DOREMI","44d":"JEKYLL","46d":"GOTON","47d":"ALENE","48d":"REEVE","49d":"SODS","51d":"DSC","53d":"MRED","55d":"XERS","57d":"LUD"}}