{"numbers":[["1","2","3","4","5","-","-","6","7","8","9","-","-","10","11","12","-","13","14","15","16","17","18"],["19","","","","","-","20","","","","","21","-","22","","","-","23","","","","",""],["24","","","","","25","","","","","","","26","","","","-","27","","","","",""],["28","","","","-","29","","","-","-","30","","","","","","31","-","32","","","",""],["33","","","","-","34","","","35","36","","","","","","","","37","","-","38","",""],["39","","","","40","-","41","","","","","","-","42","","","","","-","43","","",""],["-","-","-","44","","45","-","-","46","","","-","-","-","47","","","","-","48","","",""],["49","50","51","-","52","","53","54","-","55","","56","-","57","","","-","-","58","","","",""],["59","","","-","60","","","","61","-","62","","63","","-","-","64","65","","","","-","-"],["66","","","-","67","","","","","68","-","69","","","70","71","","","","-","72","73","74"],["75","","","76","-","77","","","","","78","","","","","","","","","79","","",""],["80","","","","-","-","81","","","","","","","","","","","-","-","82","","",""],["83","","","","84","85","","","","","","","","","","","","86","-","87","","",""],["88","","","-","89","","","","","","","","-","90","","","","","91","-","92","",""],["-","-","93","94","","","","-","-","95","","","96","-","97","","","","","-","98","",""],["99","100","","","","-","-","101","102","","-","103","","104","-","105","","","","-","106","",""],["107","","","","-","108","109","","","-","-","-","110","","111","-","-","112","","113","-","-","-"],["114","","","","-","115","","","","116","-","117","","","","118","119","-","120","","121","122","123"],["124","","","-","125","","","","","","126","","","","","","","127","-","128","","",""],["129","","","130","","-","131","","","","","","","-","-","132","","","-","133","","",""],["134","","","","","135","-","136","","","","","","137","138","","","","139","","","",""],["140","","","","","","-","141","","","-","142","","","","","","-","143","","","",""],["144","","","","","","-","145","","","-","-","146","","","","-","-","147","","","",""]],"clues":{"1a":"World-weary","6a":"Licensing ___","10a":"Eng. network","13a":"Biblical incense spice","19a":"Faulty","20a":"Christmas present peekers do it","22a":"Tune","23a":"Wages","24a":"Side door, perhaps?","27a":"The Iliad, e.g.","28a":"Microscopic life","29a":"Weapon in action-thrillers","30a":"Finback whale","32a":"Room extensions","33a":"___-do-well","34a":"Suspect in a whodunit game?","38a":"Kind of farm","39a":"Igor and Dr. Watson: Abbr.","41a":"Spaghetti-western attire","42a":"Lyric poem","43a":"Dynasty after the T'ang","44a":"Outlet for N.Y. horseplayers","46a":"Robe adornment","47a":"Revolution site of 1979","48a":"Getting ___ years","49a":"French seasoning","52a":"Mil. offshoot","55a":"Common Market inits.","57a":"A.M.A. members","58a":"Morning awakener, for some","59a":"___ particle","60a":"\"Get ___ of this!\"","62a":"\"Elephant Boy\" boy","64a":"Ringbearer in \"The Lord of the Rings\"","66a":"Mineral suffix","67a":"Stinking","69a":"Joys","72a":"Zoological duct","75a":"Sentence subject","77a":"Flogging, e.g.?","80a":"Conscious of","81a":"Numskulls","82a":"Jocular Johnson","83a":"Union action?","87a":"Judah's second son","88a":"Cooler","89a":"Trattoria fare","90a":"Name tag","92a":"Strip for Spot","93a":"Ice cream thickeners","95a":"Coin in 47 Across","97a":"Honkers","98a":"Pierce Arrow rival","99a":"Shrewd","101a":"___ amore (with love)","103a":"\"Under a Glass Bell\" author","105a":"Eastern \"holies\"","106a":"50 Down, once: Abbr.","107a":"Westernmost of the Aleutians","108a":"Give-and-take","110a":"South Africa's ___ Paul Kruger","112a":"Fresh","114a":"Seance sounds","115a":"Like some coats and paper","117a":"Loosen rigging","120a":"Thomas Moore's \"The Harp That Once Through ___ Halls!\"","124a":"\"___ you sure?\"","125a":"Baseball star?","128a":"Topic: Sp.","129a":"Sugar source","131a":"Bests","132a":"One who's taken vows","133a":"Medicinal amts.","134a":"Disburse","136a":"Spencer Tracy movie?","140a":"Faces the wind while stationary, at sea","141a":"Portugese writer Jose Maria ___ de Queiroz","142a":"Agamemnon's mother","143a":"Bogart's \"High Sierra\" role","144a":"Tailor, in old Rome","145a":"Napoleonic marshal","146a":"Nurses","147a":"Quiet","1d":"Long-toed aquatic bird","2d":"Soap substitutes, in the Southwest","3d":"Sad songs","4d":"Grass used for making paper","5d":"Brit. medal","6d":"Cunning, in a way","7d":"Yeanling's mother","8d":"Fish-eating bird","9d":"Despotic jurisdictions","10d":"Where to get French bread?","11d":"Premolar","12d":"Authors","13d":"Naut. heading","14d":"On delayed-broadcast","15d":"Heaps","16d":"State officers?","17d":"Shipbuilder's pin","18d":"Ophthalmologist's implement","20d":"Flattens","21d":"Humble toiler","25d":"Dancers cut it","26d":"Word with strong or straight","31d":"Terhune's \"___ Dog\"","35d":"Mancinelli opera \"___ e Leandro\"","36d":"Playwright David","37d":"Stimpy's chum","40d":"Buckle holder","43d":"Forte","45d":"Large pill","49d":"\"Maude\" or \"Frasier\" e.g.","50d":"Where the kroon is spent","51d":"Beatles character?","53d":"Shoppers' receptacles","54d":"Actress Barbara","56d":"Red chalcedony","57d":"Children's entertainers","58d":"Nonsense","61d":"Summary","63d":"Turkish ___","64d":"More kittenlike","65d":"In medias ___","68d":"Make roses safe to handle","70d":"Berber language","71d":"Water spirits","73d":"Scorpius's red giant","74d":"Powerful speaker","76d":"Cambodia's Lon ___","78d":"Ancient Mideast nomads","79d":"Warhol subject","84d":"Strong cart","85d":"Cosmonaut's home","86d":"Red dye","91d":"Fix a fracture","94d":"Oxlike antelopes","96d":"Mothers with pride?","99d":"Candy cubes","100d":"Tranquility","101d":"Some boaters","102d":"Sandwich style","104d":"Vincent Lopez's theme song","108d":"Traffic warning","109d":"Like jokers","111d":"Kind of wheels","113d":"\"Embarkation of Cythera\" artist","116d":"Record holder?","117d":"Extremist","118d":"Aurora's doings","119d":"Soixante minutes","121d":"Lido, e.g.","122d":"Hypodermic needle holder","123d":"Was smart","125d":"Poetic patchwork","126d":"Film \"7 Faces of Dr. ___\"","127d":"Gene material","130d":"For fear that","135d":"Palme ___ (award at Cannes)","137d":"___ de coeur","138d":"Caveman in Moo","139d":"The Blue Carbuncle, to Holmes"},"answers":{"1a":"JADED","6a":"FEES","10a":"BBC","13a":"STACTE","19a":"AMISS","20a":"REWRAP","22a":"AIR","23a":"SALARY","24a":"CORPORALENTRANCE","27a":"EPOPEE","28a":"ALGA","29a":"UZI","30a":"RORQUAL","32a":"ETTES","33a":"NEER","34a":"GENERALMUSTARD","38a":"ANT","39a":"ASSTS","41a":"SERAPE","42a":"EPODE","43a":"LIAO","44a":"OTB","46a":"OBI","47a":"IRAN","48a":"ONIN","49a":"SEL","52a":"ROTC","55a":"EEC","57a":"MDS","58a":"BUGLE","59a":"PSI","60a":"ALOAD","62a":"SABU","64a":"FRODO","66a":"ITE","67a":"PUTRID","69a":"RAPTURES","72a":"VAS","75a":"NOUN","77a":"SERGEANTPUNISHMENT","80a":"ONTO","81a":"BEETLEHEADS","82a":"ARTE","83a":"FIELDMARSHALSTRIKE","87a":"ONAN","88a":"FAN","89a":"RIGATONI","90a":"SENIOR","92a":"ORT","93a":"AGARS","95a":"RIAL","97a":"GEESE","98a":"REO","99a":"CANNY","101a":"CON","103a":"NIN","105a":"SRIS","106a":"SSR","107a":"ATTU","108a":"SWAP","110a":"OOM","112a":"NEW","114a":"RAPS","115a":"LINED","117a":"UNLASH","120a":"TARAS","124a":"ARE","125a":"COLONELLEAGUER","128a":"TEMA","129a":"MAPLE","131a":"DEFEATS","132a":"NUN","133a":"TSPS","134a":"EXPEND","136a":"MAJORSCOURAGEOUS","140a":"LIESTO","141a":"ECA","142a":"AEROPE","143a":"EARLE","144a":"SARTOR","145a":"NEY","146a":"SIPS","147a":"MUTED","1d":"JACANA","2d":"AMOLES","3d":"DIRGES","4d":"ESPARTO","5d":"DSO","6d":"FELINE","7d":"EWE","8d":"ERN","9d":"SATRAPIES","10d":"BANQUE","11d":"BICUSPID","12d":"CREATORS","13d":"SSE","14d":"TAPED","15d":"ALOT","16d":"CAPTAINGOVERNORS","17d":"TREENAIL","18d":"EYESTONE","20d":"RAZES","21d":"PROLE","25d":"RUG","26d":"ARM","31d":"LADA","35d":"ERO","36d":"RABE","37d":"REN","40d":"STRAP","43d":"LOUD","45d":"BOLUS","49d":"SPINOFF","50d":"ESTONIA","51d":"LIEUTENANTPEPPER","53d":"TOTEBAGS","54d":"CARRERA","56d":"CARNELIAN","57d":"MUPPETS","58d":"BOSH","61d":"DIGEST","63d":"BATHS","64d":"FRISKIER","65d":"RES","68d":"DETHORN","70d":"TUAREG","71d":"UNDINES","73d":"ANTARES","74d":"STENTOR","76d":"NOL","78d":"ALANI","79d":"MAO","84d":"DRAY","85d":"MIR","86d":"EOSIN","91d":"RESET","94d":"GNUS","96d":"LIONESSES","99d":"CARAMELS","100d":"ATARAXIA","101d":"CANOEMEN","102d":"OPENFACE","104d":"NOLA","108d":"SLO","109d":"WILD","111d":"MAG","113d":"WATTEAU","116d":"DEEJAY","117d":"ULTRA","118d":"SUNUPS","119d":"HEURE","121d":"RESORT","122d":"AMPULE","123d":"SASSED","125d":"CENTO","126d":"LAO","127d":"RNA","130d":"LEST","135d":"DOR","137d":"CRI","138d":"OOP","139d":"GEM"}}