{"numbers":[["1","2","3","4","5","6","7","8","9","10","-","11","12","13","14"],["15","","","","","","","","","","-","16","","",""],["17","","","","","","","","","","-","18","","",""],["19","","","-","-","20","","","-","21","22","","","",""],["23","","","24","-","-","25","","26","","","","","",""],["27","","","","28","-","-","29","","","","","","",""],["30","","","","","31","-","32","","","-","-","33","",""],["-","-","-","34","","","35","","","","36","37","-","-","-"],["38","39","40","-","-","41","","","-","42","","","43","44","45"],["46","","","47","48","","","","-","-","49","","","",""],["50","","","","","","","","51","-","-","52","","",""],["53","","","","","","-","54","","55","-","-","56","",""],["57","","","","-","58","59","","","","60","61","","",""],["62","","","","-","63","","","","","","","","",""],["64","","","","-","65","","","","","","","","",""]],"clues":{"1a":"Branch of algebra","11a":"Literary garlands","15a":"Chekhov relative","16a":"Fair","17a":"Cockpit dials","18a":"List extender","19a":"1936 Tommy Dorsey hit","20a":"T.___","21a":"Nissan model","23a":"Clayey soil","25a":"Is forthright","27a":"Rival of Helena and Max","29a":"Weaken","30a":"Go ballistic","32a":"Hide-hair connector","33a":"Many M.I.T. grads","34a":"Roll","38a":"Like some welfare hotels: Abbr.","41a":"Item of dancer's attire","42a":"Winter vehicle","46a":"Former Scandinavian monarch","49a":"Time to remember","50a":"More than bushed","52a":"Years ago","53a":"Making the most sense","54a":"Going concern?","56a":"Painter ___ Borch","57a":"Nerve network","58a":"Suited to a tee","62a":"Toward the mouth","63a":"Agents of change","64a":"Colloquial \"not\"","65a":"Old street cry","1d":"Former Washington family","2d":"Free","3d":"Impel","4d":"Sixth-century date","5d":"\"Losing My Religion\" rock band","6d":"State","7d":"\"Soap\" family","8d":"Small token of appreciation","9d":"St. ___- l'Ecole, France","10d":"Root beer root","11d":"In ___ (somewhat)","12d":"One of Hamlet's choices","13d":"Generally","14d":"Liquefies a gel","22d":"___ out a living","24d":"One of the exchanges, for short","26d":"Country Slaughter","28d":"Auction ending","31d":"W.W. II general Jimmy","35d":"Steel support","36d":"Conn.-to-Me. direction","37d":"___ Gigio (old TV mouse)","38d":"Baseball great with the nickname \"Moose\"","39d":"San Remo locale","40d":"Bad movie rating","43d":"Reach","44d":"Wish granter","45d":"Actress Russell","47d":"Possessive","48d":"Sudden-death periods: Abbr.","51d":"Old Swedish money","55d":"Parlor piece","59d":"City north of Marseilles","60d":"Caviar","61d":"Game show mystery guest"},"answers":{"1a":"QUADRATICS","11a":"ANAS","15a":"UNCLEVANYA","16a":"SOSO","17a":"ALTIMETERS","18a":"ETAL","19a":"YOU","20a":"REX","21a":"SENTRA","23a":"LOAM","25a":"SPEAKSOUT","27a":"ESTEE","29a":"ENFEEBLE","30a":"SEERED","32a":"NOR","33a":"EES","34a":"CROISSANT","38a":"SRO","41a":"OBI","42a":"SNOCAT","46a":"KINGOLAV","49a":"EPOCH","50a":"OVERTIRED","52a":"ONCE","53a":"WISEST","54a":"GAS","56a":"TER","57a":"RETE","58a":"TAILORMADE","62a":"ORAD","63a":"LIFEFORCES","64a":"NARY","65a":"EXTRAEXTRA","1d":"QUAYLES","2d":"UNLOOSE","3d":"ACTUATE","4d":"DLI","5d":"REM","6d":"AVER","7d":"TATES","8d":"INEXPENSIVEGIFT","9d":"CYR","10d":"SASSAFRAS","11d":"ASENSE","12d":"NOTTOBE","13d":"ASARULE","14d":"SOLATES","22d":"EKE","24d":"MERC","26d":"ENOS","28d":"EER","31d":"DOOLITTLE","35d":"IBAR","36d":"NNE","37d":"TOPO","38d":"SKOWRON","39d":"RIVIERA","40d":"ONESTAR","43d":"CONTACT","44d":"ACCEDER","45d":"THERESA","47d":"GREEDY","48d":"OTS","51d":"DALER","55d":"SOFA","59d":"AIX","60d":"ROE","61d":"MRX"}}