{"numbers":[["-","-","1","2","3","4","5","-","6","7","8","9","10","-","-"],["-","11","","","","","","-","12","","","","","13","14"],["15","","","","","","","-","16","","","","","",""],["17","","","","","","","18","","-","-","19","","",""],["20","","","","","-","21","","","22","23","","","",""],["24","","","","-","-","25","","","","","-","26","",""],["27","","","","28","-","-","29","","","","30","","","-"],["-","-","-","31","","32","33","","","","","","-","-","-"],["-","34","35","","","","","","-","-","36","","37","38","39"],["40","","","-","41","","","","42","-","-","43","","",""],["44","","","45","","","","","","-","46","","","",""],["47","","","","-","-","48","","","49","","","","",""],["50","","","","51","52","","-","53","","","","","",""],["54","","","","","","","-","55","","","","","","-"],["-","-","56","","","","","-","57","","","","","-","-"]],"clues":{"1a":"Logical thinker","6a":"Does laps","11a":"Scott Baio's \"Happy Days\" role","12a":"Least trusting","15a":"Reviewed with \"up\"","16a":"Agitated","17a":"Star seen late at night","19a":"\"___ bien\" (all right!): Sp.","20a":"Tom Mix film","21a":"Kind of notation","24a":"Biblical measure","25a":"Helmet guardpiece","26a":"Sign","27a":"Nora portrayer in film","29a":"Makes rings in the hair","31a":"Joseph of ___ (follower of Jesus)","34a":"Snowmen?","36a":"Bit of snowman attire","40a":"Southwest Conf. team","41a":"Gift giver","43a":"Zeno's home","44a":"Where there's a lotta shakin' goin' on","46a":"Utter","47a":"Sandwich material","48a":"\"Rhetoric\" author","50a":"Wagner hero","53a":"Set off","54a":"Portuguese lady","55a":"Prepared for a wallop","56a":"Waif","57a":"Inflame","1d":"\"Eye\" opener","2d":"1958 Literature Nobelist","3d":"Landscapist's color","4d":"\"If I Could Turn Back Time\" singer","5d":"Cruise companion","6d":"Playground equipment","7d":"Opposite of ruddy","8d":"Brit. adversary","9d":"Churl","10d":"Cast off","11d":"Smooth","13d":"Protests","14d":"Follow in another's footsteps?","15d":"Flowerage","18d":"Variety of gypsum","22d":"Price word","23d":"Muddy Waters's genre","28d":"Commence","30d":"Secretariat, e.g.","32d":"\"___ Old Cowhand\"","33d":"Chet Huntley by birth","34d":"Furniture style","35d":"Appropriate","37d":"\"Take ___\" (order to a steno)","38d":"Swayed","39d":"Got along","40d":"Back-to-sch. times","42d":"Awn","45d":"Soft woolen fabric","46d":"Comedian Arnold","49d":"Sheppard and Turpin's gun","51d":"Gobbler","52d":"Mr. Onassis"},"answers":{"1a":"SPOCK","6a":"SWIMS","11a":"CHACHI","12a":"WARIEST","15a":"BRUSHED","16a":"INASTIR","17a":"LETTERMAN","19a":"ESTA","20a":"OATER","21a":"ALGEBRAIC","24a":"OMER","25a":"NASAL","26a":"INK","27a":"MYRNA","29a":"BECURLS","31a":"ARIMATHEA","34a":"ESKIMOS","36a":"SCARF","40a":"SMU","41a":"SANTA","43a":"ELEA","44a":"EPICENTER","46a":"SHEER","47a":"PITA","48a":"ARISTOTLE","50a":"TRISTAN","53a":"STARTED","54a":"SENHORA","55a":"TENSED","56a":"GAMIN","57a":"ANGER","1d":"SHUTTER","2d":"PASTERNAK","3d":"OCHER","4d":"CHER","5d":"KIDMAN","6d":"SWINGSET","7d":"WAN","8d":"IRA","9d":"MISER","10d":"SETSAIL","11d":"CREAMY","13d":"SITINS","14d":"TRACK","15d":"BLOOM","18d":"ALABASTER","22d":"EACH","23d":"BLUES","28d":"ARISE","30d":"RACEHORSE","32d":"IMAN","33d":"MONTANAN","34d":"EMPIRE","35d":"SUITING","37d":"ALETTER","38d":"REELED","39d":"FARED","40d":"SEPTS","42d":"ARISTA","45d":"CASHA","46d":"STANG","49d":"STEN","51d":"TOM","52d":"ARI"}}