{"numbers":[["1","2","3","4","-","-","5","6","7","8","-","9","10","11","-"],["12","","","","-","13","","","","","-","14","","","15"],["16","","","","17","","","","","","18","","","",""],["19","","","-","20","","","","-","21","","","","",""],["-","-","22","23","","","","-","24","","","-","25","",""],["26","27","","","","","","28","","","","29","","",""],["30","","","","","-","-","31","","","","","-","-","-"],["32","","","","-","33","34","","","","-","35","36","37","38"],["-","-","-","39","40","","","","-","-","41","","","",""],["42","43","44","","","","","","45","46","","","","",""],["47","","","-","48","","","-","49","","","","","-","-"],["50","","","51","","","-","52","","","","-","53","54","55"],["56","","","","","","57","","","","","58","","",""],["59","","","","-","60","","","","","-","61","","",""],["-","62","","","-","63","","","","-","-","64","","",""]],"clues":{"1a":"Mugger subduer","5a":"Bathday cake?","9a":"Like a bairn","12a":"Press","13a":"Zoroastrian","14a":"Miss","16a":"M","19a":"Aficionado","20a":"Word of woe","21a":"Calorie counter","22a":"Less cordial","24a":"Palindromic org.","25a":"Actress Mary","26a":"O","30a":"Circumvent","31a":"___ mutantur (all things change)","32a":"Group meal","33a":"Green ___","35a":"Neighbor of Ariz.","39a":"Dazzling effect","41a":"Arrange for orchestra","42a":"E","47a":"Downed","48a":"See red?","49a":"A k a","50a":"Hard: Prefix","52a":"Date-setting phrase","53a":"Cask","56a":"Y","59a":"Eliel's son","60a":"Jam","61a":"\"Judith\" composer","62a":"Neighbor of Isr.","63a":"Yemen's capital","64a":"Pooped","1d":"Upset","2d":"\"Un bel di,\" for one","3d":"Wall moldings","4d":"Printer's dashes","5d":"Game hunter's trip","6d":"Table scraps","7d":"Timber wood","8d":"Former airline","9d":"Fizz flavor","10d":"Virgil's birthplace","11d":"Backward","13d":"Propelled a punt","15d":"Tatter","17d":"Sully","18d":"Dolphins' home","23d":"Constrict","24d":"Climber's goal","26d":"Notable uncle","27d":"First lady","28d":"Paraguayan compass point","29d":"Region of Spain, with \"La\"","33d":"Elaborate affairs","34d":"Overhang","36d":"Dew","37d":"Misdo","38d":"Crossed out","40d":"Brazilian dance band","41d":"Unbending","42d":"Thrash","43d":"Emulates Durer","44d":"Sniggler's spot","45d":"1955 Belmont Stakes winner","46d":"One-master","51d":"___ effort","52d":"\"___ o'clock scholar\"","54d":"Armbone","55d":"Da's opposite","57d":"Estuary","58d":"Alternative to a hook"},"answers":{"1a":"MACE","5a":"SOAP","9a":"SMA","12a":"IRON","13a":"PARSI","14a":"LASS","16a":"FIRSTOFTHEMONTH","19a":"FAN","20a":"ALAS","21a":"DIETER","22a":"ICIER","24a":"AMA","25a":"URE","26a":"SECONDINCOMMAND","30a":"AVERT","31a":"OMNIA","32a":"MESS","33a":"BERET","35a":"NMEX","39a":"ECLAT","41a":"SCORE","42a":"BEETHOVENSTHIRD","47a":"ATE","48a":"OWE","49a":"ALIAS","50a":"SCLERO","52a":"ASOF","53a":"TUN","56a":"THEFOURTHOFJULY","59a":"EERO","60a":"TIEUP","61a":"ARNE","62a":"SYR","63a":"SANA","64a":"BEAT","1d":"MIFF","2d":"ARIA","3d":"CORNICES","4d":"ENS","5d":"SAFARI","6d":"ORTS","7d":"ASH","8d":"PIEDMONT","9d":"SLOE","10d":"MANTUA","11d":"ASTERN","13d":"POLED","15d":"SHRED","17d":"TAINT","18d":"MIAMI","23d":"CORSET","24d":"ACME","26d":"SAM","27d":"EVE","28d":"NORTE","29d":"MANCHA","33d":"BLOWOUTS","34d":"EAVE","36d":"MOISTURE","37d":"ERR","38d":"XED","40d":"CHORO","41d":"STIFF","42d":"BASTE","43d":"ETCHES","44d":"EELERY","45d":"NASHUA","46d":"SLOOP","51d":"EFOR","52d":"ATEN","54d":"ULNA","55d":"NYET","57d":"RIA","58d":"JAB"}}