{"numbers":[["1","2","3","4","-","5","6","7","8","-","-","9","10","11","12"],["13","","","","-","14","","","","15","-","16","","",""],["17","","","","18","","","","","","-","19","","",""],["20","","","","","","-","21","","","22","","","",""],["-","-","23","","","-","24","","","","","","-","-","-"],["25","26","","","-","27","","","","","","","28","29","30"],["31","","","-","32","","","","-","-","33","","","",""],["34","","","35","","","","-","36","37","","","","",""],["38","","","","","-","-","39","","","","-","40","",""],["41","","","","","42","43","","","","-","44","","",""],["-","-","-","45","","","","","","-","46","","","-","-"],["47","48","49","","","","","","-","50","","","","51","52"],["53","","","","-","54","","","55","","","","","",""],["56","","","","-","57","","","","","-","58","","",""],["59","","","","-","-","60","","","","-","61","","",""]],"clues":{"1a":"Lupino et al.","5a":"Rock band equipment","9a":"Swabs","13a":"\"Cheers\" habitue","14a":"French landscape painter","16a":"Toward shelter","17a":"Talk show host's holiday songs?","19a":"Holler","20a":"Interstice in a leaf","21a":"Goes first","23a":"Hog heaven?","24a":"County bordering London","25a":"Window frame","27a":"Actor's first course?","31a":"Wine cask","32a":"Swing around","33a":"Spitting ___","34a":"Education for the deaf","36a":"Carrot cousin","38a":"Street show","39a":"Bit of medicine","40a":"Car in a 1964 hit song","41a":"Artist's soup ingredients?","44a":"H.S. jr.'s exam","45a":"Tempestuous","46a":"Legal matter","47a":"Smart alec","50a":"Jesse James, e.g.","53a":"Buffalo's lake","54a":"Playwright's rubbish?","56a":"Drum sound","57a":"Moonshiner's need","58a":"Look ___ (explore)","59a":"Grandson of Adam","60a":"Old record company","61a":"Auspices: Var.","1d":"\"To Live and Die ___\"","2d":"Active one","3d":"English composer's trap?","4d":"Unwrinkled","5d":"Clearasil target","6d":"Bossy's call","7d":"Musical intro","8d":"Sherry classification","9d":"Actress-director's vegetables?","10d":"Source of trans-fatty acids","11d":"Ill-gotten wealth","12d":"___-serve (gas sign)","15d":"Russian kings","18d":"Foxy","22d":"Wish for","24d":"Poor part of town","25d":"Baby bird?","26d":"Ear-related","27d":"Capp and Capone","28d":"Film maker's argot?","29d":"Heebie-jeebies","30d":"Station","32d":"Mexican's nap","35d":"General's catch of the day?","36d":"Slow","37d":"Balaam's mount","39d":"Black mark","42d":"Lomond and Ness","43d":"Mistakes","44d":"\"Dick Van Dyke Show\" family name","46d":"Dull routine","47d":"\"___ all in this together\"","48d":"Press clothes","49d":"Cylindrical building","50d":"Norse capital","51d":"Italian wine center","52d":"\"___ on first?\"","55d":"R.N.'s skill"},"answers":{"1a":"IDAS","5a":"AMPS","9a":"MOPS","13a":"NORM","14a":"COROT","16a":"ALEE","17a":"LENOSNOELS","19a":"YELL","20a":"AREOLE","21a":"LEADSOFF","23a":"STY","24a":"SURREY","25a":"SASH","27a":"ALDASSALAD","31a":"TUN","32a":"SLUE","33a":"IMAGE","34a":"ORALISM","36a":"PARSNIP","38a":"RAREE","39a":"DOSE","40a":"GTO","41a":"KLEESLEEKS","44a":"PSAT","45a":"STORMY","46a":"RES","47a":"WISEACRE","50a":"OUTLAW","53a":"ERIE","54a":"HARTSTRASH","56a":"ROLL","57a":"STILL","58a":"INTO","59a":"ENOS","60a":"ATCO","61a":"EGIS","1d":"INLA","2d":"DOER","3d":"ARNESSNARE","4d":"SMOOTH","5d":"ACNE","6d":"MOO","7d":"PRELUDE","8d":"SOLERA","9d":"MAYSYAMS","10d":"OLEO","11d":"PELF","12d":"SELF","15d":"TSARS","18d":"SLY","22d":"DESIRE","24d":"SLUM","25d":"STORK","26d":"AURAL","27d":"ALS","28d":"LANGSSLANG","29d":"AGITA","30d":"DEPOT","32d":"SIESTA","35d":"LEESEELS","36d":"POKY","37d":"ASS","39d":"DEMERIT","42d":"LOCHS","43d":"ERRATA","44d":"PETRIE","46d":"RUT","47d":"WERE","48d":"IRON","49d":"SILO","50d":"OSLO","51d":"ASTI","52d":"WHOS","55d":"TLC"}}