{"numbers":[["1","2","3","4","-","-","5","6","7","8","9","-","10","11","12"],["13","","","","14","-","15","","","","","-","16","",""],["17","","","","","18","","","","","","-","19","",""],["-","-","-","-","20","","","","","","-","-","21","",""],["22","23","24","-","25","","","-","26","","27","28","","",""],["29","","","30","","","","-","-","-","31","","","",""],["32","","","","","","","33","-","34","","","","",""],["-","-","-","35","","","","","36","","","","-","-","-"],["37","38","39","","","","-","40","","","","","41","42","43"],["44","","","","","-","-","-","45","","","","","",""],["46","","","","","47","48","-","49","","","-","50","",""],["51","","","-","-","52","","53","","","","-","-","-","-"],["54","","","-","55","","","","","","","56","57","58","59"],["60","","","-","61","","","","","-","62","","","",""],["63","","","-","64","","","","","-","-","65","","",""]],"clues":{"1a":"Highlands tongue","5a":"Name of two former Supreme Court Justices","10a":"London's Old ___ Theater","13a":"Maximum bet","15a":"Image: Prefix","16a":"Constellation near Pavo","17a":"Digital music maker, in old Rome?","19a":"War site, informally","20a":"Grand","21a":"Give ___ whirl","22a":"Suffix with depart","25a":"Germany's Tirpitz, for one: Abbr.","26a":"Irritant","29a":"Maison window","31a":"First duke of Normandy","32a":"100 centimes","34a":"Coral reef predators","35a":"Actress Ullmann, in old Rome?","37a":"Discard","40a":"Soft silk fabric used for linings","44a":"Actress Gillette","45a":"More bryophytic","46a":"Sailor, in British slang","49a":"Clinch","50a":"French marshal Michel","51a":"Election-night abbr.","52a":"7-Up alternative","54a":"Ingested","55a":"007's boss, in old Rome?","60a":"Cologne's loc.","61a":"Imaginative tale","62a":"Boris Godunov's daughter","63a":"Football Hall-of-Famer Healey et al.","64a":"Used an abacus","65a":"Ceraceous","1d":"Tolkien's Legolas, e.g.","2d":"1947 Hope-Crosby destination","3d":"Dallas inst.","4d":"Healer at Valhalla","5d":"Soother","6d":"Elec. abbr.","7d":"Capone rival","8d":"Anoint, old-style","9d":"Staff","10d":"Kind of bean","11d":"With a temper","12d":"Mustangs race them","14d":"Overwrought","18d":"Hang glider's aid","22d":"\"X-files\" phenomenon","23d":"Stimpy's buddy","24d":"67.5 degrees","27d":"They're saved in trunks","28d":"Actress Liz","30d":"Exhausted","33d":"Pitcher Young et al.","34d":"Rare-book binding","36d":"Hungry","37d":"Storm","38d":"Approved","39d":"Nervousness","41d":"\"Delta of Venus\" author","42d":"Shoe width","43d":"Hold in judgment","47d":"Land ___","48d":"Political analyst's topic","53d":"Cigar tip","55d":"Wood sorrel","56d":"Put in stitches","57d":"Bibliographic suffix","58d":"Prohibit","59d":"1878 Kentucky Derby winner ___ Star"},"answers":{"1a":"ERSE","5a":"LAMAR","10a":"VIC","13a":"LIMIT","15a":"ICONO","16a":"ARA","17a":"FOURHUNDRED","19a":"NAM","20a":"EPICAL","21a":"ITA","22a":"URE","25a":"ADM","26a":"NETTLER","29a":"FENETRE","31a":"ROLLO","32a":"ONEFRANC","34a":"MORAYS","35a":"FIFTYFOUR","37a":"REJECT","40a":"SARSENET","44a":"ANITA","45a":"MOSSIER","46a":"MATELOT","49a":"ICE","50a":"NEY","51a":"PCT","52a":"FRESCA","54a":"ATE","55a":"ONETHOUSAND","60a":"GER","61a":"CONTE","62a":"XENIA","63a":"EDS","64a":"ADDED","65a":"WAXY","1d":"ELF","2d":"RIO","3d":"SMU","4d":"EIR","5d":"LINIMENT","6d":"ACDC","7d":"MORAN","8d":"ANELE","9d":"ROD","10d":"VANILLA","11d":"IRATELY","12d":"CAMAROS","14d":"THEATRICAL","18d":"UPDRAFT","22d":"UFO","23d":"REN","24d":"ENE","27d":"TROUSSEAUX","28d":"TORRES","30d":"EFFETE","33d":"CYS","34d":"MOROCCO","36d":"FAMISHED","37d":"RAMPAGE","38d":"ENACTED","39d":"JITTERS","41d":"NIN","42d":"EEE","43d":"TRY","47d":"OFNOD","48d":"TREND","53d":"ETTE","55d":"OCA","56d":"SEW","57d":"ANA","58d":"NIX","59d":"DAY"}}