{"numbers":[["1","2","3","4","5","6","7","8","-","9","10","11","12","13","14"],["15","","","","","","","","-","16","","","","",""],["17","","","","","","","","-","18","","","","",""],["-","-","-","19","","","-","20","21","","","","","","-"],["22","23","24","","","","25","-","26","","","","-","-","-"],["27","","","-","28","","","29","","","","-","30","31","32"],["33","","","34","-","35","","","","","","36","","",""],["37","","","","38","-","39","","","-","40","","","",""],["41","","","","","42","","","","43","-","44","","",""],["45","","","-","46","","","","","","47","-","48","",""],["-","-","-","49","","","","-","50","","","51","","",""],["-","52","53","","","","","54","-","55","","","-","-","-"],["56","","","","","","-","57","58","","","","59","60","61"],["62","","","","","","-","63","","","","","","",""],["64","","","","","","-","65","","","","","","",""]],"clues":{"1a":"Overabundance","9a":"More expeditious","15a":"Superior","16a":"Secret","17a":"Corrupts","18a":"Granitelike rock","19a":"Poetic tribute","20a":"Actress Winwood","22a":"They're usually found in beds","26a":"Orsk's river","27a":"Isr. neighbor","28a":"Change the sticker","30a":"Newscaster Lindstrom","33a":"S-shaped molding","35a":"City with a view of Mt. Everest","37a":"Some stitches","39a":"Wedding column word","40a":"Ball","41a":"Factory feature","44a":"Lawyer Roy","45a":"Appetite","46a":"Sewing machine attachment","48a":"Warrant","49a":"Cut into kabobs","50a":"Prophet","52a":"Apollo 7 astronaut","55a":"Jazz org.","56a":"It follows San or Dan","57a":"Splitting","62a":"Some chalcedonies","63a":"Made tracks","64a":"Holiday Inn alternative","65a":"Longer","1d":"Advanced deg.","2d":"Canard","3d":"Object of a hunt","4d":"Afghan","5d":"Soccer maneuver","6d":"Sequential","7d":"Paris's ___ La Fayette","8d":"It's behind the altar","9d":"Legendary leaf source","10d":"Heated, as glass","11d":"Balloon","12d":"Follow","13d":"Gaelic","14d":"Rural rtes.","21d":"Vassalry","22d":"Beatrix Potter character","23d":"Pea, e.g.","24d":"Moon of Uranus","25d":"More oblique, colloquially","29d":"Of a particular locale","30d":"Corn flour","31d":"Moves at a snail's pace","32d":"Proxies","34d":"Wapiti","36d":"Resin","38d":"Glittery, as a gown","42d":"Confidentially","43d":"Most enthusiastic","47d":"Sale incentive","49d":"Dancer-actress Rivera","51d":"\"Rapper\" of verse","52d":"Tale of derring-do, e.g.","53d":"Study feverishly","54d":"Yearn","56d":"Deface","58d":"Undisciplined","59d":"The Beatles' \"___ I Love Her\"","60d":"Thousand, to a yegg","61d":"Actor Byrnes"},"answers":{"1a":"PLETHORA","9a":"FASTER","15a":"HIGHERUP","16a":"INWARD","17a":"DEGRADES","18a":"GNEISS","19a":"ODE","20a":"ESTELLE","22a":"FLOWERS","26a":"URAL","27a":"LEB","28a":"RELABEL","30a":"PIA","33a":"OGEE","35a":"DARJEELING","37a":"PURLS","39a":"NEE","40a":"DANCE","41a":"SMOKESTACK","44a":"COHN","45a":"YEN","46a":"QUILTER","48a":"LET","49a":"CUBE","50a":"SEERESS","52a":"SCHIRRA","55a":"NBA","56a":"MARINO","57a":"CLEAVAGE","62a":"AGATES","63a":"HASTENED","64a":"RAMADA","65a":"EXTENDED","1d":"PHD","2d":"LIE","3d":"EGG","4d":"THROW","5d":"HEADER","6d":"ORDERED","7d":"RUE","8d":"APSE","9d":"FIGTREE","10d":"ANNEALED","11d":"SWELL","12d":"TAIL","13d":"ERSE","14d":"RDS","21d":"SUBJECTS","22d":"FLOPSY","23d":"LEGUME","24d":"OBERON","25d":"SLANTIER","29d":"AREAL","30d":"PINOLE","31d":"INCHES","32d":"AGENTS","34d":"ELK","36d":"LAC","38d":"SEQUINED","42d":"SUBROSA","43d":"KEENEST","47d":"REBATE","49d":"CHITA","51d":"RAVEN","52d":"SAGA","53d":"CRAM","54d":"ACHE","56d":"MAR","58d":"LAX","59d":"AND","60d":"GEE","61d":"EDD"}}