{"numbers":[["1","2","3","4","-","5","6","7","8","9","-","10","11","12","13"],["14","","","","-","15","","","","","-","16","","",""],["17","","","","18","","","","","","19","","","",""],["20","","","","","-","21","","","-","22","","","",""],["-","-","-","23","","24","-","-","-","25","","","-","-","-"],["-","26","27","","","","28","29","30","","","","31","32","33"],["34","","","-","35","","","","","","-","36","","",""],["37","","","38","","-","39","","","-","40","","","",""],["41","","","","-","42","","","","43","","-","44","",""],["45","","","","46","","","","","","","47","","","-"],["-","-","-","48","","","-","-","-","49","","","-","-","-"],["50","51","52","","","-","53","54","55","-","56","","57","58","59"],["60","","","","","61","","","","62","","","","",""],["63","","","","-","64","","","","","-","65","","",""],["66","","","","-","67","","","","","-","68","","",""]],"clues":{"1a":"___ Marie Presley-Jackson","5a":"Trusted","10a":"Quarters","14a":"Excited","15a":"Give off","16a":"St. Columba's island","17a":"With 26-, 45- and 60-Across, a line by Edna St. Vincent Millay","20a":"Sphere","21a":"Dolphin hazard","22a":"\"Lady Lazarus\" poet","23a":"Semi radios","25a":"Court","26a":"See 17-Across","34a":"Animal squeezer","35a":"Dislocate","36a":"Ponte Vecchio site","37a":"Phrase-book entry","39a":"S.D.I. component","40a":"Alternative to high heels","41a":"Marvin or Bernard","42a":"Not tippy","44a":"U-2 overseers","45a":"See 17-Across","48a":"Admirer's sound","49a":"Real-life Fogg","50a":"Without empathy","53a":"He, e.g.","56a":"A safari quarry","60a":"See 17-Across","63a":"Perfect","64a":"Mountebanks","65a":"Fasten permanently","66a":"Not post","67a":"Overburden","68a":"Notice","1d":"One-l Nash subject","2d":"Lab assistant, of film","3d":"Peeved","4d":"___ France-Presse","5d":"That boat","6d":"Ex-bulls","7d":"Brownish purple","8d":"Rephrase","9d":"Gillespie standard \"Tin Tin ___\"","10d":"Ratlike","11d":"\"The Bridges of Madison County\" locale","12d":"No-see-um","13d":"\"... and threw up the ___\"","18d":"Mush","19d":"Directly over","24d":"Taste","25d":"Wisdom's partner","26d":"Yesterday, tomorrow","27d":"___ Selassie","28d":"Persona non ___","29d":"\"Riddley Walker\" author Russell ___","30d":"Skiing champ Alberto","31d":"Goosefoot family herb","32d":"Disunite","33d":"Eco's \"Il nome della ___\"","34d":"Messenger's vehicle","38d":"Like slide rules","40d":"Chap","42d":"\"Hush!\"","43d":"Legal deg.","46d":"Slinky et al.","47d":"Power of films","50d":"\"The Joy of Cooking\" author Rombauer","51d":"Originate","52d":"Fails to be","53d":"Nibble","54d":"Aleutian island","55d":"Ark deckhand","57d":"Nest eggs","58d":"No big thing","59d":"Without urgency","61d":"Suppositions","62d":"Dubious \"gift\""},"answers":{"1a":"LISA","5a":"HOPED","10a":"DIGS","14a":"AGOG","15a":"EXUDE","16a":"IONA","17a":"MOREPRECIOUSWAS","20a":"ARENA","21a":"NET","22a":"PLATH","23a":"CBS","25a":"WOO","26a":"THELIGHTINYOUR","34a":"BOA","35a":"UPROOT","36a":"ARNO","37a":"IDIOM","39a":"ABM","40a":"FLATS","41a":"KALB","42a":"STABLE","44a":"CIA","45a":"EYESTHANALLTHE","48a":"OOH","49a":"BLY","50a":"ICILY","53a":"GAS","56a":"ORIBI","60a":"ROSESINTHEWORLD","63a":"MINT","64a":"FAKES","65a":"NAIL","66a":"ANTE","67a":"SWAMP","68a":"ESPY","1d":"LAMA","2d":"IGOR","3d":"SORE","4d":"AGENCE","5d":"HER","6d":"OXEN","7d":"PUCE","8d":"EDIT","9d":"DEO","10d":"DISLOYAL","11d":"IOWA","12d":"GNAT","13d":"SASH","18d":"PABLUM","19d":"UPON","24d":"SIP","25d":"WIT","26d":"TODAY","27d":"HAILE","28d":"GRATA","29d":"HOBAN","30d":"TOMBA","31d":"ORACH","32d":"UNTIE","33d":"ROSA","34d":"BIKE","38d":"OBSOLETE","40d":"FELLOW","42d":"SHH","43d":"LLB","46d":"TOYS","47d":"TYRONE","50d":"IRMA","51d":"COIN","52d":"ISNT","53d":"GNAW","54d":"ATKA","55d":"SHEM","57d":"IRAS","58d":"BLIP","59d":"IDLY","61d":"IFS","62d":"ESP"}}