{"numbers":[["1","2","3","-","4","5","6","7","-","8","9","10","11","12","13"],["14","","","-","15","","","","-","16","","","","",""],["17","","","-","18","","","","-","19","","","","",""],["20","","","21","","","","","22","","","","","","-"],["23","","","","","-","-","-","24","","","-","25","","26"],["27","","","","","28","-","29","","","-","30","","",""],["-","-","-","31","","","32","","","-","-","33","","",""],["-","-","34","","","","","","","35","36","","","-","-"],["37","38","","","-","-","39","","","","","","-","-","-"],["40","","","","-","41","","","-","42","","","43","44","45"],["46","","","-","47","","","-","-","-","48","","","",""],["-","49","","50","","","","51","52","53","","","","",""],["54","","","","","","-","55","","","","-","56","",""],["57","","","","","","-","58","","","","-","59","",""],["60","","","","","","-","61","","","","-","62","",""]],"clues":{"1a":"Nightwear, for short","4a":"Scruff","8a":"Kind of year","14a":"PAC donee: Abbr.","15a":"Holly shrub","16a":"Lock up","17a":"Mentalist Geller","18a":"Roll-call yell","19a":"Not digital","20a":"1991 N.B.A. Rookie of the Year","23a":"P.C. messages","24a":"\"___ a Small World\"","25a":"With, in Wiesbaden","27a":"Poet Plath","29a":"Wheedle","30a":"Maugham's \"___ of Lambeth\"","31a":"Boiling","33a":"Egyptian sun deity","34a":"Sinclair Lewis novel","37a":"Lawn-and-garden shop purchase","39a":"French playwright Jules","40a":"Saharan","41a":"Fourth word of the Bible","42a":"Zealous","46a":"Phyllis Diller accessory","47a":"Los Angeles D.A. Garcetti","48a":"Perfumery ingredient","49a":"Kelsey Grammer TV role","54a":"Phone headquarters","55a":"Inter ___","56a":"Party honoree","57a":"Drooping, botanically","58a":"Breath freshener","59a":"That, en espanol","60a":"Modifies","61a":"Make muffins","62a":"Eye problem","1d":"Hardly libertines","2d":"Philosopher Bentham","3d":"Football motion","4d":"Anarchy","5d":"He played Obi-Wan","6d":"Brew coffee","7d":"Administrator, briefly","8d":"Faithfulness","9d":"Mystery writer Michael","10d":"Swindle","11d":"Disaster","12d":"Ponder painfully, with \"over\"","13d":"Pants part","21d":"Competed with","22d":"J. Paul Getty, for one","26d":"Bronzed","28d":"Noshed","29d":"Summoned","30d":"Ring of short stories","32d":"Flynn and others","34d":"Move to foreign shores","35d":"Pester","36d":"Cut short","37d":"Jurisprudence","38d":"Platinumlike metal","41d":"Candlestick Park team","43d":"K to 12","44d":"\"That's the truth!\"","45d":"Good ___ (Dixie chum)","47d":"Use a whetstone","50d":"Tartlike pastry","51d":"da-DUM","52d":"Director Kazan","53d":"Rangers locale","54d":"Genetic stuff"},"answers":{"1a":"PJS","4a":"NAPE","8a":"FISCAL","14a":"REP","15a":"ILEX","16a":"ENCAGE","17a":"URI","18a":"HERE","19a":"ANALOG","20a":"DERRICKCOLEMAN","23a":"EMAIL","24a":"ITS","25a":"MIT","27a":"SYLVIA","29a":"PLY","30a":"LIZA","31a":"ASTEAM","33a":"ATEN","34a":"ELMERGANTRY","37a":"LIME","39a":"RENARD","40a":"ARID","41a":"GOD","42a":"GUNGHO","46a":"WIG","47a":"GIL","48a":"NEROL","49a":"DRFRASIERCRANE","54a":"DIALIN","55a":"ALIA","56a":"DEB","57a":"NUTANT","58a":"MINT","59a":"ESO","60a":"AMENDS","61a":"BAKE","62a":"STY","1d":"PRUDES","2d":"JEREMY","3d":"SPIRAL","4d":"NIHILISM","5d":"ALEC","6d":"PERK","7d":"EXEC","8d":"FEALTY","9d":"INNES","10d":"SCAM","11d":"CALAMITY","12d":"AGONIZE","13d":"LEG","21d":"RIVALED","22d":"OILMAN","26d":"TAN","28d":"ATE","29d":"PAGED","30d":"LARDNER","32d":"ERROLS","34d":"EMIGRATE","35d":"NAG","36d":"TRUNCATE","37d":"LAW","38d":"IRIDIUM","41d":"GIANTS","43d":"GRADES","44d":"HONEST","45d":"OLEBOY","47d":"GRIND","50d":"FLAN","51d":"IAMB","52d":"ELIA","53d":"RINK","54d":"DNA"}}