{"numbers":[["1","2","3","4","-","5","6","7","8","9","-","10","11","12","13"],["14","","","","-","15","","","","","-","16","","",""],["17","","","","18","","","","","","-","19","","",""],["20","","","","","","","","-","-","21","","","",""],["-","-","-","-","22","","","-","23","24","","","","",""],["25","26","27","28","","-","29","30","","","","","","-","-"],["31","","","","","32","-","33","","","","-","34","35","36"],["37","","","","-","38","39","","","","-","40","","",""],["41","","","-","42","","","","-","43","44","","","",""],["-","-","45","46","","","","","47","-","48","","","",""],["49","50","","","","","","-","51","52","","-","-","-","-"],["53","","","","","-","-","54","","","","55","56","57","58"],["59","","","","-","60","61","","","","","","","",""],["62","","","","-","63","","","","","-","64","","",""],["65","","","","-","66","","","","","-","67","","",""]],"clues":{"1a":"Prank","5a":"Brazilian dance","10a":"Trade","14a":"Needing irrigation","15a":"Actor Delon","16a":"\"Oliver Twist has asked for ___!\"","17a":"Marco Polo had it","19a":"Disconnect","20a":"Nautical sheet","21a":"Suffix","22a":"\"Thar ___ blows!\"","23a":"Crooked copy","25a":"Area for anchor cables","29a":"Vagrant","31a":"Somme's capital","33a":"Dubious","34a":"Tues. preceder","37a":"Dryer residue","38a":"Discombobulated","40a":"Soccer legend","41a":"Gave nourishment","42a":"Carrot, on occasion","43a":"Loewe collaborator","45a":"Of indeterminate gender","48a":"Liberate","49a":"Comes","51a":"Jar top","53a":"Like an old mattress","54a":"Maine's symbol","59a":"Rapier","60a":"Young genius","62a":"Legal writ, for short","63a":"Willow","64a":"Discontinued Dodge","65a":"Perceives","66a":"Actor George of \"Cheers\"","67a":"Board membership","1d":"Scare film of '75","2d":"Smell ___ (detect wrongdoing)","3d":"___ colada","4d":"Christian Scientist Mary Baker ___","5d":"Actress Bernhardt","6d":"On the same side, in war","7d":"Manhandle","8d":"Twice: Lat.","9d":"Aardvark morsel","10d":"Blur","11d":"Awe","12d":"Love","13d":"Big bloomer","18d":"German industrial city","21d":"Too stylish, perhaps","23d":"Colonial flute","24d":"Butcher's byproducts","25d":"___ nelson","26d":"French friend","27d":"Oscar Wilde lady","28d":"Ready-go connector","30d":"Gone up","32d":"Tartar ___","35d":"Mr. Cassini","36d":"Imperious emperor","39d":"Very: Fr.","40d":"Early start","42d":"Latin literary lion","44d":"Respected tribesman","46d":"Lab measurers","47d":"Skipped over","49d":"Baldwin and Guinness","50d":"Calcutta coin","52d":"Like some gases","54d":"Nabokov novel","55d":"Some ring decisions","56d":"Frost","57d":"Central Sicilian city","58d":"Blue-pencil","60d":"\"Hubba-hubba!","61d":"\"___ as directed\""},"answers":{"1a":"JAPE","5a":"SAMBA","10a":"SWAP","14a":"ARID","15a":"ALAIN","16a":"MORE","17a":"WANDERLUST","19a":"UNDO","20a":"STAYSAIL","21a":"ADDON","22a":"SHE","23a":"FORGERY","25a":"HAWSE","29a":"DRIFTER","31a":"AMIENS","33a":"IFFY","34a":"MON","37a":"LINT","38a":"ATSEA","40a":"PELE","41a":"FED","42a":"LURE","43a":"LERNER","45a":"EPICENE","48a":"LETGO","49a":"ARRIVES","51a":"LID","53a":"LUMPY","54a":"PINETREE","59a":"EPEE","60a":"WUNDERKIND","62a":"CERT","63a":"OSIER","64a":"OMNI","65a":"SEES","66a":"WENDT","67a":"SEAT","1d":"JAWS","2d":"ARAT","3d":"PINA","4d":"EDDY","5d":"SARAH","6d":"ALLIED","7d":"MAUL","8d":"BIS","9d":"ANT","10d":"SMUDGE","11d":"WONDERMENT","12d":"ARDOR","13d":"PEONY","18d":"ESSEN","21d":"ARTY","23d":"FIFE","24d":"OFFAL","25d":"HALF","26d":"AMIE","27d":"WINDERMERE","28d":"SET","30d":"RISEN","32d":"SAUCE","35d":"OLEG","36d":"NERO","39d":"TRES","40d":"PRE","42d":"LIVY","44d":"ELDER","46d":"PIPETS","47d":"ELIDED","49d":"ALECS","50d":"RUPEE","52d":"INERT","54d":"PNIN","55d":"TKOS","56d":"RIME","57d":"ENNA","58d":"EDIT","60d":"WOW","61d":"USE"}}