{"numbers":[["1","2","3","4","5","6","-","7","8","9","-","10","11","12","-","13","14","15","16","17","18"],["19","","","","","","-","20","","","21","","","","-","22","","","","",""],["23","","","","","","-","24","","","","","","","-","25","","","","",""],["26","","","","","","27","","","","","","","","28","","","-","29","",""],["-","-","-","-","-","30","","","-","-","31","","","-","32","","","33","","-","-"],["34","35","36","37","38","-","39","","40","41","","","-","42","","","","","","43","44"],["45","","","","","46","-","-","47","","","","48","","-","49","","","","",""],["50","","","","","","51","52","","","","-","53","","54","","-","55","","",""],["56","","","","-","57","","","","-","-","58","","","","","-","59","","",""],["60","","","-","61","","","","-","62","63","","","","","-","64","","","-","-"],["65","","","-","66","","","","67","","","","","","","68","","-","69","70","71"],["-","-","72","73","","-","74","","","","","","-","75","","","","-","76","",""],["77","78","","","-","79","","","","","-","-","80","","","","-","81","","",""],["82","","","","-","83","","","","-","84","85","","","","","86","","","",""],["87","","","","88","","-","89","","90","","","","-","-","91","","","","",""],["92","","","","","","93","","-","94","","","","95","96","-","97","","","",""],["-","-","98","","","","","-","99","","","-","-","100","","101","-","-","-","-","-"],["102","103","","-","104","","","105","","","","106","107","","","","108","109","110","111","112"],["113","","","114","","","-","115","","","","","","","-","116","","","","",""],["117","","","","","","-","118","","","","","","","-","119","","","","",""],["120","","","","","","-","121","","","-","122","","","-","123","","","","",""]],"clues":{"1a":"Fortuneteller's aids","7a":"Fraternal fellow","10a":"Magnetic flux symbol","13a":"People with flashlights","19a":"Farthest point","20a":"\"___ Dance\" (Pointer Sisters hit)","22a":"Sartre play","23a":"Sot, perhaps","24a":"Strands","25a":"Half of a nursery rhyme name","26a":"Congregates?","29a":"Overpermissive","30a":"Family girl","31a":"Tax","32a":"Rainbow: Prefix","34a":"Upholstery fabric","39a":"Poseidon's realm","42a":"Admitted","45a":"Introverts","47a":"Complain, in a way","49a":"Beat, as grain","50a":"Collectibles?","53a":"___-majeste","55a":"Devoted","56a":"Music critic Downes","57a":"___ probandi (legal doctrine)","58a":"Geyser sight","59a":"Madres' kin","60a":"Abbr. for Jesse Jackson","61a":"\"Put Your Head on My Shoulder\" singer","62a":"Erupting","64a":"Storm or Tracker","65a":"___ Lanka","66a":"Novelty?","69a":"Preteen","72a":"Liquor-free","74a":"Iroquois tribe","75a":"Not give ___","76a":"Lady in a garden","77a":"Rakehell","79a":"Lepidopterans","80a":"Swell suffix?","81a":"At another time","82a":"Arkin of \"Catch-22\"","83a":"River near Kassel","84a":"Halve?","87a":"Produce additional interest","89a":"In a sleeping position","91a":"Engraving instrument","92a":"Candidate","94a":"Ethyl acetates","97a":"Susquehanna River town","98a":"Hugh Hefner's Muse?","99a":"Branch","100a":"It fits in a lock","102a":"Terminal abbr.","104a":"A B C's?","113a":"Make a fresh mix?","115a":"People who want to lose","116a":"Open house, perhaps","117a":"International language system","118a":"Spellbind","119a":"Forte","120a":"They may be glazed over","121a":"Pepper, for one: Abbr.","122a":"Archaic exclamations","123a":"Cover","1d":"Home of ancient Irish kings","2d":"Copyists","3d":"Small deer","4d":"Look up and down","5d":"Overflow","6d":"Some Tuzla residents","7d":"Tangle up","8d":"Bucolic settings","9d":"Late rocker Cobain","10d":"Show","11d":"Dear","12d":"Technical sch.","13d":"Shaded part of a plant","14d":"Tart","15d":"Fringe","16d":"Erupt?","17d":"Actress Moreno","18d":"Charon's river","21d":"Horns","27d":"Soused","28d":"Lose no time","33d":"Reduce taxes, in Britain","34d":"Overwhelms","35d":"Swelling wave","36d":"Human being?","37d":"Hollywood's Penn","38d":"Directional suffix","40d":"Zoo attractions","41d":"Not be a passive victim","42d":"It prohibited slavery","43d":"Agcy. once headed by Edward R. Murrow","44d":"Some scholars, for short","46d":"\"Silver\" star","48d":"Extreme","51d":"Soapberry tree","52d":"Most charming","54d":"Full of parody","58d":"Fiji's capital","61d":"___ day now","62d":"Black cuckoos","63d":"Physique","64d":"Commerce stat.","67d":"\"Toward Freedom\" autobiographer","68d":"Brewery fixtures","70d":"Deponent","71d":"Mean","73d":"Impressive Impressionist","77d":"___ avis","78d":"Corrida cheers","79d":"Soldiers","80d":"\"Uh-huh\"","81d":"Author Seton","84d":"Its atomic number is 83","85d":"Savings-account abbr.","86d":"\"___ My Party\"","88d":"Expert in Mideast culture","90d":"10, to a gymnast","93d":"Vetoes","95d":"Family dinners","96d":"Baseball Hall-of-Famer Crawford","99d":"Handily handling","101d":"Lulls","102d":"Like the Negev","103d":"Start from scratch","105d":"Time of danger","106d":"Country crooner McCoy","107d":"1962 film villain","108d":"Noted ark-itect","109d":"Patio component","110d":"Geometry topic","111d":"Easter ends it","112d":"Mr. Pecksniff of \"Martin Chuzzlewit\"","114d":"Germanic war god"},"answers":{"1a":"TAROTS","7a":"ELK","10a":"PHI","13a":"USHERS","19a":"APOGEE","20a":"NEUTRON","22a":"NOEXIT","23a":"REELER","24a":"MAROONS","25a":"DUMPTY","26a":"ASSEMBLESTOGETHER","29a":"LAX","30a":"SIS","31a":"TRY","32a":"IRIDO","34a":"FRISE","39a":"THESEA","42a":"FESSEDUP","45a":"LONERS","47a":"MURMUR","49a":"THRESH","50a":"OLDANTIQUES","53a":"LESE","55a":"AVID","56a":"OLIN","57a":"ONUS","58a":"STEAM","59a":"TIAS","60a":"REV","61a":"ANKA","62a":"ABURST","64a":"GEO","65a":"SRI","66a":"NEWINNOVATION","69a":"LAD","72a":"DRY","74a":"ONEIDA","75a":"ARAP","76a":"EVE","77a":"ROUE","79a":"MOTHS","80a":"ITIS","81a":"ANON","82a":"ALAN","83a":"EDER","84a":"BISECTINTWO","87a":"RELOAN","89a":"SUPINE","91a":"STYLET","92a":"ASPIRANT","94a":"ESTERS","97a":"SAYRE","98a":"ERATO","99a":"ARM","100a":"OAR","102a":"ARR","104a":"BASICFUNDAMENTALS","113a":"RESTIR","115a":"DIETERS","116a":"SOIREE","117a":"IDOISM","118a":"ENCHANT","119a":"TALENT","120a":"DONUTS","121a":"SGT","122a":"LOS","123a":"SHEATH","1d":"TARA","2d":"APES","3d":"ROES","4d":"OGLE","5d":"TEEM","6d":"SERBS","7d":"ENMESH","8d":"LEAS","9d":"KURT","10d":"PROGRAM","11d":"HONEY","12d":"INST","13d":"UNDERSTEM","14d":"SOURISH","15d":"HEM","16d":"EXPLODEVIOLENTLY","17d":"RITA","18d":"STYX","21d":"TOOTERS","27d":"LIT","28d":"HIE","33d":"DERATE","34d":"FLOORS","35d":"ROLLER","36d":"INDIVIDUALPERSON","37d":"SEAN","38d":"ERN","40d":"EMUS","41d":"SUE","42d":"FREESTATE","43d":"USIA","44d":"PHDS","46d":"STONE","48d":"ULTRA","51d":"INKWOOD","52d":"QUAINTEST","54d":"SATIRIC","58d":"SUVA","61d":"ANY","62d":"ANIS","63d":"BOD","64d":"GNP","67d":"NEHRU","68d":"OASTS","70d":"AVOWER","71d":"DENOTE","73d":"RENOIR","77d":"RARA","78d":"OLES","79d":"MENATARMS","80d":"ISEE","81d":"ANYA","84d":"BISMUTH","85d":"INT","86d":"ITS","88d":"ARABIST","90d":"PERFECT","93d":"NOS","95d":"ROASTS","96d":"SAM","99d":"ACING","101d":"RESTS","102d":"ARID","103d":"REDO","105d":"IDES","106d":"NEAL","107d":"DRNO","108d":"NOAH","109d":"TILE","110d":"AREA","111d":"LENT","112d":"SETH","114d":"TIU"}}