{"numbers":[["1","2","3","4","5","-","6","7","8","9","-","10","11","12","13"],["14","","","","","-","15","","","","-","16","","",""],["17","","","","","18","","","","","-","19","","",""],["20","","","","","","-","21","","","-","22","","",""],["-","-","-","-","23","","24","-","-","25","26","","","",""],["27","28","29","30","-","31","","32","33","","","-","-","-","-"],["34","","","","35","-","36","","","","","-","37","38","39"],["40","","","","","41","","","","","","42","","",""],["43","","","-","44","","","","","-","45","","","",""],["-","-","-","-","46","","","","","47","-","48","","",""],["49","50","51","52","","","-","-","53","","54","-","-","-","-"],["55","","","","-","56","57","58","-","59","","60","61","62","63"],["64","","","","-","65","","","66","","","","","",""],["67","","","","-","68","","","","-","69","","","",""],["70","","","","-","71","","","","-","72","","","",""]],"clues":{"1a":"Suspect's \"out\"","6a":"Start of an invention","10a":"___ to riches","14a":"Chance","15a":"Potter's furnace","16a":"Taj Mahal site","17a":"\"Slow down!\"","19a":"Freshwater duck","20a":"Swapped","21a":"Villain's laugh","22a":"Peruvian native","23a":"Illiterates' signatures","25a":"Hammed it up","27a":"Army need","31a":"Got up again","34a":"Roebuck's partner","36a":"Aquarium fish","37a":"Charged atom","40a":"\"Slow down!\"","43a":"Antlered animal","44a":"Assessed","45a":"To incorrectly write an infinitive","46a":"Provide with feathers","48a":"Actress Harper","49a":"\"Ridi, Pagliaccio\" singer","53a":"Koch and others","55a":"Dublin's land","56a":"Defective missile","59a":"Hardened","64a":"X-ray vision blocker","65a":"\"Slow down!\"","67a":"Not punctual","68a":"Tire parts","69a":"Kind of ray","70a":"Glacial ridges","71a":"\"No more!\"","72a":"Wheat bundle","1d":"Aid and ___","2d":"Tragic king","3d":"\"___ boy!\"","4d":"Hopalong Cassidy portrayer","5d":"The Dow, e.g.","6d":"50's voters \"liked\" him","7d":"TV signal receiver","8d":"Lamb pseudonym","9d":"Flower development","10d":"Proportion","11d":"Insurance worker","12d":"Princess of Monaco","13d":"Waldorf ___","18d":"German border river","24d":"Unruffled","26d":"Cat calls","27d":"Late tennis V.I.P.","28d":"Banquet","29d":"Lone Ranger attire","30d":"Table crumb","32d":"Cleared leaves","33d":"Jittery","35d":"Vassals","37d":"Capri, e.g.","38d":"Elevator pioneer","39d":"Earns as profit","41d":"Nose offenders","42d":"Likely","47d":"Cut-and-paste","49d":"String quartet member","50d":"Regions","51d":"Lariat","52d":"Beneath","54d":"Hosiery risks","57d":"Army outfit","58d":"Sample record","60d":"Mormons' home","61d":"Relative of hoarfrost","62d":"Poet Lazarus","63d":"Fall on ___ ears","66d":"Cobra"},"answers":{"1a":"ALIBI","6a":"IDEA","10a":"RAGS","14a":"BETON","15a":"KILN","16a":"AGRA","17a":"EASYDOESIT","19a":"TEAL","20a":"TRADED","21a":"HAH","22a":"INCA","23a":"XES","25a":"EMOTED","27a":"AMMO","31a":"REROSE","34a":"SEARS","36a":"DANIO","37a":"ION","40a":"HASTEMAKESWASTE","43a":"ELK","44a":"RATED","45a":"SPLIT","46a":"FLEDGE","48a":"TESS","49a":"CARUSO","53a":"EDS","55a":"ERIN","56a":"DUD","59a":"INURED","64a":"LEAD","65a":"ONEATATIME","67a":"LATE","68a":"RIMS","69a":"GAMMA","70a":"OSAR","71a":"STOP","72a":"SHEAF","1d":"ABET","2d":"LEAR","3d":"ITSA","4d":"BOYD","5d":"INDEX","6d":"IKE","7d":"DISH","8d":"ELIA","9d":"ANTHESIS","10d":"RATIO","11d":"AGENT","12d":"GRACE","13d":"SALAD","18d":"ODER","24d":"SEDATE","26d":"MEOWS","27d":"ASHE","28d":"MEAL","29d":"MASK","30d":"ORT","32d":"RAKED","33d":"ONEDGE","35d":"SERFS","37d":"ISLE","38d":"OTIS","39d":"NETS","41d":"MALODORS","42d":"APT","47d":"EDIT","49d":"CELLO","50d":"AREAS","51d":"RIATA","52d":"UNDER","54d":"SNAGS","57d":"UNIT","58d":"DEMO","60d":"UTAH","61d":"RIME","62d":"EMMA","63d":"DEAF","66d":"ASP"}}