{"numbers":[["1","2","3","4","5","-","6","7","8","9","-","10","11","12","-","-","13","14","15","16","17"],["18","","","","","-","19","","","","-","20","","","21","-","22","","","",""],["23","","","","","24","","","","","25","","","","","-","26","","","",""],["27","","","-","28","","","-","-","29","","","","","","-","30","","","",""],["31","","","32","-","33","","34","35","-","36","","","-","37","38","","","","",""],["39","","","","40","","-","41","","42","","","-","43","","","-","44","","",""],["45","","","","","","46","","","","","-","-","47","","","48","","-","-","-"],["-","-","-","49","","","","","","","-","50","51","","","-","52","","53","54","-"],["55","56","57","","","-","58","","","","59","","","","-","-","60","","","","61"],["62","","","","-","63","","","-","64","","","","-","65","66","","","","",""],["67","","","-","68","","","","69","","","","","70","","","","-","71","",""],["72","","","73","","","","-","74","","","","-","75","","","-","76","","",""],["77","","","","","-","-","78","","","","","79","","","-","80","","","",""],["-","81","","","","-","82","","","","-","83","","","","84","","","-","-","-"],["-","-","-","85","","86","","","-","-","87","","","","","","","","88","89","90"],["91","92","93","","-","94","","","-","95","","","","","-","96","","","","",""],["97","","","","98","","","-","99","","","-","100","","101","","-","102","","",""],["103","","","","","-","104","105","","","","106","-","-","107","","108","-","109","",""],["110","","","","","-","111","","","","","","112","113","","","","114","","",""],["115","","","","","-","116","","","","-","117","","","","-","118","","","",""],["119","","","","","-","-","120","","","-","121","","","","-","122","","","",""]],"clues":{"1a":"Kitchen pest","6a":"John, in Wales","10a":"Any fellow","13a":"Some are historic","18a":"\"L.A. Law\" lawyer","19a":"Desperate","20a":"Pequod captain","22a":"\"Fiddlesticks!\"","23a":"OY","26a":"Winged","27a":"Have ___ at","28a":"Sulking fit","29a":"Newel shapers","30a":"Dugout","31a":"Newspaper editor Charles Anderson ___","33a":"Class that uses 29-Across","36a":"Marks out","37a":"1990 movie \"___ Tie Me Down!\"","39a":"Hill and namesakes","41a":"More current","43a":"Word with Band or Farm","44a":"Followers","45a":"AY","47a":"Like some vins","49a":"\"Rhinoceros\" playwright","50a":"Food flavorer","52a":"Custard base","55a":"Menacing","58a":"Like Mozart","60a":"Way to go","62a":"Blew in, so to speak","63a":"Candy brand","64a":"\"___ life!\"","65a":"Pampered","67a":"One at Orly","68a":"EN","71a":"Itinerary portion","72a":"They're plucked","74a":"Selene's counterpart","75a":"Sight: Fr.","76a":"1989 Literature Nobelist","77a":"Extend","78a":"Walker of football","80a":"Bacchus attendant","81a":"Clarifying words","82a":"Palindromic time","83a":"Not as timely","85a":"\"Over my dead body!\"","87a":"EY","91a":"Jazz theme","94a":"Wheat stalk part","95a":"Skiwear","96a":"Not so strict","97a":"Recruits","99a":"___ pump","100a":"Literary homophone for 99-Across","102a":"'70s tennis champ Smith","103a":"Burning","104a":"Red and silver, e.g.","107a":"N.Y.S.E. listing","109a":"Swedish cents","110a":"British cents","111a":"OT","115a":"In the beaver state?","116a":"Pinlike","117a":"Milton's \"sweetest nymph\"","118a":"Survive","119a":"Habit","120a":"Literary monogram","121a":"Drudge","122a":"Shaw contemporary","1d":"Park shelters","2d":"Stew seasoning","3d":"Prospero's brother","4d":"McLean, Va., grp.","5d":"Teen movie of 1965","6d":"Mythologist Hamilton","7d":"Tracer of note","8d":"Fortify","9d":"Screenwriter Jordan of \"The Crying Game\"","10d":"One who's up","11d":"Casual noes","12d":"Venture","13d":"Leeway","14d":"AH","15d":"Scottish chieftains","16d":"Leave the kitchen","17d":"Important TV period","21d":"\"Hush!\"","24d":"Moderate","25d":"Graph lines","32d":"Costume","34d":"It fits all","35d":"'60s catchword","38d":"Social reformer Wells","40d":"\"Hey there!\"","42d":"Motorist's goof","43d":"Having the stuff","46d":"Thermometers measure them","48d":"Square","50d":"Vocal opponent","51d":"Caesarean section?","53d":"Esophagus","54d":"Stalwart","55d":"Gear type","56d":"\"O\" follower","57d":"What former foes make","59d":"Some Plymouths","61d":"Literary award","63d":"Pizza","65d":"Hopeful plea","66d":"\"___ to Psyche\"","68d":"\"Death Be Not Proud\" poet","69d":"Singer Laine","70d":"\"Gray's Anatomy\" feature","73d":"Y","76d":"Mexican novelist Fuentes","78d":"Saddle part","79d":"Ex-Aussie P.M. Bob","80d":"Utah's state flower","82d":"Guy with a deadline","84d":"Miniature harbors","86d":"Kilmer of \"Top Gun\"","87d":"Ecdysiast","88d":"Columbia River port","89d":"Directions-inquiry word","90d":"Conductor Ansermet et al.","91d":"Brought in","92d":"How some people live","93d":"Extreme","95d":"Northwest workers","98d":"Certain looks","99d":"Shock","101d":"Babbled","105d":"Parodist","106d":"Procedure part","108d":"Community center, for short","112d":"Chill","113d":"\"I get it now!\"","114d":"Can"},"answers":{"1a":"ROACH","6a":"EVAN","10a":"BUD","13a":"SITES","18a":"ARNIE","19a":"DIRE","20a":"AHAB","22a":"PSHAW","23a":"METALLICMIXTURE","26a":"ALATE","27a":"AGO","28a":"PET","29a":"LATHES","30a":"CANOE","31a":"DANA","33a":"SHOP","36a":"XES","37a":"TIEMEUP","39a":"ANITAS","41a":"NEWER","43a":"AID","44a":"ISTS","45a":"SOOTHEFEARS","47a":"BLANC","49a":"IONESCO","50a":"DILL","52a":"EGGS","55a":"SCARY","58a":"VIENNESE","60a":"ROUTE","62a":"CAME","63a":"PEZ","64a":"GETA","65a":"CODDLED","67a":"UNE","68a":"DIRECTORWOODY","71a":"LEG","72a":"BANJOES","74a":"LUNA","75a":"VUE","76a":"CELA","77a":"ADDON","78a":"HERSCHEL","80a":"SATYR","81a":"ASIN","82a":"NOON","83a":"TARDIER","85a":"NEVER","87a":"BOWLINGLANE","91a":"RIFF","94a":"AWN","95a":"PARKA","96a":"LOOSER","97a":"ENROLLS","99a":"AIR","100a":"EYRE","102a":"STAN","103a":"AFIRE","104a":"MAPLES","107a":"ATT","109a":"ORE","110a":"PENCE","111a":"APPORTIONSHARES","115a":"EAGER","116a":"NEAT","117a":"ECHO","118a":"EXIST","119a":"DRESS","120a":"RLS","121a":"PEON","122a":"YEATS","1d":"RAMADAS","2d":"OREGANO","3d":"ANTONIO","4d":"CIA","5d":"HELP","6d":"EDITH","7d":"VIC","8d":"ARM","9d":"NEIL","10d":"BATTER","11d":"UHUHS","12d":"DARE","13d":"SPACE","14d":"ISLAMICGOD","15d":"THANES","16d":"EATOUT","17d":"SWEEPS","21d":"BESTILL","24d":"LESSEN","25d":"XAXES","32d":"ATTIRE","34d":"ONESIZE","35d":"PEACE","38d":"IDA","40d":"AHOY","42d":"WRONGTURN","43d":"ABLE","46d":"FEVERS","48d":"NERDY","50d":"DETRACTOR","51d":"ISAW","53d":"GULLET","54d":"STEELY","55d":"SCUBA","56d":"CANADA","57d":"AMENDS","59d":"NEONS","61d":"EDGAR","63d":"PIE","65d":"COULDI","66d":"ODE","68d":"DONNE","69d":"CLEO","70d":"OVERLAY","73d":"JOINFORCES","76d":"CARLOS","78d":"HORN","79d":"HAWKE","80d":"SEGO","82d":"NEWSMAN","84d":"INLETS","86d":"VAL","87d":"BARER","88d":"ASTORIA","89d":"NEAREST","90d":"ERNESTS","91d":"REAPED","92d":"INFEAR","93d":"FRINGE","95d":"PILOTS","98d":"LEERS","99d":"APPAL","101d":"RANON","105d":"APER","106d":"STEP","108d":"THEY","112d":"ICE","113d":"OHO","114d":"AXE"}}