{"numbers":[["1","2","3","4","-","5","6","7","8","-","9","10","11","12","13"],["14","","","","-","15","","","","-","16","","","",""],["17","","","","18","","","","","-","19","","","",""],["-","-","-","20","","","","-","21","22","","","","",""],["23","24","25","","","","","26","-","27","","","","-","-"],["28","","","","","-","29","","30","","-","31","","32","33"],["34","","","","","35","-","36","","","37","-","38","",""],["39","","","-","40","","41","","","","","-","42","",""],["43","","","-","44","","","","-","45","","46","","",""],["47","","","48","-","49","","","50","-","51","","","",""],["-","-","52","","53","","-","54","","55","","","","",""],["56","57","","","","","58","-","59","","","","-","-","-"],["60","","","","","-","61","62","","","","","63","64","65"],["66","","","","","-","67","","","","-","68","","",""],["69","","","","","-","70","","","","-","71","","",""]],"clues":{"1a":"Arabian sultanate","5a":"Muddle","9a":"Insiders' talk","14a":"Take on","15a":"Word-of-mouth","16a":"Former Spanish P.M. ___ y Montaner","17a":"Semifictional movie","19a":"Circumvent","20a":"Alliances","21a":"One of the Huxtable kids","23a":"Increased, as inflation","27a":"\"...on the Dead ___ Chest\"","28a":"Like most music","29a":"Trounce","31a":"Photo repro","34a":"Plunders","36a":"The Emerald ___","38a":"Cider-sweet girl","39a":"\"Metric\" prefix","40a":"England-France connector","42a":"Witticism","43a":"Gender abbr.","44a":"Tedious undertaking","45a":"Much of Mali","47a":"Biblical beginning","49a":"Rounded ottoman","51a":"___ Tots (grocery purchase)","52a":"Hold sway","54a":"Eulogists","56a":"Perry Como classic","59a":"B &amp; B's","60a":"Hockey infraction","61a":"Mexican border language","66a":"Do detective work","67a":"Actress Garr","68a":"Lackawanna's railroad partner","69a":"Swiss mathematician","70a":"Good life","71a":"\"Da Ya Think I'm ___?\" (1979 hit)","1d":"Unmatched","2d":"Chinese chairman","3d":"Trajectory","4d":"Sitting on the fence","5d":"Mushroom","6d":"Cleaned, as a disk","7d":"\"Cheers\" bartender","8d":"Eastern European","9d":"Frigidaire rival","10d":"Harsh-voiced birds","11d":"Number in the ball park?","12d":"Hockey's Bobby et al.","13d":"\"See ya\"","18d":"Local lingo","22d":"Moseys","23d":"Discord","24d":"On one's mark","25d":"Paid-for TV program","26d":"Bar request","30d":"Adm. or capt.'s org.","32d":"Worshiper","33d":"13th-century invaders","35d":"Circle and octagon, e.g.","37d":"Raising spirits","41d":"Road show grp.","46d":"Tribulations","48d":"Shade of meaning","50d":"Some mendicants","53d":"German gun","55d":"Gal with a gun, on Broadway","56d":"Fisherman's hope","57d":"Beige shade","58d":"Italian art patron","62d":"Spherical food","63d":"Wrath","64d":"Evening hour","65d":"\"You there!\""},"answers":{"1a":"OMAN","5a":"MESS","9a":"ARGOT","14a":"DARE","15a":"ORAL","16a":"MAURA","17a":"DOCUDRAMA","19a":"AVERT","20a":"TIES","21a":"VANESSA","23a":"SPIRALED","27a":"MANS","28a":"TONAL","29a":"DRUB","31a":"STAT","34a":"RIFLES","36a":"ISLE","38a":"IDA","39a":"ISO","40a":"CHUNNEL","42a":"MOT","43a":"FEM","44a":"TASK","45a":"SAHARA","47a":"EDEN","49a":"POUF","51a":"TATER","52a":"RULE","54a":"PRAISERS","56a":"BECAUSE","59a":"INNS","60a":"ICING","61a":"SPANGLISH","66a":"TRACE","67a":"TERI","68a":"ERIE","69a":"EULER","70a":"EASE","71a":"SEXY","1d":"ODD","2d":"MAO","3d":"ARC","4d":"NEUTRAL","5d":"MOREL","6d":"ERASED","7d":"SAM","8d":"SLAV","9d":"AMANA","10d":"RAVENS","11d":"GUESSTIMATE","12d":"ORRS","13d":"TATA","18d":"DIALECT","22d":"AMBLES","23d":"STRIFE","24d":"POISED","25d":"INFOMERCIAL","26d":"DRINKUP","30d":"USN","32d":"ADORER","33d":"TATARS","35d":"SHAPES","37d":"ELATING","41d":"USO","46d":"HASSLES","48d":"NUANCE","50d":"FRIARS","53d":"LUGER","55d":"ANNIE","56d":"BITE","57d":"ECRU","58d":"ESTE","62d":"PEA","63d":"IRE","64d":"SIX","65d":"HEY"}}