{"numbers":[["1","2","3","4","-","5","6","7","8","9","-","10","11","12","13"],["14","","","","-","15","","","","","-","16","","",""],["17","","","","18","","","","","","-","19","","",""],["20","","","-","21","","","","-","22","23","","","",""],["24","","","25","","","-","26","27","","","","","-","-"],["-","-","-","28","","","29","-","30","","","","","31","32"],["33","34","35","","","-","36","37","","","-","-","38","",""],["39","","","","","40","","","","","41","42","","",""],["43","","","-","-","44","","","","-","45","","","",""],["46","","","47","48","","","-","49","50","","","-","-","-"],["-","-","51","","","","","52","-","53","","","54","55","56"],["57","58","","","","","-","59","60","","","-","61","",""],["62","","","","-","63","64","","","","","65","","",""],["66","","","","-","67","","","","","-","68","","",""],["69","","","","-","70","","","","","-","71","","",""]],"clues":{"1a":"___ Hatteras, N.C.","5a":"Clearheaded","10a":"Egyptian cobras","14a":"Mimics","15a":"Video arcade name","16a":"Turn obliquely","17a":"SCRAM","19a":"Antitoxins","20a":"Football's ___ Bowl","21a":"Safety org.","22a":"Current, as accounts","24a":"Russian grassland","26a":"Black Sea resort","28a":"Actors Silver and Howard","30a":"Illegal trader","33a":"Words preceding war or God","36a":"Young 'uns","38a":"Half of MCII","39a":"SPLIT","43a":"Indiana Jones's quest","44a":"Franchise","45a":"Vertical","46a":"Made tea","49a":"Crimson and carmine","51a":"Adulates","53a":"Standards of perfection","57a":"Plant pests","59a":"Italian wine district","61a":"Hawaiian garland","62a":"Cut in a skirt","63a":"BEAT IT","66a":"The Mikado's Lord High Executioner","67a":"Papal vestment","68a":"One of the Brontes","69a":"Suffix with road or hip","70a":"Opera voice","71a":"Miss Trueheart of the comics","1d":"Summer getaways","2d":"\"You'll always be ___ of me\"","3d":"Tea type","4d":"Language ending","5d":"Yankee pitcher Don","6d":"Great Salt Lake state","7d":"Chocolate bean","8d":"Get on one's nerves","9d":"Allocate","10d":"St. Francis's home","11d":"VAMOOSE","12d":"Llama land","13d":"Barter","18d":"Finish","23d":"Dolt","25d":"Egg on","27d":"Mental confusion","29d":"Took deliberate steps","31d":"Grammy-winning Fitzgerald","32d":"Peril","33d":"Discoverers' cries","34d":"\"Dead ___\" (Dick Francis novel)","35d":"SKIDDOO","37d":"Hall-of-Famer Mel","40d":"Went too far","41d":"Finnan ___ (fish dish)","42d":"___ dixit","47d":"Film cutter","48d":"Pea holder","50d":"One of two","52d":"Guy with a tail","54d":"\"Home ___\"","55d":"Shows partiality","56d":"Allies (with)","57d":"Proposes","58d":"Scheme","60d":"Normandy invasion town, 1944","64d":"Dander","65d":"Tell (on)"},"answers":{"1a":"CAPE","5a":"LUCID","10a":"ASPS","14a":"APES","15a":"ATARI","16a":"SKEW","17a":"MAKETRACKS","19a":"SERA","20a":"PRO","21a":"OSHA","22a":"PAIDUP","24a":"STEPPE","26a":"ODESSA","28a":"RONS","30a":"INSIDER","33a":"ACTOF","36a":"TOTS","38a":"DLI","39a":"HEADFORTHEHILLS","43a":"ARK","44a":"VOTE","45a":"APEAK","46a":"STEEPED","49a":"REDS","51a":"ADORES","53a":"IDEALS","57a":"APHIDS","59a":"ASTI","61a":"LEI","62a":"SLIT","63a":"HITTHEROAD","66a":"KOKO","67a":"ORALE","68a":"ANNE","69a":"STER","70a":"TENOR","71a":"TESS","1d":"CAMPS","2d":"APART","3d":"PEKOE","4d":"ESE","5d":"LARSEN","6d":"UTAH","7d":"CACAO","8d":"IRK","9d":"DISPENSE","10d":"ASSISI","11d":"SKEDADDLE","12d":"PERU","13d":"SWAP","18d":"TOPOFF","23d":"ASS","25d":"PROD","27d":"DITHER","29d":"STRODE","31d":"ELLA","32d":"RISK","33d":"AHAS","34d":"CERT","35d":"TAKEAHIKE","37d":"OTT","40d":"OVERSHOT","41d":"HADDIE","42d":"IPSE","47d":"EDITOR","48d":"POD","50d":"EITHER","52d":"SATAN","54d":"ALONE","55d":"LEANS","56d":"SIDES","57d":"ASKS","58d":"PLOT","60d":"STLO","64d":"IRE","65d":"RAT"}}