{"numbers":[["1","2","3","4","5","6","7","-","8","9","10","11","12","13","14"],["15","","","","","","","-","16","","","","","",""],["17","","","","","","","-","18","","","","","",""],["-","-","-","19","","","-","-","-","20","","","-","-","-"],["21","22","23","","","-","24","25","26","","-","27","28","29","30"],["31","","","","-","32","","","","","33","-","34","",""],["35","","","","-","36","","","","","","-","37","",""],["38","","","","39","","-","-","-","40","","41","","",""],["42","","","-","43","","44","45","46","","-","47","","",""],["48","","","-","49","","","","","","-","50","","",""],["51","","","52","-","53","","","","-","54","","","",""],["-","-","-","55","56","","-","-","-","57","","","-","-","-"],["58","59","60","","","","61","-","62","","","","63","64","65"],["66","","","","","","","-","67","","","","","",""],["68","","","","","","","-","69","","","","","",""]],"clues":{"1a":"Composer Henry","8a":"Used an aerosol","15a":"Fellow who was called on the carpet?","16a":"Turn in the wash","17a":"Scot's squeeze","18a":"Footrest","19a":"Pop band ___ Lobos","20a":"Actor Linden","21a":"\"Hit the road!\"","24a":"Bamako's country","27a":"Treehouse underpinning","31a":"High-seas greeting","32a":"Watches, e.g.","34a":"Guy's date","35a":"\"There Is Nothin' Like a ___\"","36a":"Annul","37a":"Shooters' org.","38a":"Jams","40a":"Hug","42a":"\"___ Lay Dying\"","43a":"Reign of glaciers","47a":"Nonsense comedy of 60's TV","48a":"One in the cooler","49a":"Chico's boss","50a":"Russo of \"In the Line of Fire\"","51a":"Wounded ___, S.D.","53a":"Whitney and Wallach","54a":"Nonswimmer, perhaps","55a":"Mayberry address","57a":"\"Just a ___\"","58a":"Leave","62a":"\"Woman With the Hat\" painter","66a":"Batman?","67a":"Adequate","68a":"Colonist","69a":"Phone playback","1d":"Fairy queen","2d":"___ carte","3d":"Bug, in a way","4d":"Music maker","5d":"Dialect","6d":"Pinches","7d":"Glass ending","8d":"___ Tome","9d":"Cinema warning","10d":"Beatles' meter maid","11d":"Bikini, for one","12d":"Orange vegetable","13d":"Hellenic H","14d":"Cubs' home","21d":"Cartoon private","22d":"\"___ de Roland\" (medieval romance)","23d":"Iceberg alternative","24d":"Actress Farrow","25d":"Co. that made Ramblers","26d":"Meadow","28d":"Experienced bliss?","29d":"Lola portrayer, in 1930 film","30d":"Football lining","32d":"Newspaper listings","33d":"Rep.'s counterpart","39d":"English ___","41d":"Some wave catchers","44d":"Skinny swimmer","45d":"Bon ___ cleanser","46d":"Tankful","52d":"Upright","54d":"Electrical units","56d":"Referee's call","57d":"Masking, e.g.","58d":"A.M.A. members","59d":"Wash. neighbor","60d":"Chemical container","61d":"Salt","62d":"Mother's flower?","63d":"Nautilus locale","64d":"Droop","65d":"Before, in verse"},"answers":{"1a":"MANCINI","8a":"SPRAYED","15a":"ALADDIN","16a":"AGITATE","17a":"BAGPIPE","18a":"OTTOMAN","19a":"LOS","20a":"HAL","21a":"SCRAM","24a":"MALI","27a":"LIMB","31a":"AHOY","32a":"TIMERS","34a":"GAL","35a":"DAME","36a":"VACATE","37a":"NRA","38a":"SNARLS","40a":"ENFOLD","42a":"ASI","43a":"ICEAGE","47a":"MRED","48a":"CON","49a":"THEMAN","50a":"RENE","51a":"KNEE","53a":"ELIS","54a":"WADER","55a":"RFD","57a":"TAD","58a":"MOVEOUT","62a":"MATISSE","66a":"DRACULA","67a":"UPTOPAR","68a":"SETTLER","69a":"MESSAGE","1d":"MAB","2d":"ALA","3d":"NAG","4d":"CDPLAYER","5d":"IDIOM","6d":"NIPS","7d":"INE","8d":"SAO","9d":"PGTHIRTEEN","10d":"RITA","11d":"ATOLL","12d":"YAM","13d":"ETA","14d":"DEN","21d":"SADSACK","22d":"CHANSON","23d":"ROMAINE","24d":"MIA","25d":"AMC","26d":"LEA","28d":"IGNORED","29d":"MARLENE","30d":"BLADDER","32d":"TVSCHEDULE","33d":"SEN","39d":"LIT","41d":"FMRADIOS","44d":"EEL","45d":"AMI","46d":"GAS","52d":"ERECT","54d":"WATTS","56d":"FOUL","57d":"TAPE","58d":"MDS","59d":"ORE","60d":"VAT","61d":"TAR","62d":"MUM","63d":"SPA","64d":"SAG","65d":"ERE"}}