{"numbers":[["-","1","2","3","4","-","5","6","7","8","9","-","10","11","12"],["-","13","","","","-","14","","","","","-","15","",""],["-","16","","","","17","","","","","","18","","",""],["19","","","","","","","","","","","","","-","-"],["20","","","-","21","","","-","22","","","","-","-","-"],["23","","","24","-","-","-","-","-","-","-","25","26","27","28"],["-","-","-","29","30","31","32","33","34","35","36","-","37","",""],["38","39","40","","","","","","","","","41","","",""],["42","","","-","43","","","","","","","","-","-","-"],["44","","","45","-","-","-","-","-","-","-","46","47","48","49"],["-","-","-","50","51","52","53","-","54","55","56","-","57","",""],["-","-","58","","","","","59","","","","60","","",""],["61","62","","","","","","","","","","","","","-"],["63","","","-","64","","","","","-","65","","","","-"],["66","","","-","67","","","","","-","68","","","","-"]],"clues":{"1a":"Boats like Noah's","5a":"Dove, for one","10a":"Swiss mountain","13a":"\"Star Wars\" princess","14a":"Terre ___, Ind.","15a":"Bread with seeds","16a":"Huey Long roman à clef","19a":"Judith Krantz novel","20a":"It's frozen in Frankfurt","21a":"\"For ___ a jolly...\"","22a":"Secretary, e.g.: Abbr.","23a":"Canyon effect","25a":"Shoe bottom","29a":"Made as good as new","37a":"Marry","38a":"Eugene O'Neill work","42a":"Dye container","43a":"Most foulmouthed","44a":"Q-tip, e.g.","46a":"Bulletin board sticker","50a":"\"Syncratic\" prefix","54a":"Mauna ___","57a":"Letter before sigma","58a":"Streisand film, after \"The\"","61a":"Tale of a Piggy's plight","63a":"Lumberjack's tool","64a":"Loved ones","65a":"\"Is so!\" rebuttal","66a":"The ___ Affair","67a":"Gardner and others","68a":"Perches","1d":"Visigoth leader","2d":"Hot dog topper","3d":"Potter's oven","4d":"Paige, informally","5d":"1988 Tim Rice musical","6d":"Squirrels' hangouts","7d":"Single-named novelist","8d":"Lab burners","9d":"Kathie Lee's co-host","10d":"Host","11d":"Soap ingredient","12d":"Stylus","17d":"With 39-Down, a cornball variety show","18d":"Speedy jets","19d":"Prominent part of \"Peter Piper picked a peck...\"","24d":"Refinery shipment","26d":"Possess","27d":"\"Malcolm X\" director","28d":"Magazine chiefs, for short","30d":"River to the North Sea","31d":"Health club","32d":"___ Aviv","33d":"Scrap of food","34d":"Louis XIV, e.g.","35d":"Prior, to Prior","36d":"LP spinners","38d":"Boob tubes","39d":"See 17-Down","40d":"It's two after epsilon","41d":"Giant giant","45d":"Basketball's Larry","47d":"Passionate","48d":"Pieces of bedroom furniture","49d":"Feats of Clay: Abbr.","51d":"Radio part","52d":"Use logic","53d":"In base 8","54d":"Loamy soil","55d":"Incorrect","56d":"Brother of Prometheus","58d":"Clinton, slangily","59d":"Honor: Ger.","60d":"Four on a sundial","61d":"Loose","62d":"Petroleum company, informally"},"answers":{"1a":"ARKS","5a":"COOER","10a":"ALP","13a":"LEIA","14a":"HAUTE","15a":"RYE","16a":"ALLTHEKINGSMEN","19a":"PRINCESSDAISY","20a":"EIS","21a":"HES","22a":"ASST","23a":"ECHO","25a":"SOLE","29a":"RESTORED","37a":"WED","38a":"THEEMPERORJONES","42a":"VAT","43a":"SALTIEST","44a":"SWAB","46a":"TACK","50a":"IDIO","54a":"LOA","57a":"RHO","58a":"PRINCEOFTIDES","61a":"LORDOFTHEFLIES","63a":"AXE","64a":"DEARS","65a":"AINT","66a":"XYZ","67a":"ERLES","68a":"SITS","1d":"ALARIC","2d":"RELISH","3d":"KILN","4d":"SATCH","5d":"CHESS","6d":"OAKS","7d":"OUIDA","8d":"ETNAS","9d":"REGIS","10d":"ARMY","11d":"LYE","12d":"PEN","17d":"HEE","18d":"SSTS","19d":"PEE","24d":"ORE","26d":"OWN","27d":"LEE","28d":"EDS","30d":"EMS","31d":"SPA","32d":"TEL","33d":"ORT","34d":"ROI","35d":"ERE","36d":"DJS","38d":"TVS","39d":"HAW","40d":"ETA","41d":"OTT","45d":"BIRD","47d":"ARDENT","48d":"CHESTS","49d":"KOS","51d":"DIODE","52d":"INFER","53d":"OCTAL","54d":"LOESS","55d":"OFF","56d":"ATLAS","58d":"PREZ","59d":"EHRE","60d":"IIII","61d":"LAX","62d":"OXY"}}