{"numbers":[["1","2","3","4","5","-","6","7","8","9","10","11","-","-","12","13","14","15","16","17","-"],["18","","","","","-","19","","","","","","20","-","21","","","","","","22"],["23","","","","","-","24","","","","","","","25","","","","","","",""],["26","","","","","27","-","28","","","-","29","","","","-","-","30","","",""],["31","","","-","32","","33","","","","34","-","-","35","","36","37","-","38","",""],["39","","","-","40","","","","","","","41","42","","","","","43","","",""],["44","","","45","-","-","46","","","-","47","","","","-","48","","","","","-"],["-","-","-","49","50","51","-","-","-","52","","","","","-","53","","","","-","-"],["54","55","56","","","","57","58","59","","","","","-","60","","","","-","-","-"],["61","","","","","","","","","","","-","-","62","","","","","63","64","65"],["66","","","-","-","-","67","","","","-","68","69","","","-","-","-","70","",""],["71","","","72","73","74","","","-","-","75","","","","","76","77","78","","",""],["-","-","-","79","","","","-","80","81","","","","","","","","","","",""],["-","-","82","","","","-","83","","","","","-","-","-","84","","","-","-","-"],["-","85","","","","","-","86","","","","-","87","88","89","-","-","90","91","92","93"],["94","","","","","","95","","","","","96","","","","97","98","-","99","",""],["100","","","-","101","","","","-","-","102","","","","","","","-","103","",""],["104","","","105","-","-","106","","107","108","-","109","","","-","110","","111","","",""],["112","","","","113","114","","","","","115","","","","116","-","117","","","",""],["118","","","","","","","-","119","","","","","","","-","120","","","",""],["-","121","","","","","","-","-","122","","","","","","-","123","","","",""]],"clues":{"1a":"Ripoffs","6a":"Ventricles' outlets","12a":"Kind of cheese","18a":"Central Asian capital","19a":"Necked","21a":"Immigrant, to the British","23a":"Riled up","24a":"Dog assessing shoplifting, e.g.?","26a":"\"The Birthday Party\" playwright","28a":"Double-crosser","29a":"Money-changer's profit","30a":"Faux pas","31a":"Look-alikes' container","32a":"Jean Laffite et al.","35a":"Triple-decker sandwich","38a":"___ du Diable","39a":"Environmentally concerned","40a":"Intrafamily chat?","44a":"Bombast","46a":"Sun. talk","47a":"Supervision","48a":"Stretch","49a":"Passe","52a":"Fathers","53a":"___ di Como, Italia","54a":"What laid-off workers need to remember?","60a":"Do an antique dealer's job","61a":"Handed down","62a":"Idol's place","66a":"Something to believe in","67a":"Capone's nemesis","68a":"Audi rival","70a":"Charlottesville sch.","71a":"Made a successful stand","75a":"Used a stethoscope","79a":"Fox and others, informally","80a":"Falsely sent legal panel to insane asylum?","82a":"Variety of cotton","83a":"Papal tribunals","84a":"\"This ___ stickup!\"","85a":"Alpinist's need","86a":"Landed","87a":"Grazing land","90a":"Ice-T servings?","94a":"Inexpensive Sherlock Holmes job?","99a":"Part of TNT","100a":"Thai's neighbor","101a":"Cravings","102a":"Treaty site of 1925","103a":"Musical notes","104a":"Cost of playing","106a":"\"Mark Trail\" cartoonist Ed","109a":"Firing squad order","110a":"Like some knights","112a":"Hobo gridlock?","117a":"Kind of pie","118a":"Latecomer, perhaps","119a":"Lustrous fabrics","120a":"China ___ (showy bloom)","121a":"Slowpokes","122a":"Poor man's penthouse","123a":"Approximates","1d":"Ship officer (with orders for this puzzle?)","2d":"Latin dance","3d":"Wild ___","4d":"American Kennel Club outcast","5d":"Is in Morpheus' arms","6d":"Uraeus, in ancient Egypt","7d":"Run","8d":"Spinner","9d":"High-calorie desserts","10d":"Compilation","11d":"Bristle","12d":"Hired escort","13d":"Cell component","14d":"U.N.C. athletic grp.","15d":"High points","16d":"Mexican revolutionary Zapata","17d":"\"The King of Kings\" director","20d":"Archaeological site","22d":"Throw off","25d":"Fitting places","27d":"Sugarloaf Mountain site","33d":"Hosp. staffers","34d":"Get-together","36d":"Nude","37d":"Rail at","41d":"___ a one","42d":"H.S.T. or R.M.N.","43d":"Batting equipment","45d":"Nailed obliquely","50d":"Swiss canton","51d":"Matter of retaliation","52d":"Vichy et al.","54d":"Fuss","55d":"Gaelic","56d":"Seductress","57d":"Ball teams","58d":"Like Yale since 1969","59d":"Nav. officer","60d":"Society event","62d":"Deal","63d":"Outfit for Pavlova","64d":"State","65d":"1980 Kenny Rogers hit","68d":"First graders' work","69d":"\"___ live and breathe!\"","72d":"Merge","73d":"Like many furniture sprays","74d":"Posture","75d":"Powerful explosive","76d":"Ring around the collar?","77d":"Some sports scores","78d":"Open a bit","80d":"Future stallion","81d":"Elevator inventor","82d":"Basketball center, e.g.","83d":"King's ___","85d":"Tiny people","87d":"Friction match","88d":"Loosely woven fabric","89d":"Kind of ball or bill","91d":"New Year's bowl site","92d":"Vixen's mate","93d":"Swoosie Kurtz TV series","94d":"Road parts","95d":"Puts on","96d":"Slip-on","97d":"Unseparated","98d":"Oklahoma city","105d":"Lab item","107d":"Sot's woe","108d":"Race, in a way","111d":"Low hill","113d":"___ et amo (expression of mixed feelings)","114d":"Sounds unit","115d":"___ standstill","116d":"Ill. time"},"answers":{"1a":"SCAMS","6a":"AORTAS","12a":"GRATED","18a":"KABUL","19a":"SPOONED","21a":"INCOMER","23a":"IRATE","24a":"PETRATINGACRIME","26a":"PINTER","28a":"RAT","29a":"AGIO","30a":"SLIP","31a":"POD","32a":"PIRATES","35a":"CLUB","38a":"ILE","39a":"ECO","40a":"SONTOSONPHONECALL","44a":"RANT","46a":"SER","47a":"CARE","48a":"CRANE","49a":"OUT","52a":"SIRES","53a":"LAGO","54a":"SEVERANCEPAYS","60a":"DATE","61a":"TRADITIONAL","62a":"PEDESTAL","66a":"ISM","67a":"NESS","68a":"SAAB","70a":"UVA","71a":"REPULSED","75a":"AUSCULTATED","79a":"NETS","80a":"COMMITTEDJURY","82a":"PIMA","83a":"ROTAS","84a":"ISA","85a":"PITON","86a":"ALIT","87a":"LEA","90a":"RAPS","94a":"SEVENCENTSOLUTION","99a":"TRI","100a":"LAO","101a":"YENS","102a":"LOCARNO","103a":"LAS","104a":"ANTE","106a":"DODD","109a":"AIM","110a":"ERRANT","112a":"BUMTOBUMTRAFFIC","117a":"MINCE","118a":"STANDEE","119a":"SATEENS","120a":"ASTER","121a":"SNAILS","122a":"GARRET","123a":"NEARS","1d":"SKIPPER","2d":"CARIOCA","3d":"ABANDON","4d":"MUTT","5d":"SLEEPS","6d":"ASP","7d":"OPERATE","8d":"ROTATOR","9d":"TORTES","10d":"ANA","11d":"SETA","12d":"GIGOLO","13d":"RNA","14d":"ACC","15d":"TORS","16d":"EMILIANO","17d":"DEMILLE","20d":"DIG","22d":"REPEL","25d":"NICHES","27d":"RIO","33d":"RNS","34d":"SOCIAL","36d":"UNCLAD","37d":"BERATE","41d":"NARY","42d":"PRES","43d":"CAGES","45d":"TOED","50d":"URI","51d":"TAT","52d":"SPAS","54d":"STIR","55d":"ERSE","56d":"VAMP","57d":"NINES","58d":"COED","59d":"ENS","60d":"DEBUT","62d":"PACT","63d":"TUTU","64d":"AVER","65d":"LADY","68d":"SUMS","69d":"ASI","72d":"UNITE","73d":"LEMONY","74d":"STANCE","75d":"AMATOL","76d":"LEI","77d":"TDS","78d":"AJAR","80d":"COLT","81d":"OTIS","82d":"PIVOTMAN","83d":"RANSOM","85d":"PEANUTS","87d":"LUCIFER","88d":"ETAMINE","89d":"AIR","91d":"ATLANTA","92d":"PRANCER","93d":"SISTERS","94d":"SLABS","95d":"ENDUES","96d":"LOAFER","97d":"ONE","98d":"NORMAN","105d":"ETNA","107d":"DTS","108d":"DRAG","111d":"RISE","113d":"ODI","114d":"BEL","115d":"ATA","116d":"CST"}}