{"numbers":[["1","2","3","4","-","5","6","7","8","-","9","10","11","12","13"],["14","","","","-","15","","","","-","16","","","",""],["17","","","","-","18","","","","19","","","","",""],["20","","","","21","","","","-","22","","","","",""],["23","","","","","","-","-","24","","","","-","-","-"],["-","-","25","","","-","26","27","","","-","28","29","30","31"],["32","33","","","-","34","","","","","-","35","","",""],["36","","","-","-","37","","","","","-","-","38","",""],["39","","","40","-","41","","","","","-","42","","",""],["43","","","","-","44","","","","-","45","","","-","-"],["-","-","-","46","47","","","-","-","48","","","","49","50"],["51","52","53","","","","-","54","55","","","","","",""],["56","","","","","","57","","","","-","58","","",""],["59","","","","","-","60","","","","-","61","","",""],["62","","","","","-","63","","","","-","64","","",""]],"clues":{"1a":"Record player","5a":"Retrieve, as fly balls","9a":"Conclude successfully","14a":"The King's middle name","15a":"Deal (with)","16a":"Forgo","17a":"Bach's \"___ in B Minor\"","18a":"Place for Pete?","20a":"Part of a radio wave","22a":"Group of nine","23a":"Blockaded","24a":"One-liner","25a":"Fraternity letter","26a":"Kind of cue","28a":"Con artist's game","32a":"Thai money","34a":"\"Easy Aces\" medium","35a":"Rap's Salt-N-Pepa, e.g.","36a":"___ Annie (\"Oklahoma!\" role)","37a":"Doing a takeoff","38a":"Canadian prov.","39a":"Upper cut?","41a":"Spirited","42a":"Regarding","43a":"\"Dallas\" actor Howard","44a":"Diner sign","45a":"\"___ Doubtfire\"","46a":"Ousted Ugandan","48a":"Argentine grasslands","51a":"Seasonal pick-me-up","54a":"90-degree arc","56a":"Place for Tyrone?","58a":"\"___, Brute?\"","59a":"Like some gases","60a":"Actress Merrill","61a":"A whole lot","62a":"Make the air fragrant","63a":"Call from the minaret","64a":"Unnamed ones","1d":"Radical Mideast group","2d":"Shiraz native","3d":"Place for Jodie?","4d":"Discernment","5d":"Young haddock","6d":"Ruffian","7d":"Semicircular church section","8d":"$1000, slangily","9d":"Ritzy","10d":"Showing sincerity","11d":"Not on target","12d":"Part of the eye","13d":"Hang in the balance","19d":"Science course","21d":"Prefix with liberal","24d":"Nightclubs","26d":"Port Moresby resident","27d":"Pindar, e.g.","29d":"Place for Ben?","30d":"\"___ We Got Fun?\"","31d":"Marquand sleuth","32d":"Trunk cover","33d":"Direction for Solti","34d":"Andrew Johnson's birthplace","40d":"Carpentry machines","42d":"Antimacassar locale","45d":"Epithet for Anthony Wayne","47d":"Malory's \"Le ___ d'Arthur\"","48d":"Hymn of praise","49d":"Architectural piers","50d":"Book-lined room","51d":"Like Homer's \"Iliad\"","52d":"Missing","53d":"Verdon of \"Red Head\"","54d":"\"Jeopardy!\" is one","55d":"Annapolis inits.","57d":"Ladies' room, of a sort"},"answers":{"1a":"HIFI","5a":"SHAG","9a":"SEWUP","14a":"ARON","15a":"COPE","16a":"WAIVE","17a":"MASS","18a":"ROSEGARDEN","20a":"ANTINODE","22a":"ENNEAD","23a":"SIEGED","24a":"JOKE","25a":"RHO","26a":"POOL","28a":"SCAM","32a":"BAHT","34a":"RADIO","35a":"TRIO","36a":"ADO","37a":"APING","38a":"ONT","39a":"RUMP","41a":"LUSTY","42a":"ASTO","43a":"KEEL","44a":"EATS","45a":"MRS","46a":"AMIN","48a":"PAMPAS","51a":"EGGNOG","54a":"QUADRANT","56a":"POWERHOUSE","58a":"ETTU","59a":"INERT","60a":"DINA","61a":"SCAD","62a":"CENSE","63a":"AZAN","64a":"THEY","1d":"HAMAS","2d":"IRANI","3d":"FOSTERHOME","4d":"INSIGHT","5d":"SCROD","6d":"HOOD","7d":"APSE","8d":"GEE","9d":"SWANK","10d":"EARNEST","11d":"WIDE","12d":"UVEA","13d":"PEND","19d":"GEOLOGY","21d":"NEO","24d":"JOINTS","26d":"PAPUAN","27d":"ODIST","29d":"CROSSPATCH","30d":"AINT","31d":"MOTO","32d":"BARK","33d":"ADUE","34d":"RALEIGH","40d":"PLANERS","42d":"ARMREST","45d":"MAD","47d":"MORTE","48d":"PAEAN","49d":"ANTAE","50d":"STUDY","51d":"EPIC","52d":"GONE","53d":"GWEN","54d":"QUIZ","55d":"USNA","57d":"ODA"}}