{"numbers":[["1","2","3","4","-","5","6","7","8","-","-","9","10","11","12"],["13","","","","-","14","","","","15","-","16","","",""],["17","","","","-","18","","","","","-","19","","",""],["20","","","","21","","","","","","22","","","",""],["-","-","-","23","","","-","-","-","24","","","-","-","-"],["25","26","27","","","-","28","29","30","-","31","","32","33","34"],["35","","","","-","36","","","","37","","-","38","",""],["39","","","","40","","","","","","","41","","",""],["42","","","-","43","","","","","","-","44","","",""],["45","","","46","","-","47","","","-","48","","","",""],["-","-","-","49","","50","-","-","-","51","","","-","-","-"],["52","53","54","","","","55","56","57","","","","58","59","60"],["61","","","","-","62","","","","","-","63","","",""],["64","","","","-","65","","","","","-","66","","",""],["67","","","","-","-","68","","","","-","69","","",""]],"clues":{"1a":"Big party","5a":"Enclose","9a":"Back-of-paper news item","13a":"Wrinkly fruit","14a":"Kind of eye","16a":"It's in a jamb","17a":"Projecting rock","18a":"___ at all costs","19a":"Site in Sicily","20a":"Trail-blazing black modern dancer","23a":"A bean","24a":"Cloth measures: Abbr.","25a":"Architectural projection","28a":"Cookbook abbr.","31a":"One of the three D's","35a":"Director Fritz","36a":"Stored fodder","38a":"___ v. Wade","39a":"First black poet to win a Pulitzer Prize","42a":"Santa ___","43a":"Some singing groups","44a":"Utilities","45a":"Gravelly glacial ridge","47a":"H.S. big shots","48a":"Songwriter Jule","49a":"Former President of Pakistan","51a":"\"Mayday!\"","52a":"Legendary black folk singer and composer","61a":"Costa ___","62a":"Remove","63a":"Mr. Guthrie","64a":"___ about (time phrase)","65a":"Political party offering","66a":"Sound of waves","67a":"Novelist George","68a":"Court hero","69a":"O'Brien or Ferber","1d":"Resist obstinately","2d":"Taj Mahal city","3d":"Blind part","4d":"Discreet warning","5d":"Bone-tired","6d":"Sitarist Shankar","7d":"Stravinsky ballet","8d":"Ballet movement","9d":"Danish city","10d":"One and the other","11d":"Scottish abbey site","12d":"Streetcar","15d":"Christian Science founder","21d":"Dawn goddess","22d":"Milk container","25d":"Pond film","26d":"Future queens?","27d":"Weasel","28d":"Jousts","29d":"More cunning","30d":"Dog breaths","32d":"Dull","33d":"Memento","34d":"\"Magister Ludi\" novelist","36d":"Leftist political label: Abbr.","37d":"Literary monogram","40d":"Andrea ___ (ill-fated liner)","41d":"Win a \"no blinking\" contest","46d":"Boxer Charles","48d":"___ Canals","50d":"Fundamentals","51d":"Rock debris","52d":"Libido","53d":"Film director Wertmuller","54d":"Sacred image","55d":"Raines of 40's films","56d":"Afternoon gatherings","57d":"Biblical verb","58d":"Trampled","59d":"Dash","60d":"___ Barnacle (Mrs. James Joyce)"},"answers":{"1a":"BASH","5a":"WRAP","9a":"OBIT","13a":"UGLI","14a":"EAGLE","16a":"DOOR","17a":"CRAG","18a":"AVOID","19a":"ETNA","20a":"KATHERINEDUNHAM","23a":"SOY","24a":"YDS","25a":"APSIS","28a":"TSP","31a":"DEPTH","35a":"LANG","36a":"SILAGE","38a":"ROE","39a":"GWENDOLYNBROOKS","42a":"ANA","43a":"OCTETS","44a":"USES","45a":"ESKER","47a":"SRS","48a":"STYNE","49a":"ZIA","51a":"SOS","52a":"ELIZABETHCOTTEN","61a":"RICA","62a":"CLEAR","63a":"ARLO","64a":"ONOR","65a":"SLATE","66a":"ROAR","67a":"SAND","68a":"ASHE","69a":"EDNA","1d":"BUCK","2d":"AGRA","3d":"SLAT","4d":"HIGHSIGN","5d":"WEARY","6d":"RAVI","7d":"AGON","8d":"PLIE","9d":"ODENSE","10d":"BOTH","11d":"IONA","12d":"TRAM","15d":"EDDY","21d":"EOS","22d":"UDDER","25d":"ALGAE","26d":"PAWNS","27d":"SNEAK","28d":"TILTS","29d":"SLYER","30d":"PANTS","32d":"PROSY","33d":"TOKEN","34d":"HESSE","36d":"SOC","37d":"GBS","40d":"DORIA","41d":"OUTSTARE","46d":"EZZARD","48d":"SOO","50d":"ABCS","51d":"SCREE","52d":"EROS","53d":"LINA","54d":"ICON","55d":"ELLA","56d":"TEAS","57d":"HATH","58d":"TROD","59d":"ELAN","60d":"NORA"}}