{"numbers":[["1","2","3","4","5","6","7","8","9","-","10","11","12","13","14"],["15","","","","","","","","","-","16","","","",""],["17","","","","","","","","","-","18","","","",""],["-","-","-","19","","","-","20","","21","","","","",""],["22","23","24","","","-","25","","","","","-","26","",""],["27","","","","-","28","","","","","","-","-","-","-"],["29","","","","-","30","","","-","31","","32","33","34","35"],["36","","","","37","","","-","38","","","","","",""],["39","","","","","","-","40","","","-","41","","",""],["-","-","-","-","42","","43","","","","-","44","","",""],["45","46","47","-","48","","","","","-","49","","","",""],["50","","","51","","","","","-","52","","","-","-","-"],["53","","","","","-","54","","55","","","","56","57","58"],["59","","","","","-","60","","","","","","","",""],["61","","","","","-","62","","","","","","","",""]],"clues":{"1a":"Person not to mess with","10a":"___ Barbara","15a":"Brown group","16a":"Rub off","17a":"Protactinium's atomic number","18a":"___ Barbara","19a":"Gaelic \"oh my!\"","20a":"Conscious","22a":"Like some shampoos","25a":"Holy","26a":"Kind of pad","27a":"Scope","28a":"Scratchy","29a":"Bit of a charge","30a":"Firth of Clyde port","31a":"Bury","36a":"Catches","38a":"Toscanini and others","39a":"1985 World Series champs","40a":"Rep.","41a":"French entree","42a":"Name of three popes","44a":"Part of Q.E.D.","45a":"___ sting","48a":"\"I Fall to Pieces\" singer","49a":"Queer","50a":"Danger signal","52a":"Rock's Brian","53a":"Quinault's queen of Tyre","54a":"Disciplined","59a":"One of the Bowls","60a":"Tables","61a":"Person holding a string","62a":"Shock","1d":"Storage place","2d":"Year in Nero's reign","3d":"Author Rand","4d":"Top film of 1963","5d":"Two-master","6d":"Indiana governor Evan","7d":"I","8d":"Crescent-shaped","9d":"High school student, informally","10d":"Movable place to eat","11d":"Sea into which the Amu Darya flows","12d":"\"___ Fighting Ships\" (British annual)","13d":"Bony opening","14d":"Gains","21d":"Maintains","22d":"Grand Slammer of '62 and '69","23d":"Town on the Penobscot","24d":"Pulitzer winner for \"The Optimist's Daughter\"","25d":"\"The ___ of Summer\"","28d":"Tablet alternative","32d":"Ring adornment","33d":"\"In ___?\"","34d":"Kind of mouth or boat","35d":"It's rarely played","37d":"Signal that ends 50 Across","38d":"Bad fit?","40d":"Is of value, in a colloquialism","43d":"Club","45d":"___ out (lose it)","46d":"Ruby's attorney","47d":"Dimwit","49d":"In-a-bottle alternative","51d":"Contemporary of 22 Down","52d":"Renamed oil co.","55d":"O.K. at sea","56d":"Go the wrong way","57d":"Palindromic city of puzzledom","58d":"\"___ Ring des Nibelungen\""},"answers":{"1a":"BLACKBELT","10a":"MAJOR","15a":"IVYLEAGUE","16a":"ERASE","17a":"NINETYONE","18a":"SANTA","19a":"OCH","20a":"UNASLEEP","22a":"LOWPH","25a":"BLEST","26a":"SOS","27a":"AREA","28a":"COARSE","29a":"VOLT","30a":"AYR","31a":"ENTOMB","36a":"ENTRAPS","38a":"ARTUROS","39a":"ROYALS","40a":"AGT","41a":"ROTI","42a":"LUCIUS","44a":"QUOD","45a":"FBI","48a":"CLINE","49a":"OUTRE","50a":"REDALERT","52a":"ENO","53a":"ELISE","54a":"CHASTISED","59a":"ALOHA","60a":"LAYSASIDE","61a":"KITER","62a":"EYEOPENER","1d":"BIN","2d":"LVI","3d":"AYN","4d":"CLEOPATRA","5d":"KETCH","6d":"BAYH","7d":"EGO","8d":"LUNULAR","9d":"TEENER","10d":"MESSTENT","11d":"ARAL","12d":"JANES","13d":"OSTEO","14d":"REAPS","21d":"ASSERTS","22d":"LAVER","23d":"ORONO","24d":"WELTY","25d":"BOYS","28d":"CAPSULE","32d":"TURQUOISE","33d":"OROUT","34d":"MOTOR","35d":"BSIDE","37d":"ALLCLEAR","38d":"AGUE","40d":"AINTHAY","43d":"CIRCLE","45d":"FREAK","46d":"BELLI","47d":"IDIOT","49d":"ONTAP","51d":"ASHE","52d":"ESSO","55d":"AYE","56d":"SIN","57d":"EDE","58d":"DER"}}