{"numbers":[["1","2","3","4","5","6","7","-","8","9","10","11","12","13","14"],["15","","","","","","","-","16","","","","","",""],["17","","","","","","","-","18","","","","","",""],["19","","","","","-","20","21","","-","22","","","",""],["23","","","","-","24","","","","25","-","26","","",""],["27","","","-","28","","","","","","29","-","30","",""],["31","","","32","","","","","-","33","","34","","",""],["-","-","-","35","","","","","36","","","","-","-","-"],["37","38","39","","","","-","40","","","","","41","42","43"],["44","","","-","45","","46","","","","","-","47","",""],["48","","","49","-","50","","","","","-","51","","",""],["52","","","","53","-","54","","","-","55","","","",""],["56","","","","","57","","-","58","59","","","","",""],["60","","","","","","","-","61","","","","","",""],["62","","","","","","","-","63","","","","","",""]],"clues":{"1a":"Coming down lightly","8a":"Sparkle","15a":"Feeler","16a":"\"Tinker, Tailor, Soldier, Spy\" author","17a":"Cavalry mount","18a":"Ready for romance","19a":"Time with monsieur","20a":"Baker's meas.","22a":"Silent screen's Nita ___","23a":"Cliff dweller","24a":"Paris's darling","26a":"Coasted","27a":"Oddity","28a":"Usurper in \"The Castle of Otranto\"","30a":"Summer in Haiti","31a":"Modern Abyssinia","33a":"Was a stockbroker","35a":"Just fine, thank you","37a":"Midnight rider","40a":"Air","44a":"Ex of Ol' Blue Eyes","45a":"Concert conclusions","47a":"Lip","48a":"Cheesy sandwich","50a":"Rani's garments","51a":"Bobtail mouse","52a":"Body-building goal","54a":"Thesis beginning","55a":"More pure","56a":"Easy","58a":"Hoop","60a":"Credit","61a":"Down to a ___ (exact)","62a":"Outstanding","63a":"Film and TV trio","1d":"Jungle slasher","2d":"Come into","3d":"Not fickle","4d":"Neighbor of Venus","5d":"\"Splendor in the Grass\" screenwriter","6d":"Capt.'s heading","7d":"Fragrant blossom","8d":"Pottery worker","9d":"Apollo 11's Eagle, e.g.","10d":"\"User-friendly\" feature","11d":"___ Bulba (Gogol's Cossack warrior)","12d":"Sang merrily","13d":"Learned","14d":"Had an address","21d":"Kind of nerve","24d":"Comes about","25d":"Bugs","28d":"Silverheel's partner","29d":"Evaporates","32d":"Hard water?","34d":"Hovercraft, for short","36d":"Haunting quality?","37d":"Dry ravines","38d":"Conquest of 5/29/53","39d":"Window adornment","41d":"Pressing work","42d":"Calm","43d":"Materializes","46d":"Furniture mover","49d":"Follow the majorettes","51d":"Olive-green songbird","53d":"Actor ___ Patrick Harris","55d":"Cold in Tijuana","57d":"Where Shaw attacks: Abbr.","59d":"Get busy"},"answers":{"1a":"MISTING","8a":"GLITTER","15a":"ANTENNA","16a":"LECARRE","17a":"CHARGER","18a":"AMOROUS","19a":"HEURE","20a":"DOZ","22a":"NALDI","23a":"ERNE","24a":"HELEN","26a":"SLID","27a":"TIC","28a":"MANFRED","30a":"ETE","31a":"ETHIOPIA","33a":"TRADED","35a":"COPACETIC","37a":"REVERE","40a":"TELEVISE","44a":"AVA","45a":"ENCORES","47a":"RIM","48a":"MELT","50a":"SARIS","51a":"VOLE","52a":"BRAWN","54a":"SYN","55a":"FINER","56a":"LENIENT","58a":"EARRING","60a":"ASCRIBE","61a":"SCIENCE","62a":"STELLAR","63a":"STOOGES","1d":"MACHETE","2d":"INHERIT","3d":"STAUNCH","4d":"TERRE","5d":"INGE","6d":"NNE","7d":"GARDENIA","8d":"GLAZER","9d":"LEM","10d":"ICON","11d":"TARAS","12d":"TROLLED","13d":"ERUDITE","14d":"RESIDED","21d":"OLFACTORY","24d":"HAPPENS","25d":"NETTLES","28d":"MOORE","29d":"DRIES","32d":"ICE","34d":"ACV","36d":"EERINESS","37d":"RAMBLAS","38d":"EVEREST","39d":"VALANCE","41d":"IRONING","42d":"SILENCE","43d":"EMERGES","46d":"CASTER","49d":"TWIRL","51d":"VIREO","53d":"NEIL","55d":"FRIO","57d":"NBA","59d":"ACT"}}