{"numbers":[["1","2","3","4","-","5","6","7","8","9","-","10","11","12","13"],["14","","","","-","15","","","","","-","16","","",""],["17","","","","18","","","","","","19","","","",""],["20","","","","","","","","-","21","","","","","-"],["-","-","-","22","","","","-","23","","","","-","-","-"],["24","25","26","","","","-","27","","","","","28","29","30"],["31","","","","-","-","-","32","","","","-","33","",""],["34","","","","35","36","37","","","","","38","","",""],["39","","","-","40","","","","-","-","-","41","","",""],["42","","","43","","","","","-","44","45","","","",""],["-","-","-","46","","","","-","47","","","","-","-","-"],["-","48","49","","","","-","50","","","","","51","52","53"],["54","","","","","","55","","","","","","","",""],["56","","","","-","57","","","","","-","58","","",""],["59","","","","-","60","","","","","-","61","","",""]],"clues":{"1a":"One of the March sisters","5a":"Musical composition","10a":"Michener's \"Hawaii,\" e.g.","14a":"Heckelphone","15a":"Win by ___","16a":"Verse pattern","17a":"TURKEY?","20a":"\"___ Pay\" (Faulkner's first novel)","21a":"Carpenter's supply","22a":"Shed","23a":"Break-even amount","24a":"Catalina, e.g.","27a":"Ornamental garden","31a":"Mediterranean port","32a":"View from I-90","33a":"Sharers' word","34a":"PLYMOUTH ROCK?","39a":"Supplement, with \"out\"","40a":"Med. course","41a":"Auricular","42a":"Assad's capital","44a":"Smooth-talking","46a":"Like many cakes","47a":"Weed killer","48a":"It's a wrap!","50a":"Tops in poker?","54a":"MAYFLOWER?","56a":"Pour","57a":"Comforts","58a":"When twice repeated, a 1970 war movie","59a":"Just for guys","60a":"Like modern bombs","61a":"Clairvoyant","1d":"Haircuts","2d":"Spanish river","3d":"Cat's-paw","4d":"Impetuous","5d":"Least prepared","6d":"Windy City touchdown site","7d":"Some votes","8d":"\"What's the ___?\"","9d":"Handel's \"Messiah,\" e.g.","10d":"Friendly cannonade","11d":"Get in touch with?","12d":"Needlefish","13d":"\"The Woman in the Dunes\" author","18d":"Fashionable name","19d":"Going along (with)","23d":"Grouse","24d":"Snagged dogies","25d":"Alexander of \"The Cosby Show\"","26d":"\"The Crucible\" setting","27d":"Baby brothers, typically","28d":"Atlas line","29d":"Arrest, in slang","30d":"Upright","35d":"Classic Sterling North book","36d":"Infuriates","37d":"Whittier heroine","38d":"Out-of-towners","43d":"TV broadcast","44d":"Timberland","45d":"Regan's father","47d":"Lumberjack","48d":"Tiff","49d":"\"Se vuol ballare,\" e.g.","50d":"Soprano Ponselle","51d":"Sole possessor?","52d":"Joyce's land","53d":"Rigging supporter","54d":"Start of M-G-M's motto","55d":"Thanksgiving fare"},"answers":{"1a":"BETH","5a":"RONDO","10a":"SAGA","14a":"OBOE","15a":"AHAIR","16a":"ABAB","17a":"BROADWAYFAILURE","20a":"SOLDIERS","21a":"TNUTS","22a":"LOSE","23a":"COST","24a":"RESORT","27a":"PARTERRE","31a":"ORAN","32a":"ERIE","33a":"OUR","34a":"PILGRIMSPOPTUNE","39a":"EKE","40a":"ANAT","41a":"OTIC","42a":"DAMASCUS","44a":"FLUENT","46a":"ICED","47a":"HOER","48a":"SARAN","50a":"RERAISES","54a":"APRILSHOWERSHIP","56a":"RAIN","57a":"EASES","58a":"TORA","59a":"STAG","60a":"SMART","61a":"SEER","1d":"BOBS","2d":"EBRO","3d":"TOOL","4d":"HEADLONG","5d":"RAWEST","6d":"OHARE","7d":"NAYS","8d":"DIF","9d":"ORATORIO","10d":"SALUTE","11d":"ABUT","12d":"GARS","13d":"ABE","18d":"DIOR","19d":"INSTEP","23d":"CARP","24d":"ROPED","25d":"ERIKA","26d":"SALEM","27d":"PESTS","28d":"ROUTE","29d":"RUNIN","30d":"ERECT","35d":"RASCAL","36d":"INCENSES","37d":"MAUD","38d":"TOURISTS","43d":"AIRING","44d":"FOREST","45d":"LEAR","47d":"HEWER","48d":"SPAT","49d":"ARIA","50d":"ROSA","51d":"SHOE","52d":"EIRE","53d":"SPAR","54d":"ARS","55d":"HAM"}}