{"numbers":[["1","2","3","4","-","5","6","7","-","-","8","9","10","11","12"],["13","","","","-","14","","","15","-","16","","","",""],["17","","","","18","","","","","19","","","","",""],["20","","","","","-","21","","","","-","22","","",""],["-","-","-","23","","24","-","25","","","26","","-","-","-"],["27","28","29","","","","30","","","","","","31","32","-"],["33","","","-","-","34","","","-","-","35","","","","36"],["37","","","38","39","","","-","40","41","","","","",""],["42","","","","","-","-","43","","","-","-","44","",""],["-","45","","","","46","47","","","","48","49","","",""],["-","-","-","50","","","","","-","51","","","-","-","-"],["52","53","54","","-","55","","","56","-","57","","58","59","60"],["61","","","","62","","","","","63","","","","",""],["64","","","","","-","65","","","","-","66","","",""],["67","","","","","-","-","68","","","-","69","","",""]],"clues":{"1a":"Singer Vikki","5a":"Dadaist Hans","8a":"Rabbitlike animals","13a":"Stage award","14a":"Didst exist","16a":"Mutual of ___","17a":"Spool decoratin' Granny Smiths?","20a":"Deck officer","21a":"Bulgar, e.g.","22a":"Cloned computers","23a":"Weekday abbr.","25a":"Southwest New York city","27a":"Bird sittin' atop a stogie?","33a":"Nantucket I.'s in it","34a":"Joke","35a":"Richards of tennis","37a":"Cork, e.g.","40a":"Scraped the bottom of","42a":"\"Dynasty\" actress Garber","43a":"___ Canals","44a":"Keats's \"The ___ of St. Agnes\"","45a":"Result of currants marryin'?","50a":"\"West Side Story\" song","51a":"\"Love Story\" composer Francis","52a":"Greenish-blue","55a":"Pods for stews","57a":"Map dot, maybe","61a":"Actor havin' missed his seat?","64a":"Payment for dozens?","65a":"Dweeb","66a":"Purviance of Chaplin films","67a":"Hoard","68a":"Cordoba couple","69a":"Ooze","1d":"Our Gang's Fat Joe","2d":"\"Peek-___\"","3d":"Some are spare","4d":"Blunt turndown","5d":"Barley beard","6d":"KO callers","7d":"Extend","8d":"Balloon sound","9d":"Encroached","10d":"TV journalist Marvin","11d":"\"Psst\" alternative","12d":"Smart talk","15d":"Refrain syllables","18d":"Cross inscription","19d":"With: Fr.","24d":"Pulitzer dramatist of 1953","26d":"Yorkshire river","27d":"Former life","28d":"Put into words","29d":"Biota part","30d":"One of a pair at Henley","31d":"Provoke","32d":"Actor Christopher","36d":"P.M. before Macmillan","38d":"Humans and monkeys","39d":"City on the Arno","40d":"Play-___ (kids' art medium)","41d":"Churn","43d":"Wolfed (down)","46d":"Nutritional necessity","47d":"Canon rival","48d":"Nonclerical","49d":"Set on the table","52d":"Puts on","53d":"Surrender","54d":"Plebe's. place: Abbr.","56d":"___-American","58d":"Load cargo","59d":"Strauss's \"___ Nacht in Venedig\"","60d":"Golfing snag","62d":"Ending with oaf","63d":"PBS no-no"},"answers":{"1a":"CARR","5a":"ARP","8a":"PIKAS","13a":"OBIE","14a":"WERT","16a":"OMAHA","17a":"BOBBINFORAPPLES","20a":"BOSUN","21a":"SLAV","22a":"IBMS","23a":"FRI","25a":"OLEAN","27a":"PUFFINONACIGAR","33a":"ATL","34a":"GAG","35a":"RENEE","37a":"STOPPER","40a":"DREDGED","42a":"TERRI","43a":"SOO","44a":"EVE","45a":"RAISINCHILDREN","50a":"MARIA","51a":"LAI","52a":"AQUA","55a":"OKRA","57a":"ISLET","61a":"DUSTINOFFACHAIR","64a":"DIMES","65a":"NERD","66a":"EDNA","67a":"STASH","68a":"DOS","69a":"SEEP","1d":"COBB","2d":"ABOO","3d":"RIBS","4d":"REBUFF","5d":"AWN","6d":"REFS","7d":"PROLONG","8d":"POP","9d":"IMPINGED","10d":"KALB","11d":"AHEM","12d":"SASS","15d":"TRALA","18d":"INRI","19d":"AVEC","24d":"INGE","26d":"AIRE","27d":"PAST","28d":"UTTER","29d":"FLORA","30d":"OAR","31d":"ANGER","32d":"REEVE","36d":"EDEN","38d":"PRIMATES","39d":"PISA","40d":"DOH","41d":"ROIL","43d":"SCARFED","46d":"IRON","47d":"NIKON","48d":"LAIC","49d":"DISHES","52d":"ADDS","53d":"QUIT","54d":"USMA","56d":"AFRO","58d":"LADE","59d":"EINE","60d":"TRAP","62d":"ISH","63d":"ADS"}}