{"numbers":[["1","2","3","4","-","5","6","7","8","9","-","10","11","12","13"],["14","","","","-","15","","","","","-","16","","",""],["17","","","","18","","","","","","19","","","",""],["-","20","","","","","","","-","21","","","","",""],["-","-","-","-","22","","","-","23","","","","","","-"],["24","25","26","27","","","-","28","","","","-","-","-","-"],["29","","","","","-","30","","","","-","31","32","33","34"],["35","","","","","36","","","","","37","","","",""],["38","","","","-","39","","","","-","40","","","",""],["-","-","-","-","41","","","","-","42","","","","",""],["-","43","44","45","","","","-","46","","","-","-","-","-"],["47","","","","","","-","48","","","","49","50","51","-"],["52","","","","","","53","","","","","","","","54"],["55","","","","-","56","","","","","-","57","","",""],["58","","","","-","59","","","","","-","60","","",""]],"clues":{"1a":"Access way","5a":"Golden oldie?","10a":"Sala site","14a":"H2O","15a":"D-day beach","16a":"Rack's partner","17a":"Start of a breakfast order","20a":"Human culture phase","21a":"Laurel tree nymph","22a":"Draw","23a":"Meadow flowers","24a":"London or Manchester, e.g.","28a":"Lamebrain","29a":"Wedding necessity","30a":"Farm vehicle","31a":"Goddess pictured with an open papyrus","35a":"Continuation of 17-Across","38a":"In addition","39a":"First name of mysteries","40a":"Dome-top openings","41a":"Peron et al.","42a":"Tropical winds","43a":"Wall Street's ___ Burnham Lambert","46a":"Hosp. machine","47a":"Salts","48a":"Former British coins","52a":"End of 17-Across","55a":"Two before X","56a":"Sister of 31-Across","57a":"Old dog in a Stephen Foster song","58a":"Actor Jannings","59a":"Ignited a snuffed wick","60a":"Exclusive","1d":"Indian rule","2d":"Here, en espanol","3d":"\"The Ghost and Mrs. ___\"","4d":"Spanish guitarist ___ De Lucia","5d":"Angora yield","6d":"Appearance","7d":"Baronet's wife","8d":"\"I knew it!\"","9d":"Youngsters' diamonds","10d":"___ suzette","11d":"Zero","12d":"Inks","13d":"Handle: Fr.","18d":"Put in a vault","19d":"Paint poorly","23d":"Transported","24d":"Turkish V.I.P.","25d":"Russia's ___ Mountains","26d":"Word with ring or coin","27d":"Belly laugh","28d":"Scolds, with \"out\"","30d":"Lobster roe","31d":"Imogene of \"Your Show of Shows\"","32d":"Extol","33d":"Michigan's ___ Royale","34d":"Inventor Elisha","36d":"T-man","37d":"Former Ford","41d":"Corporate chief","42d":"Warp-knit fabric","43d":"Levi Strauss stock","44d":"Arms of a sort","45d":"Instant correspondence","46d":"Civvies","47d":"Banker's byword","48d":"Caged puck","49d":"Newts","50d":"Bygone hair style","51d":"Gummed flap","53d":"Prefix with date or dawn","54d":"Hurricane's center"},"answers":{"1a":"RAMP","5a":"MIDAS","10a":"CASA","14a":"AQUA","15a":"OMAHA","16a":"RUIN","17a":"JUICEHAMANDEGGS","20a":"IRONAGE","21a":"DAPHNE","22a":"TIE","23a":"BLUETS","24a":"AUTHOR","28a":"BOOB","29a":"GROOM","30a":"CART","31a":"CLIO","35a":"HASHBROWNSTOAST","38a":"ALSO","39a":"ERLE","40a":"OCULI","41a":"EVAS","42a":"TRADES","43a":"DREXEL","46a":"MRI","47a":"SEAMEN","48a":"GUINEAS","52a":"ANDACUPOFCOFFEE","55a":"VIII","56a":"ERATO","57a":"TRAY","58a":"EMIL","59a":"RELIT","60a":"SOLE","1d":"RAJ","2d":"AQUI","3d":"MUIR","4d":"PACO","5d":"MOHAIR","6d":"IMAGE","7d":"DAME","8d":"AHA","9d":"SANDLOTS","10d":"CREPE","11d":"AUGHT","12d":"SIGNS","13d":"ANSE","18d":"ENTOMB","19d":"DAUB","23d":"BORNE","24d":"AGHA","25d":"URAL","26d":"TOSS","27d":"HOHO","28d":"BAWLS","30d":"CORAL","31d":"COCA","32d":"LAUD","33d":"ISLE","34d":"OTIS","36d":"REVENUER","37d":"TORINO","41d":"EXEC","42d":"TRICOT","43d":"DENIM","44d":"RADII","45d":"EMAIL","46d":"MUFTI","47d":"SAVE","48d":"GOAL","49d":"EFTS","50d":"AFRO","51d":"SEAL","53d":"PRE","54d":"EYE"}}