{"numbers":[["1","2","3","4","5","6","7","8","9","10","-","11","12","13","14"],["15","","","","","","","","","","-","16","","",""],["17","","","","","","","","","","-","18","","",""],["19","","","","","-","-","20","","","-","21","","",""],["-","-","-","-","22","23","24","","","-","25","","","",""],["26","27","28","29","","","","-","30","31","","-","32","",""],["33","","","","","","","34","-","35","","36","","",""],["37","","","","-","38","","","39","","-","40","","",""],["41","","","","42","","-","43","","","44","","","",""],["45","","","-","46","","47","-","48","","","","","",""],["49","","","50","","-","51","52","","","","-","-","-","-"],["53","","","","-","54","","","-","-","55","56","57","58","59"],["60","","","","-","61","","","62","63","","","","",""],["64","","","","-","65","","","","","","","","",""],["66","","","","-","67","","","","","","","","",""]],"clues":{"1a":"\"Even Cowgirls Get the Blues\" star","11a":"\"Star Wars\" sage","15a":"Modern-day 20-Across","16a":"Common first floor apt. no.","17a":"Riding around town, maybe","18a":"Former Pistons coach Chuck","19a":"Cartouches","20a":"Radio message","21a":"\"Lord of the Rings\" tree people","22a":"\"Mmmmmm!\"","25a":"Back biters","26a":"1993 Peace Prizewinner","30a":"Word part: Abbr.","32a":"Hank Aaron stat","33a":"Assign too high a rating to","35a":"Best in a race","37a":"Jeans maker Strauss","38a":"Smart","40a":"Mata ___","41a":"Smart Alex?","43a":"Singer from Ottawa","45a":"Hammer's location","46a":"Kind of order","48a":"Walked on","49a":"First name in mysteries","51a":"Queen of the Misty Isles, in the comics","53a":"Drumsticks, basically","54a":"Spot in the mer","55a":"Leonardo's ladies","60a":"Latin lover's word?","61a":"Tabula rasa","64a":"Colorado resort","65a":"Photo retoucher","66a":"Last of the Stuarts","67a":"Get penalized, in some games","1d":"Golden rule word","2d":"Nuclear missile","3d":"Celebes ox","4d":"Apple targeter","5d":"Hip hugger?","6d":"One, to Antoine","7d":"Fernando, por ejemplo","8d":"Humidified","9d":"Miffs","10d":"Darkroom items, for short","11d":"Novelty song","12d":"Out grocery shopping, maybe","13d":"Comic TV actress","14d":"Brindled cat","23d":"Yukon neighbor","24d":"Film director Gus Van ___","25d":"Winter woe","26d":"Kilauea flow","27d":"John Doe","28d":"Start of many resolutions","29d":"Small amount","31d":"Modern breakfast","34d":"Laotian money","36d":"Senator Cochran","39d":"Basketball's Archibald","42d":"Freudian study","44d":"Fills with cargo","47d":"Roman proconsul in a biblical dispute","50d":"Weaver's fiber","52d":"Unwelcome looks","54d":"Suffix with myth or monarch","56d":"To boot","57d":"When doubled, a fish","58d":"Heliolater's deity","59d":"Spanish painter","62d":"Presidential nickname","63d":"Inits. of 1933"},"answers":{"1a":"UMATHURMAN","11a":"YODA","15a":"NINEONEONE","16a":"ONEB","17a":"TROLLEYING","18a":"DALY","19a":"OVALS","20a":"SOS","21a":"ENTS","22a":"TASTY","25a":"FLEAS","26a":"MANDELA","30a":"SYL","32a":"RBI","33a":"OVERRANK","35a":"OUTRUN","37a":"LEVI","38a":"STING","40a":"HARI","41a":"TREBEK","43a":"PAULANKA","45a":"EAR","46a":"GAG","48a":"TRODDEN","49a":"NGAIO","51a":"ALETA","53a":"LEGS","54a":"ILE","55a":"DAMAS","60a":"AMAT","61a":"CLEANSLATE","64a":"VAIL","65a":"AIRBRUSHER","66a":"ANNE","67a":"LOSEAPOINT","1d":"UNTO","2d":"MIRV","3d":"ANOA","4d":"TELL","5d":"HOLSTER","6d":"UNE","7d":"REY","8d":"MOIST","9d":"ANNOYS","10d":"NEGS","11d":"YODEL","12d":"ONANERRAND","13d":"DELTABURKE","14d":"ABYSSINIAN","23d":"ALASKA","24d":"SANT","25d":"FLU","26d":"MOLTENLAVA","27d":"AVERAGEMAN","28d":"NEVERAGAIN","29d":"DRIB","31d":"YOGURT","34d":"KIP","36d":"THAD","39d":"NATE","42d":"EGO","44d":"LOADSUP","47d":"GALLIO","50d":"ISTLE","52d":"LEERS","54d":"ICAL","56d":"ALSO","57d":"MAHI","58d":"ATEN","59d":"SERT","62d":"ABE","63d":"NRA"}}