{"numbers":[["-","1","2","3","-","4","5","6","7","-","-","8","9","10","11"],["12","","","","-","13","","","","-","14","","","",""],["15","","","","16","","","","","17","","","","",""],["18","","","","","","","","","","","","","",""],["-","19","","","","-","-","20","","","-","21","","",""],["-","-","-","22","","23","24","","-","25","26","","-","-","-"],["27","28","29","","-","30","","","31","-","32","","33","34","35"],["36","","","","37","","","","","38","","","","",""],["39","","","","","-","40","","","","-","41","","",""],["-","-","-","42","","43","-","44","","","45","","-","-","-"],["46","47","48","","-","49","50","","-","-","51","","52","53","-"],["54","","","","55","","","","56","57","","","","","58"],["59","","","","","","","","","","","","","",""],["60","","","","","-","61","","","","-","62","","",""],["63","","","","-","-","64","","","","-","65","","","-"]],"clues":{"1a":"Centennial year of old","4a":"Part of a Hawthorne signature","8a":"Food critic Greene","12a":"Rachel's older sister","13a":"Together, in music","14a":"Kind of Belt","15a":"Phrase after \"This is my final offer\"","18a":"Inspired (very much so!)","19a":"___ prof.","20a":"Remote","21a":"Bob Hoskins in \"Hook\"","22a":"Speed","25a":"Columbus sch.","27a":"Pearl Harbor ship of 1941","30a":"Does wrong","32a":"Treat too well","36a":"Begins campaigning","39a":"Eliminate","40a":"Ferris wheel cry","41a":"Coxae","42a":"Limit","44a":"Tidal bore","46a":"\"Hard Road to Glory\" writer","49a":"Like sashimi","51a":"Brute","54a":"Have a hobby","59a":"Be slightly nuts","60a":"New Mexico county","61a":"Bone: Prefix","62a":"Bowl over","63a":"Cheerful","64a":"Peel (off)","65a":"Lao ___","1d":"Half of a comedy team","2d":"Solidifies","3d":"Overacts","4d":"A football conf.","5d":"\"I now bid you a welcome ___\": Artemus Ward","6d":"Relapse, with \"a\"","7d":"Andrew Wyeth's \"The ___ Pictures\"","8d":"Passes on","9d":"Crosswise to a ship","10d":"Establishment","11d":"Underworld river","12d":"Corp. name suffix","14d":"Lieutenant's insignia","16d":"\"I can't believe ___...\"","17d":"Rain in Spain collector","23d":"Intersected","24d":"Ship, in poetry","26d":"Object of 60's protest: Abbr.","27d":"Multipurpose truck","28d":"Bluejacket","29d":"Indication of another name","31d":"Actor John of \"Missing\"","33d":"Caen confirmation","34d":"Puck","35d":"They're groovy","37d":"Where the buoys are","38d":"Med. record","43d":"They get paid","45d":"Mideast weight","46d":"More than disdain","47d":"Former alliance","48d":"Allergic reaction","50d":"Tie","52d":"Is revolting","53d":"Come after","55d":"Principal principle","56d":"Physician's start","57d":"Water bearer?","58d":"Mil. officer"},"answers":{"1a":"MCC","4a":"NATH","8a":"GAEL","12a":"LEAH","13a":"ADUE","14a":"BIBLE","15a":"TAKEITORLEAVEIT","18a":"DREWALONGBREATH","19a":"ASST","20a":"FAR","21a":"SMEE","22a":"TEMPO","25a":"OSU","27a":"UTAH","30a":"ERRS","32a":"SPOIL","36a":"TAKESTOTHESTUMP","39a":"ERASE","40a":"WHEE","41a":"HIPS","42a":"CAP","44a":"EAGRE","46a":"ASHE","49a":"RAW","51a":"OGRE","54a":"BEINTOSOMETHING","59a":"HAVEASCREWLOOSE","60a":"OTERO","61a":"OSTE","62a":"STUN","63a":"ROSY","64a":"TEAR","65a":"TSE","1d":"MEARA","2d":"CAKES","3d":"CHEWSTHESCENERY","4d":"NATL","5d":"ADOO","6d":"TURNFORTHEWORSE","7d":"HELGA","8d":"GIVESUPTHEGHOST","9d":"ABEAM","10d":"ELITE","11d":"LETHE","12d":"LTD","14d":"BAR","16d":"IATE","17d":"EBRO","23d":"MET","24d":"PROW","26d":"SSS","27d":"UTE","28d":"TAR","29d":"AKA","31d":"SHEA","33d":"OUI","34d":"IMP","35d":"LPS","37d":"SEA","38d":"EEG","43d":"PROS","45d":"ROTL","46d":"ABHOR","47d":"SEATO","48d":"HIVES","50d":"ASCOT","52d":"RIOTS","53d":"ENSUE","55d":"TAO","56d":"META","57d":"EWER","58d":"GEN"}}