{"numbers":[["1","2","3","4","5","-","-","6","7","8","9","10","-","11","12","13","14","-","15","16","17","18","19"],["20","","","","","21","-","22","","","","","-","23","","","","-","24","","","",""],["25","","","","","","-","26","","","","","27","","","","","-","28","","","",""],["29","","","","","","30","-","31","","","","","","","-","32","33","","-","34","",""],["35","","","-","-","36","","37","","","","-","38","","","39","-","40","","41","","",""],["42","","","43","-","-","44","","","","","45","-","-","46","","47","","-","48","","",""],["-","49","","","-","50","","","","","-","51","52","53","-","54","","","55","","","",""],["-","-","56","","57","","","","","-","58","","","","59","-","60","","","","","","-"],["61","62","","","","","","","-","63","","","","","","64","-","65","","","-","-","-"],["66","","","","","","","-","67","","","","","-","68","","69","","-","70","71","72","-"],["73","","","","","","-","74","","","-","75","","76","","","","","-","77","","","78"],["79","","","-","-","-","80","","","","81","-","82","","","","","-","-","-","83","",""],["84","","","85","-","86","","","","","","87","-","88","","","-","89","90","91","","",""],["-","92","","","-","93","","","","-","94","","95","","","-","96","","","","","",""],["-","-","-","97","98","","-","99","","100","","","","","-","101","","","","","","",""],["-","102","103","","","","104","-","105","","","","","-","106","","","","","","","-","-"],["107","","","","","","","108","-","109","","","-","110","","","","","-","111","","112","-"],["113","","","","-","114","","","115","-","-","116","117","","","","","-","-","118","","","119"],["120","","","","121","","-","122","","123","124","-","125","","","","","126","-","-","127","",""],["128","","","-","129","","130","-","131","","","132","","","","-","133","","134","135","","",""],["136","","","137","","-","138","139","","","","","","","","140","-","141","","","","",""],["142","","","","","-","143","","","","-","144","","","","","-","145","","","","",""],["146","","","","","-","147","","","","-","148","","","","","-","-","149","","","",""]],"clues":{"1a":"Wetland","6a":"Shawl","11a":"Close down","15a":"Lose it","20a":"Soap plants","22a":"Stave off","23a":"Sported","24a":"\"___ my doubts\"","25a":"Leave the junk","26a":"Jackie Gleason biography","28a":"Kids around","29a":"Old distiller's vessel","31a":"Moviemaker","32a":"Cable channel","34a":"\"___ tu\" (Verdi aria)","35a":"Russian space station","36a":"Warhol genre","38a":"Fall sound","40a":"Think over again","42a":"Takes a loss on, in slang","44a":"Cash in","46a":"___ tie","48a":"Part of B.T.U.","49a":"Hydromassage facility","50a":"Pics","51a":"From ___ Z","54a":"No-goodniks","56a":"May and others","58a":"Injustice","60a":"Cosmetician Arpel","61a":"V.I.P. in magazine publishing","63a":"Lady of Livorno","65a":"Cambodia's Angkor ___","66a":"Hardly flexible","67a":"Dog in astronomy","68a":"Lamb's name","70a":"Tropicana and Minute Maid, e.g.","73a":"Defeats","74a":"Try to open, in a way","75a":"Priggish","77a":"Pro ___","79a":"Foul up","80a":"Look-alike","82a":"Fast","83a":"Goat-man","84a":"Not grades to brag about","86a":"Conjecture","88a":"Bandleader Alvino","89a":"Recently","92a":"Kind of \"fingerprint\"","93a":"City near Sun Valley","94a":"Eminent","96a":"Actor Everett and others","97a":"ASCAP rival","99a":"Passage between buildings","101a":"Now","102a":"Economize","105a":"\"La vita nuova\" writer","106a":"Oily disinfectant","107a":"Prove","109a":"Brazilian port","110a":"Consolidates","111a":"Pouch","113a":"Lustrous black","114a":"Lattice strip","116a":"A wood stain","118a":"Enero-to-diciembre periods","120a":"Kind of mobility","122a":"Shoreline indentation","125a":"Snitched","127a":"Caterina's three","128a":"Olympics participant: Abbr.","129a":"Gasthaus cubes","131a":"Alternative to pj's","133a":"Filled (with)","136a":"Noel ___, 50's Lois Lane","138a":"Best Actor of 1957","141a":"How the villain looked?","142a":"All, in music","143a":"Have a blintz, maybe","144a":"Artist's preparation","145a":"Obtain free","146a":"\"Give it ___!\"","147a":"Responsibility","148a":"Attempt","149a":"Goose genus","1d":"\"___ X\" (1920's play)","2d":"Bloomer and others","3d":"First U.S. poet laureate","4d":"Bridge feat","5d":"Spearmint, e.g.","6d":"___-jongg","7d":"Salad fruit","8d":"A.P., Reuters, etc.","9d":"___ et quarante (card game)","10d":"Fit conclusion?","11d":"Perfect basketball shot","12d":"Body relaxer","13d":"Sch. south of Providence","14d":"Former \"Entertainment Tonight\" co-host","15d":"W.W. II enlistee","16d":"Gloater's cry","17d":"Sounds reasonable","18d":"Dislike","19d":"Stops","21d":"Jump","27d":"Do a handicraft","30d":"Pedimental ornament over a door or window","33d":"Namath milieu","37d":"Role in \"The Robe\"","39d":"Wingdings","41d":"One who keeps work in balance?","43d":"Alternatives to Viceroys","45d":"Edge","47d":"Mauna ___","50d":"Turku people","52d":"It can be inflamed","53d":"Plastic ___ Band","55d":"Gun lobby","57d":"G.P.'s expertise","58d":"Carry the day","59d":"Jealous","61d":"Gossiped","62d":"Showered with love","63d":"Turn down with \"to\"","64d":"Calm","67d":"Popular puzzle","69d":"___-advised","71d":"Garden party decorations","72d":"___ Island ferry","74d":"Joint meetings","76d":"Comedian Irwin","78d":"\"___ of robins in her hair","80d":"Prompt","81d":"Verdi opera","85d":"Hepburn title role, 1954","86d":"Prince Rainier's family name","87d":"Defer (to)","89d":"Dairy section purchases","90d":"Dandies","91d":"Arthur Godfrey regular","95d":"___ kwon do (martial art)","96d":"Protect","98d":"Central","100d":"Hearing aid","101d":"Rainbow fish","102d":"Hitchcock classic","103d":"Emmett Kelly makeup","104d":"School org.","106d":"Napoli nobelwoman","107d":"Hindu philosophy","108d":"Lister's abbr.","110d":"Unadorned","112d":"Procession","115d":"Candid","117d":"Shaw and others","119d":"Farm machine","121d":"Ended the blackout","123d":"Mineral water","124d":"Source of facial embarrassment?","126d":"Country singer Reeves et al.","130d":"Smooth","132d":"Tremendous","134d":"Rap group Salt-N-___","135d":"Clinton aide","137d":"Mil. officers","139d":"Baseball Piniella","140d":"Kind of bean"},"answers":{"1a":"MARSH","6a":"MANTA","11a":"SHUT","15a":"GOMAD","20a":"AMOLES","22a":"AVERT","23a":"WORE","24a":"IHAVE","25a":"DEBARK","26a":"HOWSWEETITIS","28a":"JOKES","29a":"ALEMBIC","31a":"CINEAST","32a":"HBO","34a":"ERI","35a":"MIR","36a":"POPART","38a":"THUD","40a":"REASSESS","42a":"EATS","44a":"REDEEM","46a":"BOLO","48a":"UNIT","49a":"SPA","50a":"FOTOS","51a":"ATO","54a":"SOANDSOS","56a":"ELAINES","58a":"WRONG","60a":"ADRIEN","61a":"JANNWENNER","63a":"SIGNORA","65a":"WAT","66a":"ADAMANT","67a":"CANIS","68a":"ELIA","70a":"OJS","73a":"WORSTS","74a":"PRY","75a":"NICENELLY","77a":"RATA","79a":"ERR","80a":"CLONE","82a":"LOYAL","83a":"PAN","84a":"DEES","86a":"GUESSWORK","88a":"REY","89a":"OFLATE","92a":"DNA","93a":"RENO","94a":"NOTED","96a":"SLOANES","97a":"BMI","99a":"AREAWAY","101a":"THEPRESENT","102a":"SCRIMP","105a":"DANTE","106a":"CREOSOL","107a":"VALIDATE","109a":"RIO","110a":"POOLS","111a":"SAC","113a":"EBON","114a":"LATH","116a":"WALNUT","118a":"ANOS","120a":"DOWNWARD","122a":"COVE","125a":"RATTED","127a":"TRE","128a":"ATH","129a":"EIS","131a":"NIGHTIE","133a":"REPLETE","136a":"NEILL","138a":"ALECGUINNESS","141a":"LEERED","142a":"TUTTI","143a":"NOSH","144a":"GESSO","145a":"SPONGE","146a":"AREST","147a":"DUTY","148a":"ESSAY","149a":"ANSER","1d":"MADAME","2d":"AMELIAS","3d":"ROBERTPENNWARREN","4d":"SLAM","5d":"HERB","6d":"MAH","7d":"AVOCADOS","8d":"NEWSWIRES","9d":"TRENTE","10d":"ATEE","11d":"SWISH","12d":"HOTTUB","13d":"URI","14d":"TESH","15d":"GIJOE","16d":"OHO","17d":"MAKESSENSE","18d":"AVERSION","19d":"DESISTS","21d":"SKIP","27d":"TAT","30d":"CORONET","33d":"BROADWAY","37d":"PETER","39d":"DOS","41d":"AUDITOR","43d":"SALEMS","45d":"MARGIN","47d":"LOA","50d":"FINNS","52d":"TONSIL","53d":"ONO","55d":"NRA","57d":"ANAT","58d":"WIN","59d":"GREENEYED","61d":"JAWED","62d":"ADORED","63d":"SAYNO","64d":"ALLAY","67d":"CROSSWORD","69d":"ILL","71d":"JAPANESELANTERNS","72d":"STATEN","74d":"PLENA","76d":"COREY","78d":"ANEST","80d":"CUE","81d":"ERNANI","85d":"SABRINA","86d":"GRIMALDI","87d":"KOWTOW","89d":"OLEOS","90d":"FOPS","91d":"LAROSA","95d":"TAE","96d":"SHELTER","98d":"MID","100d":"EAR","101d":"TROUT","102d":"SABOTEUR","103d":"CLOWNWHITE","104d":"PTA","106d":"CONTESSA","107d":"VEDANTA","108d":"ETC","110d":"PLAINNESS","112d":"CORTEGE","115d":"HONEST","117d":"ARTIES","119d":"SEEDER","121d":"RELIT","123d":"VICHY","124d":"EGG","126d":"DELS","130d":"SAND","132d":"HUGE","134d":"PEPA","135d":"LEON","137d":"LTS","139d":"LOU","140d":"SOY"}}