{"numbers":[["-","-","-","-","1","2","3","4","5","-","6","7","8","9","10"],["11","12","13","-","14","","","","","-","15","","","",""],["16","","","17","","","","","","18","","","","",""],["19","","","","-","20","","","-","21","","","","-","-"],["22","","","","-","23","","","-","24","","","","25","26"],["-","-","27","","28","-","29","","30","","-","-","31","",""],["32","33","","","","34","-","35","","","36","-","37","",""],["38","","","-","39","","40","-","41","","","-","42","",""],["43","","","-","44","","","45","-","46","","47","","",""],["48","","","-","-","49","","","50","-","51","","","-","-"],["52","","","53","54","","-","55","","56","-","57","","58","59"],["-","-","60","","","","-","61","","","-","62","","",""],["63","64","","","","","65","","","","66","","","",""],["67","","","","","-","68","","","","","-","69","",""],["70","","","","","-","71","","","","","-","-","-","-"]],"clues":{"1a":"___ throat (winter ailment)","6a":"Duelists' steps","11a":"\"20/20\" network","14a":"Actress Dunne","15a":"Spartan magistrate","16a":"Interminable ride","19a":"Heavy reading","20a":"Mine yield","21a":"Parade stopper","22a":"Zenith","23a":"Each","24a":"Paragraph start","27a":"A.P. competitor","29a":"Where ships run aground","31a":"___ Paulo","32a":"Grand site?","35a":"Speaker's stand","37a":"German article","38a":"\"Sting like a bee\" champion","39a":"Gum ball","41a":"Sony rival","42a":"Bit of butter","43a":"Castaway's call","44a":"Mighty mite","46a":"Portuguese money","48a":"Suffix with correspond","49a":"Client","51a":"Unit of radio frequency: Abbr.","52a":"Zone","55a":"\"Savvy?\"","57a":"Poet Pound","60a":"___ Diamond","61a":"Diamonds, in slang","62a":"Applaud","63a":"Children's game","67a":"Kind of closet","68a":"Taco sauce","69a":"Understand","70a":"Amherst school, for short","71a":"More crafty","1d":"Sis or bro","2d":"Scout unit","3d":"Parent, e.g.","4d":"Went in","5d":"Letterman's Stupid ___ Tricks","6d":"Nut for a nutcracker","7d":"Plant louse","8d":"Intricate problems","9d":"Long time","10d":"Matamoros Mrs.","11d":"Nick and Nora's pooch","12d":"Coalition","13d":"Mao's domain","17d":"Lachrymose","18d":"Aperture","25d":"Spring nymph","26d":"Lone Ranger's pal","28d":"Hawkeye State","30d":"Canal site","32d":"Gardner's stories","33d":"Single","34d":"\"It's ___ way\"","36d":"It's between Alta. and Man.","40d":"John ___ Passos","45d":"The M of \"M.E.\"","47d":"One means of payment","50d":"With bounteousness","53d":"Shades","54d":"Unfolds","56d":"Gaggle members","58d":"Steak order","59d":"Church niche","63d":"Actor Gulager","64d":"Not her","65d":"Road curve","66d":"Mercury or Saturn"},"answers":{"1a":"STREP","6a":"PACES","11a":"ABC","14a":"IRENE","15a":"EPHOR","16a":"SLOWBOATTOCHINA","19a":"TOME","20a":"ORE","21a":"RAIN","22a":"ACME","23a":"PER","24a":"INDENT","27a":"UPI","29a":"REEF","31a":"SAO","32a":"CANYON","35a":"DAIS","37a":"EIN","38a":"ALI","39a":"WAD","41a":"RCA","42a":"PAT","43a":"SOS","44a":"ATOM","46a":"ESCUDO","48a":"ENT","49a":"USER","51a":"KHZ","52a":"SECTOR","55a":"DIG","57a":"EZRA","60a":"HOPE","61a":"ICE","62a":"CLAP","63a":"CHINESECHECKERS","67a":"LINEN","68a":"SALSA","69a":"SEE","70a":"UMASS","71a":"SLYER","1d":"SIB","2d":"TROOP","3d":"REARER","4d":"ENTERED","5d":"PET","6d":"PECAN","7d":"APHID","8d":"CHINESEPUZZLES","9d":"EON","10d":"SRA","11d":"ASTA","12d":"BLOC","13d":"COMMUNISTCHINA","17d":"WEEPY","18d":"ORIFICE","25d":"NAIAD","26d":"TONTO","28d":"IOWA","30d":"EAR","32d":"CASES","33d":"ALONE","34d":"NATURES","36d":"SASK","40d":"DOS","45d":"MEDICAL","47d":"CHECK","50d":"RICHLY","53d":"TONES","54d":"OPENS","56d":"GEESE","58d":"RARE","59d":"APSE","63d":"CLU","64d":"HIM","65d":"ESS","66d":"CAR"}}