{"numbers":[["1","2","3","4","-","5","6","7","8","-","9","10","11","12","13"],["14","","","","-","15","","","","-","16","","","",""],["17","","","","18","","","","","19","","","","",""],["20","","","","","","","","-","21","","","","",""],["-","-","-","-","22","","","-","23","","","","-","-","-"],["24","25","26","27","","","-","28","","","","-","29","30","31"],["32","","","","","-","33","","","","-","34","","",""],["35","","","","","36","","","","","37","","","",""],["38","","","","-","39","","","","-","40","","","",""],["41","","","-","42","","","","-","43","","","","",""],["-","-","-","44","","","","-","45","","","-","-","-","-"],["46","47","48","","","","-","49","","","","50","51","52","53"],["54","","","","","","55","","","","","","","",""],["56","","","","","-","57","","","","-","58","","",""],["59","","","","","-","60","","","","-","61","","",""]],"clues":{"1a":"Punchline reaction","5a":"Detective with a number one son","9a":"Dramatist Chekhov","14a":"Algerian seaport","15a":"Novelist Jaffe","16a":"\"The Cloister and the Hearth\" author","17a":"He's timely and reliable","20a":"Admits","21a":"Stream animals","22a":"\"The shakes\"","23a":"Troubles","24a":"Writer W.E.B.","28a":"Gielgud and Olivier, e.g.","29a":"Command to Fido","32a":"Woodwinds","33a":"Sicilian smoker","34a":"Bullring figure","35a":"He's friendly and party-loving","38a":"\".... ___ best friend\"","39a":"Prong","40a":"Sam's sweetheart on \"Cheers\"","41a":"Gobbled","42a":"Regarding","43a":"Secured","44a":"___ bien","45a":"Spoil","46a":"Go at","49a":"Window type","54a":"He's versatile and adept","56a":"\"A Message From ___\"","57a":"November word","58a":"Actress Lollobrigida","59a":"Paris subway","60a":"Pulitzer-winning author Herbert","61a":"Road for Caesar","1d":"Popular roadside chain, for short","2d":"\"Pretty Maids All in ___\"","3d":"Nuclear fission discoverer","4d":"Novelist Radcliffe and others","5d":"Horror movie locales","6d":"Says \"to-whoo\"","7d":"___ Domini","8d":"Turner or Cole","9d":"Mountain ridges","10d":"Tree houses","11d":"Record","12d":"Bouquet","13d":"New Jersey five","18d":"Not the modest sort","19d":"Cheer","23d":"Recoil","24d":"Belief","25d":"Ship sinker","26d":"Singer in white buck shoes","27d":"Multivolume dicts.","28d":"Shorthand user","29d":"Energy type","30d":"\"Goodnight\" girl of song","31d":"Trifled","33d":"Gives out","34d":"50-Down, e.g.","36d":"An end in ___","37d":"One of 50-Down","42d":"Light musical piece","43d":"Maven","44d":"Selfish one","45d":"Island near Sicily","46d":"In ___ (stuck)","47d":"Garage event","48d":"Burns, e.g.","49d":"Block","50d":"Christmas travelers?","51d":"Delete, with \"out\"","52d":"Hawaiian goose","53d":"Winter Palace resident","55d":"Actress Gardner"},"answers":{"1a":"HAHA","5a":"CHAN","9a":"ANTON","14a":"ORAN","15a":"RONA","16a":"READE","17a":"JOHNNYONTHESPOT","20a":"OWNSUPTO","21a":"OTTERS","22a":"DTS","23a":"WOES","24a":"DUBOIS","28a":"SIRS","29a":"SIT","32a":"OBOES","33a":"ETNA","34a":"TORO","35a":"GOODTIMECHARLEY","38a":"MANS","39a":"TINE","40a":"DIANE","41a":"ATE","42a":"ASTO","43a":"MOORED","44a":"TRES","45a":"MAR","46a":"ASSAIL","49a":"CASEMENT","54a":"JACKOFALLTRADES","56a":"ALOES","57a":"VOTE","58a":"GINA","59a":"METRO","60a":"AGAR","61a":"ITER","1d":"HOJO","2d":"AROW","3d":"HAHN","4d":"ANNS","5d":"CRYPTS","6d":"HOOTS","7d":"ANNO","8d":"NAT","9d":"ARETES","10d":"NESTS","11d":"TAPE","12d":"ODOR","13d":"NETS","18d":"NUDIST","19d":"HOORAH","23d":"WINCE","24d":"DOGMA","25d":"UBOAT","26d":"BOONE","27d":"OEDS","28d":"STENO","29d":"SOLAR","30d":"IRENE","31d":"TOYED","33d":"EMITS","34d":"TRIO","36d":"ITSELF","37d":"ADORER","42d":"ARIOSO","43d":"MASTER","44d":"TAKER","45d":"MALTA","46d":"AJAM","47d":"SALE","48d":"SCOT","49d":"CLOG","50d":"MAGI","51d":"EDIT","52d":"NENE","53d":"TSAR","55d":"AVA"}}