{"numbers":[["1","2","3","4","-","5","6","7","8","-","9","10","11","12","13"],["14","","","","-","15","","","","-","16","","","",""],["17","","","","-","18","","","","-","19","","","",""],["20","","","","21","","","","-","22","","","","",""],["23","","","","","","-","24","25","","","-","26","",""],["-","-","-","27","","","28","-","29","","","30","","-","-"],["31","32","33","-","34","","","35","","","","","","36","37"],["38","","","39","-","-","40","","","-","-","41","","",""],["42","","","","43","44","","","","45","46","-","47","",""],["-","-","48","","","","","-","49","","","50","-","-","-"],["51","52","","-","53","","","54","-","55","","","56","57","58"],["59","","","60","","","-","61","62","","","","","",""],["63","","","","","-","64","","","","-","65","","",""],["66","","","","","-","67","","","","-","68","","",""],["69","","","","","-","70","","","","-","71","","",""]],"clues":{"1a":"Opposing sides","5a":"Mr. Kadiddlehopper","9a":"___ belli (cause of war)","14a":"Part of a foot","15a":"Prince, in a way","16a":"Ultraviolet ray absorber","17a":"Actress Kedrova","18a":"Drawn carriages","19a":"Magna cum ___","20a":"1991 Sally Field film","22a":"Fred Dryer police drama","23a":"Inputs","24a":"Abound","26a":"\"48___\"","27a":"Uses rollers","29a":"Yiddish crook","31a":"Quantity of groceries","34a":"Declaration of Independence signer John","38a":"Hautboy","40a":"Thole insert","41a":"Alice's Restaurant patron","42a":"City on Great Slave Lake","47a":"London's ___ Gardens","48a":"Transplant patient","49a":"Theatrical lament","51a":"One way to fish","53a":"Annexes","55a":"Baseball bird","59a":"Estuary features","61a":"Quadrennial event","63a":"Verbalize","64a":"Vatican City site","65a":"Wedding finery","66a":"Terra ___","67a":"Dr. Seuss's \"If ___ the Zoo\"","68a":"Writer Wiesel","69a":"Pooh-pooh, with \"at\"","70a":"Automobile pioneer","71a":"Papas","1d":"Quiz response","2d":"Film company","3d":"Acclamation","4d":"Fashions","5d":"Corpus ___","6d":"Floral wear","7d":"V-___","8d":"Wife, with \"the\"","9d":"Newspaper features","10d":"Call from a minaret","11d":"\"Dallas\" ranch","12d":"Secondary to","13d":"Prognosticators","21d":"Took a straw","22d":"Get an earful","25d":"Female adviser","28d":"Supplied with fuel","30d":"Auto-testing grp.","31d":"___ George","32d":"Honest man","33d":"Some tableware","35d":"Solo of \"Star Wars\"","36d":"\"Hurrah!\"","37d":"Equality grp.","39d":"\"Xanadu\" band, for short","43d":"Rampaging","44d":"Unites","45d":"Mr. Ziegfeld","46d":"Carter's middle name","50d":"Crabbed","51d":"Harrow blades","52d":"Composer Bruckner","54d":"Vowed","56d":"City in Florida's horse country","57d":"Of sound mind","58d":"Swords","60d":"Major ending","62d":"Gulf war ally","64d":"Poke fun at"},"answers":{"1a":"FOES","5a":"CLEM","9a":"CASUS","14a":"ARCH","15a":"HEIR","16a":"OZONE","17a":"LILA","18a":"RIGS","19a":"LAUDE","20a":"SOAPDISH","22a":"HUNTER","23a":"ENTERS","24a":"TEEM","26a":"HRS","27a":"SETS","29a":"GANEF","31a":"BAG","34a":"WITHERSPOON","38a":"OBOE","40a":"OAR","41a":"ARLO","42a":"YELLOWKNIFE","47a":"KEW","48a":"DONEE","49a":"ALAS","51a":"DAP","53a":"ADDS","55a":"ORIOLE","59a":"INLETS","61a":"WORLDCUP","63a":"STATE","64a":"ROME","65a":"LACE","66a":"COTTA","67a":"IRAN","68a":"ELIE","69a":"SNEER","70a":"BENZ","71a":"DADS","1d":"FALSE","2d":"ORION","3d":"ECLAT","4d":"SHAPES","5d":"CHRISTI","6d":"LEIS","7d":"EIGHT","8d":"MRS","9d":"COLUMNS","10d":"AZAN","11d":"SOUTHFORK","12d":"UNDER","13d":"SEERS","21d":"DREW","22d":"HEAR","25d":"EGERIA","28d":"STOKED","30d":"EPA","31d":"BOY","32d":"ABE","33d":"GOLDPLATE","35d":"HAN","36d":"OLE","37d":"NOW","39d":"ELO","43d":"ONATEAR","44d":"WEDS","45d":"FLORENZ","46d":"EARL","50d":"SIDLED","51d":"DISCS","52d":"ANTON","54d":"SWORE","56d":"OCALA","57d":"LUCID","58d":"EPEES","60d":"ETTE","62d":"OMAN","64d":"RIB"}}