{"numbers":[["1","2","3","-","4","5","6","7","8","9","-","10","11","12","13","-","14","15","16","17","18","19","-"],["20","","","-","21","","","","","","-","22","","","","-","23","","","","","","24"],["25","","","26","","","","","","","27","","","","","28","","","","","","",""],["29","","","","","","","","-","-","30","","","-","31","","","","-","-","32","",""],["33","","","","","-","-","-","34","35","","","-","36","","","","-","37","38","","",""],["-","39","","","","40","41","42","","","","","43","","","","","44","","","","","-"],["-","-","-","-","45","","","","","","-","-","46","","","-","-","47","","","-","-","-"],["48","49","50","51","-","52","","","","-","53","54","","-","-","55","56","","","","57","58","59"],["60","","","","61","","","","","-","62","","","63","64","","","-","65","","","",""],["66","","","","","-","67","","","68","","","","","","","","69","","","","",""],["70","","","","","71","-","72","","","","","-","73","","","","","-","-","-","-","-"],["74","","","","","","75","-","-","76","","","77","","-","-","78","","79","80","81","82","83"],["-","-","-","-","-","84","","85","86","","-","87","","","88","89","-","90","","","","",""],["91","92","93","94","95","","","","","","96","","","","","","97","-","98","","","",""],["99","","","","","-","100","","","","","","","-","101","","","102","","","","",""],["103","","","","","104","","","-","-","105","","","-","106","","","","-","107","","",""],["-","-","-","108","","","-","-","109","110","","-","-","111","","","","","112","-","-","-","-"],["-","113","114","","","","115","116","","","","117","118","","","","","","","119","120","121","-"],["122","","","","","-","123","","","","-","124","","","","-","-","-","125","","","","126"],["127","","","-","-","128","","","","-","129","","","-","-","130","131","132","","","","",""],["133","","","134","135","","","","","136","","","","137","138","","","","","","","",""],["139","","","","","","","-","140","","","","-","141","","","","","","-","142","",""],["-","143","","","","","","-","144","","","","-","145","","","","","","-","146","",""]],"clues":{"1a":"Lindstrom or Zadora","4a":"Wand waver's word","10a":"Starting","14a":"Gazelle hound","20a":"Du Maurier's \"Jamaica ___\"","21a":"Lean against","22a":"Windsurfers' mecca","23a":"Confidentially","25a":"Part 1 of a quote","29a":"Sharif-Andrews movie \"The ___ Seed\"","30a":"Notices","31a":"M.G.M founder Marcus","32a":"Napkin holder","33a":"Guardian Angels founder Curtis","34a":"Looks pooped","36a":"Summer theater, sometimes","37a":"Nauru export","39a":"Quote, part 2","45a":"Horrified","46a":"Housman's was from Shropshire","47a":"Jawbone source","48a":"Withdraws, with out","52a":"Clanton foe of 1881","53a":"1974 McCartney/Wings hit","55a":"Save","60a":"Author of the quote","62a":"Someone else","65a":"Valiant mate","66a":"Cairo in \"The Maltese Falcon\"","67a":"Quote, part 3","70a":"Know, somehow","72a":"Provider of sound bytes?","73a":"Little wise one","74a":"Supercilium","76a":"Hot time in Chile","78a":"Engage in vote-swapping","84a":"Where to take a load off","87a":"Totaled","90a":"Sartre novel","91a":"Quote, part 4","98a":"Lost City of the ___","99a":"Ypsilanti's river","100a":"Albertville abodes","101a":"Quote, part 5","103a":"Catch","105a":"Auto racer ___ Fabi","106a":"Opulence","107a":"Electronic monitors, for short","108a":"A little butter","109a":"Carl Icahn company","111a":"Buck","113a":"Quote, part 6","122a":"Prop (up)","123a":"Start of a child's rhyme","124a":"Toll rds.","125a":"It means \"high woods\"","127a":"Single layer","128a":"Fourth-down option","129a":"Whodunit writer Grafton","130a":"Criticize vigorously","133a":"End of the quote","139a":"Steroid, for instance","140a":"Ballet bend","141a":"Plumbiferous","142a":"Selected at random","143a":"Columbus, e.g.","144a":"Attacks a sub?","145a":"Camisole size","146a":"Govt. code grp.","1d":"\"The Gale Storm Show\" co-star","2d":"Bisected","3d":"Iron deficiency problem","4d":"By share","5d":"Do-fa filler","6d":"Cable staple","7d":"Draw alternative","8d":"Sandbox set member","9d":"Last word \"A Christmas Carol\"","10d":"In the thick of","11d":"Guff","12d":"Paris accord","13d":"Where Sibelius made his markkaa","14d":"1994 Elle Macpherson film","15d":"De novo","16d":"Cornwall co.","17d":"Lake of Lucerne canton","18d":"Genghis' grandson","19d":"Gas-pump platform","24d":"Tit for tat, perhaps","26d":"Ravens' ravin's?","27d":"Madras music","28d":"Classic '30s auto","34d":"Hang","35d":"Cunning","36d":"Pastoral plaint","37d":"Austrian painter Klimt","38d":"College in East Orange, N.J.","40d":"\"The Morning Watch\" author","41d":"Bewitch","42d":"Carson's swami","43d":"\"Rocket Man\" John","44d":"World chess champ, 1960-61","48d":"Burr Tillstrom puppet","49d":"Hoosier state flower","50d":"Eggy cake","51d":"Hit the dirt?","53d":"Husband of Medea","54d":"Count","55d":"Unload, so to speak","56d":"Sylvia Plath title","57d":"Flycatcher?","58d":"N.F.L city: Abbr.","59d":"\"Whoopee!\"","61d":"Charles, to Elizabeth","63d":"Oilman ___ Pickens","64d":"Fell","68d":"Easily angered","69d":"Henry VI founded it","71d":"Shute's \"A ___ Like Alice\"","75d":"Slap hard","77d":"___ Rizzo of \"Midnight Cowboy\"","79d":"Writer Godwin","80d":"Like the futhark alphabet","81d":"Peace Nobelist ___ Arias Sanchez","82d":"Inclined","83d":"Doesn't wear out","85d":"Long","86d":"Elvis' record label","88d":"Moses' burden","89d":"Torrent","91d":"\"___ nuff!\"","92d":"1964 Murray Schisgal play","93d":"Get a lode of this","94d":"Sterile bee","95d":"After a while","96d":"Price twice","97d":"Popular Civil War song","102d":"In case","104d":"Miss Clare of \"Bleak House\"","109d":"Old photo","110d":"Technique","111d":"Washington's ___ Stadium","112d":"Like most highways","113d":"To Sandburg, it comes on little cat feet","114d":"French painter Daumier","115d":"National Cartoonists Society award","116d":"It's put before Descartes","117d":"Chopin's \"Twelve Grand ___\"","118d":"\"Well\"-financed grp.","119d":"Final notice","120d":"Heraclitus, e.g.","121d":"Authors Anya and Ernest","122d":"Persian pooh-bah","126d":"Raskolnikov's love in \"Crime and Punishment\"","128d":"Baseball's Alejandro","129d":"Huff","130d":"Hightail it","131d":"Autobahn auto","132d":"\"___ a song...\"","134d":"D.D.E's Veep","135d":"Bill's companion","136d":"1941 Pulitzer winner Winslow","137d":"The Eiger, e.g","138d":"\"To Kill a Mockingbird\" author"},"answers":{"1a":"PIA","4a":"PRESTO","10a":"ASOF","14a":"SALUKI","20a":"INN","21a":"RESTON","22a":"MAUI","23a":"INTRUST","25a":"THECOMPUTERISINCREDIBLY","29a":"TAMARIND","30a":"ADS","31a":"LOEW","32a":"LAP","33a":"SLIWA","34a":"SAGS","36a":"BARN","37a":"GUANO","39a":"FASTACCURATEANDSTUPID","45a":"AGHAST","46a":"LAD","47a":"ASS","48a":"OPTS","52a":"EARP","53a":"JET","55a":"SALTAWAY","60a":"LEOCHERNE","62a":"ANOTHER","65a":"ALETA","66a":"LORRE","67a":"MANISUNBELIEVABLY","70a":"INTUIT","72a":"CDROM","73a":"OWLET","74a":"EYEBROW","76a":"ENERO","78a":"LOGROLL","84a":"WHARF","87a":"RANTO","90a":"NAUSEA","91a":"SLOWINACCURATEAND","98a":"INCAS","99a":"HURON","100a":"CHALETS","101a":"BRILLIANT","103a":"OVERTAKE","105a":"TEO","106a":"LUXE","107a":"CRTS","108a":"KID","109a":"TWA","111a":"RESIST","113a":"THEMARRIAGEOFTHETWOIS","122a":"SHORE","123a":"EENY","124a":"TPKS","125a":"OBOES","127a":"HEN","128a":"PUNT","129a":"SUE","130a":"SAILINTO","133a":"AFORCEBEYONDCALCULATION","139a":"HORMONE","140a":"PLIE","141a":"LEADEN","142a":"ANY","143a":"GENOAN","144a":"EATS","145a":"PETITE","146a":"NSA","1d":"PITTS","2d":"INHALF","3d":"ANEMIA","4d":"PRORATA","5d":"REMI","6d":"ESPN","7d":"STUD","8d":"TOT","9d":"ONE","10d":"AMIDST","11d":"SASS","12d":"OUI","13d":"FINLAND","14d":"SIRENS","15d":"ANEW","16d":"LTD","17d":"URI","18d":"KUBLAI","19d":"ISLAND","24d":"TYPO","26d":"CAWS","27d":"RAGA","28d":"CORD","34d":"SUSPEND","35d":"ART","36d":"BAA","37d":"GUSTAV","38d":"UPSALA","40d":"AGEE","41d":"CHARM","42d":"CARNAC","43d":"ELTON","44d":"TAL","48d":"OLLIE","49d":"PEONY","50d":"TORTE","51d":"SCRUB","53d":"JASON","54d":"ENUMERATE","55d":"SELL","56d":"ARIEL","57d":"WEB","58d":"ATL","59d":"YAY","61d":"HEIR","63d":"TBOONE","64d":"HEW","68d":"IREFUL","69d":"ETON","71d":"TOWN","75d":"WHACK","77d":"RATSO","79d":"GAIL","80d":"RUNIC","81d":"OSCAR","82d":"LEANT","83d":"LASTS","85d":"ACHE","86d":"RCA","88d":"TABLETS","89d":"ONRUSH","91d":"SHO","92d":"LUV","93d":"ORE","94d":"WORKER","95d":"INTIME","96d":"RETAG","97d":"DIXIE","102d":"LEST","104d":"ADA","109d":"TINTYPE","110d":"WAY","111d":"RFK","112d":"TWOLANE","113d":"THEFOG","114d":"HONORE","115d":"REUBEN","116d":"RENE","117d":"ETUDES","118d":"OPEC","119d":"OBIT","120d":"IONIAN","121d":"SETONS","122d":"SHAH","126d":"SONYA","128d":"PENA","129d":"SNIT","130d":"SCAT","131d":"AUDI","132d":"ILET","134d":"RMN","135d":"COO","136d":"OLA","137d":"ALP","138d":"LEE"}}