{"numbers":[["1","2","3","4","5","6","7","8","-","9","10","11","12","-","-"],["13","","","","","","","","-","14","","","","15","-"],["16","","","","","","","","-","17","","","","","18"],["19","","","","-","20","","","-","21","","","","",""],["22","","","-","23","","","","24","-","25","","","",""],["26","","","27","","","-","28","","29","-","-","30","",""],["-","-","-","31","","","32","","","","-","33","","",""],["34","35","36","","","","","-","37","","38","","","",""],["39","","","","-","40","","41","","","","","-","-","-"],["42","","","-","-","43","","","-","44","","","45","46","47"],["48","","","49","50","-","51","","52","","","-","53","",""],["54","","","","","55","-","56","","","-","57","","",""],["58","","","","","","-","59","","","60","","","",""],["-","61","","","","","-","62","","","","","","",""],["-","-","63","","","","-","64","","","","","","",""]],"clues":{"1a":"Lotto lures","9a":"Warehouse: Abbr.","13a":"Djibouti neighbor","14a":"Took it easy","16a":"Cut-and-dried","17a":"Antiphon, for one","19a":"Walrus feature","20a":"Logical abbr.","21a":"Provoke","22a":"Compass heading","23a":"\"The Age of Anxiety\" poet","25a":"Economize","26a":"Smooth again, as soil","28a":"Abba hit song, 1975","30a":"Inverness negative","31a":"Lively","33a":"Bristle","34a":"Treatment plan","37a":"Sisterly","39a":"Make","40a":"Precipitated, in a way","42a":"Actress Joanne","43a":"Scandinavian flier","44a":"Hired supporters at a performance","48a":"Hired workers","51a":"Restless","53a":"Young ___ (tots, in dialect)","54a":"Tentacled mollusks","56a":"Informant","57a":"Switch's partner","58a":"Lawyerdom","59a":"Menu heading","61a":"Author Jong","62a":"One who's on the way out","63a":"Observed","64a":"Lookouts, e.g.","1d":"Court employee","2d":"Bring into harmony","3d":"Beer, sometimes","4d":"Twist","5d":"Seed vessel","6d":"Unintelligibility","7d":"Hackneyed","8d":"Most downcast","9d":"Blackthorn","10d":"Small mountain pools","11d":"Rock's ___ Mountain Daredevils","12d":"Dental device","15d":"Church beliefs","18d":"Abrogate","23d":"Actor ___ Tamiroff","24d":"Clamor","27d":"Related","29d":"Office need","32d":"Chou ___","33d":"Word with cream or ice cream","34d":"Passionate","35d":"Otologist's case","36d":"Weight lifters, at times","38d":"Count (on)","41d":"TV actor Erik","45d":"Book size, in printing","46d":"Minister, at weddings","47d":"Lauder et al.","49d":"Maynard's \"good buddy\" of 60's TV","50d":"Room","52d":"Godwin's \"The Adventures of ___ Williams\"","55d":"Zagros Mountains site","57d":"One of the Simpsons","60d":"Hospital bed"},"answers":{"1a":"JACKPOTS","9a":"STOR","13a":"ETHIOPIA","14a":"LAZED","16a":"STANDARD","17a":"ORATOR","19a":"TUSK","20a":"QED","21a":"ENRAGE","22a":"ENE","23a":"AUDEN","25a":"SKIMP","26a":"RERAKE","28a":"SOS","30a":"NAE","31a":"KINETIC","33a":"SETA","34a":"REGIMEN","37a":"SORORAL","39a":"EARN","40a":"SLEETED","42a":"DRU","43a":"SAS","44a":"CLAQUE","48a":"HANDS","51a":"ITCHY","53a":"UNS","54a":"OCTOPI","56a":"RAT","57a":"BAIT","58a":"THEBAR","59a":"ALACARTE","61a":"ERICA","62a":"DEPORTEE","63a":"SEEN","64a":"ABETTORS","1d":"JESTER","2d":"ATTUNE","3d":"CHASER","4d":"KINK","5d":"POD","6d":"OPAQUENESS","7d":"TIRED","8d":"SADDEST","9d":"SLOE","10d":"TARNS","11d":"OZARK","12d":"RETAINER","15d":"DOGMATA","18d":"REPEAL","23d":"AKIM","24d":"NOISE","27d":"AKIN","29d":"SCOTCHTAPE","32d":"ENLAI","33d":"SODA","34d":"REDHOT","35d":"EARACHE","36d":"GRUNTERS","38d":"RELY","41d":"ESTRADA","45d":"QUARTO","46d":"UNITER","47d":"ESTEES","49d":"DOBIE","50d":"SPACE","52d":"CALEB","55d":"IRAN","57d":"BART","60d":"COT"}}