{"numbers":[["1","2","3","4","5","6","-","-","7","8","9","10","11","12","-"],["13","","","","","","14","-","15","","","","","","16"],["17","","","","","","","-","18","","","","","",""],["19","","","","","-","20","21","","-","22","","","",""],["23","","","","-","24","","","","25","-","26","","",""],["27","","","-","28","","","","","","29","-","30","",""],["31","","","32","","","","-","33","","","34","","",""],["-","-","-","35","","","-","-","-","36","","","-","-","-"],["37","38","39","","","","40","-","41","","","","42","43","44"],["45","","","-","46","","","47","","","","-","48","",""],["49","","","50","-","51","","","","","-","52","","",""],["53","","","","54","-","55","","","-","56","","","",""],["57","","","","","58","","-","59","60","","","","",""],["61","","","","","","","-","62","","","","","",""],["-","63","","","","","","-","-","64","","","","",""]],"clues":{"1a":"Friendly spirit","7a":"Promising places","13a":"Panicky","15a":"China cabinet display","17a":"Montmartre painter","18a":"Dunderhead","19a":"Not crisp","20a":"Game without losers","22a":"Greene of \"Bonanza\"","23a":"On one's ___","24a":"Chesterfields","26a":"Latvia's capital","27a":"Traveler's rest","28a":"Headed a committee","30a":"Turner of channels","31a":"Single-masted vessel","33a":"Window ornamentation","35a":"Northern seabird","36a":"Actress Farrow","37a":"Fracases","41a":"Fort Knox holding","45a":"Not just any","46a":"Ear pleaser","48a":"One abroad","49a":"Hip-hop songs","51a":"Basketball defense","52a":"Taunts","53a":"Acrylic fiber","55a":"W.W. II battle site, for short","56a":"Unwelcome reflection","57a":"Kudos","59a":"Handout","61a":"Feeling","62a":"Danced last in Paris?","63a":"Dracula killers","64a":"Council chiefs","1d":"That's a lye!","2d":"Pennsylvania city","3d":"\"Madame X\" painter","4d":"Bluenoses","5d":"Dickens's Little ___","6d":"Electrical unit","7d":"Fundamentally","8d":"Actress Thompson","9d":"Dark and handsome companion","10d":"Regarding","11d":"New draft","12d":"Shoulder-launched missile","14d":"Perform punctiliously","16d":"High school sweetheart","21d":"The Beatles' \"___ Fell\"","24d":"Radical reorganization","25d":"Parental talks","28d":"Two-door","29d":"Many a newspaper","32d":"Call for a shepherd","34d":"Blackguard","37d":"Barbers' needs","38d":"\"Georgia on My Mind\" singer","39d":"Change the flora","40d":"Lemon-lime drinks","41d":"Become lax","42d":"Bete noire","43d":"More sore","44d":"Sows anew","47d":"Go chop-chop?","50d":"Master of marches","52d":"Nostalgic poem","54d":"Sask. neighbor","56d":"Actress Rowlands","58d":"Follower's tail","60d":"Butt"},"answers":{"1a":"CASPER","7a":"ALTARS","13a":"ALARMED","15a":"TEASETS","17a":"UTRILLO","18a":"HALFWIT","19a":"SOGGY","20a":"TIE","22a":"LORNE","23a":"TOES","24a":"SOFAS","26a":"RIGA","27a":"INN","28a":"CHAIRED","30a":"TED","31a":"CATBOAT","33a":"TRACERY","35a":"AUK","36a":"MIA","37a":"SCRAPES","41a":"GOLDBAR","45a":"THE","46a":"EUPHONY","48a":"UNE","49a":"RAPS","51a":"PRESS","52a":"EGGS","53a":"ORLON","55a":"IWO","56a":"GLARE","57a":"PLAUDIT","59a":"FREEBIE","61a":"SENSATE","62a":"TANGOED","63a":"STAKES","64a":"MAYORS","1d":"CAUSTIC","2d":"ALTOONA","3d":"SARGENT","4d":"PRIGS","5d":"EMLY","6d":"REL","7d":"ATHEART","8d":"LEA","9d":"TALL","10d":"ASFOR","11d":"REWRITE","12d":"STINGER","14d":"DOTOAT","16d":"STEADY","21d":"IFI","24d":"SHAKEUP","25d":"SERMONS","28d":"COUPE","29d":"DAILY","32d":"BAA","34d":"CAD","37d":"STROPS","38d":"CHARLES","39d":"REPLANT","40d":"SPRITES","41d":"GOSOFT","42d":"BUGABOO","43d":"ANGRIER","44d":"RESEEDS","47d":"HEW","50d":"SOUSA","52d":"ELEGY","54d":"NDAK","56d":"GENA","58d":"ITE","60d":"RAM"}}