{"numbers":[["1","2","3","4","-","5","6","7","8","-","9","10","11","12","13"],["14","","","","-","15","","","","-","16","","","",""],["17","","","","-","18","","","","-","19","","","",""],["20","","","","21","","","","","22","","","","",""],["-","-","-","23","","","","-","24","","","","-","-","-"],["25","26","27","","","","-","28","","","-","29","30","31","32"],["33","","","","","-","34","","","","-","35","","",""],["36","","","-","-","37","","","","","-","-","38","",""],["39","","","40","-","41","","","","-","42","43","","",""],["44","","","","-","45","","","-","46","","","","",""],["-","-","-","47","48","","","-","49","","","","-","-","-"],["50","51","52","","","","","53","","","","","54","55","56"],["57","","","","","-","58","","","","-","59","","",""],["60","","","","","-","61","","","","-","62","","",""],["63","","","","","-","64","","","","-","65","","",""]],"clues":{"1a":"Sobbed","5a":"Dangerous March date","9a":"First-class, in slang","14a":"Lotion ingredient","15a":"Kind of tide","16a":"Boisterous festivity","17a":"Bottle tops","18a":"___ Rivera, Calif.","19a":"Warner ___ (Charlie Chan of film)","20a":"1943 musical composed by 37-Across","23a":"Poker opener","24a":"\"High\" time","25a":"Parts of table settings","28a":"Source of some PBS programs","29a":"Six-foot two, for example","33a":"Prying tool","34a":"Mother of Hermes","35a":"\"Get outta here!\"","36a":"Numero ___","37a":"Composer Kurt","38a":"Popular oil additive","39a":"Gabby bird","41a":"___ of Fame","42a":"Grudge","44a":"Bridge option","45a":"Light switch positions","46a":"Loewe's partner on Broadway","47a":"Trudge","49a":"Othello's ancient","50a":"1928 work composed by 37-Across with \"The\"","57a":"Ache (for)","58a":"Moses' attire","59a":"One corner in Monopoly","60a":"Coke rival","61a":"Hardly ___ (rarely)","62a":"Sicilian spewer","63a":"Vaudeville's Ole","64a":"June honorees","65a":"Sounds of reproof","1d":"Texas city","2d":"Dash","3d":"John Paul, e.g.","4d":"Having a valid will","5d":"Feeds the computer","6d":"Clear the winter windshield","7d":"Apiece","8d":"One may be roseate","9d":"Utah city","10d":"Caves in","11d":"___ the Terrible","12d":"Diner's card","13d":"Early auto maker","21d":"It's unique","22d":"Kind of point","25d":"Well-padded","26d":"See 31-Down","27d":"Three English rivers","28d":"Fights to save a sinking boat","30d":"Bret Harte character","31d":"With 26-Down, wife of 37-Across","32d":"Gentle runner","34d":"Rambled","37d":"Rodeo yell","40d":"Slander","42d":"Utah lily","43d":"Light plane","46d":"Cake features","48d":"Red Square figure","49d":"Not yet risen","50d":"Printer's goof","51d":"Dog command","52d":"Hip songs","53d":"Exploding star","54d":"Gobbles","55d":"Where to do figure eights","56d":"\"Oh, woe!\""},"answers":{"1a":"WEPT","5a":"IDES","9a":"PRIMO","14a":"ALOE","15a":"NEAP","16a":"REVEL","17a":"CAPS","18a":"PICO","19a":"OLAND","20a":"ONETOUCHOFVENUS","23a":"ANTE","24a":"NOON","25a":"PLATES","28a":"BBC","29a":"TALL","33a":"LEVER","34a":"MAIA","35a":"SHOO","36a":"UNO","37a":"WEILL","38a":"STP","39a":"MYNA","41a":"HALL","42a":"SPITE","44a":"PASS","45a":"ONS","46a":"LERNER","47a":"PLOD","49a":"IAGO","50a":"THREEPENNYOPERA","57a":"YEARN","58a":"ROBE","59a":"JAIL","60a":"PEPSI","61a":"EVER","62a":"ETNA","63a":"OLSEN","64a":"DADS","65a":"TSKS","1d":"WACO","2d":"ELAN","3d":"POPE","4d":"TESTATE","5d":"INPUTS","6d":"DEICE","7d":"EACH","8d":"SPOONBILL","9d":"PROVO","10d":"RELENTS","11d":"IVAN","12d":"MENU","13d":"OLDS","21d":"ONER","22d":"FOCAL","25d":"PLUMP","26d":"LENYA","27d":"AVONS","28d":"BAILS","30d":"AHSIN","31d":"LOTTE","32d":"LOPER","34d":"MEANDERED","37d":"WHOOP","40d":"ASPERSE","42d":"SEGO","43d":"PROPJET","46d":"LAYERS","48d":"LENIN","49d":"INBED","50d":"TYPO","51d":"HEEL","52d":"RAPS","53d":"NOVA","54d":"EATS","55d":"RINK","56d":"ALAS"}}