{"numbers":[["-","1","2","3","4","5","6","-","-","-","7","8","9","10","11"],["12","","","","","","","-","-","13","","","","",""],["14","","","","","","","-","15","","","","","",""],["16","","","","","-","-","-","17","","","","","",""],["18","","","","","19","20","21","","","","","","-","-"],["22","","","","-","23","","","-","24","","","-","-","-"],["25","","","-","26","","","","27","-","28","","29","30","31"],["32","","","-","33","","","","","34","","-","35","",""],["36","","","37","","-","38","","","","","-","39","",""],["-","-","-","40","","41","-","42","","","-","43","","",""],["-","-","44","","","","45","","","","46","","","",""],["47","48","","","","","","-","-","-","49","","","",""],["50","","","","","","","-","51","52","","","","",""],["53","","","","","","-","-","54","","","","","",""],["55","","","","","-","-","-","56","","","","","","-"]],"clues":{"1a":"Conned","7a":"Toyota model","12a":"It's after Letterman, for many","13a":"Toulouse-Lautrec and others","14a":"Etched","15a":"Proud one","16a":"Drudge","17a":"Does the voice-over, perhaps","18a":"Star of the \"Herbie\" movies","22a":"Wedding vows","23a":"R.N.'s posting","24a":"Sun ___-sen","25a":"Slough","26a":"Stick","28a":"Pit","32a":"Prized feather source","33a":"Popular women's monthly","35a":"Artist's prefix","36a":"Not well-kept","38a":"Soaks up","39a":"Year in the reign of Justinian I","40a":"One of the Cyclades","42a":"Yellow in a way","43a":"Mark: Lat.","44a":"Modern-day worry","47a":"Kudos","49a":"Tombstone brothers","50a":"Inconsistent","51a":"Sheet material","53a":"Destiny","54a":"Some coats","55a":"Impale","56a":"Opposed to, poetically","1d":"Twins' arena","2d":"Political zealot","3d":"Is \"ripe\"","4d":"Dialogue","5d":"E.R. employee","6d":"___ volente","7d":"Oft-adjusted items on planes","8d":"Boorish","9d":"Spur","10d":"\"We, the People\" playwright","11d":"Impetrates, with \"for\"","12d":"Slangy cause of unease","13d":"___ Penny","15d":"Crusty one","19d":"Beguile","20d":"Stomach ___","21d":"PT 109, e.g.","26d":"Device for measuring extreme cold","27d":"Pig out","29d":"64,000 Europeans","30d":"Rare delivery?","31d":"Sugar byproduct","34d":"\"From Here to Eternity\" actor Philip","37d":"Miniature re-creation","41d":"Schism","43d":"Fresh-meat provision","44d":"Hex","45d":"O.J.'S alma mater","46d":"Worm: Prefix","47d":"Albanian coins","48d":"Doesn't give ___","51d":"Identify","52d":"Big Band, e.g."},"answers":{"1a":"MISLED","7a":"SUPRA","12a":"BEDTIME","13a":"HENRIS","14a":"ATEINTO","15a":"PEACOCK","16a":"DRONE","17a":"INTONES","18a":"VOLKSWAGENBUG","22a":"IDOS","23a":"ICU","24a":"YAT","25a":"BOG","26a":"CLING","28a":"CHASM","32a":"EMU","33a":"REDBOOK","35a":"NEO","36a":"SEEDY","38a":"SORBS","39a":"DXL","40a":"IOS","42a":"AGE","43a":"NOTA","44a":"COMPUTERVIRUS","47a":"LAURELS","49a":"EARPS","50a":"ERRATIC","51a":"PERCALE","53a":"KISMET","54a":"ERMINES","55a":"SPEAR","56a":"GAINST","1d":"METRODOME","2d":"IDEOLOGUE","3d":"STINKS","4d":"LINES","5d":"EMT","6d":"DEO","7d":"SEATBACKS","8d":"UNCOUTH","9d":"PRONG","10d":"RICE","11d":"ASKS","12d":"BADVIBES","13d":"HENNY","15d":"PIE","19d":"WILE","20d":"ACIDS","21d":"GUNBOAT","26d":"CRYOMETER","27d":"GORGE","29d":"ANDORRANS","30d":"SEXTUPLET","31d":"MOLASSES","34d":"OBER","37d":"DIORAMA","41d":"SPLIT","43d":"NIACIN","44d":"CURSE","45d":"USC","46d":"VERMI","47d":"LEKS","48d":"ARIP","51d":"PEG","52d":"ERA"}}