{"numbers":[["1","2","3","4","5","-","6","7","8","9","-","10","11","12","13"],["14","","","","","-","15","","","","-","16","","",""],["17","","","","","18","","","","","-","19","","",""],["20","","","","","","-","21","","","22","-","23","",""],["-","-","-","-","24","","25","-","26","","","27","","",""],["28","29","30","31","","","","32","-","33","","","-","-","-"],["34","","","","-","35","","","36","-","37","","38","39","40"],["41","","","","42","","","","","43","","","","",""],["44","","","","","-","45","","","","-","46","","",""],["-","-","-","47","","48","-","49","","","50","","","",""],["51","52","53","","","","54","-","55","","","-","-","-","-"],["56","","","-","57","","","58","-","59","","60","61","62","63"],["64","","","65","-","66","","","67","","","","","",""],["68","","","","-","69","","","","-","70","","","",""],["71","","","","-","72","","","","-","73","","","",""]],"clues":{"1a":"Hair lines","6a":"Neeson of \"Darkman\"","10a":"Toe woe","14a":"Influence","15a":"Chills and fever","16a":"Margarine","17a":"Renowned cabaret crooner","19a":"Wee","20a":"Addison's literary partner","21a":"Marsh bird","23a":"Geese formation","24a":"Onetime Mideast inits.","26a":"Vacillates","28a":"Staircase adjunct","33a":"Water ___ (\"Wind in the Willows\" character)","34a":"Sandler of \"Saturday Night Live\"","35a":"Designer von Furstenberg","37a":"Gay city","41a":"Harry Kemelman sleuth","44a":"Flock of geese","45a":"Singer Horne","46a":"Blackhearted","47a":"Murphy, for one","49a":"Portray as satanic","51a":"Electrical units","55a":"123-45-6789, e.g.: Abbr.","56a":"\"L'état c'est ___\": Louis XIV","57a":"A little night music","59a":"More spooky","64a":"Bide ___ (stay a bit): Scot.","66a":"Vegas impressionist","68a":"Epsilon follower","69a":"1994 film \"___ Lies\"","70a":"Magicians' props","71a":"Part of Q.E.D.","72a":"Actress Lamarr","73a":"\"___ in the Dark\"","1d":"Cancer-causing compounds","2d":"\"Thanks ___!\"","3d":"After-shower wear","4d":"Toothpaste holder","5d":"Phonograph needle","6d":"___-di-dah","7d":"Lab assistant","8d":"Astral glows","9d":"Field of achievement","10d":"Folding 47-Across","11d":"Baseballer Tony","12d":"Extend a subscription","13d":"Poet Alfred","18d":"Like passengers during takeoff","22d":"Bounds","25d":"Fit for a king","27d":"Male flower part","28d":"Captain's insignia","29d":"Aleutian island","30d":"Local theater, to Variety","31d":"Drink","32d":"Wandered","36d":"Dressed to the ___","38d":"Sitarist Shankar","39d":"The Queen: Abbr.","40d":"Model Macpherson","42d":"Not moving","43d":"Distressed one?","48d":"Lack","50d":"New York lake","51d":"Stun","52d":"Lawn equipment","53d":"Michelangelo work","54d":"Steeple","58d":"Mideast missile","60d":"A.A.A. offerings","61d":"Longing","62d":"Nevada town","63d":"There's none for the weary","65d":"Dine","67d":"\"Yoo-hoo!\""},"answers":{"1a":"PARTS","6a":"LIAM","10a":"CORN","14a":"CLOUT","15a":"AGUE","16a":"OLEO","17a":"BOBBYSHORT","19a":"TINY","20a":"STEELE","21a":"RAIL","23a":"VEE","24a":"UAR","26a":"SEESAWS","28a":"BANISTER","33a":"RAT","34a":"ADAM","35a":"EGON","37a":"PAREE","41a":"RABBIDAVIDSMALL","44a":"SKEIN","45a":"LENA","46a":"EVIL","47a":"BED","49a":"DEMONIZE","51a":"AMPERES","55a":"SSN","56a":"MOI","57a":"TAPS","59a":"EERIER","64a":"AWEE","66a":"RICHLITTLE","68a":"ZETA","69a":"TRUE","70a":"DECKS","71a":"ERAT","72a":"HEDY","73a":"ASHOT","1d":"PCBS","2d":"ALOT","3d":"ROBE","4d":"TUBE","5d":"STYLUS","6d":"LAH","7d":"IGOR","8d":"AURAS","9d":"METIER","10d":"COT","11d":"OLIVA","12d":"RENEW","13d":"NOYES","18d":"SEATED","22d":"LEAPS","25d":"REGAL","27d":"STAMEN","28d":"BARS","29d":"ADAK","30d":"NABE","31d":"IMBIBE","32d":"ROVED","36d":"NINES","38d":"RAVI","39d":"ELIZ","40d":"ELLE","42d":"INERT","43d":"DAMSEL","48d":"DEARTH","50d":"ONEIDA","51d":"AMAZE","52d":"MOWER","53d":"PIETA","54d":"SPIRE","58d":"SCUD","60d":"RTES","61d":"ITCH","62d":"ELKO","63d":"REST","65d":"EAT","67d":"HEY"}}