{"numbers":[["1","2","3","4","5","6","-","7","8","9","-","10","11","12","13"],["14","","","","","","-","15","","","16","","","",""],["17","","","","","","-","18","","","","","","",""],["19","","","","","-","-","20","","","","","-","-","-"],["21","","","","","22","-","-","23","","","-","24","25","26"],["27","","","-","28","","29","30","","-","31","32","","",""],["-","-","-","-","-","33","","","-","34","","","","",""],["-","35","36","37","38","","","","39","","","","","","-"],["40","","","","","","-","41","","","-","-","-","-","-"],["42","","","","","-","43","","","","44","-","45","46","47"],["48","","","-","49","50","","-","-","51","","52","","",""],["-","-","-","53","","","","54","-","-","55","","","",""],["56","57","58","","","","","","-","59","","","","",""],["60","","","","","","","","-","61","","","","",""],["62","","","","-","63","","","-","64","","","","",""]],"clues":{"1a":"Renounce","7a":"Half of sei","10a":"Pearl Mosque city","14a":"Lunch hour meeting, e.g.","15a":"Charles IX's successor","17a":"Pitchman","18a":"Outer","19a":"British ___","20a":"Sufferers of senility","21a":"Plover","23a":"Cocteau's \"___ enfants terribles\"","24a":"Brit. award","27a":"Mountain road feature","28a":"French social philosopher Georges","31a":"Felt sun hat","33a":"Teachers' org.","34a":"Some drafts","35a":"Tragicomic play of 1952","40a":"Fitzgerald and others","41a":"100,000 rupees","42a":"In its entirety","43a":"French assembly","45a":"Constellation near Norma","48a":"Work steadily at","49a":"I opener?","51a":"Yeast","53a":"August birthstone","55a":"Wonderstruck, in a way","56a":"Etching process","59a":"Amatory","60a":"Sweet wine","61a":"Puccini opera","62a":"Author of \"The Road Less Traveled\"","63a":"Compass dir.","64a":"Thin","1d":"Remedy","2d":"Increases","3d":"___ law (physics principle)","4d":"___ den Linden (Berlin boulevard)","5d":"Cup name","6d":"Be off the mark","7d":"On___(precisely)","8d":"Drugstore name","9d":"___-temps (meanwhile): Fr.","10d":"Haughtiness","11d":"Singapore sling ingredient","12d":"Fjord's kin","13d":"Trouble","16d":"Algeria's flag has one","22d":"Anderson et al.","24d":"Fig Newton rival","25d":"\"Contempt\" star, 1963","26d":"Frozen Wasser","29d":"Half of a TV duo","30d":"25 cent picture","32d":"___ and dart (molding design)","34d":"Certain train","35d":"Fountainhead","36d":"Conjoin","37d":"Common oath","38d":"Lustrous fabric","39d":"Noh prop","40d":"Shoot à la Buck Rogers","43d":"Foolish pranks","44d":"Shred","45d":"1975 Belmont Stakes winner","46d":"Fixes the donkey's tail","47d":"Short story","50d":"Coarsely ground hominy","52d":"Where drachmae changed hands","53d":"Stuff","54d":"Plug of half-smoked tobacco","56d":"Roadie's burden","57d":"Ici on parle francais: Abbr.","58d":"Trojans' home","59d":"Unexpected visitors, for short"},"answers":{"1a":"ABJURE","7a":"TRE","10a":"AGRA","14a":"NOONER","15a":"HENRIIII","17a":"TOUTER","18a":"EXTERNAL","19a":"ISLES","20a":"DOTARDS","21a":"DOTTEREL","23a":"LES","24a":"OBE","27a":"ESS","28a":"SOREL","31a":"TERAI","33a":"NEA","34a":"LAGERS","35a":"WAITINGFORGODOT","40a":"ZELDAS","41a":"LAC","42a":"ALLOF","43a":"SENAT","45a":"ARA","48a":"PLY","49a":"FGH","51a":"LEAVEN","53a":"PERIDOT","55a":"AGAPE","56a":"AQUATINT","59a":"EROTIC","60a":"MUSCATEL","61a":"TURANDOT","62a":"PECK","63a":"SSE","64a":"SPARSE","1d":"ANTIDOTE","2d":"BOOSTS","3d":"JOULES","4d":"UNTER","5d":"REESES","6d":"ERR","7d":"THEDOT","8d":"REXALL","9d":"ENTRE","10d":"AIRS","11d":"GIN","12d":"RIA","13d":"AIL","16d":"REDSTAR","22d":"LONIS","24d":"OREO","25d":"BARDOT","26d":"EIS","29d":"REN","30d":"EAGLE","32d":"EGG","34d":"LOCAL","35d":"WELL","36d":"ALLY","37d":"IDO","38d":"TAFFETA","39d":"FAN","40d":"ZAP","43d":"SHINES","44d":"TEARUP","45d":"AVATAR","46d":"REPINS","47d":"ANECDOTE","50d":"GRITS","52d":"AGORA","53d":"PACK","54d":"DOTTLE","56d":"AMP","57d":"QUE","58d":"USC","59d":"ETS"}}