{"numbers":[["1","2","3","4","5","-","6","7","8","9","-","10","11","12","13"],["14","","","","","-","15","","","","-","16","","",""],["17","","","","","18","","","","","-","19","","",""],["20","","","","","","-","21","","","22","-","23","",""],["-","-","-","24","","","25","-","26","","","27","","-","-"],["28","29","30","-","31","","","32","-","33","","","","34","35"],["36","","","37","-","38","","","39","-","40","","","",""],["41","","","","42","","","","","43","","","","",""],["44","","","","","-","45","","","","-","46","","",""],["47","","","","","48","-","49","","","50","-","51","",""],["-","-","52","","","","53","-","54","","","55","-","-","-"],["56","57","","-","58","","","59","-","60","","","61","62","63"],["64","","","65","-","66","","","67","","","","","",""],["68","","","","-","69","","","","-","70","","","",""],["71","","","","-","72","","","","-","73","","","",""]],"clues":{"1a":"Came up","6a":"Good farm soil","10a":"Son of Seth","14a":"1981 John Lennon hit","15a":"Formerly","16a":"Songbird","17a":"\"Blithe Spirit\" playwright","19a":"Wearing-out point for pants","20a":"Creek","21a":"Tidy","23a":"Vintage","24a":"Fr. ladies","26a":"Toboggans","28a":"Fondle","31a":"\"Not guilty,\" e.g.","33a":"Stow in a ship's hold","36a":"___ bomb","38a":"Miss Cinders of early comics","40a":"Spy work, for short","41a":"Songs sung from house to house","44a":"Succinct","45a":"Looped handle","46a":"Within: Prefix","47a":"Kind of hammer","49a":"Texas pioneer Houston et al.","51a":"___ es Salaam","52a":"Midnights' counterparts","54a":"\"Alice\" diner","56a":"Pussy","58a":"Tie fabric","60a":"Lariats","64a":"Sills solo","66a":"Seasonal worker","68a":"Bridge feat","69a":"Heinz number, to Ovid","70a":"Happening","71a":"\"O ___ Night\"","72a":"Town near Padua","73a":"Schmoes","1d":"Bristles","2d":"Cheer (for)","3d":"Hebrew dry measure","4d":"City of witch hunts","5d":"Pitch tents","6d":"Temperature extreme","7d":"___ even keel","8d":"Lots of lots","9d":"Military awards","10d":"Antlered animal","11d":"Not much time","12d":"Pitcher Hershiser","13d":"Calendar a la Variety","18d":"Eggs-and-cheese dish","22d":"Aquarium fish","25d":"1965 march site","27d":"Lawn mower brand","28d":"Agreements","29d":"Miss Barrymore","30d":"Like a downpour","32d":"Astronaut Shepard et al.","34d":"Upper ___ (now Burkina Faso)","35d":"TV newsman David","37d":"Err","39d":"State of India","42d":"Lilies","43d":"Minolta, e.g.","48d":"Isolate","50d":"Cut","53d":"Serbs and Croats","55d":"Round of cheers","56d":"Neither check nor charge","57d":"Singer Guthrie","59d":"Make stockings","61d":"Far East weight","62d":"Polly, to Tom","63d":"Fast planes","65d":"1948 song \"Once in Love With ___\"","67d":"Come out even"},"answers":{"1a":"AROSE","6a":"LOAM","10a":"ENOS","14a":"WOMAN","15a":"ONCE","16a":"LARK","17a":"NOELCOWARD","19a":"KNEE","20a":"STREAM","21a":"NEAT","23a":"OLD","24a":"MMES","26a":"SLEDS","28a":"PET","31a":"PLEA","33a":"STEEVE","36a":"ATOM","38a":"ELLA","40a":"RECON","41a":"CHRISTMASCAROLS","44a":"TERSE","45a":"ANSA","46a":"ENTO","47a":"SLEDGE","49a":"SAMS","51a":"DAR","52a":"NOONS","54a":"MELS","56a":"CAT","58a":"SILK","60a":"RIATAS","64a":"ARIA","66a":"SANTACLAUS","68a":"SLAM","69a":"LVII","70a":"EVENT","71a":"HOLY","72a":"ESTE","73a":"DOLTS","1d":"AWNS","2d":"ROOT","3d":"OMER","4d":"SALEM","5d":"ENCAMP","6d":"LOW","7d":"ONAN","8d":"ACRES","9d":"MEDALS","10d":"ELK","11d":"NANOSECOND","12d":"OREL","13d":"SKED","18d":"OMELET","22d":"TETRA","25d":"SELMA","27d":"DEERE","28d":"PACTS","29d":"ETHEL","30d":"TORRENTIAL","32d":"ALANS","34d":"VOLTA","35d":"ENSOR","37d":"MISDO","39d":"ASSAM","42d":"SEGOS","43d":"CAMERA","48d":"ENISLE","50d":"SLICED","53d":"SLAVS","55d":"SALVO","56d":"CASH","57d":"ARLO","59d":"KNIT","61d":"TAEL","62d":"AUNT","63d":"SSTS","65d":"AMY","67d":"TIE"}}