{"numbers":[["1","2","3","-","4","5","6","7","8","-","9","10","11","12","13"],["14","","","-","15","","","","","-","16","","","",""],["17","","","18","","","","","","19","","","","",""],["20","","","","-","21","","","","","","-","22","",""],["-","-","-","23","24","","-","-","-","25","","26","-","-","-"],["27","28","29","","","","30","31","32","","","","33","34","35"],["36","","","-","37","","","","","-","38","","","",""],["39","","","40","-","41","","","","42","-","43","","",""],["44","","","","45","-","46","","","","47","-","48","",""],["49","","","","","50","","","","","","51","","",""],["-","-","-","52","","","-","-","-","53","","","-","-","-"],["54","55","56","-","57","","58","59","60","","-","61","62","63","64"],["65","","","66","","","","","","","67","","","",""],["68","","","","","-","69","","","","","-","70","",""],["71","","","","","-","72","","","","","-","73","",""]],"clues":{"1a":"\"60 Minutes\" producer Hewitt","4a":"Press on","9a":"Invitation replies","14a":"Bachelor's last words","15a":"\"___ circumstances beyond...\"","16a":"Before-dinner tidbit","17a":"Really calm","20a":"Cube inventor Rubik","21a":"1987 film flop","22a":"Mach topper","23a":"Govt. permit","25a":"Sargasso, e.g.","27a":"Really tidy","36a":"Breakfast fish","37a":"Santa ___, Calif.","38a":"Card with a message","39a":"Baseball tags","41a":"Summon","43a":"\"Star Trek\" crewman","44a":"Bridgestone products","46a":"Auguries","48a":"Yore","49a":"Really fit","52a":"Calendar abbr.","53a":"Dance Charisse","54a":"Pixie","57a":"One who leads the way","61a":"Something to think about","65a":"Really gone","68a":"Spoken language","69a":"Big-city newspaper heading","70a":"Fury","71a":"Floozies","72a":"Ordinary lines","73a":"Census datum","1d":"Rearview mirror decoration","2d":"Redolence","3d":"When shadows shorten","4d":"Actress Lupino","5d":"Soirée entertainment","6d":"They're often split","7d":"Put art on glass","8d":"Palooka","9d":"Tag line?","10d":"Slippery ___","11d":"Household rivals","12d":"Nights, in classifieds","13d":"Spanish muralist","18d":"1970 Kinks hit","19d":"1987 Wimbledon winner","24d":"Back of the bus.?","26d":"Gray and others","27d":"Priesthood, metaphorically, with \"the\"","28d":"DeVito's \"Taxi\" role","29d":"Hollywood walk-on","30d":"\"Stompin' at the ___\"","31d":"Perfume","32d":"Rouses","33d":"More faithful","34d":"Lounges","35d":"Piano practice","40d":"Ending for him or her","42d":"Lawmakers","45d":"Baby rivers","47d":"Lacking","50d":"Infamous Alger","51d":"Asgard chief","54d":"Rework, as a story","55d":"Swan's partner, in myth","56d":"Equitable","58d":"Word with boot or summer","59d":"Silesian river","60d":"___-Rooter","62d":"Orator's perch","63d":"Dublin's land","64d":"\"Roots\" writer Haley","66d":"E, in Morse code","67d":"Agile deer"},"answers":{"1a":"DON","4a":"IMPEL","9a":"YESES","14a":"IDO","15a":"DUETO","16a":"OLIVE","17a":"COOLASACUCUMBER","20a":"ERNO","21a":"ISHTAR","22a":"SST","23a":"LIC","25a":"SEA","27a":"CLEANASAWHISTLE","36a":"LOX","37a":"CLARA","38a":"TAROT","39a":"OUTS","41a":"EVOKE","43a":"SULU","44a":"TIRES","46a":"OMENS","48a":"ELD","49a":"HEALTHYASAHORSE","52a":"FRI","53a":"CYD","54a":"ELF","57a":"ESCORT","61a":"IDEA","65a":"DEADASADOORNAIL","68a":"IDIOM","69a":"METRO","70a":"IRE","71a":"TARTS","72a":"PROSE","73a":"SEX","1d":"DICE","2d":"ODOR","3d":"NOON","4d":"IDA","5d":"MUSICALE","6d":"PEAS","7d":"ETCH","8d":"LOUT","9d":"YOUREIT","10d":"ELM","11d":"SIBS","12d":"EVES","13d":"SERT","18d":"LOLA","19d":"CASH","24d":"INC","26d":"ASAS","27d":"CLOTH","28d":"LOUIE","29d":"EXTRA","30d":"SAVOY","31d":"AROMA","32d":"WAKES","33d":"TRUER","34d":"LOLLS","35d":"ETUDE","40d":"SELF","42d":"ENACTORS","45d":"STREAMS","47d":"SHY","50d":"HISS","51d":"ODIN","54d":"EDIT","55d":"LEDA","56d":"FAIR","58d":"CAMP","59d":"ODER","60d":"ROTO","62d":"DAIS","63d":"EIRE","64d":"ALEX","66d":"DOT","67d":"ROE"}}