{"numbers":[["1","2","3","4","-","5","6","7","8","-","9","10","11","12","13","14","-","15","16","17","18"],["19","","","","-","20","","","","-","21","","","","","","-","22","","",""],["23","","","","24","","","","","-","25","","","","","","26","","","",""],["27","","","-","28","","","","-","29","","","-","30","","","","","","",""],["31","","","32","","","","-","33","","","-","34","","","","","-","35","",""],["36","","","","","","-","37","","","","38","","-","-","-","39","40","","",""],["-","-","-","41","","","42","","","","","","","43","-","44","","","","",""],["45","46","47","","-","48","","","","-","-","49","","","50","","","","-","-","-"],["51","","","","52","-","53","","","54","55","","-","56","","","","-","57","58","59"],["60","","","","","-","61","","","","","-","62","","","","","-","63","",""],["64","","","","","65","","-","66","","","67","","-","68","","","69","","",""],["70","","","-","71","","","72","","-","73","","","74","","-","75","","","",""],["76","","","-","77","","","","-","78","","","","","","-","79","","","",""],["-","-","-","80","","","","","81","","-","-","82","","","83","-","84","","",""],["85","86","87","","","","-","88","","","89","90","","","","","91","","-","-","-"],["92","","","","","-","-","-","93","","","","","","-","94","","","95","96","97"],["98","","","-","99","100","101","102","","-","103","","","-","104","","","","","",""],["105","","","106","","","","","-","107","","","-","108","","","","-","109","",""],["110","","","","","","","","111","","","-","112","","","","","113","","",""],["114","","","","-","115","","","","","","-","116","","","","-","117","","",""],["118","","","","-","119","","","","","","-","120","","","","-","121","","",""]],"clues":{"1a":"Bibliographical abbr.","5a":"Look","9a":"Elbow","15a":"Put away","19a":"Tone down","20a":"Forearm part","21a":"Puck's master","22a":"Peacock in the sky","23a":"Chinese restaurant offering","25a":"Reagan chief of staff","27a":"White-tailed bird","28a":"Formosa Strait island","29a":"Ship's course","30a":"Two-wheelers","31a":"Boot camp fellow","33a":"Hood's heater","34a":"Newsman Bernard and others","35a":"Gain a lap","36a":"Directs","37a":"A Fodor's volume","39a":"Peaceful pause","41a":"Royal pardon","44a":"Ran rings around","45a":"Shirt shade","48a":"Recipe approximation","49a":"Cossacks chiefs","51a":"Arab chief","53a":"With flexibility","56a":"Glassmaker's oven","57a":"Crumple","60a":"Cousin of the raccoon","61a":"Like smarting eyes","62a":"Musical direction","63a":"\"These ___ the times...\"","64a":"Adds a rider","66a":"Rising star","68a":"Apparition","70a":"Bakery purchase","71a":"Tough laundry problem","73a":"TV teaser","75a":"Tedium","76a":"Wind up","77a":"Actress Thompson","78a":"\"Casey at the Bat\" writer Ernest","79a":"Get extra value from","80a":"Without exception","82a":"Sunshade, of a sort","84a":"Tours summers","85a":"Foxfeet and sphagnum","88a":"Washington, D.C.","92a":"Country's best at the Olympics","93a":"First name in French literature","94a":"Use intimidation","98a":"1969 Broadway hit","99a":"Check writer","103a":"Furthermore","104a":"Step-by-step","105a":"Mend metal connections","107a":"Laughingstock","108a":"\"The Battle of Eylau\" painter","109a":"Small ones","110a":"Presidential also-ran","112a":"Marsh growth","114a":"Nobelist Wiesel","115a":"Shed","116a":"Hooked on","117a":"___ vera","118a":"Juiceheads","119a":"Ancient mystic","120a":"Quintessence","121a":"Chateaubriand novel","1d":"Ashes-to-be","2d":"Rotating emplacement","3d":"\"Now!\"","4d":"Author Wallace","5d":"Engaged in conjecture","6d":"\"Gerontion\" poet","7d":"Ref. set","8d":"Common female middle name","9d":"Frequent court \"figure\"","10d":"The duck in \"Peter and the Wolf\"","11d":"Put in stitches","12d":"Severely pan","13d":"Spanish poet Federico Garcia ___","14d":"Provide with income","15d":"Word fight","16d":"Consumes","17d":"Not neat","18d":"Like some suits","24d":"Micronesian land","26d":"Paul Revere","29d":"Standard","32d":"Avenge","33d":"Hurry-hurry","34d":"Fringe group","37d":"Follow","38d":"Request fervently","40d":"Old-time bandleader Edmundo","42d":"Manhattan flank","43d":"Manchurian border river","44d":"Actress Christine","45d":"Way out","46d":"\"Sonata in B minor\" composer","47d":"Acquired","50d":"Brilliant","52d":"Solomon's project","54d":"Old hand","55d":"Coagulable fluid","57d":"Gunstock wood","58d":"Stir up","59d":"Says \"No way!\"","62d":"Homer","65d":"Exclamations like \"Phooey!\"","67d":"Proposal of 3/22/72","69d":"Like some jacks","72d":"Artist Chagall","74d":"Country singer Travis","78d":"Thsi, e.g.","80d":"___ Today","81d":"\"The Wizard of Oz\" co-star","83d":"Ultrasmall photo","85d":"Gordon and Meredith","86d":"Board game like reversi","87d":"Chooses","89d":"How the Old Woman lived","90d":"Oodles","91d":"Words before a drink","95d":"Frill","96d":"Smoker's purchase","97d":"French palace","100d":"Confuse","101d":"Agreements","102d":"\"Aunt ___ Cope Book\"","104d":"Actress Scacchi","106d":"Galena and mispickel","107d":"Envelope abbr.","108d":"Kind of therapy","111d":"Suffix with serpent","112d":"Hub's opposite","113d":"Coalition of 1958: Abbr."},"answers":{"1a":"ETAL","5a":"SEEM","9a":"JOSTLE","15a":"STOW","19a":"MUTE","20a":"ULNA","21a":"OBERON","22a":"PAVO","23a":"BROWNRICE","25a":"HOWARDBAKER","27a":"ERN","28a":"AMOY","29a":"NNE","30a":"SCOOTERS","31a":"RECRUIT","33a":"ROD","34a":"SHAWS","35a":"SIT","36a":"STEERS","37a":"EUROPE","39a":"TRUCE","41a":"QUEENSMERCY","44a":"LOOPED","45a":"ECRU","48a":"DASH","49a":"ATAMANS","51a":"SHEIK","53a":"SUPPLY","56a":"LEHR","57a":"WAD","60a":"COATI","61a":"TEARY","62a":"TUTTI","63a":"ARE","64a":"APPENDS","66a":"COMER","68a":"EIDOLON","70a":"PIE","71a":"GRIME","73a":"PROMO","75a":"ENNUI","76a":"END","77a":"SADA","78a":"THAYER","79a":"REUSE","80a":"UTTERLY","82a":"BRIM","84a":"ETES","85a":"MOSSES","88a":"CAPITALCITY","92a":"ATEAM","93a":"HONORE","94a":"COERCE","98a":"CHE","99a":"PAYER","103a":"AND","104a":"GRADUAL","105a":"RESOLDER","107a":"ASS","108a":"GROS","109a":"FRY","110a":"ALFREDSMITH","112a":"REEDTUFTS","114a":"ELIE","115a":"LEANTO","116a":"INTO","117a":"ALOE","118a":"SOTS","119a":"ESSENE","120a":"MEAT","121a":"RENE","1d":"EMBERS","2d":"TURRET","3d":"ATONCE","4d":"LEW","5d":"SURMISED","6d":"ELIOT","7d":"ENCY","8d":"MAE","9d":"JOHNDOE","10d":"OBOE","11d":"SEW","12d":"TRASH","13d":"LORCA","14d":"ENDOW","15d":"SPAT","16d":"TAKESUP","17d":"OVERICE","18d":"WORSTED","24d":"NAURU","26d":"BOSTONRIDER","29d":"NORM","32d":"REQUITE","33d":"RUSHPACE","34d":"SECT","37d":"ENSUE","38d":"PRAY","40d":"ROS","42d":"EASTSIDE","43d":"YALU","44d":"LAHTI","45d":"ESCAPE","46d":"CHOPIN","47d":"REAPED","50d":"METEORIC","52d":"KINGSTEMPLE","54d":"PRO","55d":"LYMPH","57d":"WALNUT","58d":"AROUSE","59d":"DENIES","62d":"TROYBARD","65d":"DRATS","67d":"ERA","69d":"ONEEYED","72d":"MARC","74d":"MERLE","78d":"TYPO","80d":"USA","81d":"LAHR","83d":"MICRODOT","85d":"MACRAES","86d":"OTHELLO","87d":"SEESFIT","89d":"INASHOE","90d":"TONS","91d":"TOAST","95d":"RUFFLE","96d":"CARTON","97d":"ELYSEE","100d":"ADDLE","101d":"YESES","102d":"ERMAS","104d":"GRETA","106d":"ORES","107d":"ATTN","108d":"GENE","111d":"INE","112d":"RIM","113d":"UAR"}}