{"numbers":[["1","2","3","-","4","5","6","7","8","-","-","9","10","11","12"],["13","","","-","14","","","","","-","15","","","",""],["16","","","-","17","","","","","-","18","","","",""],["19","","","20","","","","","","21","","","","","-"],["22","","","","","-","-","-","23","","","-","24","","25"],["26","","","","-","27","28","29","","","-","30","","",""],["-","31","","","32","","","","-","33","34","","","",""],["-","-","-","35","","","","","36","","","","-","-","-"],["37","38","39","","","","-","40","","","","","41","42","-"],["43","","","","-","44","45","","","","-","46","","","47"],["48","","","-","49","","","-","-","-","50","","","",""],["-","51","","52","","","","53","54","55","","","","",""],["56","","","","","-","57","","","","","-","58","",""],["59","","","","","-","60","","","","","-","61","",""],["62","","","","-","-","63","","","","","-","64","",""]],"clues":{"1a":"Bleat","4a":"Abandon","9a":"Falsehood","13a":"Hosp. chart","14a":"Computer scooter","15a":"Iron Eagle of W.W. II","16a":"Sin","17a":"Built (on)","18a":"Dream girl of song","19a":"Start of a quip","22a":"Roger of the balcony","23a":"Get high marks","24a":"Failure","26a":"Novelist ___ Mae Brown","27a":"Despicable ones","30a":"Next in line","31a":"Reproducer","33a":"Inferior","35a":"More of the quip","37a":"Optimally","40a":"Mideast river to the Mediterranean","43a":"Rough finish","44a":"Passed","46a":"___ College, N.C.","48a":"Pivot","49a":"Bind","50a":"Capri, to Loren","51a":"End of the quip","56a":"Superior to","57a":"Relish","58a":"Treasury dept.","59a":"Improve a rough draft","60a":"Bomb site of 1943-45","61a":"Peeples of \"Fame\"","62a":"H.S.T. or D.D.E.","63a":"\"The Minister's Wooing\" author","64a":"\"Polly\" playwright John","1d":"Pager","2d":"Kind of dancing","3d":"Accept","4d":"Sting","5d":"Scout of renown","6d":"Designer Gernreich","7d":"Exploits","8d":"Madhouse","9d":"Actress Garr","10d":"Made alterations","11d":"Spiritless","12d":"Vision","15d":"Performing","20d":"In a corner","21d":"Skating extravaganza","25d":"Desiccate","27d":"Terrier","28d":"Pathet ___ (Communist group)","29d":"\"I Can Get ___ You Wholesale\" ('62 musical)","30d":"Most popular","32d":"'90 and '95 e.g.","34d":"Solo in space","36d":"Three, in Capri","37d":"Mountain tree","38d":"Walter Mitty's creator","39d":"\"Road\" star","41d":"Running for one's wife?","42d":"Sunrooms","45d":"Is noncommittal","47d":"Oppose","49d":"Some U.S. agents","50d":"___ fell swoop","52d":"Designer St. Laurent","53d":"Supplant","54d":"Sinclair rival","55d":"Onetime flight attendant, slangily","56d":"3-D art pioneer"},"answers":{"1a":"BAA","4a":"SCRUB","9a":"TALE","13a":"EEG","14a":"MOUSE","15a":"LEMAY","16a":"ERR","17a":"ADDED","18a":"IRENE","19a":"POETRYISLIVING","22a":"EBERT","23a":"ACE","24a":"DUD","26a":"RITA","27a":"SLIME","30a":"HEIR","31a":"COPYCAT","33a":"SHODDY","35a":"PROOFTHAT","37a":"ATBEST","40a":"ORONTES","43a":"SHOD","44a":"THREW","46a":"ELON","48a":"HUB","49a":"TIE","50a":"ISOLA","51a":"RHYMEDOESNTPAY","56a":"ABOVE","57a":"GUSTO","58a":"IRS","59a":"REPEN","60a":"ESSEN","61a":"NIA","62a":"PRES","63a":"STOWE","64a":"GAY","1d":"BEEPER","2d":"AEROBIC","3d":"AGREETO","4d":"SMART","5d":"CODY","6d":"RUDI","7d":"USES","8d":"BEDLAM","9d":"TERI","10d":"AMENDED","11d":"LANGUID","12d":"EYE","15d":"LIVE","20d":"TRAPPED","21d":"ICESHOW","25d":"DRY","27d":"SCOTTIE","28d":"LAO","29d":"ITFOR","30d":"HOTTEST","32d":"YRS","34d":"HAN","36d":"TRE","37d":"ASH","38d":"THURBER","39d":"BOBHOPE","41d":"ELOPING","42d":"SOLARIA","45d":"HEDGES","47d":"NAYSAY","49d":"TMEN","50d":"INONE","52d":"YVES","53d":"OUST","54d":"ESSO","55d":"STEW","56d":"ARP"}}