{"numbers":[["1","2","3","4","-","5","6","7","8","9","-","10","11","12","13"],["14","","","","-","15","","","","","-","16","","",""],["17","","","","-","18","","","","","-","19","","",""],["-","-","20","","21","","","","","","22","","","",""],["23","24","","-","25","","","-","-","-","26","","","",""],["27","","","28","","","","29","30","31","","","","-","-"],["32","","","","","-","-","33","","","","-","-","-","-"],["34","","","","-","35","36","","","","-","37","38","39","40"],["-","-","-","-","41","","","","-","-","42","","","",""],["-","-","43","44","","","","","45","46","","","","",""],["47","48","","","","-","-","-","49","","","-","50","",""],["51","","","","","52","53","54","","","","55","","-","-"],["56","","","","-","57","","","","","-","58","","59","60"],["61","","","","-","62","","","","","-","63","","",""],["64","","","","-","65","","","","","-","66","","",""]],"clues":{"1a":"Be a party to","5a":"Breakfast strip","10a":"\"___ corny as Kansas...\"","14a":"Judd Hirsch sitcom","15a":"Jagged","16a":"___ me tangere","17a":"First place","18a":"Spry","19a":"Future flower","20a":"Start of an old proverb","23a":"Gran Paradiso, e.g.","25a":"Mideast export","26a":"Russian co-op","27a":"Part 2 of the proverb","32a":"Ancient city on the Gulf of Aqaba","33a":"Reduce","34a":"Muralist José","35a":"Irritable","37a":"Give the eye","41a":"Don Corleone","42a":"Circa","43a":"Part 3 of the proverb","47a":"Birchbark","49a":"One may be high at 5:00","50a":"___ Plaines, Ill.","51a":"End of the proverb","56a":"___ supra (see above)","57a":"Understand","58a":"Mr. Saarinen","61a":"Graph start","62a":"École attender","63a":"Leave shore","64a":"Apollo craft","65a":"Playwright Rice","66a":"Stepped","1d":"Downed","2d":"Michael Jackson album","3d":"Archetype","4d":"A Turner","5d":"Grin's partner","6d":"Historic Scottish county","7d":"Hairdo","8d":"Frogner Park locale","9d":"At no time, to poets","10d":"Natural","11d":"Nelson Eddy in \"Rose Marie\"","12d":"French avenue","13d":"Fortuneteller","21d":"\"Goodbye, Columbus\" author","22d":"Lion's pride","23d":"Iowa university town","24d":"Singer Lovett","28d":"Communications conglomerate","29d":"___ Downs","30d":"Took a chair","31d":"Rossini's \"Count ___\"","35d":"Spasm","36d":"Ordinal ender","37d":"Gram. case","38d":"Firestone rival","39d":"Darth Vader's son","40d":"Vacation times abroad","41d":"Opinion","42d":"Wise ___ owl","43d":"Garland","44d":"Loggers' tourneys","45d":"When some local news is \"live\"","46d":"Render impotent","47d":"Kind of service","48d":"Stage comment","52d":"Business exec William","53d":"Cheerleader's routine","54d":"Watch part","55d":"Hatching post?","59d":"John Wayne's \"___ Lobo\"","60d":"Used"},"answers":{"1a":"ABET","5a":"BACON","10a":"IMAS","14a":"TAXI","15a":"EROSE","16a":"NOLI","17a":"EDEN","18a":"AGILE","19a":"BULB","20a":"MARRYFORMONEY","23a":"ALP","25a":"OIL","26a":"ARTEL","27a":"MYLITTLESONNY","32a":"ELATH","33a":"PARE","34a":"SERT","35a":"TESTY","37a":"OGLE","41a":"VITO","42a":"ABOUT","43a":"ARICHMANSJOKE","47a":"CANOE","49a":"TEA","50a":"DES","51a":"ISALWAYSFUNNY","56a":"VIDE","57a":"GETIT","58a":"EERO","61a":"IDEO","62a":"ELEVE","63a":"SAIL","64a":"LEMS","65a":"ELMER","66a":"TROD","1d":"ATE","2d":"BAD","3d":"EXEMPLAR","4d":"TINA","5d":"BEARIT","6d":"ARGYLL","7d":"COIF","8d":"OSLO","9d":"NEER","10d":"INBORN","11d":"MOUNTY","12d":"ALLEE","13d":"SIBYL","21d":"ROTH","22d":"MANE","23d":"AMES","24d":"LYLE","28d":"ITT","29d":"EPSOM","30d":"SAT","31d":"ORY","35d":"TIC","36d":"ETH","37d":"OBJ","38d":"GOODYEAR","39d":"LUKE","40d":"ETES","41d":"VIEW","42d":"ASAN","43d":"ANADEM","44d":"ROLEOS","45d":"ATFIVE","46d":"NEUTER","47d":"CIVIL","48d":"ASIDE","52d":"AGEE","53d":"YELL","54d":"STEM","55d":"NEST","59d":"RIO","60d":"OLD"}}