{"numbers":[["1","2","3","4","-","5","6","7","8","9","-","10","11","12","13"],["14","","","","-","15","","","","","-","16","","",""],["17","","","","18","","","","","","19","","","",""],["20","","","-","21","","","","","-","22","","","",""],["-","-","-","23","","","","-","24","25","","","-","-","-"],["26","27","28","","","","-","29","","","","-","30","31","32"],["33","","","","","-","34","","","","-","35","","",""],["36","","","","","37","","","","","38","","","",""],["39","","","","-","40","","","","-","41","","","",""],["42","","","-","43","","","","-","44","","","","",""],["-","-","-","45","","","","-","46","","","","-","-","-"],["47","48","49","","","-","50","51","","","","-","52","53","54"],["55","","","","","56","","","","","","57","","",""],["58","","","","-","59","","","","","-","60","","",""],["61","","","","-","62","","","","","-","63","","",""]],"clues":{"1a":"He reached his peak in 1806","5a":"Wahine's welcome","10a":"Steep","14a":"\"___ close to schedule\"","15a":"Screened over","16a":"\"___ Ever Need Is You\"","17a":"Overpriced insects?","20a":"\"Naughty, naughty!\"","21a":"Three minutes in the ring","22a":"Kosher","23a":"O.R.'s locale","24a":"Party cheese","26a":"___ oneself (go)","29a":"Aussie's hello","30a":"Mortgage agcy.","33a":"Skylit courts","34a":"Hoodlum","35a":"Oscar role in \"The Killing Fields\"","36a":"Where to buy Maid Marian mums?","39a":"Goes out with","40a":"Filthy lucre","41a":"\"I Love Trouble\" star","42a":"Pre-Columbian","43a":"Like falling off a log","44a":"Climbed up","45a":"40's White House name","46a":"Fraud","47a":"March honoree, for short","50a":"Express alternative","52a":"Kicker","55a":"Scans departure screens?","58a":"Science magazine","59a":"\"Cookery is become ___\": Burton","60a":"Film","61a":"Look","62a":"Looks at","63a":"Tabloid topics","1d":"Spender, for one","2d":"\"New Sensation\" rock group","3d":"Crackpot","4d":"Go wrong","5d":"Tuneful","6d":"Abate","7d":"\"The Plague\" setting","8d":"Relinquished, as a football","9d":"Farm critter","10d":"Western capital","11d":"First name in fashion","12d":"Jai ___","13d":"Star-___ tuna","18d":"Rather rival","19d":"Castigate","23d":"Components of locks","25d":"Part of Boone's signature","26d":"He sings low","27d":"Mrs. Mertz","28d":"Cornered","29d":"Devout","30d":"Something extra","31d":"Expeditiousness","32d":"Chipped in","34d":"Agrees","35d":"Tournament type","37d":"Shade of gray","38d":"Available for duty","43d":"Grub","44d":"Treats treacherously","45d":"Hindu ascetic","46d":"Alarm","47d":"Hog food","48d":"Considerable volume","49d":"Corn product","51d":"Kind of tradition","52d":"End-of-week exclamation","53d":"\"This can't be!\"","54d":"Vous ___ (you are): Fr.","56d":"Toy merchant Schwartz","57d":"Emer. locale"},"answers":{"1a":"PIKE","5a":"ALOHA","10a":"SOAK","14a":"ONOR","15a":"RERAN","16a":"ALLI","17a":"EXORBITANTFLEAS","20a":"TSK","21a":"ROUND","22a":"LEGIT","23a":"HOSP","24a":"EDAM","26a":"BETAKE","29a":"GDAY","30a":"FHA","33a":"ATRIA","34a":"GOON","35a":"PRAN","36a":"SHERWOODFLORIST","39a":"SEES","40a":"PELF","41a":"NOLTE","42a":"OLD","43a":"EASY","44a":"SCALED","45a":"FALA","46a":"SHAM","47a":"STPAT","50a":"LOCAL","52a":"TOE","55a":"LOOKSFORAFLIGHT","58a":"OMNI","59a":"ANART","60a":"CINE","61a":"PEER","62a":"OGLES","63a":"UFOS","1d":"POET","2d":"INXS","3d":"KOOK","4d":"ERR","5d":"ARIOSE","6d":"LETUP","7d":"ORAN","8d":"HANDEDOFF","9d":"ANT","10d":"SALEM","11d":"OLEG","12d":"ALAI","13d":"KIST","18d":"BROKAW","19d":"FLAY","23d":"HAIRS","25d":"DANL","26d":"BASSO","27d":"ETHEL","28d":"TREED","29d":"GODLY","30d":"FRILL","31d":"HASTE","32d":"ANTED","34d":"GOESALONG","35d":"PROAM","37d":"OPAL","38d":"ONCALL","43d":"EATS","44d":"SHAFTS","45d":"FAKIR","46d":"SCARE","47d":"SLOP","48d":"TOME","49d":"PONE","51d":"ORAL","52d":"TGIF","53d":"OHNO","54d":"ETES","56d":"FAO","57d":"ICU"}}