{"numbers":[["1","2","3","4","-","5","6","7","8","-","9","10","11","12","13"],["14","","","","-","15","","","","-","16","","","",""],["17","","","","18","","","","","-","19","","","",""],["20","","","","","","","-","21","22","","","","",""],["-","23","","","","","","-","24","","","","","",""],["25","","","","","","","-","26","","","","-","-","-"],["27","","","-","-","-","-","-","28","","","","29","30","31"],["32","","","33","34","35","36","-","37","","","","","",""],["38","","","","","","","-","-","-","-","-","39","",""],["-","-","-","40","","","","-","41","42","43","44","","",""],["45","46","47","","","","","-","48","","","","","","-"],["49","","","","","","","-","50","","","","","","51"],["52","","","","","-","53","54","","","","","","",""],["55","","","","","-","56","","","","-","57","","",""],["58","","","","","-","59","","","","-","60","","",""]],"clues":{"1a":"Midwest Indian","5a":"One of the Seven Sages of ancient Greece","9a":"Sharpener","14a":"Item of earthenware","15a":"Yarn opener","16a":"Like elm leaves","17a":"Made a liar of","19a":"Arrest","20a":"Fisherman's gear","21a":"Continuing","23a":"Put in order","24a":"Running track material","25a":"Purposeful","26a":"Motorcycle hero","27a":"Kind of card","28a":"Yields","32a":"More saponaceous","37a":"Pulitzer-winning poet Gary et al.","38a":"Auto designer Maserati","39a":"Surplus","40a":"It's near Piccadilly Circus","41a":"Swinehulls","45a":"Split-up of 1970","48a":"Flirts","49a":"Large, sweet cherry","50a":"Rose","52a":"Left","53a":"Brain clutter","55a":"1934 Douglas Freeman biography","56a":"Eastern royalty","57a":"Mel and family","58a":"Goes downhill","59a":"Chair support","60a":"Gossip","1d":"Covers some ground","2d":"Turnoff","3d":"Northern Irelander","4d":"Film director Jonathan","5d":"Pop music family of the 50's-70's","6d":"Coin","7d":"Close friend, in slang","8d":"Lotharios","9d":"On an even keel","10d":"Transported in wheelbarrows","11d":"Somewhat angular typeface","12d":"Basket material","13d":"Isn't finalized","18d":"Sacrifice, e.g.","22d":"\"The Guns of Navarone\" star","25d":"Smooth","29d":"Queen with a famous bust","30d":"Cuts across","31d":"Frequent fliers","33d":"Bugged","34d":"Leaves alone","35d":"Wild blue yonder","36d":"Strutters","41d":"Claremont, Calif., college","42d":"Fielder's cry","43d":"Stick","44d":"Master Schofield of fiction","45d":"Tusked animals","46d":"Throw out","47d":"Sinatra film \"___ in the Head\"","51d":"Break into bits","54d":"Pharmacist's compound"},"answers":{"1a":"SAUK","5a":"BIAS","9a":"STROP","14a":"OLLA","15a":"ONCE","16a":"EROSE","17a":"DISPROVED","19a":"RUNIN","20a":"SETLINE","21a":"UNENDED","23a":"NEATEN","24a":"CINDERS","25a":"EARNEST","26a":"EVEL","27a":"ATM","28a":"RELENTS","32a":"SOAPIER","37a":"SNYDERS","38a":"ERNESTO","39a":"FAT","40a":"SOHO","41a":"PIGPENS","45a":"BEATLES","48a":"OGLERS","49a":"OXHEART","50a":"MOUNTED","52a":"APORT","53a":"ESOTERICA","55a":"RELEE","56a":"RANI","57a":"OTTS","58a":"SLEDS","59a":"SLAT","60a":"DISH","1d":"SODS","2d":"ALIENATOR","3d":"ULSTERMAN","4d":"KAPLAN","5d":"BOONES","6d":"INVENT","7d":"ACE","8d":"SEDUCERS","9d":"SERENELY","10d":"TRUNDLED","11d":"RONDE","12d":"OSIER","13d":"PENDS","18d":"RITE","22d":"NIVEN","25d":"EASE","29d":"NEFERTITI","30d":"TRANSECTS","31d":"SSTS","33d":"PESTERED","34d":"ISOLATES","35d":"ETHER","36d":"ROOSTERS","41d":"POMONA","42d":"IGOTIT","43d":"GLUE","44d":"PENROD","45d":"BOARS","46d":"EXPEL","47d":"AHOLE","51d":"DASH","54d":"SAL"}}