{"numbers":[["1","2","3","4","-","5","6","7","8","-","9","10","11","12","13"],["14","","","","-","15","","","","-","16","","","",""],["17","","","","18","","","","","-","19","","","",""],["20","","","","","","-","21","","22","","-","23","",""],["-","-","-","24","","","25","-","26","","","27","","",""],["28","29","30","","","","","31","-","32","","","","-","-"],["33","","","-","34","","","","35","-","36","","","37","38"],["39","","","40","-","41","","","","42","-","43","","",""],["44","","","","45","-","46","","","","47","-","48","",""],["-","-","49","","","50","-","51","","","","52","","",""],["53","54","","","","","55","-","56","","","","-","-","-"],["57","","","-","58","","","59","-","60","","","61","62","63"],["64","","","65","","-","66","","67","","","","","",""],["68","","","","","-","69","","","","-","70","","",""],["71","","","","","-","72","","","","-","73","","",""]],"clues":{"1a":"Gymnast Korbut","5a":"Black","9a":"The \"k\" in 24-k.","14a":"\"Where'er I ___...\": Goldsmith, \"The Traveller\"","15a":"Family stories","16a":"Keep in stitches","17a":"Busy buzzer","19a":"Shakespearean title role","20a":"Col. Klink's domain, in 60's TV","21a":"Singer Anita","23a":"Sis's sib","24a":"Miss Gabor et al.","26a":"Alpine vocalist","28a":"Harry Blackmun opinions, often","32a":"Cattle","33a":"Balderdash","34a":"Language of Dundee","36a":"Music with a beat","39a":"Reuniongoer, informally","41a":"Standing up","43a":"Not working, as a battery","44a":"Street urchin","46a":"Bogged down","48a":"Mimic","49a":"___ Bones (Ichabod Crane's rival)","51a":"Melville's Ishmael, e.g.","53a":"Dieter's worry","56a":"Bluenose","57a":"\"The loneliest number\"","58a":"Gymnastic equipment","60a":"Maltreat","64a":"Shinbone","66a":"Dish for the deflated","68a":"Take ___ for the worse","69a":"Not written","70a":"___ end (stopped)","71a":"Onomastics study","72a":"Erotic","73a":"Pops' partners","1d":"Eyeballs","2d":"Boor","3d":"Vasco da ___","4d":"Strolls","5d":"Poshness","6d":"TV's Newhart","7d":"Item dunked in milk","8d":"In want","9d":"Singing insect","10d":"Maupassant's \"Bel-___\"","11d":"Model A feature","12d":"Stick out like ___ thumb","13d":"Canio, e.g., in \"Pagliacci\"","18d":"Washes","22d":"Hunky-dory","25d":"Nor'western","27d":"Geraint's beloved","28d":"Long puff","29d":"Southeast Kansas town","30d":"Lummox","31d":"Oktoberfest vessel","35d":"Throw away","37d":"Mafia kingpin","38d":"Wroclaw's river","40d":"Painter Joan","42d":"Quite, to the British","45d":"Conquerors of 1066","47d":"Boot camp routine","50d":"\"Mamma ___!\"","52d":"Shining","53d":"Trig function","54d":"Santa ___ race track","55d":"Group character","59d":"Slangy yes","61d":"___ no good","62d":"Famous twins' home","63d":"Nighttimes, in poetry","65d":"Fury","67d":"Nth degree"},"answers":{"1a":"OLGA","5a":"EBON","9a":"KARAT","14a":"ROAM","15a":"LORE","16a":"AMUSE","17a":"BUMBLEBEE","19a":"TIMON","20a":"STALAG","21a":"ODAY","23a":"BRO","24a":"EVAS","26a":"YODELER","28a":"DISSENTS","32a":"KINE","33a":"ROT","34a":"SCOTS","36a":"DISCO","39a":"ALUM","41a":"ERECT","43a":"DEAD","44a":"GAMIN","46a":"MIRED","48a":"APE","49a":"BROM","51a":"NARRATOR","53a":"CALORIE","56a":"PRIG","57a":"ONE","58a":"MATS","60a":"ILLUSE","64a":"TIBIA","66a":"HUMBLEPIE","68a":"ATURN","69a":"ORAL","70a":"ATAN","71a":"NAMES","72a":"SEXY","73a":"MOMS","1d":"ORBS","2d":"LOUT","3d":"GAMA","4d":"AMBLES","5d":"ELEGANCE","6d":"BOB","7d":"OREO","8d":"NEEDY","9d":"KATYDID","10d":"AMI","11d":"RUMBLESEAT","12d":"ASORE","13d":"TENOR","18d":"LAVES","22d":"AOK","25d":"STORM","27d":"ENID","28d":"DRAG","29d":"IOLA","30d":"STUMBLEBUM","31d":"STEIN","35d":"SCRAP","37d":"CAPO","38d":"ODER","40d":"MIRO","42d":"TERRIBLY","45d":"NORMANS","47d":"DRILL","50d":"MIA","52d":"AGLEAM","53d":"COTAN","54d":"ANITA","55d":"ETHOS","59d":"SURE","61d":"UPTO","62d":"SIAM","63d":"EENS","65d":"IRE","67d":"MAX"}}