{"numbers":[["1","2","3","4","-","-","5","6","7","8","9","-","10","11","12","13","14","-","15","16","17"],["18","","","","-","19","","","","","","-","20","","","","","-","21","",""],["22","","","","23","","","","","","","24","","","","","","-","25","",""],["26","","","-","27","","","-","28","","","","-","-","29","","","30","","",""],["31","","","32","","","","33","","","","","-","34","","","","","","",""],["35","","","","","-","36","","","","","-","37","","","","-","38","","",""],["-","-","-","39","","40","","","-","-","-","41","","","","-","42","","","-","-"],["43","44","45","-","46","","","-","47","48","49","","","","-","-","50","","","51","-"],["52","","","53","","","-","54","","","","","","","55","56","","-","57","","58"],["59","","","","","-","60","","","","","-","-","-","61","","","62","","",""],["63","","","","-","64","","","","","","65","66","67","","","-","68","","",""],["69","","","","70","","","-","-","-","71","","","","","-","72","","","",""],["73","","","-","74","","","75","76","77","","","","","-","78","","","","",""],["-","79","","80","","-","-","81","","","","","","-","82","","","-","83","",""],["-","-","84","","","-","85","","","","-","-","-","86","","","","87","-","-","-"],["88","89","","","-","90","","","","-","91","92","93","","","-","94","","95","96","97"],["98","","","","99","","","","-","100","","","","","","101","","","","",""],["102","","","","","","","-","-","103","","","","-","104","","","-","105","",""],["106","","","-","107","","","108","109","","","","","110","","","","111","","",""],["112","","","-","113","","","","","-","114","","","","","","-","115","","",""],["116","","","-","117","","","","","-","118","","","","","-","-","119","","",""]],"clues":{"1a":"Her Majesty: Abbr.","5a":"Euripedes tragedy","10a":"Southwestern sights","15a":"Wharton deg.","18a":"Feet","19a":"Anemic in the extreme","20a":"Double duty?","21a":"Auction conclusion","22a":"Season's greetings from Athens","25a":"Jet affliction","26a":"Oklahoma Indian","27a":"___ bodkins","28a":"Paisley and Fleming","29a":"Subscribe to","31a":"Season's greetings from Seoul","34a":"Controversial coat material","35a":"\"Steppenwolf\" author","36a":"Game show group","37a":"Mideast carrier","38a":"Wear well","39a":"Store money","41a":"Go out with a bang","42a":"Actor Mineo","43a":"Uncle of note","46a":"Oklahoma city","47a":"Provide with information","50a":"Mother of Horus","52a":"Denton of \"Our Miss Brooks\"","54a":"Season's greetings from Rome","57a":"Start for plop or plunk","59a":"Some steak orders","60a":"___ Rock (Australian tourist site)","61a":"Major-league","63a":"Nagy of Hungary","64a":"Season's greetings from Oslo","68a":"\"Lucky Jim\" author","69a":"Kind of tax","71a":"Desk-box words","72a":"Orange container","73a":"Jerk","74a":"Season's greetings from Paris","78a":"Overcharged","79a":"Half a train toot","81a":"Rules","82a":"___ Friday","83a":"Simile center","84a":"Hwys.","85a":"Gerald and Hodges","86a":"Lunchtimes","88a":"Fort ___, Ontario","90a":"Diving position","91a":"\"Inside the Third Reich\" writer","94a":"First of a Roman trio","98a":"The other woman","100a":"Season's greetings from Madrid","102a":"Marble","103a":"Babysitter's bane","104a":"___ du Diable","105a":"Sixth-century date","106a":"Street of film","107a":"Season's greetings from Dublin","112a":"J.F.K. info","113a":"Travel book?","114a":"Come to the fore","115a":"___ homo","116a":"U.S.C.G. call","117a":"City on the Aire","118a":"Lee and Roosevelt","119a":"Unwelcome growth","1d":"\"Mayor\" author","2d":"Have no taste for","3d":"Nome's domes","4d":"Eva's half sister?","5d":"Kangaroo pouches","6d":"Biblical judge","7d":"Create wardrobes","8d":"What's left","9d":"Without a key","10d":"\"No ___\" (menu line)","11d":"Sorbonne summer","12d":"Ray","13d":"Treat, as glass","14d":"Have car trouble","15d":"Season's greetings from Oahu","16d":"MTV bad boy","17d":"Silver","19d":"Third degrees","23d":"Red-and-white containers","24d":"Adm.'s outfit","30d":"The Galapagos, e.g.","32d":"C.I.A. predecessor","33d":"Tot's timeout","34d":"Point of view","37d":"\"Tales From Shakespeare\" writer","40d":"Cereal box abbr.","41d":"E.M.K. is one","42d":"Teutonic triumph","43d":"Lines","44d":"Biblical language","45d":"Season's greetings from Manchester","47d":"Signaled","48d":"Folk history","49d":"Ready a rifle","51d":"Descendants of Noah","53d":"\"___ was the sky so deep a hue\": Warner","54d":"Tournament pass","55d":"Touch upon","56d":"Diamond girl","58d":"Grayish green","60d":"Comrade","62d":"O'Hara's home","64d":"Day-___","65d":"Aware of","66d":"Accepts an invitation","67d":"Summer mo.","70d":"Spanish eyes","72d":"Acted craftily","75d":"Nobelist poet Karlfeldt et al.","76d":"River to the Ubangi","77d":"Greek consonants","78d":"___ Tome","80d":"\"Golden Boy\" playwright","82d":"Early times","85d":"1841 ballet","86d":"Pince-___","87d":"Lab work: Abbr.","88d":"Hosts","89d":"Bridge over the Grand Canal","90d":"Mescal","91d":"Suit materials","92d":"Ambulance supply","93d":"Choice word","95d":"Cite, as reasons","96d":"Spitefulness","97d":"With revisions","99d":"Kidney-related","100d":"'60s-'70s crime drama, with \"The\"","101d":"Wings","108d":"Sonny","109d":"Undignified mount","110d":"\"...man ___ mouse?\"","111d":"Chop"},"answers":{"1a":"ELIZ","5a":"MEDEA","10a":"MESAS","15a":"MBA","18a":"DOGS","19a":"PALEST","20a":"STUNT","21a":"EER","22a":"KALACHRISTOUGENNA","25a":"LAG","26a":"OTO","27a":"ODS","28a":"IANS","29a":"BELIEVE","31a":"CHOOKSUNGTAN","34a":"SEALSKIN","35a":"HESSE","36a":"PANEL","37a":"ELAL","38a":"LAST","39a":"SCRIP","41a":"SLAM","42a":"SAL","43a":"SAM","46a":"ADA","47a":"CLUEIN","50a":"ISIS","52a":"CRENNA","54a":"BUONNATALE","57a":"KER","59a":"RARES","60a":"AYERS","61a":"BIGTIME","63a":"IMRE","64a":"GLEDELIGJUL","68a":"AMIS","69a":"PAYROLL","71a":"INOUT","72a":"CRATE","73a":"TIC","74a":"JOYEUXNOEL","78a":"SOAKED","79a":"CHOO","81a":"REIGNS","82a":"MAN","83a":"ASA","84a":"RDS","85a":"GILS","86a":"NOONS","88a":"ERIE","90a":"PIKE","91a":"SPEER","94a":"ICAME","98a":"MISTRESS","100a":"FELIZNAVIDAD","102a":"CATSEYE","103a":"BRAT","104a":"ILE","105a":"DLI","106a":"ELM","107a":"NOLLAIGSHONADHUIT","112a":"ETA","113a":"ATLAS","114a":"EMERGE","115a":"ECCE","116a":"SOS","117a":"LEEDS","118a":"SARAS","119a":"WEED","1d":"EDKOCH","2d":"LOATHE","3d":"IGLOOS","4d":"ZSA","5d":"MARSUPIA","6d":"ELI","7d":"DESIGN","8d":"ESTATE","9d":"ATONAL","10d":"MSG","11d":"ETE","12d":"SUNBEAM","13d":"ANNEAL","14d":"STALL","15d":"MELEKALIKIMAKA","16d":"BEAVIS","17d":"ARGENT","19d":"PHDS","23d":"COKECANS","24d":"USN","30d":"ISLAS","32d":"OSS","33d":"NAP","34d":"SLANT","37d":"ELIA","40d":"RDA","41d":"SEN","42d":"SIEG","43d":"SCRIPT","44d":"ARAMAIC","45d":"MERRYCHRISTMAS","47d":"CUED","48d":"LORE","49d":"UNSLING","51d":"SEMITES","53d":"NEER","54d":"BYE","55d":"ABUT","56d":"LIL","58d":"RESEDA","60d":"ALLY","62d":"TARA","64d":"GLO","65d":"INON","66d":"GOES","67d":"JUL","70d":"OJOS","72d":"CONNIVED","75d":"ERIKS","76d":"UELE","77d":"XIS","78d":"SAO","80d":"ODETS","82d":"MORNINGS","85d":"GISELLE","86d":"NEZ","87d":"SCI","88d":"EMCEES","89d":"RIALTO","90d":"PEYOTE","91d":"SERGES","92d":"PLASMA","93d":"EITHER","95d":"ADDUCE","96d":"MALICE","97d":"EDITED","99d":"RENAL","100d":"FBI","101d":"ALAE","108d":"LAD","109d":"ASS","110d":"ORA","111d":"HEW"}}