{"numbers":[["1","2","3","4","-","5","6","7","8","9","-","10","11","12","13"],["14","","","","-","15","","","","","-","16","","",""],["17","","","","-","18","","","","","-","19","","",""],["20","","","","21","","","","","","-","22","","",""],["-","-","-","-","23","","","-","-","24","25","","","",""],["26","27","28","29","","","-","30","31","","","-","-","-","-"],["32","","","","","-","33","","","","","34","35","36","37"],["38","","","","-","39","","","","","-","40","","",""],["41","","","","42","","","","","-","43","","","",""],["-","-","-","-","44","","","","-","45","","","","",""],["46","47","48","49","","","-","-","50","","","-","-","-","-"],["51","","","","-","52","53","54","","","","55","56","57","58"],["59","","","","-","60","","","","","-","61","","",""],["62","","","","-","63","","","","","-","64","","",""],["65","","","","-","66","","","","","-","67","","",""]],"clues":{"1a":"\"Julius Caesar\" role","5a":"Shall not, old-style","10a":"Actress Drescher of \"The Nanny\"","14a":"The third man","15a":"Red, white or blue","16a":"San ___ (Riviera's resort)","17a":"Uncle Ben's dish","18a":"Rod Stewart's ex","19a":"\"What's ___ for me?\"","20a":"James Cook ship","22a":"Hardy heroine","23a":"FedEx rival","24a":"Words after \"Oh yeah?\"","26a":"Smiles smugly","30a":"Doe's mate","32a":"\"Tippy\" boat","33a":"Henry Hudson ship","38a":"Tough-guy actor Ray","39a":"Corday's victim","40a":"Gen. Robt. ___","41a":"William Bradford ship","43a":"Sports facility","44a":"Charged particles","45a":"Shorebird","46a":"Indiana college","50a":"Coach Parseghian","51a":"A Great Lake","52a":"Sir Francis Drake ship","59a":"Breakfast order","60a":"Neeson and O'Flaherty","61a":"German-Polish border river","62a":"Avec's opposite","63a":"Stan's friend, in old films","64a":"Tableland","65a":"First word of Massachusett's motto","66a":"Lawman Earp","67a":"\"___ as 1, 2, 3\"","1d":"Mystery writer John Dickson ___","2d":"He had an Irish Rose","3d":"Private eyes, in slang","4d":"Butterine","5d":"Diving ducks","6d":"Romance novelist Victoria et al.","7d":"Jai ___","8d":"Taboo","9d":"Conduct, as business","10d":"Sen. Hollings","11d":"Extend, as a subscription","12d":"Some Mennonites","13d":"Untrue","21d":"One of the Gospels","25d":"Swelled head","26d":"Ripoff","27d":"___ fides (bad faith): Lat.","28d":"___ 500","29d":"Heliport site, often","30d":"Fillies' fathers","31d":"Moscow ruler","33d":"Sunup","34d":"___ Beach, Fla.","35d":"Hgt.","36d":"Artist Magritte","37d":"Vintage","39d":"Clair de lune","42d":"Tell a whopper","43d":"A.A. Milne's first name","45d":"Coffee-maker switch","46d":"V-formation fliers","47d":"Sidewalk grinder's instrument","48d":"\"Stop\" and \"Merge\", e.g.","49d":"Novelist Hermann","50d":"Fess up","53d":"Unctuous","54d":"Carol syllables","55d":"\"Fourth base\"","56d":"Notion","57d":"An Untouchable","58d":"Cart"},"answers":{"1a":"CATO","5a":"SHANT","10a":"FRAN","14a":"ABEL","15a":"COLOR","16a":"REMO","17a":"RICE","18a":"ALANA","19a":"INIT","20a":"RESOLUTION","22a":"TESS","23a":"UPS","24a":"SEZWHO","26a":"SMIRKS","30a":"STAG","32a":"CANOE","33a":"DISCOVERY","38a":"ALDO","39a":"MARAT","40a":"ELEE","41a":"MAYFLOWER","43a":"ARENA","44a":"IONS","45a":"PLOVER","46a":"GOSHEN","50a":"ARA","51a":"ERIE","52a":"GOLDENHIND","59a":"EGGS","60a":"LIAMS","61a":"ODER","62a":"SANS","63a":"OLLIE","64a":"MESA","65a":"ENSE","66a":"WYATT","67a":"EASY","1d":"CARR","2d":"ABIE","3d":"TECS","4d":"OLEO","5d":"SCAUPS","6d":"HOLTS","7d":"ALAI","8d":"NONO","9d":"TRANSACT","10d":"FRITZ","11d":"RENEW","12d":"AMISH","13d":"NOTSO","21d":"LUKE","25d":"EGO","26d":"SCAM","27d":"MALA","28d":"INDY","29d":"ROOF","30d":"SIRES","31d":"TSAR","33d":"DAWN","34d":"VERO","35d":"ELEV","36d":"RENE","37d":"YEAR","39d":"MOONGLOW","42d":"LIE","43d":"ALAN","45d":"PRESET","46d":"GEESE","47d":"ORGAN","48d":"SIGNS","49d":"HESSE","50d":"ADMIT","53d":"OILY","54d":"LALA","55d":"HOME","56d":"IDEA","57d":"NESS","58d":"DRAY"}}