{"numbers":[["-","1","2","3","4","-","-","5","6","7","8","9","10","11","-"],["12","","","","","13","-","14","","","","","","","-"],["15","","","","","","-","16","","","","","","","17"],["18","","","","-","19","20","","","","-","-","21","",""],["22","","","","23","","","","-","-","24","25","","",""],["-","-","-","26","","","","","-","27","","","-","-","-"],["28","29","30","","","-","31","","32","","","","33","34","35"],["36","","","","-","37","","","","","-","38","","",""],["39","","","","40","","","","","-","41","","","",""],["-","-","-","42","","","-","43","","44","","","-","-","-"],["45","46","47","","","-","-","48","","","","","49","50","51"],["52","","","-","-","53","54","","","","-","55","","",""],["56","","","57","58","","","","-","59","60","","","",""],["-","61","","","","","","","-","62","","","","",""],["-","63","","","","","","","-","-","64","","","","-"]],"clues":{"1a":"Meeting: Abbr.","5a":"Byron's \"best of prophets\"","12a":"Freight carrier","14a":"1979 hit by the Police","15a":"Convert a message","16a":"Renunciation of faith","18a":"Poirot's \"Mon ___!\"","19a":"\"No Time for Sergeants\" playwright","21a":"Mr. Ziegfeld","22a":"Place of drudgery","24a":"___ Valley, Calif.","26a":"Alloy","27a":"Account receivable","28a":"Actress Samantha","31a":"\"Mr. ___ Builds His Dream House\" (1948 film)","36a":"Old World deer","37a":"She played 50-Down's partner","38a":"\"I read you\"","39a":"Mugfuls","41a":"\"Allah ___!\" (Teheran cry)","42a":"Dig in","43a":"Hangs five","45a":"\"Pique Dame,\" e.g.","48a":"Arthur Miller play, with \"The\"","52a":"___ Tin Tin","53a":"Palette pigment","55a":"Pipe hole","56a":"Move","59a":"Words to the wise","61a":"Crackpot","62a":"Vassals","63a":"Son of a ___ (nautical epithet)","64a":"\"Cabaret\" star","1d":"Actress Braga","2d":"Hyundai model","3d":"Tonto's equestrian role?","4d":"Long-faced","5d":"Robert E. Lee's reins?","6d":"Rain dancer, maybe","7d":"Nebraska Senator James","8d":"___ de deux","9d":"Army crawler","10d":"Super blooper","11d":"Induction motor pioneer","12d":"Hospital count","13d":"Turned back on","17d":"Relative of \"Ouch!\"","20d":"Permit","23d":"French sea","24d":"Turf","25d":"Lone Ranger's \"Giddyap\"?","27d":"Current administration","28d":"Flub","29d":"Gunk","30d":"Graphic start","32d":"Give confidence to","33d":"San Francisco's ___ Hill","34d":"Transcript figure, for short","35d":"Mideast land: Abbr.","37d":"\"___ real!\"","40d":"Ewe said it","41d":"Annual playoff grp.","44d":"Arcadian","45d":"Three-time Hart Trophy winner","46d":"Old Milwaukee competitor","47d":"Result","49d":"Earth tone","50d":"Title character in an 80's police drama","51d":"Barely makes, with \"out\"","53d":"Cartoon canine","54d":"Muse of history","57d":"Bambi's aunt","58d":"Second O of O-O-O","60d":"\"Savvy?\""},"answers":{"1a":"SESS","5a":"THEPAST","12a":"BOXCAR","14a":"ROXANNE","15a":"ENCODE","16a":"APOSTASY","18a":"DIEU","19a":"LEVIN","21a":"FLO","22a":"SALTMINE","24a":"SQUAW","26a":"METAL","27a":"IOU","28a":"EGGAR","31a":"BLANDINGS","36a":"ROES","37a":"GLESS","38a":"COPY","39a":"ROOTBEERS","41a":"AKBAR","42a":"EAT","43a":"SURFS","45a":"OPERA","48a":"CRUCIBLE","52a":"RIN","53a":"OCHER","55a":"LEAK","56a":"RESETTLE","59a":"ADVICE","61a":"LUNATIC","62a":"LIEGES","63a":"SEACOOK","64a":"GREY","1d":"SONIA","2d":"EXCEL","3d":"SCOUTMASTER","4d":"SAD","5d":"TRAVELLERSCHECK","6d":"HOPI","7d":"EXON","8d":"PAS","9d":"ANT","10d":"SNAFU","11d":"TESLA","12d":"BEDS","13d":"RELIT","17d":"YOW","20d":"ENABLE","23d":"MER","24d":"SOD","25d":"QUICKSILVER","27d":"INS","28d":"ERR","29d":"GOO","30d":"GEO","32d":"ASSURE","33d":"NOB","34d":"GPA","35d":"SYR","37d":"GET","40d":"BAA","41d":"AFC","44d":"RURAL","45d":"ORR","46d":"PIELS","47d":"ENSUE","49d":"BEIGE","50d":"LACEY","51d":"EKES","53d":"OTTO","54d":"CLIO","57d":"ENA","58d":"TAC","60d":"DIG"}}