{"numbers":[["-","1","2","3","-","-","4","5","6","7","8","-","9","10","11"],["12","","","","13","-","14","","","","","-","15","",""],["16","","","","","17","","","","","","-","18","",""],["19","","","","","","-","-","20","","","21","","",""],["-","22","","","","","23","-","24","","","","-","-","-"],["-","-","25","","","","","26","","","","","27","28","29"],["30","31","","-","32","","","","-","-","-","33","","",""],["34","","","35","-","36","","","37","38","-","39","","",""],["40","","","","-","-","-","41","","","42","-","43","",""],["44","","","","45","46","47","","","","","48","","-","-"],["-","-","-","49","","","","-","50","","","","","51","-"],["52","53","54","","","","","-","-","55","","","","","56"],["57","","","-","58","","","59","60","","","","","",""],["61","","","-","62","","","","","-","63","","","",""],["64","","","-","65","","","","","-","-","66","","","-"]],"clues":{"1a":"B followers","4a":"Philippine island","9a":"Writer LeShan","12a":"Penned","14a":"Thin pancake","15a":"Campaign donor, for short","16a":"Have airs, like Rover?","18a":"Dockers' org.","19a":"Gleaming","20a":"Shady","22a":"Washington's Mount St. ___","24a":"Director Fred et al.","25a":"Have it rough, like Asta?","30a":"\"___ make myself clear?\"","32a":"Hockey feint","33a":"Art school subj.","34a":"Author Ferber","36a":"Transplant","39a":"Goods: Abbr.","40a":"Sleeps in a sitting position","41a":"Spanish other","43a":"Tom Jones's \"___ Not Unusual\"","44a":"Get Marmaduke's reaction?","49a":"Rock's ___ Straits","50a":"Clothes","52a":"Patron of France","55a":"Remedial workshop","57a":"Inventor's cry","58a":"Visit the pound?","61a":"Dickens pen name","62a":"\"Oklahoma!\" aunt","63a":"Relaxing bath","64a":"Afore","65a":"Plow man","66a":"180° from NNW","1d":"Teen love","2d":"Jitterbug","3d":"Prima ballerina","4d":"Acad. or univ.","5d":"\"___ you for real?\"","6d":"Doc","7d":"Moral fable: Var.","8d":"Sliding-door grooves","9d":"Of great size","10d":"Mustachioed artist","11d":"\"___ may look on a king\"","12d":"F.D.R. program","13d":"Group of nine","17d":"Proffer","21d":"Ali's faith","23d":"Benefit","26d":"Station","27d":"Native","28d":"Eschew food","29d":"Hot times in Saint-Tropez","30d":"Fender bender","31d":"Skunk's defense","35d":"Stage mutter","37d":"Will-___-wisp","38d":"Soldier's line of defense","42d":"Discombobulates","45d":"Imparted a slight taste to","46d":"Baltimore bird","47d":"Get cozy","48d":"\"A Dog of Flanders\" author et al.","51d":"Actress ___ Hasso","52d":"Kemo ___ (trusty scout)","53d":"Air Force missile","54d":"Flabbergast","56d":"Inits. for R.E. Lee","59d":"\"___ the ramparts...\"","60d":"Uno + due"},"answers":{"1a":"CDE","4a":"SAMAR","9a":"EDA","12a":"WROTE","14a":"CREPE","15a":"PAC","16a":"PUTONTHEDOG","18a":"ILA","19a":"ASHINE","20a":"ILLICIT","22a":"HELENS","24a":"COES","25a":"LEADADOGSLIFE","30a":"DOI","32a":"DEKE","33a":"ANAT","34a":"EDNA","36a":"REPOT","39a":"MDSE","40a":"NODS","41a":"OTRA","43a":"ITS","44a":"TRYITONTHEDOG","49a":"DIRE","50a":"ENDUES","52a":"STDENIS","55a":"CLINIC","57a":"AHA","58a":"GOTOTHEDOGS","61a":"BOZ","62a":"ELLER","63a":"SAUNA","64a":"ERE","65a":"DEERE","66a":"SSE","1d":"CRUSH","2d":"DOTHELINDY","3d":"ETOILE","4d":"SCH","5d":"ARE","6d":"MEDICO","7d":"APOLOG","8d":"REGLES","9d":"EPIC","10d":"DALI","11d":"ACAT","12d":"WPA","13d":"ENNEAD","17d":"TENDER","21d":"ISLAM","23d":"SAKE","26d":"DEPOT","27d":"INDIGENOUS","28d":"FAST","29d":"ETES","30d":"DENT","31d":"ODOR","35d":"ASIDE","37d":"OTHE","38d":"TRENCH","42d":"ADDLES","45d":"TINGED","46d":"ORIOLE","47d":"NESTLE","48d":"OUIDAS","51d":"SIGNE","52d":"SABE","53d":"THOR","54d":"DAZE","56d":"CSA","59d":"OER","60d":"TRE"}}