{"numbers":[["1","2","3","4","5","6","-","-","-","7","8","9","10","11","12"],["13","","","","","","-","-","14","","","","","",""],["15","","","","","","16","-","17","","","","","",""],["18","","","","","","","-","19","","","","","",""],["-","-","20","","","","","21","","-","22","","","-","-"],["-","-","-","-","23","","","","","24","","","","25","26"],["27","28","29","30","","","-","31","","","","","","",""],["32","","","","-","33","34","","","","-","35","","",""],["36","","","","37","","","","-","38","39","","","",""],["40","","","","","","","","41","","","-","-","-","-"],["-","-","42","","","-","43","","","","","44","45","-","-"],["46","47","","","","48","","-","49","","","","","50","51"],["52","","","","","","","-","53","","","","","",""],["54","","","","","","","-","-","55","","","","",""],["56","","","","","","-","-","-","57","","","","",""]],"clues":{"1a":"Mischief-maker","7a":"Pokes","13a":"Snub","14a":"Cartoon tot","15a":"Shocks","17a":"Guinea pigs","18a":"Numbers on a letter","19a":"Go-aheads","20a":"Bluejackets","22a":"Comedian Olsen","23a":"With a whole new appearance","27a":"Big Bill of the court","31a":"Kind of music notation","32a":"Sunburn soother","33a":"Music Appreciation, for one","35a":"Lead-in for flops or hertz","36a":"Certain crimes","38a":"Domain for Athena","40a":"Cleaned, in a way","42a":"Ending with pay or plug","43a":"Preparing, with \"up\"","46a":"Famously cold Maine town","49a":"\"Step on the gas!\"","52a":"Fruity beverage","53a":"Electron tube","54a":"\"The Gathering\" star","55a":"Plants used in ropemaking","56a":"Slip","57a":"Tantrums","1d":"___ Brothers (old film slapstick team)","2d":"Cultural opening","3d":"Fractures","4d":"Tête-à-tête","5d":"Fancy cabinet","6d":"S.A.T. taker's need","7d":"Shropshire mothers","8d":"Landlords","9d":"Tropical kernels","10d":"Attentive","11d":"Biblical verb","12d":"Mouth off","14d":"Attitudes","16d":"Hauler","21d":"All together","24d":"Pleading the Fifth","25d":"Edible rootstock","26d":"Ancient Khuzistan","27d":"Filing aids","28d":"Pelvic bones","29d":"Type of statistical distribution","30d":"Most pernicious","34d":"Texas ___","37d":"Swaziland's capital","39d":"Crackbrained","41d":"Sherman was his Veep","44d":"St. Olaf's subjects","45d":"More than a murmur","46d":"F or G, e.g.","47d":"Opera set in Memphis","48d":"Baltic Sea feeder","50d":"\"Monty Python\" regular","51d":"1979 Nastassja Kinski role"},"answers":{"1a":"RASCAL","7a":"ELBOWS","13a":"IGNORE","14a":"SWEEPEA","15a":"TRAUMAS","17a":"TESTERS","18a":"ZIPCODE","19a":"ASSENTS","20a":"SHIPMEN","22a":"OLE","23a":"REINCARNATE","27a":"TILDEN","31a":"MENSURAL","32a":"ALOE","33a":"CLASS","35a":"TERA","36a":"BIGAMIES","38a":"WISDOM","40a":"SANDBLASTED","42a":"OLA","43a":"GEARING","46a":"CARIBOU","49a":"FLOORIT","52a":"LIMEADE","53a":"TETRODE","54a":"EDASNER","55a":"SISALS","56a":"FALTER","57a":"SCENES","1d":"RITZ","2d":"AGRI","3d":"SNAPS","4d":"COUCH","5d":"ARMOIRE","6d":"LEADPENCIL","7d":"EWES","8d":"LESSORS","9d":"BETELNUTS","10d":"OPENEARED","11d":"WERT","12d":"SASS","14d":"STANCES","16d":"SEMI","21d":"ENMASSE","24d":"ANSWERLESS","25d":"TARO","26d":"ELAM","27d":"TABS","28d":"ILIA","29d":"LOGNORMAL","30d":"DEADLIEST","34d":"LEAGUER","37d":"MBABANE","39d":"IDIOTIC","41d":"TAFT","44d":"NORSE","45d":"GROAN","46d":"CLEF","47d":"AIDA","48d":"ODER","50d":"IDLE","51d":"TESS"}}