{"numbers":[["1","2","3","4","-","5","6","7","8","-","9","10","11","12","13"],["14","","","","-","15","","","","-","16","","","",""],["17","","","","-","18","","","","-","19","","","",""],["20","","","","21","","","","","-","22","","","",""],["23","","","","","","","-","24","25","","","-","-","-"],["-","-","-","26","","","","-","27","","","","28","29","30"],["31","32","33","","","","","-","34","","","","","",""],["35","","","","","-","-","-","-","-","36","","","",""],["37","","","","","38","39","-","40","41","","","","",""],["42","","","","","","","-","43","","","","-","-","-"],["-","-","-","44","","","","-","45","","","","46","47","48"],["49","50","51","","","-","52","53","","","","","","",""],["54","","","","","-","55","","","","-","56","","",""],["57","","","","","-","58","","","","-","59","","",""],["60","","","","","-","61","","","","-","62","","",""]],"clues":{"1a":"Surely he jests","5a":"Comme ci, comme ça","9a":"Produce","14a":"Turning point","15a":"Bundle","16a":"Brooks of baseball","17a":"Piquancy","18a":"Homeowner's hangover?","19a":"Circus Maximus, e.g.","20a":"Startling revelation","22a":"Eland land","23a":"Keystone Kops creator","24a":"Kind of rock","26a":"\"Clinton's Ditch\"","27a":"Freight weight","31a":"Midlothian misses","34a":"Attracts and holds","35a":"Right from the beginning?","36a":"Multimedia format","37a":"Vitamin prescription","40a":"Boutonniere's counterpart","42a":"Not quite major-league","43a":"It's often thrust upon someone","44a":"Throwaway part","45a":"Most trim","49a":"Nomadic Mongol tribe","52a":"Fifty-fifty","54a":"Kind of committee","55a":"Deprivation","56a":"Burg","57a":"\"Camelot\" composer","58a":"March 15 question","59a":"Parmenides's birthplace","60a":"Dutch artist Hals","61a":"Lop the crop","62a":"Senator in space, 1985","1d":"Rattles","2d":"Small round window","3d":"Novelist Tillie","4d":"Relax, literally","5d":"Snookums","6d":"'75 U.S. Open winner Manuel","7d":"Computer command","8d":"Do business","9d":"Hair-raiser?","10d":"Become angry, literally","11d":"Mr. Magwitch of \"Great Expectations\"","12d":"Crank (up)","13d":"Spruce","21d":"They're historically evocative","25d":"Hornswoggle","28d":"Mogul capital until 1658","29d":"Rand McNally subj.","30d":"Salinger's \"For ___--With Love and Squalor\"","31d":"\"The Talmadge Girls\" author","32d":"\"Tom Thumb\" composer","33d":"Stanch","38d":"Son of Val and Aleta","39d":"Peak performer?","40d":"Relative of the organ","41d":"Begins firing","46d":"First name in aviation","47d":"\"Les Miz\" setting","48d":"Theater critic Kenneth","49d":"Moiety","50d":"Effluvium","51d":"Poseidon's mother","53d":"Have one's say, in a way"},"answers":{"1a":"FOOL","5a":"SOSO","9a":"SPAWN","14a":"AXLE","15a":"WRAP","16a":"HUBIE","17a":"ZEST","18a":"EAVE","19a":"ARENA","20a":"EYEOPENER","22a":"VELDT","23a":"SENNETT","24a":"ACID","26a":"ERIE","27a":"TONNAGE","31a":"LASSIES","34a":"ENGAGES","35a":"ORTHO","36a":"CDROM","37a":"ONEADAY","40a":"CORSAGE","42a":"SEMIPRO","43a":"EPEE","44a":"RIND","45a":"LEANEST","49a":"HORDE","52a":"EVENMONEY","54a":"ADHOC","55a":"LOSS","56a":"TOWN","57a":"LOEWE","58a":"ETTU","59a":"ELEA","60a":"FRANS","61a":"REAP","62a":"GARN","1d":"FAZES","2d":"OXEYE","3d":"OLSEN","4d":"LETONESHAIRDOWN","5d":"SWEETIE","6d":"ORANTES","7d":"SAVE","8d":"OPERATE","9d":"SHAVINGCREAM","10d":"PUREDNADSENOTEG","11d":"ABEL","12d":"WIND","13d":"NEAT","21d":"PERIODPIECES","25d":"CON","28d":"AGRA","29d":"GEOG","30d":"ESME","31d":"LOOS","32d":"ARNE","33d":"STEM","38d":"ARN","39d":"YODELER","40d":"CELESTA","41d":"OPENSUP","46d":"ENOLA","47d":"SEWER","48d":"TYNAN","49d":"HALF","50d":"ODOR","51d":"RHEA","53d":"VOTE"}}