{"numbers":[["1","2","3","4","5","6","7","-","8","9","10","11","12","13","14"],["15","","","","","","","-","16","","","","","",""],["17","","","","","","","-","18","","","","","",""],["19","","","","","-","20","21","","-","22","","","",""],["23","","","","-","24","","","","25","-","26","","",""],["27","","","-","28","","","","","","29","-","30","",""],["31","","","32","","","","","-","33","","34","","","-"],["-","-","-","35","","","","","36","","","","-","-","-"],["-","37","38","","","","-","39","","","","","40","41","42"],["43","","","-","44","","45","","","","","-","46","",""],["47","","","48","-","49","","","","","-","50","","",""],["51","","","","52","-","53","","","-","54","","","",""],["55","","","","","56","","-","57","58","","","","",""],["59","","","","","","","-","60","","","","","",""],["61","","","","","","","-","62","","","","","",""]],"clues":{"1a":"\"X\" denotes it","8a":"Swiss abodes","15a":"Continental, e.g.","16a":"Regular","17a":"No-___ (easy decision)","18a":"Radius, e.g.","19a":"Defeats","20a":"Brit. legislators","22a":"Posts","23a":"Debtors' notes","24a":"Runs amok","26a":"Bit of Livorno lucre","27a":"It's north of Afr.","28a":"Petrarch products","30a":"Crow's cry","31a":"Move back (from)","33a":"Make ___ at (try to pick up)","35a":"Felt the heat","37a":"Soviet cooperative","39a":"Demonstrated via charades","43a":"Baden-Powell offshoot org.","44a":"Besmirched","46a":"Computer's heart: Abbr.","47a":"Off-road conveyances, for short","49a":"Handed (out)","50a":"Suffix with slug or song","51a":"Old hat","53a":"Trojans' sch.","54a":"___ the good (beneficial)","55a":"Tiniest","57a":"Arranged in rows and columns","59a":"\"The flower of my heart\" in song","60a":"Office of a Muslim leader","61a":"Fit in perfectly","62a":"Emergency indicator","1d":"Female felines","2d":"Take on a freelance job","3d":"Deletion","4d":"Narrow openings","5d":"Bowling targets","6d":"Washington bill","7d":"Bus depot","8d":"Squeaky clean","9d":"Start of a Ralph Kramden laugh","10d":"Airborne defenses, for short","11d":"Smear","12d":"Alternatives to Nikes","13d":"Frozen expanses","14d":"Playground apparatus","21d":"Easy-maintenance hairstyles","24d":"Urged on with spurs","25d":"Began","28d":"Cut (off)","29d":"Something to get up to","32d":"\"Hey, you!\"","34d":"Annex","36d":"Wide-ranging, as tastes","37d":"In the saddle","38d":"Gulches","40d":"Having eyelike spots","41d":"Like Albany vis-à-vis New York City","42d":"Coached","43d":"Top film of 1989","45d":"Bumped illegally","48d":"Clown's prop","50d":"Water channel","52d":"Actor Jannings","54d":"Have ___ hair day","56d":"Dijon donkey","58d":"Te ___ (cigar brand)"},"answers":{"1a":"THESPOT","8a":"CHALETS","15a":"AIRLINE","16a":"HABITUE","17a":"BRAINER","18a":"ARMBONE","19a":"BESTS","20a":"MPS","22a":"SENDS","23a":"IOUS","24a":"RIOTS","26a":"LIRA","27a":"EUR","28a":"SONNETS","30a":"CAW","31a":"STEPAWAY","33a":"APASS","35a":"SWELTERED","37a":"ARTEL","39a":"ACTEDOUT","43a":"BSA","44a":"DEFILED","46a":"CPU","47a":"ATVS","49a":"DOLED","50a":"FEST","51a":"TRITE","53a":"USC","54a":"ALLTO","55a":"MINIMAL","57a":"TABULAR","59a":"ADELINE","60a":"IMAMATE","61a":"NESTLED","62a":"CODERED","1d":"TABBIES","2d":"HIREOUT","3d":"ERASURE","4d":"SLITS","5d":"PINS","6d":"ONE","7d":"TERMINAL","8d":"CHASTE","9d":"HAR","10d":"ABMS","11d":"LIBEL","12d":"ETONICS","13d":"TUNDRAS","14d":"SEESAW","21d":"PONYTAILS","24d":"ROWELED","25d":"STARTED","28d":"SAWED","29d":"SPEED","32d":"PST","34d":"ADD","36d":"ECLECTIC","37d":"ASTRIDE","38d":"RAVINES","40d":"OCELLAR","41d":"UPSTATE","42d":"TUTORED","43d":"BATMAN","45d":"FOULED","48d":"STILT","50d":"FLUME","52d":"EMIL","54d":"ABAD","56d":"ANE","58d":"AMO"}}