{"numbers":[["1","2","3","4","5","6","7","8","9","-","10","11","12","13","14"],["15","","","","","","","","","-","16","","","",""],["17","","","","","","","","","-","18","","","",""],["19","","","","-","20","","","","-","21","","","",""],["22","","","-","-","23","","","","24","-","25","","",""],["26","","","27","28","-","29","","","","30","-","31","",""],["-","-","-","32","","33","-","34","","","","-","35","",""],["36","37","38","","","","39","-","40","","","41","","",""],["42","","","-","43","","","44","-","45","","","-","-","-"],["46","","","-","47","","","","48","-","49","","50","51","52"],["53","","","54","-","55","","","","56","-","-","57","",""],["58","","","","59","-","60","","","","-","61","","",""],["62","","","","","-","63","","","","64","","","",""],["65","","","","","-","66","","","","","","","",""],["67","","","","","-","68","","","","","","","",""]],"clues":{"1a":"Self-supporting","10a":"According to","15a":"Turnpike sites","16a":"40's jazz-style singer Ella Mae","17a":"Cut off","18a":"Prime","19a":"Greek letters","20a":"Pulitizer-winning critic Richard","21a":"Naval acronym","22a":"Profits","23a":"Look","25a":"Albergo offering","26a":"\"___ Lover\" (1959 hit)","29a":"Herd orphan","31a":"Toe preceder","32a":"Focus","34a":"Hindu divinity","35a":"Had","36a":"Checks","40a":"Like a nursing infant","42a":"Cask","43a":"Choir members","45a":"Accelerate","46a":"Purge","47a":"Blackmore heroine","49a":"\"The Merry Widow\" star, 1952","53a":"Support payers","55a":"Tend the plants","57a":"Sacred serpent","58a":"Wounds","60a":"Elf of Persian folklore","61a":"Pop singer Stansfield","62a":"Fend (off)","63a":"Down-to-earth","65a":"Trevanian's \"The ___ Sanction\"","66a":"Following","67a":"Cinematographer's concern","68a":"Some leather garments","1d":"Patron","2d":"One in a flat","3d":"Possessions","4d":"Times spent on la plage","5d":"Ancient Roman spirit","6d":"Like a rainbow","7d":"In demand","8d":"Mashpee's peninsula","9d":"Ovarian product","10d":"Old-time actor Leon","11d":"Recitals, often","12d":"Type of medical care","13d":"Raise","14d":"Went over","24d":"Snake, for one","27d":"Response to a revelation","28d":"\"The Last Judgment,\" e.g.","30d":"Studio prop","33d":"Word after \"look out\"","36d":"Highlights","37d":"Starry-eyed","38d":"Minor","39d":"Down to one's last nickel","41d":"Fed. agency estab.in 1933","44d":"Future resident, perhaps","48d":"Make bubbly","50d":"Curacao quaff","51d":"Delegate","52d":"Staggers, with \"out\"","54d":"A natural","56d":"Asperity","59d":"Arid","61d":"Shenanigan","64d":"High school subj."},"answers":{"1a":"FREELANCE","10a":"ASPER","15a":"RESTAREAS","16a":"MORSE","17a":"INTERCEPT","18a":"ELECT","19a":"ETAS","20a":"EDER","21a":"SONAR","22a":"NET","23a":"DECOR","25a":"SALA","26a":"DREAM","29a":"DOGIE","31a":"TAC","32a":"HUB","34a":"DEVA","35a":"ATE","36a":"SQUARES","40a":"NESTLED","42a":"TUN","43a":"ALTI","45a":"REV","46a":"RID","47a":"LORNA","49a":"LAMAS","53a":"EXES","55a":"WATER","57a":"ASP","58a":"SORES","60a":"PERI","61a":"LISA","62a":"STAVE","63a":"PRAGMATIC","65a":"EIGER","66a":"ENTOURAGE","67a":"SCENE","68a":"DEERSKINS","1d":"FRIEND","2d":"RENTER","3d":"ESTATE","4d":"ETES","5d":"LAR","6d":"ARCED","7d":"NEEDED","8d":"CAPECOD","9d":"ESTROGEN","10d":"AMES","11d":"SOLOS","12d":"PRENATAL","13d":"ESCALATE","14d":"RETRACED","24d":"RIVER","27d":"AHA","28d":"MURAL","30d":"EASEL","33d":"BELOW","36d":"STRESSES","37d":"QUIXOTIC","38d":"UNDERAGE","39d":"STRAPPED","41d":"TVA","44d":"INTERNE","48d":"AERATE","50d":"MAITAI","51d":"ASSIGN","52d":"SPACES","54d":"SEVEN","56d":"RIGOR","59d":"SERE","61d":"LARK","64d":"MUS"}}