{"numbers":[["1","2","3","4","5","6","-","7","8","9","10","11","12","13","14"],["15","","","","","","-","16","","","","","","",""],["17","","","","","","-","18","","","","","","",""],["19","","","-","20","","21","","","","-","-","22","",""],["23","","","-","24","","","","-","25","26","27","","",""],["28","","","29","-","-","30","","31","-","32","","","",""],["33","","","","34","35","-","36","","37","","","-","-","-"],["38","","","","","","39","","","","","","40","41","42"],["-","-","-","43","","","","","-","44","","","","",""],["45","46","47","","","-","48","","49","-","-","50","","",""],["51","","","","","52","-","53","","54","55","-","56","",""],["57","","","-","-","58","59","","","","","-","60","",""],["61","","","62","63","","","","-","64","","65","","",""],["66","","","","","","","","-","67","","","","",""],["68","","","","","","","","-","69","","","","",""]],"clues":{"1a":"Camera settings","7a":"Reprobate","15a":"1970's Best Picture","16a":"\"Shogun\" rite","17a":"Secluded spot","18a":"Like Toons","19a":"Cedar Rapids college","20a":"Verdugo and others","22a":"Not share","23a":"Partake of","24a":"Work long and hard","25a":"Store, in a way","28a":"Air bubble","30a":"African sorceress of fiction","32a":"At the age of: Lat., abbr.","33a":"Agamemnon's father","36a":"Rocky ridge","38a":"1940 Hope film","43a":"Lissome","44a":"Stealth craft","45a":"Scratchy shrub","48a":"Chopper","50a":"___ bene","51a":"Camels' kin","53a":"Furthermore","56a":"Prefix meaning failure","57a":"Roy Orbison's \"___ Over\"","58a":"Playwright Norman","60a":"Queen before Sophia","61a":"Refute","64a":"Personal spa","66a":"Dubai and others","67a":"Disentwine","68a":"Security","69a":"Hitchcock book \"A ___ of a Different Color\"","1d":"Longest key","2d":"City north of Sunnyvale","3d":"And like that","4d":"Ike's arena","5d":"Peaceable types","6d":"New Zealand runner Peter","7d":"1932 Dietrich film","8d":"Miracle site","9d":"Greet the day","10d":"Flight","11d":"Police-blotter letters","12d":"Hip","13d":"Interstice on an insect's wing","14d":"Role for seven actresses","21d":"Sister of Selene","26d":"Durban's province","27d":"Enter gradually","29d":"Chaos","31d":"Directional suffix","34d":"City on the Mohawk","35d":"Soak","37d":"Fellow, in slang","39d":"___ Na Na","40d":"Part of a dash","41d":"Hangers-on","42d":"Penciled-in","45d":"Vacation mementos","46d":"Last syllable of a word","47d":"Backbone of a mountain range","49d":"1994 U.S. Open champ Ernie","52d":"Walloped","54d":"\"Yup\"","55d":"Rhone tributary","59d":"Ancient greetings","62d":"Before indicator","63d":"Tore","65d":"Singer's syllable"},"answers":{"1a":"SPEEDS","7a":"SCALAWAG","15a":"PATTON","16a":"HARAKIRI","17a":"ALCOVE","18a":"ANIMATED","19a":"COE","20a":"ELENAS","22a":"HOG","23a":"EAT","24a":"SLOG","25a":"ENSILE","28a":"BLEB","30a":"SHE","32a":"AETAT","33a":"ATREUS","36a":"ARETE","38a":"ROADTOSINGAPORE","43a":"LITHE","44a":"GLIDER","45a":"SUMAC","48a":"AXE","50a":"NOTA","51a":"LLAMAS","53a":"PLUS","56a":"MIS","57a":"ITS","58a":"MARSHA","60a":"ENA","61a":"DISPROVE","64a":"HOTTUB","66a":"EMIRATES","67a":"UNREEL","68a":"SAFENESS","69a":"HEARSE","1d":"SPACEBAR","2d":"PALOALTO","3d":"ETCETERA","4d":"ETO","5d":"DOVES","6d":"SNELL","7d":"SHANGHAIEXPRESS","8d":"CANA","9d":"ARISE","10d":"LAM","11d":"AKA","12d":"WITHIT","13d":"AREOLA","14d":"GIDGET","21d":"EOS","26d":"NATAL","27d":"SEEPIN","29d":"BEDLAM","31d":"ERN","34d":"UTICA","35d":"SOT","37d":"EGG","39d":"SHA","40d":"ODOMETER","41d":"RETINUES","42d":"ERASABLE","45d":"SLIDES","46d":"ULTIMA","47d":"MASSIF","49d":"ELS","52d":"SMOTE","54d":"UHHUH","55d":"SAONE","59d":"AVES","62d":"PRE","63d":"RAN","65d":"TRA"}}