{"numbers":[["1","2","3","4","5","6","7","8","-","-","9","10","11","12","13"],["14","","","","","","","","-","15","","","","",""],["16","","","","","","","","-","17","","","","",""],["18","","","-","-","19","","","20","","","","","",""],["21","","","22","23","","-","24","","","","","-","-","-"],["-","-","25","","","-","26","","","","","-","27","28","29"],["30","31","","","","-","32","","","","-","33","","",""],["34","","","","","35","","-","36","","37","","","",""],["38","","","","-","39","","40","","-","41","","","",""],["42","","","-","43","","","","","-","44","","","-","-"],["-","-","-","45","","","","","-","46","","","","47","48"],["49","50","51","","","","","","52","","-","-","53","",""],["54","","","","","","-","55","","","56","57","","",""],["58","","","","","","-","59","","","","","","",""],["60","","","","","-","-","61","","","","","","",""]],"clues":{"1a":"Tableaux","9a":"Noted wine merchant","14a":"Presently","15a":"Poetic England","16a":"Personal choice","17a":"Shalimar Gardens locale","18a":"Horace's \"___ Poetica\"","19a":"Brilliantly decorated","21a":"\"___ a bug...\"","24a":"One with an objective","25a":"Word in the name of many political movements","26a":"Screen Artists Guild president, 1981-85","27a":"Body-building stuff","30a":"Stiffness","32a":"Played for a sucker","33a":"Vietnam War legacy: Abbr.","34a":"Without a clue","36a":"\"Woman with the Hat\" painter","38a":"Field of interest","39a":"In one's prime","41a":"Works over","42a":"Bats","43a":"Songwriter Blades","44a":"Kurosawa epic","45a":"Source of autumn red","46a":"Carson's erstwhile ABC rival","49a":"Actress from Coventry, England","53a":"Continental abbr.","54a":"Greenroom","55a":"On the wing","58a":"Was plenty angry","59a":"Some drugs","60a":"Pioneer Expressionist James","61a":"Glorifies","1d":"Type fonts","2d":"Bury","3d":"Like a news brief","4d":"1940 Broadway hit \"___for the Show\"","5d":"TV band","6d":"Solemn procedures","7d":"Certain sch.","8d":"Catch of the deep","9d":"Bakery gizmo","10d":"Can't stand","11d":"Share holder?","12d":"Folk follower","13d":"Lacking height and depth","15d":"Public walk","20d":"Tackles, e.g.","22d":"Tokyo shopping district","23d":"\"J'Accuse\" director Gance","26d":"Loud enough","27d":"Leave out, in a way","28d":"Frank Leslie illustrator","29d":"\"___ Death\" (Grieg elegy)","30d":"Infantry fare","31d":"Aqua ___","33d":"Muffler king?","35d":"Broke out","37d":"Hatcher of \"Lois and Clark\"","40d":"Nobility","43d":"Word with Power or park","45d":"___ Park, Calif.","46d":"Mayor of Chicago, 1979-83","47d":"Little bit","48d":"Squeeze","49d":"Hamburg's river","50d":"Nutcase","51d":"___ de Velasco (University of Mexico founder)","52d":"Monetary unit of Cambodia","56d":"Girl's nickname","57d":"Mouths, anatomically"},"answers":{"1a":"PICTURES","9a":"GALLO","14a":"INAWHILE","15a":"ALBION","16a":"CUPOFTEA","17a":"LAHORE","18a":"ARS","19a":"EMBLAZONED","21a":"SNUGAS","24a":"AIMER","25a":"LIB","26a":"ASNER","27a":"DNA","30a":"SPINE","32a":"USED","33a":"MIAS","34a":"PUZZLED","36a":"MATISSE","38a":"AREA","39a":"RIPE","41a":"EDITS","42a":"MAD","43a":"RUBEN","44a":"RAN","45a":"MAPLE","46a":"BISHOP","49a":"ELLENTERRY","53a":"EUR","54a":"LOUNGE","55a":"AIRBORNE","58a":"BOILED","59a":"GENERICS","60a":"ENSOR","61a":"ELEVATES","1d":"PICAS","2d":"INURN","3d":"CAPSULIZED","4d":"TWO","5d":"UHF","6d":"RITES","7d":"ELEM","8d":"SEABASS","9d":"GLAZER","10d":"ABHOR","11d":"LION","12d":"LORE","13d":"ONED","15d":"ALAMEDA","20d":"LINEMEN","22d":"GINZA","23d":"ABEL","26d":"AUDIBLE","27d":"DISINHERIT","28d":"NAST","29d":"ASES","30d":"SPAM","31d":"PURA","33d":"MIDAS","35d":"ERUPTED","37d":"TERI","40d":"PEERAGE","43d":"RANGER","45d":"MENLO","46d":"BYRNE","47d":"OUNCE","48d":"PRESS","49d":"ELBE","50d":"LOON","51d":"LUIS","52d":"RIEL","56d":"BEV","57d":"ORA"}}