{"numbers":[["1","2","3","4","-","-","5","6","7","8","9","-","10","11","12","13","14","-","15","16","17"],["18","","","","19","-","20","","","","","-","21","","","","","-","22","",""],["23","","","","","-","24","","","","","-","25","","","","","-","26","",""],["27","","","","","28","","","","","","29","","","","","","-","30","",""],["-","-","-","31","","","","","","-","32","","","","","","-","33","","",""],["34","35","36","","-","37","","","-","38","","","","","-","39","40","","","",""],["41","","","","42","","","-","43","","","","","-","-","-","44","","","-","-"],["45","","","","","","-","46","","","-","-","47","48","49","-","50","","","51","52"],["53","","","","","-","54","","","","55","56","","","","57","","","","",""],["-","-","58","","","59","","","-","60","","","-","61","","","","-","62","",""],["-","63","","","-","64","","","-","65","","","-","66","","","-","67","","","-"],["68","","","-","69","","","","-","70","","","-","71","","","72","","","-","-"],["73","","","74","","","","","75","","","","76","","","-","77","","","78","79"],["80","","","","","-","81","","","-","-","82","","","-","83","","","","",""],["-","-","84","","","-","-","-","85","86","87","","","-","88","","","","","",""],["89","90","","","","91","-","92","","","","","-","93","","","-","94","","",""],["95","","","","-","96","97","","","","","-","98","","","","99","","-","-","-"],["100","","","-","101","","","","","","","102","","","","","","","103","104","105"],["106","","","-","107","","","","","-","108","","","","","-","109","","","",""],["110","","","-","111","","","","","-","112","","","","","-","113","","","",""],["114","","","-","115","","","","","-","116","","","","","-","-","117","","",""]],"clues":{"1a":"Supreme","5a":"Ohio political clan","10a":"Tots' pops","15a":"Thus: Lat.","18a":"Historic island","20a":"Neighbor of Taurus","21a":"Sorbonne, par exemple","22a":"Thoughtful interjection","23a":"Baseball's Little Colonel","24a":"Kind of bar","25a":"Narrow furrow","26a":"W.W. II org.","27a":"\"___ that this too too solid flesh would melt\"","30a":"Paul Scott novels \"The ___ Quartet\"","31a":"Staffs anew","32a":"Met tenor, 1941-66","33a":"Allied victory site, 7/18/44","34a":"Dotted, as a coat of arms","37a":"Fool","38a":"Consternations","39a":"___ torte","41a":"Player for the angels?","43a":"Three-time American League M.V.P.","44a":"Old college, e.g.","45a":"Syrian chief and namesakes","46a":"___ favor","47a":"Sixth-century date","50a":"\"Fantasia\" dancer","53a":"Sleep: Prefix","54a":"Had not been","58a":"Food whose name means \"lightning\"","60a":"Cabinet dept.","61a":"Cries of surprise","62a":"Inventory abbr.","63a":"Playwright Christopher","64a":"Column ending","65a":"Overseas denial","66a":"Part of overalls","67a":"Some clinic workers: Abbr.","68a":"Skater Babilonia","69a":"Half of sechs","70a":"It's often cast","71a":"Comeback","73a":"\"Repeat the name, please\"","77a":"\"That's ___ question\"","80a":"Make sense","81a":"O'Hara's \"___ North Frederick\"","82a":"Some cards, for short","83a":"Shrink","84a":"West of Brooklyn","85a":"Breaks, in a way","88a":"Induce","89a":"Noted puppeteers","92a":"Michener best-seller","93a":"\"You know what...\"","94a":"Space prefix","95a":"Ethel, to John Jr.","96a":"Render","98a":"Old-time actress Pringle","100a":"___ Lanka","101a":"1968 Woodward film","106a":"\"Mazel ___!\"","107a":"Hoopster Gilmore","108a":"Burst","109a":"Rodeo rope","110a":"Before","111a":"Implied","112a":"Discombobulated","113a":"Tiny tantrums","114a":"Women's org.","115a":"___ Ababa","116a":"Clientele","117a":"Near-rapture","1d":"Much-admired sandwich?","2d":"Riverboat Robert ___","3d":"Michael in \"Family Ties\"","4d":"Bankbook balancer's problem","5d":"Part of a fore-and-after","6d":"Parliament chasers","7d":"Formal orders","8d":"Singer Basil","9d":"Spy","10d":"Outlaw","11d":"Hunt and Peck","12d":"Alternative to Corinthian","13d":"Puts straight","14d":"Hassock","15d":"Like some missiles","16d":"Stick","17d":"Key of Sibelius' Symphony No. 7","19d":"Bosox pitcher Aaron","28d":"Roll up","29d":"About","33d":"Collectible money","34d":"Former potentate","35d":"Good-tempered","36d":"Wyler film of 1942","38d":"1976 Abba hit","40d":"Greece's Mount ___","42d":"Poster subject","43d":"Jackson and others","46d":"In sections","48d":"Lines from Willard Scott","49d":"Postulate of 1637","51d":"Strokes","52d":"Financial page abbr.","54d":"Most sapient","55d":"1949 Doris Day hit","56d":"Incubator babies","57d":"Knocks over","59d":"It follows a million","63d":"Saudi king","67d":"Mortgage holder's action","68d":"United rival","69d":"Flimflammed","72d":"African board game","74d":"Oil can, maybe","75d":"Fascinations","76d":"Spots","78d":"Soviet scientist Kurchatov","79d":"Gambling haven","83d":"Actor Jon","86d":"Skating pioneer Paulsen","87d":"Creator of the character Bip","88d":"Tropical trees used in golf ball manufacture","89d":"Helped brown the turkey","90d":"Light show","91d":"Gaped","92d":"Sesame seed paste","93d":"Smirk","97d":"Outward, to an anatomist","98d":"Divert","99d":"Up to one's ___","101d":"Hindu epic hero","102d":"The makings of a stew","103d":"Rain hard?","104d":"Wagon add-on","105d":"Emit coherent light"},"answers":{"1a":"HEAD","5a":"TAFTS","10a":"DADAS","15a":"SIC","18a":"ELLIS","20a":"ORION","21a":"ECOLE","22a":"HMM","23a":"REESE","24a":"PIANO","25a":"STRIA","26a":"OPA","27a":"OEXCLAMATIONPOINT","30a":"RAJ","31a":"REMANS","32a":"PEERCE","33a":"STLO","34a":"SEME","37a":"ASS","38a":"FEARS","39a":"SACHER","41a":"HARPIST","43a":"BERRA","44a":"TRY","45a":"ASSADS","46a":"POR","47a":"DII","50a":"HIPPO","53a":"HYPNO","54a":"WASNAPOSTROPHET","58a":"ECLAIR","60a":"AGR","61a":"OHOS","62a":"ETC","63a":"FRY","64a":"IST","65a":"NAE","66a":"BIB","67a":"RNS","68a":"TAI","69a":"DREI","70a":"DIE","71a":"ANSWER","73a":"WHOQUESTIONMARK","77a":"AFAIR","80a":"ADDUP","81a":"TEN","82a":"IDS","83a":"CRINGE","84a":"MAE","85a":"TAMES","88a":"BRINGON","89a":"BAIRDS","92a":"TEXAS","93a":"SAY","94a":"AERO","95a":"AUNT","96a":"TEARER","98a":"AILEEN","100a":"SRI","101a":"RACHELCOMMARACHEL","106a":"TOV","107a":"ARTIS","108a":"ERUPT","109a":"RIATA","110a":"ERE","111a":"MEANT","112a":"ATSEA","113a":"SNITS","114a":"DAR","115a":"ADDIS","116a":"USERS","117a":"GLEE","1d":"HERO","2d":"ELEE","3d":"ALEX","4d":"DISCREPANCY","5d":"TOPMAST","6d":"ARIANS","7d":"FIATS","8d":"TONI","9d":"SNOOPER","10d":"DESPERADO","11d":"ACTORS","12d":"DORIC","13d":"ALINES","14d":"SEAT","15d":"SHORTHYPHENRANGE","16d":"IMPALE","17d":"CMAJOR","19d":"SELE","28d":"AMASS","29d":"NEAR","33d":"SCRIP","34d":"SHAH","35d":"EASY","36d":"MRSPERIODMINIVER","38d":"FERNANDO","40d":"ATHOS","42d":"IDOL","43d":"BOS","46d":"PARTITE","48d":"ISOBARS","49d":"ITHINK","51d":"PETS","52d":"OTC","54d":"WISEST","55d":"AGAIN","56d":"PREEMIES","57d":"ROBS","59d":"AIRE","63d":"FAHD","67d":"REFINANCING","68d":"TWA","69d":"DUPED","72d":"WARI","74d":"QUART","75d":"INTERESTS","76d":"ADS","78d":"IGOR","79d":"RENO","83d":"CRYER","86d":"AXEL","87d":"MARCEAU","88d":"BALATAS","89d":"BASTED","90d":"AURORA","91d":"STARED","92d":"TAHINI","93d":"SIMPER","97d":"ECTAD","98d":"AMUSE","99d":"EARS","101d":"RAMA","102d":"ORTS","103d":"HAIL","104d":"ETTE","105d":"LASE"}}