{"numbers":[["1","2","3","4","5","-","6","7","8","9","-","10","11","12","13"],["14","","","","","-","15","","","","-","16","","",""],["17","","","","","18","","","","","-","19","","",""],["-","20","","","","","-","21","","","22","-","23","",""],["-","-","-","-","24","","25","-","26","","","27","","",""],["28","29","30","31","","","","32","-","33","","","","-","-"],["34","","","","-","35","","","36","-","37","","","38","39"],["40","","","","41","-","42","","","-","43","","","",""],["44","","","","","-","45","","","46","-","47","","",""],["-","-","48","","","49","-","50","","","51","","","",""],["52","53","","","","","54","-","55","","","-","-","-","-"],["56","","","-","57","","","58","-","59","","60","61","62","-"],["63","","","64","-","65","","","66","","","","","","67"],["68","","","","-","69","","","","-","70","","","",""],["71","","","","-","72","","","","-","73","","","",""]],"clues":{"1a":"Winter precipitation","6a":"Pay, with \"up\"","10a":"Ivan the Terrible, e.g.","14a":"Proportion","15a":"\"___ Smile\" (1976 Hall &amp; Oates hit)","16a":"Regulation","17a":"Bad loser's reaction","19a":"More than eager","20a":"Prolonged attack","21a":"Pacific Rim locale","23a":"\"Eureka!\"","24a":"___ Vegas","26a":"A few","28a":"Scrutinizes","33a":"Watermelon's coat","34a":"\"Tamerlane\" playwright Nicholas","35a":"Frequent reduction targets","37a":"Delay","40a":"Outlawed explosion","42a":"Kind of service","43a":"Do-___ (all-out)","44a":"Take care of","45a":"Golf pegs","47a":"Author Ferber","48a":"Guided excursion","50a":"Innocent","52a":"Guy with a racket","55a":"Unknown John","56a":"Pleasant tune","57a":"Litigates","59a":"Train tracks","63a":"Ballet movement","65a":"Montana's state flower","68a":"Having little fat","69a":"Genesis son","70a":"___ Rae (Sally Field role)","71a":"Flubs","72a":"Kind of tide","73a":"High-hat's look","1d":"12th graders: Abbr.","2d":"Vientiane's land","3d":"Sewing case","4d":"It's west of England","5d":"Transverse pin","6d":"\"___ matter of fact...\"","7d":"California valley","8d":"Lock","9d":"Less difficult","10d":"___-la-la","11d":"Gold digger's \"mine\"","12d":"Shalom in Hawaii","13d":"Like royalty","18d":"It's within grasp","22d":"Dispatch boat","25d":"Long-legged bird","27d":"Main dish","28d":"Nest eggs: Abbr.","29d":"Memo","30d":"Virginia women's college","31d":"Spaghetti sauces","32d":"Snooped","36d":"Race","38d":"Queue","39d":"Starring role","41d":"Race track tipsters","46d":"Gave an oath","49d":"Corned beef sandwich","51d":"Pines","52d":"Joplin's \"___ Leaf Rag\"","53d":"Ship from Kuwait","54d":"Marie Antionette, e.g.","58d":"Greek portico","60d":"Remove the wrinkles from","61d":"Tradition","62d":"Not too many","64d":"Printers' measures","66d":"Recipe amt.","67d":"Old salt"},"answers":{"1a":"SLEET","6a":"ANTE","10a":"TSAR","14a":"RATIO","15a":"SARA","16a":"RULE","17a":"SOURGRAPES","19a":"AGOG","20a":"SIEGE","21a":"ASIA","23a":"AHA","24a":"LAS","26a":"SEVERAL","28a":"INSPECTS","33a":"RIND","34a":"ROWE","35a":"HIPS","37a":"STALL","40a":"ATEST","42a":"LIP","43a":"ORDIE","44a":"SEETO","45a":"TEES","47a":"EDNA","48a":"TOUR","50a":"DEWYEYED","52a":"MOBSTER","55a":"DOE","56a":"AIR","57a":"SUES","59a":"RAILS","63a":"PLIE","65a":"BITTERROOT","68a":"LEAN","69a":"ENOS","70a":"NORMA","71a":"ERRS","72a":"NEAP","73a":"SNEER","1d":"SRS","2d":"LAOS","3d":"ETUI","4d":"EIRE","5d":"TOGGLE","6d":"ASA","7d":"NAPA","8d":"TRESS","9d":"EASIER","10d":"TRA","11d":"SUGARDADDY","12d":"ALOHA","13d":"REGAL","18d":"REACH","22d":"AVISO","25d":"STILT","27d":"ENTREE","28d":"IRAS","29d":"NOTE","30d":"SWEETBRIAR","31d":"PESTOS","32d":"SPIED","36d":"SPEED","38d":"LINE","39d":"LEAD","41d":"TOUTS","46d":"SWORE","49d":"REUBEN","51d":"YEARNS","52d":"MAPLE","53d":"OILER","54d":"REINE","58d":"STOA","60d":"IRON","61d":"LORE","62d":"SOME","64d":"ENS","66d":"TSP","67d":"TAR"}}