{"numbers":[["1","2","3","4","-","5","6","7","8","-","9","10","11","12","13"],["14","","","","-","15","","","","-","16","","","",""],["17","","","","18","","","","","19","","","","",""],["20","","","","","-","21","","","","-","-","22","",""],["-","-","23","","","24","-","25","","","26","27","","-","-"],["28","29","","-","30","","31","","-","32","","","","33","34"],["35","","","36","-","37","","","38","-","39","","","",""],["40","","","","41","","","","","42","","","","",""],["43","","","","","-","44","","","","-","45","","",""],["46","","","","","47","-","48","","","49","-","50","",""],["-","-","51","","","","52","","-","53","","54","","-","-"],["55","56","","-","-","57","","","58","-","59","","","60","61"],["62","","","63","64","","","","","65","","","","",""],["66","","","","","-","67","","","","-","68","","",""],["69","","","","","-","70","","","","-","71","","",""]],"clues":{"1a":"Ingenuity","5a":"Vocational identifiers","9a":"Singers Collins and Ochs","14a":"Roman emperor","15a":"Netman Arthur","16a":"Actress Taylor","17a":"1954 Gerard Philipe film","20a":"Guitar ridges","21a":"Pilot starter","22a":"Research room","23a":"Ogled","25a":"Had a lack","28a":"Worldwide lending org.","30a":"Yielding readily to pressure","32a":"Train freight holder","35a":"Clothes line","37a":"Malay boat","39a":"An Allman brother","40a":"1978 Ugo Tognazzi film","43a":"Coeur d'___, Idaho","44a":"Bruins' school","45a":"Luce magazine","46a":"Irving Berlin's \"All by ___\"","48a":"Thundering group","50a":"Adversary","51a":"N.H.L. city","53a":"Change the decor","55a":"Lummox","57a":"Brothers, e.g.","59a":"Deck out","62a":"1974 Richard Kiley film","66a":"\"The Hustler\" author Walter","67a":"Cad","68a":"Pocket bread","69a":"Fuse, as ore","70a":"Catch sight of","71a":"Miss America prop","1d":"\"The Call of the Wild\" animal","2d":"Roman way","3d":"1957 Joanne Woodward film, with \"The\"","4d":"Black, as a chimney","5d":"Crone","6d":"On the briny","7d":"1987 Kevin Costner film","8d":"Siena seven","9d":"Start for fab or face","10d":"Biddy","11d":"1942 John Wayne film","12d":"\"Star Wars\" princess","13d":"Croat's neighbor","18d":"Functions","19d":"Leopold's partner in crime","24d":"Idiot","26d":"Idiot","27d":"Be jubilant","28d":"Mideast belief","29d":"___-mouthed (insincere)","31d":"Lady of the haus","33d":"Wind: Prefix","34d":"Visit again","36d":"Artist Edouard","38d":"Car bar","41d":"Yiddish cash","42d":"\"M*A*S*H\" co-star Jamie","47d":"Eat not","49d":"\"___ Diary...\"","52d":"Willow twig","54d":"Faucet problems","55d":"Mel and family","56d":"\"Excuse me...\"","58d":"Ooze","60d":"Exploits","61d":"Slangy okay","63d":"___ Abner","64d":"Adherent's suffix","65d":"Thickness"},"answers":{"1a":"WITS","5a":"HATS","9a":"PHILS","14a":"OTHO","15a":"ASHE","16a":"RENEE","17a":"LEROUGEETLENOIR","20a":"FRETS","21a":"AUTO","22a":"LAB","23a":"EYED","25a":"NEEDED","28a":"IMF","30a":"SOFT","32a":"BOXCAR","35a":"SEAM","37a":"PROA","39a":"DUANE","40a":"LACAGEAUXFOLLES","43a":"ALENE","44a":"UCLA","45a":"TIME","46a":"MYSELF","48a":"HERD","50a":"FOE","51a":"OTTAWA","53a":"REDO","55a":"OAF","57a":"SIBS","59a":"ARRAY","62a":"THELITTLEPRINCE","66a":"TEVIS","67a":"HEEL","68a":"PITA","69a":"SMELT","70a":"ESPY","71a":"SASH","1d":"WOLF","2d":"ITER","3d":"THREEFACESOFEVE","4d":"SOOTY","5d":"HAG","6d":"ASEA","7d":"THEUNTOUCHABLES","8d":"SETTE","9d":"PRE","10d":"HEN","11d":"INOLDCALIFORNIA","12d":"LEIA","13d":"SERB","18d":"USES","19d":"LOEB","24d":"DOPE","26d":"DODO","27d":"EXULT","28d":"ISLAM","29d":"MEALY","31d":"FRAU","33d":"ANEMO","34d":"RESEE","36d":"MANET","38d":"AXLE","41d":"GELT","42d":"FARR","47d":"FAST","49d":"DEAR","52d":"WITHE","54d":"DRIPS","55d":"OTTS","56d":"AHEM","58d":"SEEP","60d":"ACTS","61d":"YEAH","63d":"LIL","64d":"IST","65d":"PLY"}}