{"numbers":[["1","2","3","4","-","5","6","7","8","9","-","10","11","12","13"],["14","","","","-","15","","","","","-","16","","",""],["17","","","","18","","","","","","-","19","","",""],["20","","","-","21","","","","","-","22","","","",""],["-","-","-","23","","","","-","24","25","","","","-","-"],["26","27","28","","","-","29","30","","","","-","31","32","33"],["34","","","","","35","-","36","","","","37","","",""],["38","","","","-","39","40","","","","-","41","","",""],["42","","","","43","","","","-","44","45","","","",""],["46","","","-","47","","","","48","-","49","","","",""],["-","-","50","51","","","","-","52","53","","","-","-","-"],["54","55","","","","-","56","57","","","","-","58","59","60"],["61","","","","-","62","","","","","","63","","",""],["64","","","","-","65","","","","","-","66","","",""],["67","","","","-","68","","","","","-","69","","",""]],"clues":{"1a":"Mulligan, for one","5a":"Red Bordeaux","10a":"Script starter","14a":"\"Rule, Britannia\" composer","15a":"Throes and woes","16a":"Worn-out","17a":"Foie gras fan","19a":"Actress Skye","20a":"Author Tan","21a":"Undocumented person","22a":"Dialect","23a":"Failed attempt","24a":"Prefix with act or state","26a":"Country singer Cowboy ___","29a":"Backus was his voice in 60's TV","31a":"___ Guevara","34a":"Kicked off","36a":"Svelte in those days","38a":"Works by sculptor Hans","39a":"Ejects","41a":"S.F. train system","42a":"Adhesive, for one","44a":"\"Idylls of the King\" maiden","46a":"Diffident","47a":"Add more cushioning","49a":"Trial companion","50a":"Recumbent, in a way","52a":"Change for a five","54a":"Rumor","56a":"Severity","58a":"Agenda items","61a":"Bumbler's blurt","62a":"Barely discernible aroma","64a":"Apartment building head, slangily","65a":"Honeybunch","66a":"\"Scram!\"","67a":"Attention-getters","68a":"Mine excavation","69a":"Mountain cat","1d":"Casa room","2d":"Tonsorial procedure","3d":"Begrudge","4d":"Minute","5d":"Shopping havens","6d":"\"I\" problems","7d":"Peace symbol","8d":"1958 Elvis hit","9d":"St.___-l'école, France","10d":"Tangential remark","11d":"Church seat","12d":"Up ___ good","13d":"Inventory unit","18d":"Employee's delight","22d":"Lay ___ thick","23d":"Parson's home","25d":"Racket","26d":"Checkroom articles","27d":"Competitor of Phil","28d":"Lively new pet","30d":"Disoriented","32d":"\"Tell ___\" (1965 Zombies hit)","33d":"Computer command","35d":"Senior fellow","37d":"Ski lifts","40d":"Potent punch","43d":"Harness race","45d":"Casts desirous eyes","48d":"Pinch a pooch","51d":"Climbs","53d":"___ Dame","54d":"Poppycock","55d":"Sensualist","57d":"\"Othello\" villain","58d":"Moist","59d":"___ even keel","60d":"Charon's crossing","62d":"60's draft org.","63d":"Silent ___ (20's moniker)"},"answers":{"1a":"STEW","5a":"MEDOC","10a":"ACTI","14a":"ARNE","15a":"AGONY","16a":"SHOT","17a":"LIVERLOVER","19a":"IONE","20a":"AMY","21a":"ALIEN","22a":"IDIOM","23a":"MISS","24a":"INTER","26a":"COPAS","29a":"MAGOO","31a":"CHE","34a":"OPENED","36a":"THINTHEN","38a":"ARPS","39a":"OUSTS","41a":"BART","42a":"TAPETYPE","44a":"ELAINE","46a":"SHY","47a":"REPAD","49a":"ERROR","50a":"PRONE","52a":"ONES","54a":"BRUIT","56a":"RIGOR","58a":"DOS","61a":"OOPS","62a":"SCANTSCENT","64a":"SUPE","65a":"SUGAR","66a":"AWAY","67a":"HEYS","68a":"STOPE","69a":"LYNX","1d":"SALA","2d":"TRIM","3d":"ENVY","4d":"WEE","5d":"MALLS","6d":"EGOISM","7d":"DOVE","8d":"ONENIGHT","9d":"CYR","10d":"ASIDE","11d":"CHOIRCHAIR","12d":"TONO","13d":"ITEM","18d":"RAISE","22d":"ITON","23d":"MANSE","25d":"NOISE","26d":"COATS","27d":"OPRAH","28d":"PEPPYPUPPY","30d":"ATSEA","32d":"HERNO","33d":"ENTER","35d":"DOYEN","37d":"TBARS","40d":"UPPERCUT","43d":"TROT","45d":"LEERS","48d":"DOGNAP","51d":"RISES","53d":"NOTRE","54d":"BOSH","55d":"ROUE","57d":"IAGO","58d":"DEWY","59d":"ONAN","60d":"STYX","62d":"SSS","63d":"CAL"}}