{"numbers":[["1","2","3","4","-","5","6","7","8","9","-","10","11","12","13"],["14","","","","-","15","","","","","-","16","","",""],["17","","","","-","18","","","","","-","19","","",""],["-","20","","","21","","","","","","22","","","",""],["-","-","-","23","","","-","-","-","24","","","","",""],["25","26","27","","","","28","29","30","","","","-","-","-"],["31","","","","","-","32","","","","","-","33","34","35"],["36","","","","-","37","","","","","-","38","","",""],["39","","","-","40","","","","","-","41","","","",""],["-","-","-","42","","","","","","43","","","","",""],["44","45","46","","","","-","-","-","47","","","-","-","-"],["48","","","","","","49","50","51","","","","52","53","-"],["54","","","","-","55","","","","","-","56","","","57"],["58","","","","-","59","","","","","-","60","","",""],["61","","","","-","62","","","","","-","63","","",""]],"clues":{"1a":"Instrumental hit of 1964","5a":"Underwater acronym","10a":"60's singer James","14a":"Bellicose deity","15a":"Patti LuPone role","16a":"On the road","17a":"Leaning","18a":"\"Cheers\" in Chihuahua","19a":"Point at the dinner table","20a":"110%","23a":"\"I didn't know that\"","24a":"Conqueror of 1521","25a":"Overtippled","31a":"Tough situations","32a":"Tennis champ Ramirez et al.","33a":"Charles G. Finney novel \"The Circus of Dr. ___\"","36a":"Served well","37a":"Football's Ronnie et al.","38a":"Handful of hay","39a":"Stimpy's TV pal","40a":"Indian royalty","41a":"Jai alai basket","42a":"Not at all proper","44a":"Drop out","47a":"Might symbol","48a":"Like Tijuana, e.g.","54a":"Portrayal","55a":"Available, in a way","56a":"Eagerly expectant","58a":"___ happens","59a":"Undermine","60a":"Quotable catcher","61a":"They may be felt","62a":"Not as dotty","63a":"Brittle cookie","1d":"Dig","2d":"\"O patria mia,\" e.g.","3d":"Beef alternative","4d":"Transferred, at law","5d":"Sonnet's end","6d":"Geometry's ___ of Cassini","7d":"Memphis locale","8d":"\"Three men in ___\"","9d":"Extremists","10d":"Hash house","11d":"Amid","12d":"Rouen relative","13d":"___ Rock, Australia","21d":"Some shirts, informally","22d":"Scads","25d":"Worship from ___","26d":"Ivory items of old","27d":"Cart pullers","28d":"Black Bears' home","29d":"Like some cereal","30d":"Hush-hush","33d":"Have trouble with sisters?","34d":"Movie pooch","35d":"Harlequin ___ (varicolored stone)","37d":"Nursery outfits","38d":"School times","40d":"Marge Schott's boys","41d":"Mayfair hotel employee","42d":"Falls upon","43d":"Taxi driver, often","44d":"Throw away","45d":"Not even","46d":"General Powell","49d":"Brisk dance","50d":"United Church of Christ college","51d":"Adam of fiction","52d":"007's school","53d":"Latvian capital","57d":"Humdinger"},"answers":{"1a":"JAVA","5a":"SONAR","10a":"ETTA","14a":"ARES","15a":"EVITA","16a":"AWAY","17a":"BIAS","18a":"SALUD","19a":"TINE","20a":"ALITTLEBITEXTRA","23a":"GEE","24a":"CORTES","25a":"HADONETOOMANY","31a":"FIXES","32a":"RAULS","33a":"LAO","36a":"ACED","37a":"LOTTS","38a":"WISP","39a":"REN","40a":"RANEE","41a":"CESTA","42a":"BEYONDTHEPALE","44a":"SECEDE","47a":"OAK","48a":"ACROSSTHEBORDER","54a":"ROLE","55a":"TOLET","56a":"ATIP","58a":"ASIT","59a":"ERODE","60a":"YOGI","61a":"PENS","62a":"SANER","63a":"SNAP","1d":"JAB","2d":"ARIA","3d":"VEAL","4d":"ASSIGNED","5d":"SESTET","6d":"OVAL","7d":"NILE","8d":"ATUB","9d":"RADICALS","10d":"EATERY","11d":"TWIXT","12d":"TANTE","13d":"AYERS","21d":"TEES","22d":"TONS","25d":"AFAR","26d":"DICE","27d":"OXEN","28d":"ORONO","29d":"OATEN","30d":"MUTED","33d":"LISP","34d":"ASTA","35d":"OPAL","37d":"LAYETTES","38d":"WEEKDAYS","40d":"REDS","41d":"CHAR","42d":"BESETS","43d":"TOOTER","44d":"SCRAP","45d":"EROSE","46d":"COLIN","49d":"HORA","50d":"ELON","51d":"BEDE","52d":"ETON","53d":"RIGA","57d":"PIP"}}