{"numbers":[["1","2","3","4","5","6","7","8","9","-","10","11","12","13","14"],["15","","","","","","","","","-","16","","","",""],["17","","","","","","","","","-","18","","","",""],["19","","","","-","20","","","","21","-","22","","",""],["23","","","-","24","","","","","","25","-","26","",""],["-","-","-","27","","","-","28","","","","-","29","",""],["-","30","31","","","-","-","32","","","","-","33","",""],["34","","","","","35","36","-","37","","","38","","",""],["39","","","-","40","","","41","-","-","42","","","","-"],["43","","","-","44","","","","-","45","","","-","-","-"],["46","","","-","47","","","","48","","","-","49","50","51"],["52","","","53","-","54","","","","","-","55","","",""],["56","","","","57","-","58","","","","59","","","",""],["60","","","","","-","61","","","","","","","",""],["62","","","","","-","63","","","","","","","",""]],"clues":{"1a":"Dwellers on the upper Oder","10a":"Coasts","15a":"Attaching","16a":"\"The Forsyte Saga\" novel","17a":"It's been said","18a":"___ bug in one's ear (give ideas)","19a":"Praise","20a":"Perrault's \"La ___ au bois dormant\"","22a":"Popular toy company","23a":"Pompous fellow","24a":"Boston literary family","26a":"Denials","27a":"Fido's offering","28a":"Été month","29a":"Skippy rival","30a":"Perniciousness","32a":"More than unpleasant","33a":"\"Double Fantasy\" singer","34a":"Quincy specialty","37a":"John Scopes, for one","39a":"C7-H5-N3-O6 familiarly","40a":"Enwreathe","42a":"Eschews robots","43a":"Résumé info","44a":"Actress Swenson","45a":"Oomph","46a":"Musical notes","47a":"Not completely clean","49a":"New Deal grp.","52a":"Cultural matters, with \"the\"","54a":"Many a Lett","55a":"Hard up","56a":"Second-generation Japanese-American","58a":"Northern California city","60a":"\"Murphy\"","61a":"Dial number","62a":"It's currently positive","63a":"1983 Jackson-McCartney hit","1d":"Five-time Super Bowl coach","2d":"Nitpicking amounts","3d":"Kind of position","4d":"Squeezed (out)","5d":"Gawain's title","6d":"One way to tie a knot","7d":"Only Veep from Maryland","8d":"Word with family or winter","9d":"Make crystal-clear","10d":"Gas station display","11d":"Galoot","12d":"Singer whose middle name is Hercules","13d":"City on the Raccoon","14d":"Remains to see","21d":"Remain free","24d":"Like the streets of Holmesian London","25d":"Like an angry lobster?","27d":"Ex-con, maybe","30d":"Language of 14 million","31d":"Certifies","34d":"Swift runner of myth","35d":"U-boat gear","36d":"\"A nickel ain't worth a dime anymore\" et al.","38d":"Salary limit","41d":"Hypothetical supercontinent","45d":"Some hotels","48d":"Flavorful","49d":"Brewer Adolph","50d":"Met soprano Mary","51d":"Perot theme song","53d":"Pit","55d":"Weaker ones","57d":"Displeasure","59d":"\"Now I get it!\""},"answers":{"1a":"SILESIANS","10a":"SLEDS","15a":"HOOKINGUP","16a":"TOLET","17a":"UTTERANCE","18a":"PUTSA","19a":"LAUD","20a":"BELLE","22a":"TOMY","23a":"ASS","24a":"LOWELLS","26a":"NOS","27a":"PAW","28a":"AOUT","29a":"JIF","30a":"HARM","32a":"RUDE","33a":"ONO","34a":"AUTOPSY","37a":"TEACHER","39a":"TNT","40a":"LOOP","42a":"MANS","43a":"AGE","44a":"INGA","45a":"PEP","46a":"LAS","47a":"TAINTED","49a":"CCC","52a":"ARTS","54a":"RIGAN","55a":"POOR","56a":"NISEI","58a":"SANTAROSA","60a":"TATER","61a":"MEGAHERTZ","62a":"ANODE","63a":"SAYSAYSAY","1d":"SHULA","2d":"IOTAS","3d":"LOTUS","4d":"EKED","5d":"SIR","6d":"INABOW","7d":"AGNEW","8d":"NUCLEAR","9d":"SPELLOUT","10d":"STP","11d":"LOUT","12d":"ELTONJOHN","13d":"DESMOINES","14d":"STAYSFOR","21d":"ELUDE","24d":"LAMPLIT","25d":"STEAMED","27d":"PRO","30d":"HUNGARIAN","31d":"ATTESTSTO","34d":"ATALANTA","35d":"SONAR","36d":"YOGIISMS","38d":"CAP","41d":"PANGAEA","45d":"PENTAS","48d":"TANGY","49d":"COORS","50d":"COSTA","51d":"CRAZY","53d":"SEED","55d":"PREY","57d":"IRE","59d":"AHA"}}