{"numbers":[["1","2","3","4","-","5","6","7","8","9","-","10","11","12","13"],["14","","","","-","15","","","","","-","16","","",""],["17","","","","18","","","","","","19","","","",""],["20","","","-","21","","","","-","-","22","","","",""],["-","-","-","23","","","","-","24","25","","","-","-","-"],["26","27","28","","","","-","29","","","","-","30","31","32"],["33","","","","-","-","34","","","","","-","35","",""],["36","","","","37","38","","","","","","39","","",""],["40","","","-","41","","","","","-","-","42","","",""],["43","","","-","44","","","","-","45","46","","","",""],["-","-","-","47","","","","-","48","","","","-","-","-"],["49","50","51","","","-","-","52","","","","-","53","54","55"],["56","","","","","57","58","","","","","59","","",""],["60","","","","-","61","","","","","-","62","","",""],["63","","","","-","64","","","","","-","65","","",""]],"clues":{"1a":"Rig","5a":"Big dos","10a":"At a distance","14a":"Ur locale","15a":"New York's ___ Tully Hall","16a":"Berg opera","17a":"M","20a":"Kicker's aid","21a":"Names in a Saudi phone book","22a":"Bury","23a":"Cut and run","24a":"Yearn","26a":"Talk radio guest","29a":"Playwright O'Casey","30a":"Army rank, for short","33a":"African lily","34a":"Brazzaville's river","35a":"Through","36a":"H","40a":"Faberge object","41a":"Collection","42a":"Candied items","43a":"1969 Three Dog Night hit","44a":"Pup's complaints","45a":"Talent for cocktail talk","47a":"Some heirs","48a":"Time founder","49a":"\"Orlando\" author","52a":"Forum fashion","53a":"Quarry","56a":"Y","60a":"Organ setting","61a":"Type style","62a":"Eros","63a":"Ruptured","64a":"Tell's target","65a":"Currycomb target","1d":"Investigate, in a way","2d":"Tribe whose name means \"cat people\"","3d":"Old gray animal?","4d":"Some ratings","5d":"Newgate guard","6d":"1966 Caine role","7d":"Wagons-___","8d":"German cry","9d":"Bishop's domain","10d":"Solo","11d":"Candid cameraman","12d":"Der ___ (Adenauer)","13d":"Krupp family home","18d":"Tall writing?","19d":"Tiny swimmer","23d":"Took off","24d":"Director Marshall","25d":"\"Othello\" plotter","26d":"Item in a locket","27d":"Collimate","28d":"Moose, e.g.","29d":"Divans","30d":"Opera prop","31d":"Pioneer atom splitter","32d":"Kingfisher's coif","34d":"___ de ballet","37d":"Opposite of hire","38d":"St. Patrick's home","39d":"Publicity","45d":"Conductor Ormandy","46d":"Analyze verse","47d":"Skier's site","48d":"Dietary","49d":"___ Point","50d":"\"___ victory!\"","51d":"Stink","52d":"Substitute","53d":"Cougar","54d":"Caddie's offering","55d":"Home of Jezebel","57d":"___-la-la","58d":"School dance","59d":"Scottish cap"},"answers":{"1a":"SEMI","5a":"GALAS","10a":"AFAR","14a":"IRAQ","15a":"ALICE","16a":"LULU","17a":"FIRSTOFTHEMONTH","20a":"TEE","21a":"ALIS","22a":"INTER","23a":"FLEE","24a":"PINE","26a":"CALLER","29a":"SEAN","30a":"SFC","33a":"ALOE","34a":"CONGO","35a":"PER","36a":"MIDDLEOFNOWHERE","40a":"EGG","41a":"ARRAY","42a":"YAMS","43a":"ONE","44a":"YIPS","45a":"ESPRIT","47a":"SONS","48a":"LUCE","49a":"WOOLF","52a":"TOGA","53a":"PIT","56a":"ENDOFTHECENTURY","60a":"STOP","61a":"ROMAN","62a":"AMOR","63a":"TORE","64a":"APPLE","65a":"MANE","1d":"SIFT","2d":"ERIE","3d":"MARE","4d":"IQS","5d":"GAOLER","6d":"ALFIE","7d":"LITS","8d":"ACH","9d":"SEE","10d":"ALONE","11d":"FUNT","12d":"ALTE","13d":"RUHR","18d":"TALE","19d":"MINNOW","23d":"FLED","24d":"PENNY","25d":"IAGO","26d":"CAMEO","27d":"ALIGN","28d":"LODGE","29d":"SOFAS","30d":"SPEAR","31d":"FERMI","32d":"CREST","34d":"CORPS","37d":"LAYOFF","38d":"ERIN","39d":"HYPE","45d":"EUGENE","46d":"SCAN","47d":"SLOPE","48d":"LOCAL","49d":"WEST","50d":"ONTO","51d":"ODOR","52d":"TEMP","53d":"PUMA","54d":"IRON","55d":"TYRE","57d":"TRA","58d":"HOP","59d":"TAM"}}