{"numbers":[["1","2","3","4","5","6","7","8","-","9","10","11","12","13","14"],["15","","","","","","","","-","16","","","","",""],["17","","","","","","","","18","","","","","",""],["19","","","-","-","20","","","","","-","21","","",""],["-","-","-","22","23","","-","24","","","25","-","-","-","-"],["26","27","28","","","","-","29","","","","30","31","32","33"],["34","","","","","","-","35","","","","","","",""],["36","","","","-","-","-","-","-","-","-","37","","",""],["38","","","","39","40","41","42","-","43","44","","","",""],["45","","","","","","","","-","46","","","","",""],["-","-","-","-","47","","","","-","48","","","-","-","-"],["49","50","51","52","-","53","","","54","","-","-","55","56","57"],["58","","","","59","","","","","","60","61","","",""],["62","","","","","","-","63","","","","","","",""],["64","","","","","","-","65","","","","","","",""]],"clues":{"1a":"Alias of Margaretha Zeile","9a":"Finish of the 50's","15a":"Sweet potatoes","16a":"Trucked","17a":"Au naturel","19a":"Hoosier humorist","20a":"With whom Jacob contracted to marry Rachel","21a":"Object of desire","22a":"One of a vaudeville seven","24a":"Lip","26a":"Seven on the Mohs' scale","29a":"Civil War buff's favorite actress?","34a":"New news","35a":"At such a time that","36a":"At the summit of","37a":"Summer cooler","38a":"Two-striper","43a":"Bar drink, at times","45a":"Connector of song","46a":"Sirens","47a":"Just a bit","48a":"Golfer Alcott","49a":"Gulf in 1991 news","53a":"You can be slapped with these","55a":"Genes material","58a":"Just what we need","62a":"Revisionist?","63a":"Coffee shop freebies","64a":"They build up spirits","65a":"Added as an afterthought","1d":"\"The Best Little Whorehouse in Texas\" lady","2d":"Mil. school","3d":"Receipts","4d":"Live","5d":"Kept out of sight","6d":"Take apart","7d":"Tabula ___","8d":"Largest of the Galapagos Islands","9d":"They make a difference","10d":"What \"that\" ain't","11d":"Hick","12d":"Giant chemicals company","13d":"First name in TV talk","14d":"Nelson of 30's musicals","18d":"Tires","22d":"Fountain order","23d":"Master Melvin","25d":"Roman I","26d":"Mountebank","27d":"Author Sinclair","28d":"Dig for squares?","30d":"Kind of bead","31d":"Win by ___","32d":"Raiders' chief","33d":"Peter and others","39d":"Sash","40d":"Top workers?","41d":"Lark","42d":"Most economical in business","43d":"Word in many tournament names","44d":"Proceed smoothly","49d":"Be loyal to","50d":"Whipped up","51d":"Solo","52d":"Meadowlands team","54d":"This senora","55d":"Fizzled","56d":"Poppaea's husband","57d":"Org.","59d":"Contrary indication","60d":"Bother","61d":"A crowd in Torino?"},"answers":{"1a":"MATAHARI","9a":"CHROME","15a":"OCARINAS","16a":"HAULED","17a":"NAKEDASAJAYBIRD","19a":"ADE","20a":"LABAN","21a":"ENVY","22a":"FOY","24a":"EDGE","26a":"QUARTZ","29a":"LEEGRANT","34a":"UPDATE","35a":"ASSOONAS","36a":"ATOP","37a":"SODA","38a":"CORPORAL","43a":"CHASER","45a":"KNEEBONE","46a":"LURERS","47a":"IOTA","48a":"AMY","49a":"OMAN","53a":"FINES","55a":"DNA","58a":"BARENECESSITIES","62a":"EDITOR","63a":"STIRRERS","64a":"YEASTS","65a":"TACKEDON","1d":"MONA","2d":"ACAD","3d":"TAKE","4d":"ARE","5d":"HID","6d":"ANALYZE","7d":"RASA","8d":"ISABELA","9d":"CHANGES","10d":"HAY","11d":"RUBE","12d":"OLIN","13d":"MERV","14d":"EDDY","18d":"JADES","22d":"FRAPPE","23d":"OTT","25d":"EGO","26d":"QUACK","27d":"UPTON","28d":"ADORE","30d":"ROSARY","31d":"ANOSE","32d":"NADER","33d":"TSARS","39d":"OBI","40d":"ROOFERS","41d":"ANTIC","42d":"LEANEST","43d":"CLASSIC","44d":"HUM","49d":"OBEY","50d":"MADE","51d":"ARIA","52d":"NETS","54d":"ESTA","55d":"DIED","56d":"NERO","57d":"ASSN","59d":"NOT","60d":"IRK","61d":"TRE"}}