{"numbers":[["1","2","3","4","-","5","6","7","8","9","-","10","11","12","13"],["14","","","","-","15","","","","","-","16","","",""],["17","","","","-","18","","","","","-","19","","",""],["-","20","","","21","","","","","","22","","","",""],["-","-","23","","","","-","-","24","","","-","25","",""],["26","27","","-","28","","29","30","","-","31","32","","",""],["33","","","34","-","35","","","-","36","","","-","-","-"],["37","","","","38","","","","39","","","","40","41","42"],["-","-","-","43","","","-","44","","","-","45","","",""],["46","47","48","","","-","49","","","","50","-","51","",""],["52","","","-","53","54","","-","-","55","","56","","-","-"],["57","","","58","","","","59","60","","","","","61","-"],["62","","","","-","63","","","","","-","64","","","65"],["66","","","","-","67","","","","","-","68","","",""],["69","","","","-","70","","","","","-","71","","",""]],"clues":{"1a":"Taj Mahal, e.g.","5a":"Leader from Talah Minufiya","10a":"Braces","14a":"Spy in a 1962 exchange","15a":"Wide open","16a":"\"Listen up,\" old style","17a":"Chuck-a-luck equipment","18a":"Defunct award","19a":"Villa Maria College site","20a":"Start of a quip","23a":"Copied","24a":"Davis's home: Abbr.","25a":"Carmichael's \"___ Buttermilk Sky\"","26a":"Chaps","28a":"Scrap for Rover","31a":"Overlord","33a":"Subject of equitation","35a":"\"Deep Space Nine\" character","36a":"QB's want them","37a":"Quip, part 2","43a":"Union initials","44a":"Modern site of ancient Tyre","45a":"Minute ___","46a":"Lower","49a":"Mount","51a":"Onetime soldier","52a":"Twaddle","53a":"Tram load","55a":"Advance stealthily","57a":"Quip, part 3","62a":"Mavens","63a":"Attorney chaser","64a":"Garden dweller","66a":"May, for one","67a":"David Copperfield's mother","68a":"Sheltered spot","69a":"Inspected","70a":"First name in comedy","71a":"Coaster","1d":"Jot","2d":"Final copy","3d":"Repairer","4d":"Censor, in a way","5d":"Vegetarian football game?","6d":"Family data","7d":"Dungeonlike","8d":"By the item","9d":"Rides herd on","10d":"Pronoun in a wedding vow","11d":"MOMA work","12d":"Field-guide listing","13d":"Make fun of mercilessly","21d":"\"Is it soup ___?\"","22d":"Carnival day","26d":"Marcus Loew founded it","27d":"Debussy's \"Le Jet d'___\"","29d":"Writing on an urn","30d":"Irrelevant facts, slangily","32d":"Locale in a Beatles song","34d":"Go soft","36d":"Disposable","38d":"On the other hand","39d":"Fish-line material","40d":"Flying cross, e.g.","41d":"More than aloofness","42d":"Partygoer","46d":"Ballet movement with the toe","47d":"Manhattan type","48d":"\"Becket\" co-star, 1964","49d":"Word in a detergent ad","50d":"Chic","54d":"Unwelcome tenant?","56d":"Decodes","58d":"Gone, with \"up\"","59d":"Fraternity","60d":"Bring home","61d":"Moolah","65d":"Kind of school"},"answers":{"1a":"TOMB","5a":"SADAT","10a":"TWOS","14a":"ABEL","15a":"AGAPE","16a":"HARK","17a":"DICE","18a":"LENIN","19a":"ERIE","20a":"THEYASKEDMEHOW","23a":"APED","24a":"CSA","25a":"OLE","26a":"MEN","28a":"TBONE","31a":"RULER","33a":"GAIT","35a":"ODO","36a":"TDS","37a":"MUCHIWEIGHISAID","43a":"AFL","44a":"SUR","45a":"RICE","46a":"FROWN","49a":"GETON","51a":"REB","52a":"ROT","53a":"ORE","55a":"WORM","57a":"ABOUTONCEAWEEK","62a":"PROS","63a":"ATLAW","64a":"ADAM","66a":"POLE","67a":"CLARA","68a":"DALE","69a":"EYED","70a":"HENNY","71a":"SLED","1d":"TAD","2d":"OBIT","3d":"MECHANIC","4d":"BLEEP","5d":"SALADBOWL","6d":"AGES","7d":"DANK","8d":"APIECE","9d":"TENDS","10d":"THEE","11d":"WARHOL","12d":"ORIOLE","13d":"SKEWER","21d":"YET","22d":"MARDI","26d":"MGM","27d":"EAU","29d":"ODE","30d":"NOISE","32d":"USSR","34d":"THAW","36d":"THROWAWAY","38d":"IFNOT","39d":"GUT","40d":"AIRMEDAL","41d":"ICE","42d":"DEB","46d":"FRAPPE","47d":"ROBROY","48d":"OTOOLE","49d":"GENTLE","50d":"NOW","54d":"ROACH","56d":"READS","58d":"USED","59d":"CLAN","60d":"EARN","61d":"KALE","65d":"MED"}}