{"numbers":[["1","2","3","4","5","6","7","-","8","9","10","11","12","13","14"],["15","","","","","","","-","16","","","","","",""],["17","","","","","","","-","18","","","","","",""],["19","","","-","20","","","21","","","","-","22","",""],["23","","","24","-","25","","","","","-","26","","",""],["27","","","","28","-","29","","","-","30","","","",""],["-","31","","","","32","","-","33","34","","","","","-"],["-","-","-","35","","","","-","36","","","","-","-","-"],["-","37","38","","","","","-","39","","","","40","41","-"],["42","","","","","-","43","44","","-","45","","","","46"],["47","","","","-","48","","","","49","-","50","","",""],["51","","","-","52","","","","","","53","-","54","",""],["55","","","56","","","","-","57","","","58","","",""],["59","","","","","","","-","60","","","","","",""],["61","","","","","","","-","62","","","","","",""]],"clues":{"1a":"French composer Francis","8a":"Silent \"ugh\"","15a":"Kind of eclipse","16a":"Of a son's love","17a":"Stipulation","18a":"Narrow at the base, as leaves","19a":"Left command","20a":"Affording rest","22a":"Broadside","23a":"Potent leader","25a":"Letters in a 60's cigarette ad","26a":"Sub outlet","27a":"Dog-tired","29a":"Oft-repeated sound of reproof","30a":"W.W. II general and namesakes","31a":"Euphemistic oath of old","33a":"Longtime Israeli statesman","35a":"Dodge","36a":"Seneca foe","37a":"Salesman's line","39a":"1969 Luchino Visconti film, With \"The\"","42a":"Dessert introduced in 1897","43a":"Apply","45a":"Leave just the kitchen sink?","47a":"Host","48a":"\"___ Irish Rose\"","50a":"Dance to chants","51a":"Mauna ___","52a":"Went ape","54a":"Liked loads","55a":"Jesus' tongue","57a":"Descendant of Esau","59a":"Coach of the Nittany Lions","60a":"Countervailing force","61a":"Kids' support group","62a":"Thirst","1d":"Ancient city of Cyprus","2d":"Access ways to major arteries","3d":"Not anyone's","4d":"Informal affection","5d":"___ Ducommun, 1902 Peace Nobelist","6d":"Stuffy, in a way","7d":"Show decisiveness","8d":"Show dementedness","9d":"Counter","10d":"16 magazine profilee","11d":"Year in Ethelred the Unready's reign","12d":"Mexican packsaddle","13d":"Index","14d":"Fragrant resins","21d":"Outback denizen","24d":"Sans animation","26d":"Offbeat ordinal","28d":"Same: Prefix","30d":"Crops","32d":"Bisected fly","34d":"70's and 80's cause","37d":"Via the mouth","38d":"Capital of the Kazakh Soviet Republic","40d":"Professorial","41d":"Waters down","42d":"Capital of Veracruz","44d":"Nurse a brewski","46d":"Communication devices","48d":"Dress with a flare","49d":"Event of 3/26/94","52d":"The going price?","53d":"Item in a roundup","56d":"Rendezvoused","58d":"Hold down, in a way"},"answers":{"1a":"POULENC","8a":"GRIMACE","15a":"ANNULAR","16a":"OEDIPAL","17a":"PROVISO","18a":"OBOVATE","19a":"HAW","20a":"EASEFUL","22a":"RAM","23a":"OMNI","25a":"LSMFT","26a":"DELI","27a":"SPENT","29a":"TUT","30a":"TOJOS","31a":"SDEATH","33a":"HERZOG","35a":"RUSE","36a":"ERIE","37a":"PATTER","39a":"DAMNED","42a":"JELLO","43a":"USE","45a":"STRIP","47a":"ARMY","48a":"ABIES","50a":"HULA","51a":"LOA","52a":"FLIPPED","54a":"DUG","55a":"ARAMAIC","57a":"EDOMITE","59a":"PATERNO","60a":"NEGATER","61a":"ALATEEN","62a":"DRYNESS","1d":"PAPHOS","2d":"ONRAMPS","3d":"UNOWNED","4d":"LUV","5d":"ELIE","6d":"NASAL","7d":"CROSSTHERUBICON","8d":"GOOFFTHEDEEPEND","9d":"REBUT","10d":"IDOL","11d":"MIV","12d":"APAREJO","13d":"CATALOG","14d":"ELEMIS","21d":"EMU","24d":"INERTLY","26d":"DOZENTH","28d":"TAUTO","30d":"TRIMS","32d":"TSE","34d":"ERA","37d":"PERORAL","38d":"ALMAATA","40d":"ERUDITE","41d":"DILUTES","42d":"JALAPA","44d":"SIP","46d":"PAGERS","48d":"ALINE","49d":"SEDER","52d":"FARE","53d":"DOGY","56d":"MET","58d":"MAN"}}