{"numbers":[["1","2","3","4","-","5","6","7","8","9","-","10","11","12","13","-","-","14","15","16","17"],["18","","","","-","19","","","","","-","20","","","","21","-","22","","",""],["23","","","","24","","","","","","-","25","","","","","26","","","",""],["-","27","","","","","","","-","28","29","","","","-","30","","","","","-"],["-","-","-","-","31","","","-","-","32","","","","-","33","","","","-","-","-"],["34","35","36","37","","-","-","38","39","","","","-","40","","","","","41","42","43"],["44","","","","-","45","46","","","","","","47","","","","","-","48","",""],["49","","","","-","50","","","","-","-","-","51","","","","-","52","","",""],["53","","","-","-","54","","","","55","56","57","","","","-","58","","","",""],["59","","","60","61","","","","-","62","","","","","-","-","63","","","",""],["-","-","64","","","","","-","65","","","","","-","66","67","","","","-","-"],["68","69","","","","-","-","70","","","","","-","71","","","","","","72","73"],["74","","","","","-","75","","","","","","76","","","","-","-","77","",""],["78","","","","-","79","","","","-","-","-","80","","","","-","81","","",""],["82","","","-","83","","","","","84","85","86","","","","","-","87","","",""],["88","","","89","","","","","-","90","","","","","-","-","91","","","",""],["-","-","-","92","","","","-","93","","","","-","-","94","95","","-","-","-","-"],["-","96","97","","","","-","98","","","","","-","99","","","","100","101","102","-"],["103","","","","","","104","","","","-","105","106","","","","","","","","107"],["108","","","","-","109","","","","","-","110","","","","","-","111","","",""],["112","","","","-","-","113","","","","-","114","","","","","-","115","","",""]],"clues":{"1a":"Dresden's river","5a":"Went out with the waves","10a":"Corporate problem","14a":"Was unyielding","18a":"Part of an estate","19a":"\"If you could ___ now!\"","20a":"Unacceptable for this puzzle?","22a":"Robert of the C.S.A.","23a":"Cardiac fitness assessment","25a":"Awed, in a way","27a":"Block components","28a":"Barnaby Jones portrayer","30a":"Hatchet handle","31a":"English Channel feeder","32a":"Not aye","33a":"Blood pigment","34a":"Goaded","38a":"Discourage","40a":"Creme ___","44a":"Actor Frobe of \"Goldfinger\"","45a":"\"When I Fall in Love\" singers","48a":"TV cartoon pal","49a":"\"Nicholas Nickleby\" Tony winner","50a":"Sigmoid swimmers","51a":"Passbook amts.","52a":"Told to go","53a":"Compass reading","54a":"Squirrellike mammals","58a":"Pound parts","59a":"Like some bikes","62a":"DARE target group","63a":"Nonvine wine source","64a":"Grace verb","65a":"Some battle participants","66a":"Pintail ducks","68a":"Drum or guitar type","70a":"Coaster cries","71a":"Uniformity","74a":"\"...called for his fiddlers ___\"","75a":"'83 play-based movie","77a":"Asian holiday","78a":"Need Ban","79a":"Fifth word of \"America\"","80a":"Crossword worker?","81a":"Leather attachment","82a":"C.P.R. giver, perhaps","83a":"Longest-running network TV show","87a":"Etta of old comics","88a":"Wayne's world","90a":"Pulitzer columnist Goodman","91a":"Noted name in Mideast talks","92a":"Often-changed lines","93a":"Perry's creator","94a":"Mrs., abroad","96a":"\"___ Foolish Things\"","98a":"Plant, perhaps","99a":"Retainers","103a":"First choice","105a":"Kind of agreement","108a":"Deprived, once","109a":"Pesach repast","110a":"Show some muscle","111a":"Extra-large shoe width","112a":"Little red critters","113a":"Nair competitor","114a":"Olympic pointers?","115a":"Bunch","1d":"Mag. wheels","2d":"\"why don't we?\"","3d":"Oscar: Felix:: Ernie: ___","4d":"Pulitzer-winning critic Richard","5d":"Chelmsford's county","6d":"The Divine Miss M","7d":"Sex education subject?","8d":"Miami couple","9d":"Wane in warring","10d":"Finishing order","11d":"Cockney's assistant","12d":"Existed","13d":"J.A. Prufrock's creator","14d":"Greeks' ancestor","15d":"Abbr. on a mountain sign","16d":"Majesty's start","17d":"Flemish composer ___ Prés","21d":"Devilish designs","24d":"Parakeet treat","26d":"Macho ones","29d":"Shade of red","33d":"Cannabis plants","34d":"Snowy ___","35d":"They come in skeins","36d":"SSgt. Barry Sadler's group","37d":"Alf, Mork, etc.","38d":"Struck out","39d":"Additionally","40d":"Pearson and Barrymore","41d":"Mary Quant was one","42d":"Accordingly","43d":"Log","45d":"Spots for chapeaux","46d":"Old \"Tonight Show\" starter","47d":"Utopias","52d":"Moon: Prefix","55d":"Charger, e.g.","56d":"Charming person?","57d":"\"Don't You Know\" singer","58d":"Hammer's end","60d":"Stylishly polished","61d":"That Cosmos guy","65d":"Coating","66d":"Pals of Olaf and Lars","67d":"Poetic ponds","68d":"Sow, maybe","69d":"Kind of park","70d":"Sharpens","71d":"Krupp Works site","72d":"Otto's preceder","73d":"Keeps","75d":"Those times","76d":"Withered","79d":"Jailbirds","81d":"Manage, with \"out\"","83d":"Noted resignee of 1988","84d":"\"Babes in Toyland\" composer","85d":"Vogue competitor","86d":"Promise recipient","89d":"Cause for alarms","91d":"Skunk LePew","93d":"Roast host","94d":"Downing Street distance","95d":"Lunch sandwiches","96d":"Nonkosher","97d":"Weight urbane","98d":"\"The Neverending Story\" writer","99d":"Child support?","100d":"Tayside tios","101d":"Virginia ___","102d":"Antique knife","103d":"Early start?","104d":"Poet's time","106d":"Not local: Abbr.","107d":"Do darts"},"answers":{"1a":"ELBE","5a":"EBBED","10a":"DEBT","14a":"HELD","18a":"DEED","19a":"SEEME","20a":"ELESS","22a":"ELEE","23a":"STRESSTEST","25a":"SPEECHLESS","27a":"STREETS","28a":"EBSEN","30a":"HELVE","31a":"EXE","32a":"NEER","33a":"HEME","34a":"EGGED","38a":"DETER","40a":"DEMENTHE","44a":"GERT","45a":"THELETTERMEN","48a":"REN","49a":"REES","50a":"EELS","51a":"DEPS","52a":"SENT","53a":"ESE","54a":"TREESHREWS","58a":"PENCE","59a":"TENSPEED","62a":"TEENS","63a":"ELDER","64a":"BLESS","65a":"SEXES","66a":"SMEES","68a":"STEEL","70a":"WHEES","71a":"EVENNESS","74a":"THREE","75a":"THEDRESSER","77a":"TET","78a":"REEK","79a":"THEE","80a":"ESNE","81a":"ETTE","82a":"EMT","83a":"MEETTHEPRESS","87a":"KETT","88a":"WESTERNS","90a":"ELLEN","91a":"PERES","92a":"HEMS","93a":"ERLE","94a":"MME","96a":"THESE","98a":"EMBED","99a":"KEEPERS","103a":"PREFERENCE","105a":"GENTLEMENS","108a":"REFT","109a":"SEDER","110a":"EXERT","111a":"EEEE","112a":"EFTS","113a":"NEET","114a":"EPEES","115a":"SLEW","1d":"EDS","2d":"LETS","3d":"BERT","4d":"EDER","5d":"ESSEX","6d":"BETTE","7d":"BEES","8d":"EMS","9d":"DETENTE","10d":"DESSERT","11d":"ELPER","12d":"BEEN","13d":"TSE","14d":"HELLEN","15d":"ELEV","16d":"LESE","17d":"DES","21d":"SCHEMES","24d":"SEED","26d":"HEMEN","29d":"BEET","33d":"HEMPS","34d":"EGRET","35d":"GEESE","36d":"GREENBERETS","37d":"ETS","38d":"DELED","39d":"ELSE","40d":"DREWS","41d":"TRENDSETTER","42d":"HENCE","43d":"ENTER","45d":"TETES","46d":"HERES","47d":"EDENS","52d":"SELEN","55d":"STEED","56d":"HEXER","57d":"REESE","58d":"PEEN","60d":"SLEEK","61d":"PELE","65d":"SHEET","66d":"SVENS","67d":"MERES","68d":"STREW","69d":"THEME","70d":"WHETS","71d":"ESSEN","72d":"SETTE","73d":"STETS","75d":"THENS","76d":"SERE","79d":"TERMERS","81d":"EKE","83d":"MEESE","84d":"HERBERT","85d":"ELLE","86d":"PLEDGEE","89d":"THEFTS","91d":"PEPE","93d":"EMCEE","94d":"METRE","95d":"MELTS","96d":"TREF","97d":"HEFT","98d":"ENDE","99d":"KNEE","100d":"EMES","101d":"REEL","102d":"SNEE","103d":"PRE","104d":"EEN","106d":"EXP","107d":"SEW"}}