{"numbers":[["1","2","3","4","-","5","6","7","8","-","9","10","11","12","13"],["14","","","","-","15","","","","-","16","","","",""],["17","","","","-","18","","","","-","19","","","",""],["20","","","-","21","","","-","22","23","","-","24","",""],["25","","","-","26","","","27","","","","-","28","",""],["29","","","30","","-","31","","","","-","32","","",""],["33","","","","","34","-","35","","","-","36","","",""],["-","-","-","37","","","38","","","","39","","-","-","-"],["40","41","42","","-","43","","","-","44","","","45","46","47"],["48","","","","-","49","","","50","-","51","","","",""],["52","","","-","53","","","","","54","","-","55","",""],["56","","","-","57","","","-","58","","","-","59","",""],["60","","","61","","-","62","63","","","-","64","","",""],["65","","","","","-","66","","","","-","67","","",""],["68","","","","","-","69","","","","-","70","","",""]],"clues":{"1a":"More exuberant, as a laugh","5a":"Snatch","9a":"\"Cold hands, ___\"","14a":"Mast-steadying rope","15a":"Hitchcock's \"___ Window\"","16a":"Of a region","17a":"Now's partner","18a":"Eggshell","19a":"Rubberneck","20a":"Altar in the sky","21a":"Sault ___ Marie","22a":"Yarmulke","24a":"Capts.' subordinates","25a":"Campaign donor grp.","26a":"Some bikes","28a":"\"___ the season...\"","29a":"Upper regions of space","31a":"Scrabble piece","32a":"Mare's offspring","33a":"Judged","35a":"Place for E.M.K.","36a":"Concordes land there","37a":"Without reservation","40a":"Little demon","43a":"Corn site","44a":"Prolonged attacks","48a":"Steak order","49a":"Vesuvius's Sicilian counterpart","51a":"Boston Garden, e.g.","52a":"Gametes","53a":"Theater aide","55a":"White House defense grp.","56a":"Barbie's beau","57a":"Sixth sense","58a":"Joad and Kettle","59a":"Wilder's \"___ Town\"","60a":"Singer John","62a":"Gibbons","64a":"Desiccated","65a":"Means of connection","66a":"Gambler's \"bones\"","67a":"Like some cars","68a":"Pulse indication","69a":"Collectors' goals","70a":"February 14 symbol","1d":"Like some candy boxes","2d":"Repeat","3d":"Otalgia","4d":"Place for ham and Swiss","5d":"Miss Garbo","6d":"Modern","7d":"Swiss river","8d":"Movie star with a kick?","9d":"Ethnic group portrayed in A. R. Gurney's plays","10d":"___ Deco","11d":"Person who can move buildings","12d":"Kind of arts or law","13d":"With cruelty","21d":"___ throat","23d":"Alters","27d":"Discourages","30d":"Overact","32d":"Where to go between acts","34d":"Restrains","38d":"Reporters' needs","39d":"Tale tellers","40d":"Jilted lover's woe","41d":"Entangler","42d":"Sanchez Vicario of tennis","45d":"Columbus, by birth","46d":"Guaranteed","47d":"University in Bridgeport, Conn.","50d":"Mien","53d":"Slow on the uptake","54d":"Mitigates","61d":"Bouncer's demand","63d":"Pizza","64d":"California's Big ___"},"answers":{"1a":"HEARTIER","5a":"GRAB","9a":"WARMHEART","14a":"STAY","15a":"REAR","16a":"AREAL","17a":"HERE","18a":"ECRU","19a":"STARE","20a":"ARA","21a":"STE","22a":"CAP","24a":"LTS","25a":"PAC","26a":"TANDEMS","28a":"TIS","29a":"ETHER","31a":"TILE","32a":"FOAL","33a":"DEEMED","35a":"SEN","36a":"ORLY","37a":"OPENHEARTEDLY","40a":"BRAT","43a":"TOE","44a":"SIEGES","48a":"RARE","49a":"ETNA","51a":"ARENA","52a":"OVA","53a":"DRESSER","55a":"NSC","56a":"KEN","57a":"ESP","58a":"PAS","59a":"OUR","60a":"ELTON","62a":"APES","64a":"SERE","65a":"NEXUS","66a":"DICE","67a":"USED","68a":"HEARTRATE","69a":"SETS","70a":"REDHEART","1d":"HEARTSHAPED","2d":"ITERATE","3d":"EARACHE","4d":"RYE","5d":"GRETA","6d":"RECENT","7d":"AAR","8d":"BRUCELEE","9d":"WASPS","10d":"ART","11d":"REALTOR","12d":"MARTIAL","13d":"HEARTLESSLY","21d":"STREP","23d":"AMENDS","27d":"DISHEARTENS","30d":"EMOTE","32d":"FOYER","34d":"DETERS","38d":"NOTEPADS","39d":"LIARS","40d":"BROKENHEART","41d":"RAVELER","42d":"ARANTXA","45d":"GENOESE","46d":"ENSURED","47d":"SACREDHEART","50d":"ASPECT","53d":"DENSE","54d":"EASES","61d":"OUT","63d":"PIE","64d":"SUR"}}