{"numbers":[["1","2","3","4","-","-","5","6","7","8","-","-","9","10","11"],["12","","","","-","13","","","","","-","14","","",""],["15","","","","16","","","","","","17","","","",""],["18","","","","","","","-","-","-","19","","","","-"],["-","-","-","20","","","-","-","21","22","","","","-","-"],["23","24","25","","","","26","27","","","","","","28","29"],["30","","","-","-","31","","","","","-","32","","",""],["33","","","34","-","-","35","","","-","-","36","","",""],["37","","","","-","38","","","","39","-","-","40","",""],["41","","","","42","","","","","","43","44","","",""],["-","-","45","","","","","-","-","46","","","-","-","-"],["-","47","","","","-","-","-","48","","","","49","50","51"],["52","","","","","53","54","55","","","","","","",""],["56","","","","-","57","","","","","-","58","","",""],["59","","","-","-","60","","","","-","-","61","","",""]],"clues":{"1a":"Scroogian comments","5a":"Grandson of Adam","9a":"Biblical possessive","12a":"Sheltered, at sea","13a":"Spot for Spartacus","14a":"Carnival ride cry","15a":"\"Ho, ho, ho\" fellow","18a":"Seems","19a":"Hockey's Bobby et al.","20a":"Blue Eagle initials","21a":"Feasted","23a":"\"My salad days when I was ___\": Shakespeare","30a":"Favorite dog name","31a":"Closes in on","32a":"The East","33a":"Word in a price","35a":"Volcano spew","36a":"Deli cry","37a":"Cause for liniment","38a":"Not-so-prized fur","40a":"River inlet","41a":"Bucky Dent slew it at Fenway Park in 1978","45a":"Zorba portrayer","46a":"Tennis call","47a":"Sulk angrily","48a":"Many Dickens stories, originally","52a":"Civil War currency","56a":"Merit","57a":"Nintendo hero","58a":"One of the Simpsons","59a":"Sot's problem","60a":"Jot","61a":"Prepares the dinner table","1d":"Mexican peninsula","2d":"Crooked","3d":"Maids","4d":"Moon goddess","5d":"Misreckons","6d":"Born","7d":"Indivisible","8d":"___ Marcos, Tex.","9d":"Arid region of India","10d":"Chick watchers","11d":"Thus far","13d":"Take with ___ of salt","14d":"Utility employee","16d":"It comes in balls","17d":"Bad news at a talent show","21d":"\"Bull ___\" (Costner film)","22d":"Psyche parts","23d":"Word in a monarch's name","24d":"Extent","25d":"National treasuries","26d":"Tidy up","27d":"Teen heartthrob Priestley","28d":"Undeliverable letter, in post-office talk","29d":"13th-century invader","34d":"Monastery head","38d":"D.C. legislator","39d":"El Greco's \"View of ___\"","42d":"Nothing: Fr.","43d":"Pianist Peter","44d":"Part of rock's C.S.N. &amp; Y.","47d":"Brotherhood","48d":"Comic bit","49d":"\"I cannot tell ___\"","50d":"Ultimate","51d":"Madrid Mmes.","52d":"Dropout's degree: Abbr.","53d":"Status letters, perhaps","54d":"\"Say ___\"","55d":"Dernier ___"},"answers":{"1a":"BAHS","5a":"ENOS","9a":"THY","12a":"ALEE","13a":"ARENA","14a":"WHEE","15a":"JOLLYGREENGIANT","18a":"APPEARS","19a":"ORRS","20a":"NRA","21a":"DINED","23a":"GREENINJUDGMENT","30a":"REX","31a":"NEARS","32a":"ASIA","33a":"EACH","35a":"ASH","36a":"NEXT","37a":"ACHE","38a":"STOAT","40a":"RIA","41a":"THEGREENMONSTER","45a":"QUINN","46a":"LET","47a":"FUME","48a":"SERIALS","52a":"GREENBACKDOLLAR","56a":"EARN","57a":"MARIO","58a":"LISA","59a":"DTS","60a":"WHIT","61a":"SETS","1d":"BAJA","2d":"ALOP","3d":"HELP","4d":"SELENE","5d":"ERRS","6d":"NEE","7d":"ONE","8d":"SAN","9d":"THARDESERT","10d":"HENS","11d":"YET","13d":"AGRAIN","14d":"WIREMAN","16d":"YARN","17d":"GONG","21d":"DURHAM","22d":"IDS","23d":"GREAT","24d":"REACH","25d":"EXCHEQUERS","26d":"NEATEN","27d":"JASON","28d":"NIXIE","29d":"TATAR","34d":"HEGUMEN","38d":"SEN","39d":"TOLEDO","42d":"RIEN","43d":"NERO","44d":"STILLS","47d":"FRAT","48d":"SKIT","49d":"ALIE","50d":"LAST","51d":"SRAS","52d":"GED","53d":"BMW","54d":"AAH","55d":"CRI"}}