{"numbers":[["1","2","3","4","-","-","5","6","7","-","-","8","9","10","11"],["12","","","","13","-","14","","","15","-","16","","",""],["17","","","","","-","18","","","","19","","","",""],["-","20","","","","21","-","22","","","","-","23","",""],["-","-","-","24","","","25","-","26","","","27","","",""],["28","29","30","","","","","31","-","32","","","","-","-"],["33","","","","-","34","","","35","-","36","","","37","-"],["38","","","-","39","","","","","40","","-","41","","42"],["-","43","","44","","-","45","","","","-","46","","",""],["-","-","47","","","48","-","49","","","50","","","",""],["51","52","","","","","53","-","54","","","","-","-","-"],["55","","","-","56","","","57","-","58","","","59","60","-"],["61","","","62","","","","","63","-","64","","","","65"],["66","","","","-","67","","","","-","68","","","",""],["69","","","","-","-","70","","","-","-","71","","",""]],"clues":{"1a":"Twelve ___ (\"G.W.T.W.\" home)","5a":"Cousin of the cobra","8a":"Pelt","12a":"Insomnia causes","14a":"Sausage, e.g.","16a":"Having no deferments","17a":"\"___ akbar\" (Arab cry)","18a":"The Sphinx and the Parthenon?","20a":"Available","22a":"Speech problem","23a":"Till","24a":"Author Murdoch","26a":"Took the most credit","28a":"Socks and Millie?","32a":"Popular Dutch export","33a":"Zero-shaped","34a":"Mr. Hulot's portrayer","36a":"Gossip-column snippet","38a":"Poe story setting","39a":"Piers 19 and 20?","41a":"Tony-winner Caldwell","43a":"Ending for tip or team","45a":"The Untouchables","46a":"Russian sea","47a":"Goneril's father","49a":"Two-spot and six-spot?","51a":"Helter-___","54a":"Problem for Superman","55a":"Unsafe, in a way","56a":"1982 Stein/Plimpton biography","58a":"Subject of Freudian study","61a":"20 cents?","64a":"Obloquy","66a":"Blueprint","67a":"Bald head","68a":"Cry from the sick ward","69a":"Barks","70a":"Town on Long Island Sound","71a":"Unclothe","1d":"Seraglio room","2d":"Singer Guthrie","3d":"Potter's need","4d":"Kind of sense","5d":"Concert hall equipment","6d":"Bewhiskered animal","7d":"City of Light","8d":"___ polloi","9d":"Light entertainments","10d":"Farm-gear pioneer","11d":"Sugar-coated","13d":"Nattily clad","15d":"Kind of test","19d":"Floral spike","21d":"Attraction at St. Peter's","25d":"Show alarm","27d":"Squeal","28d":"Top 40 music","29d":"Budget rival","30d":"Jalopy","31d":"Notary public's need","35d":"Exemplar","37d":"Lows","39d":"Jabbered","40d":"\"No right ___\"","42d":"Turgenev's \"On the ___\"","44d":"Conger","46d":"Made sense","48d":"Gave a room a face lift","50d":"Hall-of-Fame Brave","51d":"Excessively sentimental","52d":"___ Lumpur","53d":"Inflexibility","57d":"Prize since 1948","59d":"River through Leeds","60d":"Chew (on)","62d":"Years in 7-Down","63d":"Date","65d":"Country singer McDaniel"},"answers":{"1a":"OAKS","5a":"ASP","8a":"HIDE","12a":"DRIPS","14a":"MEAT","16a":"ONEA","17a":"ALLAH","18a":"PARASITES","20a":"ONTAP","22a":"LISP","23a":"ERE","24a":"IRIS","26a":"STARRED","28a":"PARAPETS","32a":"EDAM","33a":"OVAL","34a":"TATI","36a":"ITEM","38a":"PIT","39a":"PARADOX","41a":"ZOE","43a":"STER","45a":"TMEN","46a":"AZOV","47a":"LEAR","49a":"PARADISE","51a":"SKELTER","54a":"LEAD","55a":"OUT","56a":"EDIE","58a":"DREAM","61a":"PARADIGMS","64a":"ODIUM","66a":"PLAN","67a":"DOME","68a":"NURSE","69a":"YAPS","70a":"RYE","71a":"PEEL","1d":"ODA","2d":"ARLO","3d":"KILN","4d":"SPATIAL","5d":"AMP","6d":"SEAL","7d":"PARIS","8d":"HOI","9d":"INTERMEZZI","10d":"DEERE","11d":"EASED","13d":"SHARP","15d":"TASTE","19d":"SPADIX","21d":"PIETA","25d":"START","27d":"RAT","28d":"POP","29d":"AVIS","30d":"RATTLETRAP","31d":"STAMP","35d":"IDEAL","37d":"MOOS","39d":"PRATED","40d":"ONRED","42d":"EVE","44d":"EEL","46d":"ADDEDUP","48d":"REDID","50d":"AARON","51d":"SOPPY","52d":"KUALA","53d":"RIGOR","57d":"EMMY","59d":"AIRE","60d":"MUSE","62d":"ANS","63d":"SEE","65d":"MEL"}}