{"numbers":[["-","-","1","2","3","4","5","-","6","7","8","9","10","11","-"],["-","12","","","","","","-","13","","","","","","14"],["15","","","","","","","-","16","","","","","",""],["17","","","","","","","18","","-","19","","","",""],["20","","","","","-","21","","","22","-","23","","",""],["24","","","","-","-","25","","","","26","-","27","",""],["28","","","","29","-","-","30","","","","31","","","-"],["-","-","-","32","","33","34","","","","","","-","-","-"],["-","35","36","","","","","","-","-","37","","38","39","40"],["41","","","-","42","","","","43","-","-","44","","",""],["45","","","46","-","47","","","","-","48","","","",""],["49","","","","50","-","51","","","52","","","","",""],["53","","","","","54","","-","55","","","","","",""],["56","","","","","","","-","57","","","","","","-"],["-","58","","","","","","-","59","","","","","-","-"]],"clues":{"1a":"Game with numbers 1 to 20","6a":"Crosby to Hope, often","12a":"Adulterate","13a":"Deceptive alloys","15a":"One who's left holding the bag?","16a":"Pontiac model","17a":"Definitely not ascetic","19a":"Gulf War combatant","20a":"___-ski","21a":"Thrombus","23a":"Mini-peninsula","24a":"Hautboy, e.g.","25a":"Capital east of Jerusalem","27a":"Exact point","28a":"Roy Orbison's \"___ Baby\"","30a":"Silo fan","32a":"George C. Scott feature","35a":"Fox","37a":"English martyr","41a":"French cooking staple","42a":"Those opposed","44a":"Wagner's earth goddess","45a":"Opportunist","47a":"Chinese: Prefix","48a":"Spirit","49a":"Postulate","51a":"Flagging conversation?","53a":"Headstrong","55a":"Pedigreed","56a":"Personal personnel","57a":"___ in (curbed)","58a":"American saint and family","59a":"Sniggler","1d":"A fiancee of Napoleon","2d":"Kindergarten book","3d":"Nerve branch","4d":"Slavic sovereign","5d":"People of the Five Nations","6d":"Something you go by","7d":"Eight-time Norris Trophy winner","8d":"___ to say","9d":"Brown and others","10d":"Reach in amount","11d":"More fit","12d":"Smart","14d":"Clobber","15d":"Boy Scouts of America founder","18d":"January birthstone","22d":"Tahitian dish","26d":"Shuttle group","29d":"Former U.S. poet laureate ___ Van Duyn","31d":"Bell's ringer?","33d":"___ best friend","34d":"Master hands","35d":"Lives","36d":"Ennoble","38d":"Hatchery","39d":"Put on a pedestal","40d":"Like a newborn","41d":"Sweetie","43d":"Funereal, in Folkestone","46d":"Word on a bill","48d":"Baby","50d":"Second leader","52d":"Away from harm's way","54d":"Wimple wearer"},"answers":{"1a":"DARTS","6a":"COSTAR","12a":"DEBASE","13a":"OROIDES","15a":"BASEMAN","16a":"GRANDAM","17a":"EPICUREAN","19a":"SAUDI","20a":"APRES","21a":"CLOT","23a":"SPIT","24a":"REED","25a":"AMMAN","27a":"TEE","28a":"DREAM","30a":"AERATOR","32a":"ROMANNOSE","35a":"REYNARD","37a":"ALBAN","41a":"SEL","42a":"ANTIS","44a":"ERDA","45a":"USER","47a":"SINO","48a":"SPOOK","49a":"GIVEN","51a":"SEMAPHORE","53a":"ADAMANT","55a":"BLOODED","56a":"RETINUE","57a":"REINED","58a":"SETONS","59a":"EELER","1d":"DESIREE","2d":"ABECEDARY","3d":"RAMUS","4d":"TSAR","5d":"SENECA","6d":"COGNOMEN","7d":"ORR","8d":"SOAS","9d":"TINAS","10d":"ADDUPTO","11d":"READIER","12d":"DAPPER","14d":"SMITE","15d":"BEARD","18d":"ALMANDINE","22d":"TARO","26d":"NASA","29d":"MONA","31d":"TELEPHONE","33d":"MANS","34d":"ARTISTES","35d":"RESIDES","36d":"ELEVATE","38d":"BROODER","39d":"ADORED","40d":"NAKED","41d":"SUGAR","43d":"SOMBRE","46d":"REMIT","48d":"SPOIL","50d":"NANO","52d":"ALEE","54d":"NUN"}}