{"numbers":[["1","2","3","4","5","-","6","7","8","9","-","10","11","12","13"],["14","","","","","-","15","","","","-","16","","",""],["17","","","","","18","","","","","-","19","","",""],["20","","","","","","-","21","","","22","","","",""],["-","-","-","23","","","24","-","25","","","","","-","-"],["26","27","28","","","-","29","30","","-","31","","","32","-"],["33","","","","-","34","","","-","35","","","","","36"],["37","","","-","38","","","","39","","","-","40","",""],["41","","","42","","","-","43","","","-","44","","",""],["-","45","","","","-","46","","","-","47","","","",""],["-","-","48","","","49","","-","50","51","","","-","-","-"],["52","53","","","","","","54","-","55","","","56","57","58"],["59","","","","-","60","","","61","","","","","",""],["62","","","","-","63","","","","-","64","","","",""],["65","","","","-","66","","","","-","67","","","",""]],"clues":{"1a":"Suit","6a":"Bit of smoke","10a":"___ scratch","14a":"Town near Bangor","15a":"\"The ___!\" (hmmph!)","16a":"Good enough to eat","17a":"One-___","19a":"Gray's subj.","20a":"Disprove","21a":"Go all-out","23a":"Washington story, maybe","25a":"Remembrance of things past","26a":"Easier to count","29a":"Turn-of-century Secretary of State","31a":"Fleece","33a":"Hoorays","34a":"U.C.L.A. rival","35a":"Knocked, in a way","37a":"She raised Cain","38a":"One side in an 1862 battle","40a":"1951 Johnnie Ray hit","41a":"Disk spinner","43a":"Exceptional word?","44a":"Deliberate","45a":"Vending machine part","46a":"Stewed","47a":"Firedamps","48a":"Name in robotry","50a":"Over","52a":"Dinner alfresco","55a":"Fancy-coiffed bird","59a":"Nobelist ___ von Behring","60a":"Two-___","62a":"The L of L-dopa","63a":"Scads","64a":"___ up (relented)","65a":"From the top","66a":"Popular source of quotes, for short","67a":"Sans elan","1d":"Beethoven's birthplace","2d":"Spooky waterway?","3d":"80-day traveler","4d":"Gulps","5d":"Rock","6d":"Dorothy Parker, e.g.","7d":"G. &amp; S. princess and others","8d":"Door stopper?","9d":"Army chaplain","10d":"Box label","11d":"Three-___","12d":"Type of glass","13d":"Dish (out)","18d":"Main","22d":"Worrier's risk, so they say","24d":"Turkish for \"ruler\"","26d":"Oscar-winning film director Zinnemann","27d":"Runoff site","28d":"Four-___","30d":"Convenient story","32d":"In itself","34d":"Not 100% open","35d":"Make a memo of","36d":"Aids in disguises","38d":"Photo choice","39d":"Balletic put-on","42d":"Mr. Average","44d":"Sports legend of 1920","46d":"With trumpets ablare","47d":"Spurred on","49d":"Symbol of vastness","51d":"Reward for yrs. of study","52d":"Gymnastics coach Karolyi","53d":"\"I agree!\"","54d":"Inflatable items","56d":"Bouquet","57d":"Heavily damaged city of W.W. II","58d":"Swirl","61d":"Somme summer"},"answers":{"1a":"BEFIT","6a":"WISP","10a":"FROM","14a":"ORONO","15a":"IDEA","16a":"RIPE","17a":"NIGHTSTAND","19a":"ANAT","20a":"NEGATE","21a":"STRUGGLE","23a":"LEAK","25a":"RELIC","26a":"FEWER","29a":"HAY","31a":"CLIP","33a":"RAHS","34a":"CAL","35a":"JEERED","37a":"EVE","38a":"MONITOR","40a":"CRY","41a":"DEEJAY","43a":"BUT","44a":"MUSE","45a":"SLOT","46a":"LIT","47a":"GASES","48a":"DETOO","50a":"UPON","52a":"BARBECUE","55a":"HOOPOE","59a":"EMIL","60a":"EDGEDSWORD","62a":"LEVO","63a":"ALOT","64a":"EASED","65a":"ANEW","66a":"NYSE","67a":"DRYLY","1d":"BONN","2d":"ERIE","3d":"FOGG","4d":"INHALES","5d":"TOTTER","6d":"WIT","7d":"IDAS","8d":"SENTRY","9d":"PADRE","10d":"FRAGILE","11d":"RINGCIRCUS","12d":"OPAL","13d":"METE","18d":"SEA","22d":"ULCER","24d":"KHAN","26d":"FRED","27d":"EAVES","28d":"WHEELDRIVE","30d":"ALIBI","32d":"PERSE","34d":"COY","35d":"JOT","36d":"DYES","38d":"MATTE","39d":"TUTU","42d":"JOEBLOW","44d":"MANOWAR","46d":"LOUDLY","47d":"GOOSED","49d":"OCEAN","51d":"PHD","52d":"BELA","53d":"AMEN","54d":"EGOS","56d":"POSY","57d":"OREL","58d":"EDDY","61d":"ETE"}}