{"numbers":[["-","1","2","3","4","5","-","6","7","8","9","10","11","12","13"],["14","","","","","","-","15","","","","","","",""],["16","","","","","","-","17","","","","","","",""],["18","","","","","","19","-","20","","","","","",""],["21","","","-","-","-","22","23","","","","-","-","-","-"],["-","24","","25","-","26","","","","-","-","27","28","29","-"],["30","","","","31","","","","","32","33","","","","34"],["35","","","","","","","","","","","","","",""],["36","","","","","","","","","","","","","",""],["-","37","","","-","-","38","","","","-","39","","","-"],["-","-","-","-","40","41","","","","-","-","-","42","","43"],["44","45","46","47","","","","-","48","49","50","51","","",""],["52","","","","","","","53","-","54","","","","",""],["55","","","","","","","","-","56","","","","",""],["57","","","","","","","","-","58","","","","","-"]],"clues":{"1a":"\"Fiddler\" star","6a":"Dido","14a":"Prosper","15a":"Fliers, collectively","16a":"Site in the \"Aeneid\"","17a":"Polite intro","18a":"Johnny and the Moondogs, more familiarly","20a":"Locks","21a":"Union, e.g.: Abbr.","22a":"Stays in line","24a":"Old trains","26a":"Get an ___ effort","27a":"Alphabet trio","30a":"Some Wall Street firms","35a":"Army bigwig","36a":"About 2 million in the U.S.","37a":"W.W. II craft","38a":"\"Elle et Lui\" author","39a":"Whirlwinds","40a":"Spotted horse","42a":"The Mormons, initially","44a":"Curtain accessory","48a":"Breathe deeply","52a":"Slothful","54a":"New York island","55a":"Halloween hanging","56a":"Adjective for a trifle","57a":"Issue, as a verdict","58a":"Put together","1d":"Another name for God","2d":"Church areas","3d":"Artist Mondrian","4d":"Amphitheater","5d":"Smooth, in phonetics","6d":"Telesthesia","7d":"University officials","8d":"Support","9d":"Staff","10d":"Favorable factors","11d":"Bristles","12d":"Lady of the knight","13d":"Regards","14d":"It's good to keep these on kids","19d":"\"To the best of my information ...\"","23d":"Hobgoblin","25d":"Glide, in Glasgow","26d":"Art Deco artist","27d":"Texas-New Mexico range","28d":"\"The Ten Commandments\" extras","29d":"Informal women's attire","30d":"Warehouse container","31d":"Stationery item: Abbr.","32d":"Cowpoke's charge","33d":"2 ___ (double-teamed)","34d":"Mercedes models","40d":"Blanched","41d":"Vinegary prefix","43d":"Posted","44d":"Mrs. Addams, affectionately","45d":"Start of a Durante title","46d":"Sagan's \"The Dragons of ___\"","47d":"Gutsy","49d":"West Point inits.","50d":"Part of a pipe","51d":"Normal start","53d":"Nashville-based cable service"},"answers":{"1a":"TOPOL","6a":"ESCAPADE","14a":"THRIVE","15a":"STAIRWAY","16a":"AEGEAN","17a":"PARDONME","18a":"BEATLES","20a":"TRESSES","21a":"STN","22a":"OBEYS","24a":"ELS","26a":"EFOR","27a":"HIJ","30a":"BROKERAGEHOUSES","35a":"INFANTRYGENERAL","36a":"NATIVEAMERICANS","37a":"LST","38a":"SAND","39a":"OES","40a":"PAINT","42a":"LDS","44a":"TIEBACK","48a":"SUSPIRE","52a":"INDOLENT","54a":"STATEN","55a":"SKELETON","56a":"MEREST","57a":"HANDDOWN","58a":"AMASS","1d":"THEETERNAL","2d":"ORGANLOFTS","3d":"PIET","4d":"OVAL","5d":"LENE","6d":"ESP","7d":"STATEREGENTS","8d":"CARRY","9d":"AIDES","10d":"PROS","11d":"AWNS","12d":"DAME","13d":"EYES","14d":"TABS","19d":"SOFARASIKNOW","23d":"BOGYMAN","25d":"SKAIT","26d":"ERTE","27d":"HUECO","28d":"ISRAELITES","29d":"JEANSDRESS","30d":"BIN","31d":"ENV","32d":"HERD","33d":"ONI","34d":"SLS","40d":"PALED","41d":"ACETO","43d":"SENT","44d":"TISH","45d":"INKA","46d":"EDEN","47d":"BOLD","49d":"USMA","50d":"STEM","51d":"PARA","53d":"TNN"}}