{"numbers":[["1","2","3","4","5","6","-","-","7","8","9","10","11","12","13"],["14","","","","","","-","15","","","","","","",""],["16","","","","","","-","17","","","","","","",""],["18","","","-","-","19","20","","-","21","","","","-","-"],["22","","","23","24","-","25","","26","-","-","-","27","28","29"],["-","-","-","30","","31","","","","32","-","33","","",""],["-","34","35","","","","-","36","","","-","37","","",""],["-","38","","","","","39","","","","40","","","","-"],["41","","","","-","42","","","-","43","","","","","-"],["44","","","","-","45","","","46","","","","-","-","-"],["47","","","-","-","-","48","","","-","49","","50","51","52"],["-","-","53","54","55","56","-","57","","58","-","-","59","",""],["60","61","","","","","62","","-","63","64","65","","",""],["66","","","","","","","","-","67","","","","",""],["68","","","","","","","-","-","69","","","","",""]],"clues":{"1a":"Eye site","7a":"Freshens up baby","14a":"Canceled","15a":"P.O.W.'s","16a":"Partied hearty","17a":"Fossillike","18a":"\"Liftoff\" preceder","19a":"Early Beatle Sutcliffe","21a":"Phone button","22a":"Bottom line","25a":"Suffix with depend or descend","27a":"4.0, e.g.","30a":"\"Hey! Jealous Lover\" singer","33a":"Goofs","34a":"Italian epic poet","36a":"Showy moths","37a":"Take in","38a":"Nursery-rhyme queen's fare","41a":"Thespian's quest","42a":"Work unit","43a":"Shangri-las","44a":"Timetable divisions","45a":"Earth and moon, e.g.","47a":"Letter from Greece","48a":"Message from the Titanic","49a":"Satchel binder","53a":"Willing","57a":"\"___ Lazy River\"","59a":"\"___ minute\"","60a":"Twain and others","63a":"Cloys with adoration","66a":"Twilight time","67a":"Voucher","68a":"Supplies with new hands","69a":"Iroquoian people","1d":"Computer salesman of renown","2d":"Maine college town","3d":"Musical direction","4d":"Question","5d":"Plumber's joint","6d":"Tote board stat","7d":"Apply lightly","8d":"___ facto","9d":"Not under","10d":"Bundle","11d":"1977 Streisand hit","12d":"Abbr. in a military name","13d":"Compass dir.","15d":"Nursery-rhyme king's den","20d":"Gunpowder, e.g.","23d":"Black numbers","24d":"'63 film \"David and ___\"","26d":"Marched","28d":"Wishes","29d":"Image in Egyptian art","31d":"Intersections","32d":"Tribe of Israel","33d":"Repeated Jim Varney film role","34d":"Lifts of a sort","35d":"Charged at the bench","39d":"Some Dada works","40d":"Ovid products","41d":"Vim","46d":"Empath's skill","50d":"___ Janeiro","51d":"Lark","52d":"Ziti or fusilli","54d":"Poet Bradstreet","55d":"___ Hari","56d":"German biographer Ludwig","58d":"Fundamentals","60d":"Each","61d":"Oscar-winning Joanne Woodward role","62d":"Masthead listings, for short","64d":"Poet's word","65d":"Boxer's title: Abbr."},"answers":{"1a":"POTATO","7a":"DIAPERS","14a":"ERASED","15a":"CAPTIVES","16a":"ROCKED","17a":"OBSOLETE","18a":"ONE","19a":"STU","21a":"OPER","22a":"TOTAL","25a":"ENT","27a":"GPA","30a":"SINATRA","33a":"ERRS","34a":"TASSO","36a":"IOS","37a":"REAP","38a":"BREADANDHONEY","41a":"PART","42a":"ERG","43a":"EDENS","44a":"ERAS","45a":"SPHERES","47a":"PSI","48a":"SOS","49a":"STRAP","53a":"GAME","57a":"UPA","59a":"INA","60a":"PENNAMES","63a":"BESOTS","66a":"EVENTIDE","67a":"CREDIT","68a":"REDEALS","69a":"SENECA","1d":"PEROT","2d":"ORONO","3d":"TACET","4d":"ASK","5d":"TEE","6d":"ODDS","7d":"DAB","8d":"IPSO","9d":"ATOP","10d":"PILE","11d":"EVERGREEN","12d":"RET","13d":"SSE","15d":"COUNTINGHOUSE","20d":"TEA","23d":"ASSETS","24d":"LISA","26d":"TROD","28d":"PRAYS","29d":"ASP","31d":"NODES","32d":"ASHER","33d":"ERNEST","34d":"TBARS","35d":"ARRAIGNED","39d":"ARPS","40d":"ODES","41d":"PEP","46d":"ESP","50d":"RIODE","51d":"ANTIC","52d":"PASTA","54d":"ANNE","55d":"MATA","56d":"EMIL","58d":"ABCS","60d":"PER","61d":"EVE","62d":"EDS","64d":"ERE","65d":"SEN"}}