{"numbers":[["1","2","3","4","-","5","6","7","8","9","-","10","11","12","13","14","-","15","16","17","18"],["19","","","","-","20","","","","","-","21","","","","","-","22","","",""],["23","","","","24","","","","","","25","","","","","","26","","","",""],["27","","","-","28","","","","-","-","29","","","","-","-","30","","","",""],["-","-","31","32","","","","-","33","34","","","","-","35","36","","","-","-","-"],["37","38","","","","","-","39","","","","-","-","40","","","","","41","42","-"],["43","","","","","","44","","","","","45","46","","","","","","","","47"],["48","","","","-","-","49","","","","-","50","","","","","-","-","51","",""],["52","","","-","53","54","","","","-","55","","","","","-","56","57","","",""],["-","-","-","58","","","","","-","59","","","","-","-","60","","","","",""],["61","62","63","","","","","","64","","","","","65","66","","","","","",""],["67","","","","","","-","-","68","","","","-","69","","","","","-","-","-"],["70","","","","","-","71","72","","","","-","73","","","","","-","74","75","76"],["77","","","-","-","78","","","","","-","79","","","","-","-","80","","",""],["81","","","82","83","","","","","","84","","","","","85","86","","","",""],["-","87","","","","","","","-","-","88","","","","-","89","","","","",""],["-","-","-","90","","","","-","91","92","","","","-","93","","","","","-","-"],["94","95","96","","","-","-","97","","","","-","-","98","","","","-","99","100","101"],["102","","","","","103","104","","","","","105","106","","","","","107","","",""],["108","","","","-","109","","","","","-","110","","","","","-","111","","",""],["112","","","","-","113","","","","","-","114","","","","","-","115","","",""]],"clues":{"1a":"\"The Virginian\" star","5a":"C.I.A. mole, perhaps","10a":"Yankee home-run legend","15a":"Blackmailer's meeting point","19a":"Defendant's friend, often","20a":"Delivers a philippic","21a":"Practice piece","22a":"New Rochelle college","23a":"Start of a quip","27a":"Start of an ode's title","28a":"One of 12 popes","29a":"Redding of 60's soul","30a":"Lists","31a":"Writer Quentin","33a":"Stop on a European tour","35a":"Secretly take","37a":"To land","39a":"Mata ___","40a":"Leaves","43a":"Quip, part 2","48a":"Ending for silver or glass","49a":"Rubbernecked","50a":"They may be wee","51a":"Wander","52a":"Unwitty comebacks","53a":"Board","55a":"Like Windsor wives","56a":"Actress Belafonte","58a":"\"M\" star of 1931","59a":"Miss Piggy and others","60a":"Untrustworthy sort","61a":"Quip, part 3","67a":"Electron collectors","68a":"Aware of","69a":"Notre Dame faithful","70a":"Lucky ___","71a":"Kind of acid","73a":"Meanness","74a":"Blubber","77a":"Food additive","78a":"Stories","79a":"Circuit component","80a":"A lot of lot","81a":"Quip, part 4","87a":"Goddess of righteous anger","88a":"All over","89a":"Filmdom's Mr. Chips, 1969","90a":"Governor Wilson","91a":"Sunbathing, reading, etc.","93a":"Pad type","94a":"1979 Weaver film","97a":"El ___","98a":"Stuff","99a":"Burn cause, perhaps","102a":"End of the quip","108a":"Genesis brother","109a":"Donnybrook","110a":"Weak poker hand","111a":"Rats!","112a":"African rulers","113a":"Gets slick on top","114a":"Insults","115a":"Wonders aloud","1d":"V.I.P. in woman suffrage","2d":"___ Rios, Jamaica","3d":"Stands","4d":"Bribe","5d":"Stroked","6d":"Short shot","7d":"Colony members","8d":"Utmost","9d":"Mao ___-tung","10d":"Bombay-born conductor","11d":"Had a quiet dinner","12d":"Ingredients in presidentes","13d":"Infamous dictator","14d":"\"Wait a ___!\"","15d":"Catch-22","16d":"Parks of Alabama","17d":"\"Come ___, the water's fine!\"","18d":"One-star ratings","24d":"Hubert's successor","25d":"General Powell","26d":"\"All praise to ___\"","32d":"First film in CinemaScope, with \"The\"","33d":"Flicka and others","34d":"Angry","35d":"Raymond's lawyer role","36d":"Statutes","37d":"Part of a Welk intro","38d":"Toppled leader of 1979","39d":"Mills of Hollywood","40d":"Grim","41d":"Pretty follower","42d":"Light brown","44d":"Pine","45d":"\"Tommy\" band","46d":"Not so good","47d":"Vibrato sound","53d":"Saunter","54d":"Times to remember","55d":"Words of wisdom","56d":"Brainpower","57d":"Doth possess","58d":"Munroe of \"Charlie's Angels\"","59d":"Browning work","60d":"Hold on","61d":"Like nice weather","62d":"Perfect accord","63d":"Word with tie or lash","64d":"Teary","65d":"Wood cutter","66d":"Colonial newscaster","71d":"70's sitcom","72d":"Stockyard sounds","73d":"Tenant tender","74d":"Cause of some halted traffic","75d":"Nuncupative","76d":"\"La Belle et la ___\" (Cocteau film)","78d":"\"Ahem!\"","79d":"___ off (repel)","80d":"Like ___ of bricks","82d":"Momentum","83d":"Adults-in-training","84d":"Capital near Bac Ninh","85d":"Is unsteady","86d":"Foundry product","91d":"Dragged, in a way","92d":"\"...___, dust to...\"","93d":"Indian V.I.P.","94d":"Passed easily","95d":"Make a successful getaway from","96d":"Britisher's exclamation","97d":"Influence","98d":"Head the cast","100d":"Big Apple namesake","101d":"Eagles","103d":"Govt. money overseer: Abbr.","104d":"\"Cry ___ River\"","105d":"Computer key","106d":"Nautilus habitat","107d":"Nabokov heroine"},"answers":{"1a":"COBB","5a":"PLANT","10a":"MARIS","15a":"DROP","19a":"ACLU","20a":"RANTS","21a":"ETUDE","22a":"IONA","23a":"THEYSAYTHECHEMICALSIN","27a":"TOA","28a":"PIUS","29a":"OTIS","30a":"LEANS","31a":"CRISP","33a":"MILAN","35a":"PALM","37a":"ASHORE","39a":"HARI","40a":"DECAMPS","43a":"THEBODYARENTWORTHALOT","48a":"WARE","49a":"EYED","50a":"HOURS","51a":"ERR","52a":"OHS","53a":"MEALS","55a":"MERRY","56a":"SHARI","58a":"LORRE","59a":"SOWS","60a":"WEASEL","61a":"BUTASANYMOTHERCANTELL","67a":"ANODES","68a":"ONTO","69a":"IRISH","70a":"LINDY","71a":"AMINO","73a":"SPITE","74a":"SOB","77a":"MSG","78a":"PROSE","79a":"FUSE","80a":"ACRE","81a":"YOUITSNOTTHEPARTSTHAT","87a":"NEMESIS","88a":"ANEW","89a":"OTOOLE","90a":"PETE","91a":"RANDR","93a":"STENO","94a":"ALIEN","97a":"PASO","98a":"SATE","99a":"LYE","102a":"COSTSOMUCHITSTHELABOR","108a":"ESAU","109a":"MELEE","110a":"APAIR","111a":"DURN","112a":"DEYS","113a":"BALDS","114a":"BARBS","115a":"ASKS","1d":"CATT","2d":"OCHO","3d":"BLEACHERS","4d":"BUY","5d":"PRAISED","6d":"LAYUP","7d":"ANTS","8d":"NTH","9d":"TSE","10d":"MEHTA","11d":"ATEIN","12d":"RUMS","13d":"IDI","14d":"SEC","15d":"DILEMMA","16d":"ROSA","17d":"ONIN","18d":"PANS","24d":"SPIRO","25d":"COLIN","26d":"ALLAH","32d":"ROBE","33d":"MARES","34d":"IRED","35d":"PERRY","36d":"ACTS","37d":"ATWO","38d":"SHAH","39d":"HAYLEY","40d":"DOUR","41d":"PLEASE","42d":"SORREL","44d":"YEARN","45d":"THEWHO","46d":"WORSE","47d":"TRILL","53d":"MOSEY","54d":"ERAS","55d":"MOTTO","56d":"SENSE","57d":"HATH","58d":"LADD","59d":"SONNET","60d":"WAIT","61d":"BALMY","62d":"UNISON","63d":"TONGUE","64d":"MOIST","65d":"RIPSAW","66d":"CRIER","71d":"ARNIE","72d":"MOOS","73d":"SUPER","74d":"SCHOOLBUS","75d":"ORAL","76d":"BETE","78d":"PSST","79d":"FEND","80d":"ATON","82d":"IMPETUS","83d":"TEENS","84d":"HANOI","85d":"TOTTERS","86d":"STEEL","91d":"RACED","92d":"ASHES","93d":"SAHIB","94d":"ACED","95d":"LOSE","96d":"ISAY","97d":"PULL","98d":"STAR","100d":"YORK","101d":"ERNS","103d":"OMB","104d":"MEA","105d":"TAB","106d":"SPA","107d":"ADA"}}