{"numbers":[["-","1","2","3","4","5","-","-","6","7","8","9","10","11","-"],["12","","","","","","13","-","14","","","","","","15"],["16","","","","","","","-","17","","","","","",""],["18","","","","","-","19","20","","-","21","","","",""],["22","","","","-","23","","","","24","-","25","","",""],["26","","","-","27","","","","","","28","-","29","",""],["30","","","31","","","","","-","32","","33","","","-"],["-","-","-","34","","","","-","35","","","","-","-","-"],["-","36","37","","","","-","38","","","","","39","40","41"],["42","","","-","43","","44","","","","","-","45","",""],["46","","","47","-","48","","","","","-","49","","",""],["50","","","","51","-","52","","","-","53","","","",""],["54","","","","","55","","-","56","57","","","","",""],["58","","","","","","","-","59","","","","","",""],["-","60","","","","","","-","-","61","","","","","-"]],"clues":{"1a":"Insertion mark","6a":"Rock layers","12a":"Kojak portrayer","14a":"It frequently finds itself in hot water","16a":"Cracker Jack prize","17a":"Peter Finch movie \"Raid on ___\"","18a":"Saw","19a":"Chicken ___ king","21a":"Standing near home, maybe","22a":"Communion or baptism","23a":"SALT concern","25a":"China: Prefix","26a":"Path for Confucians","27a":"Language from which \"sarong\" comes","29a":"Article in Der Spiegel","30a":"Hollered","32a":"Kon-Tiki wood","34a":"Cool, as coffee","35a":"Computer unit","36a":"Idiot box","38a":"Cash reserves","42a":"Loan org.","43a":"Beatty's co-star in \"Bonnie and Clyde\"","45a":"Paul's singing partner","46a":"Watermelon waste","48a":"To ___ mildly","49a":"Actor John","50a":"Word with jack or label","52a":"\"I ___ You Babe\"","53a":"Prize money","54a":"Sugar type","56a":"Gym exercises","58a":"Enters helter-skelter","59a":"Works a deal on","60a":"Least done","61a":"Founded","1d":"Of the heart","2d":"Amelia Earhart, e.g.","3d":"Roundup site","4d":"Actress Sommer","5d":"___ kwon do","6d":"X-rated","7d":"Countdown beginning","8d":"Pro follower","9d":"Aids and ___","10d":"House cats","11d":"Balkan country","12d":"Fits' companion","13d":"Quarterback Ken","15d":"Divulge","20d":"Put ammo in","23d":"Hot-dog","24d":"Tended tots","27d":"Became hitched","28d":"Cooper's ___ Bumppo","31d":"Superman symbol","33d":"Grant opponent","35d":"Enchant like Samantha","36d":"Where things vanish","37d":"Absolutely bland","38d":"Group with HQ in Brussels","39d":"Debate stifler","40d":"Understood","41d":"Underline","42d":"Dowdy person","44d":"Guitarist Ted","47d":"Spoiler","49d":"Em and Bee","51d":"Schnozzola","53d":"Tilting-tower town","55d":"Mom's girl","57d":"Spokes' intersection"},"answers":{"1a":"CARET","6a":"STRATA","12a":"SAVALAS","14a":"TEABALL","16a":"TRINKET","17a":"ENTEBBE","18a":"ADAGE","19a":"ALA","21a":"ATBAT","22a":"RITE","23a":"HBOMB","25a":"SINO","26a":"TAO","27a":"MALAYAN","29a":"EIN","30a":"SCREAMED","32a":"BALSA","34a":"STIR","35a":"BYTE","36a":"TVSET","38a":"NESTEGGS","42a":"FHA","43a":"DUNAWAY","45a":"ART","46a":"RIND","48a":"PUTIT","49a":"AGAR","50a":"UNION","52a":"GOT","53a":"PURSE","54a":"MALTOSE","56a":"CHINUPS","58a":"PILESIN","59a":"HUSTLES","60a":"RAREST","61a":"BASED","1d":"CARDIAC","2d":"AVIATOR","3d":"RANGE","4d":"ELKE","5d":"TAE","6d":"STEAMY","7d":"TEN","8d":"RATA","9d":"ABETS","10d":"TABBIES","11d":"ALBANIA","12d":"STARTS","13d":"STABLER","15d":"LETON","20d":"LOAD","23d":"HAMITUP","24d":"BABYSAT","27d":"MATED","28d":"NATTY","31d":"ESS","33d":"LEE","35d":"BEWITCH","36d":"THINAIR","37d":"VANILLA","38d":"NATO","39d":"GAGRULE","40d":"GRASPED","41d":"STRESS","42d":"FRUMP","44d":"NUGENT","47d":"DOTER","49d":"AUNTS","51d":"NOSE","53d":"PISA","55d":"SIS","57d":"HUB"}}