{"numbers":[["1","2","3","4","5","-","6","7","8","9","10","-","11","12","13"],["14","","","","","-","15","","","","","-","16","",""],["17","","","","","18","","","","","","-","19","",""],["20","","","","-","21","","","-","22","","23","","",""],["24","","","","25","","","-","26","","","","","",""],["-","-","-","-","27","","","-","28","","","","","-","-"],["29","30","31","32","","-","-","33","","","-","34","","35","36"],["37","","","","","-","38","","","-","39","","","",""],["40","","","","-","41","","","-","-","42","","","",""],["-","-","43","","44","","","-","45","46","","-","-","-","-"],["47","48","","","","","","-","49","","","50","51","52","53"],["54","","","","","","-","55","","","-","56","","",""],["57","","","-","58","","59","","","","60","","","",""],["61","","","-","62","","","","","-","63","","","",""],["64","","","-","65","","","","","-","66","","","",""]],"clues":{"1a":"\"West Side Story\" song","6a":"200 milligrams","11a":"Low island","14a":"1968 song \"All ___ the Watchtower\"","15a":"River to the Missouri","16a":"Fuss","17a":"Seaver's nickname","19a":"Robert Morse Tony-winning role","20a":"House cleaner, in England","21a":"\"Absolutely\"","22a":"Legal profession","24a":"Queen Victoria's house","26a":"Freight charge","27a":"Half-wit","28a":"Better than a bargain","29a":"Polynesian carvings","33a":"\"Hail, Caesar!\"","34a":"Netman Nastase","37a":"Sheepish","38a":"Cup's edge","39a":"Battery part","40a":"Antiprohibitionists","41a":"Disfigure","42a":"Get extra life from","43a":"Portaged","45a":"Patriotic uncle","47a":"Rocket's cargo","49a":"Crib-sheet contents","54a":"Earthy colors","55a":"Veneration","56a":"Hand-cream ingredient","57a":"\"Harper Valley ___\"","58a":"Decorative tree","61a":"Sock in the jaw","62a":"Address grandly","63a":"Coeur d'___, Idaho","64a":"Flood relief?","65a":"Pave over","66a":"Coiffed like Leo","1d":"\"Concentration\" objective","2d":"Hello or goodbye","3d":"Type type","4d":"Opening","5d":"Stone, for one","6d":"Kitchen gadgets","7d":"Garage-sale words","8d":"Spitfire fliers, for short","9d":"Work up","10d":"Electronics whiz","11d":"Western spoof of 1965","12d":"\"What ___\" (\"I'm bored\")","13d":"\"___ Sixteen\" (Ringo Starr hit)","18d":"Package-store wares","23d":"Skater Zayak","25d":"Place for posies","26d":"Call back","29d":"Wrecker","30d":"\"___ had it!\"","31d":"News locale of 12/17/03","32d":"Shoe part","33d":"Auto option, informally","35d":"Wallet contents, for short","36d":"Shoebox letters","38d":"Alan or Cheryl","39d":"Kind of buildup","41d":"Gauge","44d":"Inertia","45d":"Finn's pal","46d":"Once again","47d":"\"Where's ___?\" (1970 flick)","48d":"Part owner?","50d":"Half of a Western city name","51d":"Pulitzer-winning novelist Glasgow","52d":"TV exec Arledge","53d":"Basted","55d":"Cinema canine","59d":"___ out (missed)","60d":"Descartes's conclusion"},"answers":{"1a":"MARIA","6a":"CARAT","11a":"CAY","14a":"ALONG","15a":"OSAGE","16a":"ADO","17a":"TOMTERRIFIC","19a":"TRU","20a":"CHAR","21a":"YES","22a":"THEBAR","24a":"HANOVER","26a":"RAILAGE","27a":"ASS","28a":"STEAL","29a":"TIKIS","33a":"AVE","34a":"ILIE","37a":"OVINE","38a":"LIP","39a":"ANODE","40a":"WETS","41a":"MAR","42a":"REUSE","43a":"TOTED","45a":"SAM","47a":"PAYLOAD","49a":"ANSWERS","54a":"OCHERS","55a":"AWE","56a":"ALOE","57a":"PTA","58a":"PUSSYWILLOW","61a":"POW","62a":"ORATE","63a":"ALENE","64a":"ARK","65a":"RETAR","66a":"MANED","1d":"MATCH","2d":"ALOHA","3d":"ROMAN","4d":"INTRO","5d":"AGE","6d":"CORERS","7d":"ASIS","8d":"RAF","9d":"AGITATE","10d":"TECHIE","11d":"CATBALLOU","12d":"ADRAG","13d":"YOURE","18d":"RYES","23d":"ELAINE","25d":"VASE","26d":"RSVP","29d":"TOW","30d":"IVE","31d":"KITTYHAWK","32d":"INSOLE","33d":"AIR","35d":"IDS","36d":"EEE","38d":"LADD","39d":"ARMS","41d":"MEASURE","44d":"TORPOR","45d":"SAWYER","46d":"ANEW","47d":"POPPA","48d":"ACTOR","50d":"WALLA","51d":"ELLEN","52d":"ROONE","53d":"SEWED","55d":"ASTA","59d":"SAT","60d":"IAM"}}