{"numbers":[["1","2","3","4","-","5","6","7","8","9","-","10","11","12","13"],["14","","","","-","15","","","","","-","16","","",""],["17","","","","18","","","","","","19","","","",""],["20","","","","","","","","-","21","","","","",""],["-","-","-","22","","","","-","23","","","","-","-","-"],["24","25","26","","","","-","27","","","","-","28","29","30"],["31","","","","","-","32","","","","-","33","","",""],["34","","","","","35","","","","","36","","","",""],["37","","","","-","38","","","","-","39","","","",""],["40","","","-","41","","","","-","42","","","","",""],["-","-","-","43","","","","-","44","","","","-","-","-"],["45","46","47","","","","-","48","","","","","49","50","51"],["52","","","","","","53","","","","","","","",""],["54","","","","-","55","","","","","-","56","","",""],["57","","","","-","58","","","","","-","59","","",""]],"clues":{"1a":"Give tit for tat","5a":"Pillow covers","10a":"Bunco","14a":"It debuted in Cairo, Dec. 24, 1871","15a":"Video screen dot","16a":"So long","17a":"What's my line: #1","20a":"Guard","21a":"They make colorful displays","22a":"Transcending","23a":"Have trouble on the ice","24a":"Gas, in Greenwich","27a":"Wine casks","28a":"Cleopatra biter","31a":"The A in \"CAT scan\"","32a":"Cartoonist Peter","33a":"Utah ski center","34a":"What's my line: #2","37a":"Nautical direction","38a":"Danza of \"Who's the Boss?\"","39a":"Refine, as 53-Down","40a":"Old Ford model","41a":"Dickey fastener","42a":"Thinks out loud","43a":"Level","44a":"Amatory writing","45a":"Brutality","48a":"Ghostly","52a":"What's my line: #3","54a":"First name in fashion","55a":"Prefix with figure or form","56a":"G.P.A., in slang","57a":"\"Not my ___\"","58a":"Intelligence","59a":"Mr. Culbertson and others","1d":"Easy marks","2d":"Telegraph","3d":"Mideast gulf","4d":"Rural-themed opera","5d":"Crystalline gemstone","6d":"Stowaway","7d":"Leaf angle","8d":"One of Alcott's Little Women","9d":"Boy Scout tie","10d":"Reserved","11d":"Musical with the song \"Memory\"","12d":"___ smasher","13d":"Viking touchdown site","18d":"Villa d'Este locale","19d":"Speaker at Cooperstown","23d":"Cheerful","24d":"Of the Vatican","25d":"Glorify","26d":"\"Dead\"","27d":"Vogue","28d":"Green-card applicant","29d":"Hackneyed","30d":"Cords, e.g.","32d":"Love, in Le Havre","33d":"Signature event","35d":"Goes for","36d":"Phase","41d":"Acapulco assent","42d":"Danish city","43d":"Bit of color","44d":"Certain tournaments","45d":"Difficult position","46d":"Confederate","47d":"Philosophical","48d":"Comics publisher Lee","49d":"Actor Julia","50d":"\"Go, ___!\"","51d":"Cleaning agents","53d":"Ferriferous rock"},"answers":{"1a":"SWAP","5a":"SHAMS","10a":"SCAM","14a":"AIDA","15a":"PIXEL","16a":"TATA","17a":"PRESTIDIGITATOR","20a":"SENTINEL","21a":"PRISMS","22a":"OVER","23a":"SKID","24a":"PETROL","27a":"TUNS","28a":"ASP","31a":"AXIAL","32a":"ARNO","33a":"ALTA","34a":"PARLIAMENTARIAN","37a":"ALEE","38a":"TONY","39a":"SMELT","40a":"LTD","41a":"STUD","42a":"OPINES","43a":"TIER","44a":"ODES","45a":"SADISM","48a":"SPECTRAL","52a":"PLENIPOTENTIARY","54a":"OLEG","55a":"TRANS","56a":"CUME","57a":"TYPE","58a":"SENSE","59a":"ELYS","1d":"SAPS","2d":"WIRE","3d":"ADEN","4d":"PASTORALE","5d":"SPINEL","6d":"HIDER","7d":"AXIL","8d":"MEG","9d":"SLIPKNOT","10d":"STAID","11d":"CATS","12d":"ATOM","13d":"MARS","18d":"TIVOLI","19d":"TRIS","23d":"SUNNY","24d":"PAPAL","25d":"EXALT","26d":"TIRED","27d":"TREND","28d":"ALIEN","29d":"STALE","30d":"PANTS","32d":"AMOUR","33d":"ARMISTICE","35d":"ATTEMPTS","36d":"ASPECT","41d":"SISI","42d":"ODENSE","43d":"TINGE","44d":"OPENS","45d":"SPOT","46d":"ALLY","47d":"DEEP","48d":"STAN","49d":"RAUL","50d":"ARMY","51d":"LYES","53d":"ORE"}}