{"numbers":[["1","2","3","4","5","-","6","7","8","9","-","10","11","12","13"],["14","","","","","-","15","","","","-","16","","",""],["17","","","","","-","18","","","","-","19","","",""],["20","","","","","21","","","","","-","22","","",""],["-","-","-","-","23","","","-","-","24","25","","","","-"],["26","27","28","29","","","-","30","31","","","","","-","-"],["32","","","","","-","33","","","","","-","34","35","36"],["37","","","","-","38","","","","","-","39","","",""],["40","","","-","41","","","","","-","42","","","",""],["-","-","43","44","","","","","-","45","","","","",""],["-","46","","","","","-","-","47","","","-","-","-","-"],["48","","","","-","49","50","51","","","","52","53","54","55"],["56","","","","-","57","","","","-","58","","","",""],["59","","","","-","60","","","","-","61","","","",""],["62","","","","-","63","","","","-","64","","","",""]],"clues":{"1a":"Fight locale","6a":"Rhyme scheme","10a":"Fitzgerald specialty","14a":"Lonesome George","15a":"Third Vice President","16a":"Nope","17a":"Of one of the senses","18a":"Neck of the woods","19a":"Linger","20a":"Hot stuff","22a":"No contest, e.g.","23a":"NASA affirmative","24a":"Suitor","26a":"Man with a horn","30a":"Can't stand","32a":"Hideouts","33a":"Untrustworthy sort","34a":"Former nuclear agcy.","37a":"Being broadcast","38a":"The Rumba King","39a":"Colleague of Scotty and Spock","40a":"Road material","41a":"Showed the world","42a":"Keepers of the flame","43a":"Obsolete typewriter accessory","45a":"Memorable shepherd","46a":"Public fuss","47a":"\"___ you!\"","48a":"Congressional caucus","49a":"Hot stuff","56a":"Coin in the Trevi","57a":"Nobelist Wiesel","58a":"Herbert Hoover, by birth","59a":"Reckons","60a":"Hirschfeld's daughter","61a":"___-garde","62a":"Letter closing","63a":"Lincoln in-law","64a":"Actress Evelyn","1d":"Arab nobles","2d":"Lopsided win","3d":"Iberian river","4d":"\"Hud\" star","5d":"Attentive","6d":"By surprise","7d":"Ambience","8d":"___ Rabbit","9d":"Pentagon pooh-bah","10d":"Inferior","11d":"Hot stuff","12d":"lsherwood collaborator","13d":"\"Take ___ Train\"","21d":"___ to mention","25d":"Taipan frypan","26d":"Like crazy","27d":"Superboy's girlfriend","28d":"Hot stuff","29d":"Sportscaster Cross","30d":"Hot stuff","31d":"Bit of wampum","33d":"Beyond question","35d":"Sommer of the screen","36d":"Zodiacal border","38d":"Window type","39d":"Sample soup","41d":"Outlawry","42d":"Apple Computer co-founder","44d":"Slant differently","45d":"Spelldown","46d":"Bad news on Wall Street","47d":"Place","48d":"Give away","50d":"Miscellany","51d":"Barnum's soprano","52d":"Robert Indiana painting","53d":"On vacation","54d":"It's blowin' in the wind","55d":"Some carpenters"},"answers":{"1a":"ARENA","6a":"AABB","10a":"SCAT","14a":"GOBEL","15a":"BURR","16a":"UHUH","17a":"AURAL","18a":"AREA","19a":"BIDE","20a":"STOLENCARS","22a":"PLEA","23a":"AOK","24a":"SWAIN","26a":"ALHIRT","30a":"ABHORS","32a":"LAIRS","33a":"SNEAK","34a":"AEC","37a":"ONTV","38a":"CUGAT","39a":"SULU","40a":"TAR","41a":"BARED","42a":"WICKS","43a":"ERASER","45a":"BOPEEP","46a":"SCENE","47a":"SEZ","48a":"BLOC","49a":"MOLTENLAVA","56a":"LIRA","57a":"ELIE","58a":"IOWAN","59a":"ADDS","60a":"NINA","61a":"AVANT","62a":"BEST","63a":"TODD","64a":"KEYES","1d":"AGAS","2d":"ROUT","3d":"EBRO","4d":"NEAL","5d":"ALLEARS","6d":"ABACK","7d":"AURA","8d":"BRER","9d":"BRASSHAT","10d":"SUBPAR","11d":"CHILISAUCE","12d":"AUDEN","13d":"THEA","21d":"NOT","25d":"WOK","26d":"ALOT","27d":"LANA","28d":"HITRECORDS","29d":"IRV","30d":"ANGER","31d":"BEAD","33d":"SURE","35d":"ELKE","36d":"CUSP","38d":"CASEMENT","39d":"SIP","41d":"BAN","42d":"WOZNIAK","44d":"RECAST","45d":"BEE","46d":"SLIDE","47d":"STEAD","48d":"BLAB","50d":"OLIO","51d":"LIND","52d":"LOVE","53d":"AWAY","54d":"VANE","55d":"ANTS"}}