{"numbers":[["1","2","3","4","5","6","-","7","8","9","10","-","11","12","13"],["14","","","","","","-","15","","","","-","16","",""],["17","","","","","","-","18","","","","19","","",""],["-","20","","","","","21","","-","22","","","","",""],["-","-","-","23","","","","-","24","","","","-","-","-"],["25","26","27","","","-","28","29","","","-","30","31","32","33"],["34","","","","-","-","-","35","","","-","-","36","",""],["37","","","","-","38","39","","","","-","40","","",""],["41","","","-","-","42","","","-","-","-","43","","",""],["44","","","45","-","46","","","47","-","48","","","",""],["-","-","-","49","50","","","-","51","52","","","-","-","-"],["53","54","55","","","","-","56","","","","","57","58","-"],["59","","","","","","60","","-","61","","","","","62"],["63","","","-","64","","","","-","65","","","","",""],["66","","","-","67","","","","-","68","","","","",""]],"clues":{"1a":"Kind of file","7a":"Dupe","11a":"Vacation spot","14a":"Razz","15a":"Speed","16a":"Total cost","17a":"Dear ones","18a":"Come before","20a":"Psychiatrist?","22a":"Mirror image?","23a":"Pain of a sort","24a":"Express","25a":"Cookout fare","28a":"Bus starter","30a":"Actor Jannings","34a":"Canter","35a":"Re-election runners","36a":"\"___ to Psyche\"","37a":"In a managerial position to","38a":"Self-diagnosis?","40a":"Fancy","41a":"It's bleu on maps","42a":"\"Steve Allen Show\" veteran","43a":"Detach, in a way","44a":"Hyde Park sight","46a":"\"The Last Time I Saw Paris\" composer","48a":"Oxygenators","49a":"Sci-fi objects","51a":"Shopper's helper","53a":"Where one is in the stadium?","56a":"Personal revelation?","59a":"Stove stuffing","61a":"Land, as a fish","63a":"Back","64a":"To be, abroad","65a":"Kind of kick","66a":"Of course","67a":"U.S. Army medals","68a":"Camera-shy critter?","1d":"Forbes competition","2d":"Nostalgic soft drink name","3d":"Boy Scout's act","4d":"One who makes personal plugs?","5d":"\"___ Restaurant\"","6d":"Condor condos","7d":"Tangle (with)","8d":"Ax","9d":"Demonstrator's doctrine","10d":"\"With Reagan: The Inside Story\" author","11d":"Dateless","12d":"Orbit","13d":"Help","19d":"Urgent","21d":"Native Nebraskan","24d":"Sigmund's daughter","25d":"Tiptoe's opposite","26d":"Fly like a flying saucer","27d":"Works","29d":"Party","31d":"Display","32d":"Standard","33d":"Is attracted","38d":"Section in a psychological test","39d":"This puzzle's punning theme","40d":"Self-defense testifier?","45d":"Make a proposal","47d":"Sergeant major: Abbr.","48d":"\"Brighton Rock\" novelist","50d":"Say \"I do\" again","52d":"Splatter safeguard","53d":"Questionable","54d":"Cassino cash","55d":"Romance symbol","56d":"Time in \"Julius Caesar\"","57d":"Boola-boola cheerers","58d":"\"___, Pagliaccio\"","60d":"Killer of the deep","62d":"Formerly"},"answers":{"1a":"INDIAN","7a":"SCAM","11a":"SPA","14a":"NEEDLE","15a":"PACE","16a":"TAB","17a":"CHERIS","18a":"ANTEDATE","20a":"IDOCTOR","22a":"ISIGHT","23a":"PEST","24a":"AVER","25a":"CHOPS","28a":"OMNI","30a":"EMIL","34a":"LOPE","35a":"INS","36a":"ODE","37a":"OVER","38a":"IEXAM","40a":"IDEA","41a":"MER","42a":"NYE","43a":"WEAN","44a":"PRAM","46a":"KERN","48a":"GILLS","49a":"ORBS","51a":"CART","53a":"ILEVEL","56a":"IOPENER","59a":"FIREWOOD","61a":"REELIN","63a":"FRO","64a":"ETRE","65a":"ONSIDE","66a":"YES","67a":"DSCS","68a":"NESSIE","1d":"INC","2d":"NEHI","3d":"DEED","4d":"IDROPPER","5d":"ALICES","6d":"NESTS","7d":"SPAR","8d":"CAN","9d":"ACTIVISM","10d":"MEESE","11d":"STAG","12d":"PATH","13d":"ABET","19d":"DIRE","21d":"OTO","24d":"ANNA","25d":"CLOMP","26d":"HOVER","27d":"OPERA","29d":"MIXER","31d":"MODEL","32d":"IDEAL","33d":"LEANS","38d":"INKBLOTS","39d":"EYES","40d":"IWITNESS","45d":"MOVE","47d":"NCO","48d":"GREENE","50d":"REWED","52d":"APRON","53d":"IFFY","54d":"LIRE","55d":"EROS","56d":"IDES","57d":"ELIS","58d":"RIDI","60d":"ORC","62d":"NEE"}}