{"numbers":[["1","2","3","4","5","6","7","-","8","9","10","11","12","13","14"],["15","","","","","","","-","16","","","","","",""],["17","","","","","","","-","18","","","","","",""],["19","","","","","-","20","21","","-","22","","","",""],["23","","","","-","24","","","","25","-","26","","",""],["27","","","-","28","","","","","","29","-","30","",""],["31","","","32","","","","","-","33","","34","","",""],["-","-","-","35","","","","","36","","","","-","-","-"],["37","38","39","","","","-","40","","","","","41","42","43"],["44","","","-","45","","46","","","","","-","47","",""],["48","","","49","-","50","","","","","-","51","","",""],["52","","","","53","-","54","","","-","55","","","",""],["56","","","","","57","","-","58","59","","","","",""],["60","","","","","","","-","61","","","","","",""],["62","","","","","","","-","63","","","","","",""]],"clues":{"1a":"Millie, for one","8a":"Sites of many bars","15a":"Cookout sauce","16a":"Land \"by the sea\"","17a":"Printing","18a":"Couldn't resist","19a":"\"Stage Door\" actress","20a":"Literary monogram","22a":"Nancy Milford literary biography","23a":"Fictional newswoman","24a":"\"The Dance of Life\" author, 1923","26a":"Cartoonist Gross","27a":"\"Music City Tonight\" network","28a":"Julius, familiarly","30a":"Miss named?","31a":"Modern housing","33a":"Get at","35a":"Veranda refreshment","37a":"Impious","40a":"Spread","44a":"Curling target","45a":"Kahlil Gibran's birthplace","47a":"First offender?","48a":"He wrote \"To be loved, be lovable\"","50a":"Toughness","51a":"Smudge","52a":"Actress Rosie","54a":"Literary monogram","55a":"\"Atlantic City\" director","56a":"Emphatic words","58a":"Jurgen Prochnow nail-biter of 1981","60a":"Free","61a":"Table centerpiece","62a":"Affectionate one, maybe","63a":"Less radioactive","1d":"Hugger-muggery","2d":"Roles in \"The Godfather\"","3d":"Steadfast","4d":"Basketball's Thurmond et at.","5d":"\"The doctor ___\"","6d":"\"Travels in Hyperreality\" author","7d":"Like some friends","8d":"Cure","9d":"Pepin, e.g.","10d":"Lady in Meyerbeer's \"L'Africaine\"","11d":"\"Days of Our Lives\" town","12d":"Conservative","13d":"Christmas refuse","14d":"Drugs, perhaps","21d":"Work clothing","24d":"The Furies","25d":"\"Merry Wives of Windsor\" windbag","28d":"Bar companion","29d":"Main","32d":"Blue Cross offering","34d":"Y class","36d":"Expendable","37d":"Visionary","38d":"\"I'll ___ the Same\" ('32 tune)","39d":"She gets what's coming","41d":"One aspect of earthquake study","42d":"Old Nick","43d":"Struck out","46d":"Capra's \"The Tea of General Yen\"","49d":"Stopping point","51d":"Native Israeli","53d":"George Burns buddy Harry Von ___","55d":"Very short time, for short","57d":"Map abbr.","59d":"Do Little work"},"answers":{"1a":"SPANIEL","8a":"PRISONS","15a":"TABASCO","16a":"HONALEE","17a":"EDITION","18a":"YIELDED","19a":"ARDEN","20a":"GBS","22a":"ZELDA","23a":"LOIS","24a":"ELLIS","26a":"MILT","27a":"TNN","28a":"GROUCHO","30a":"NEE","31a":"HIGHRISE","33a":"ACCESS","35a":"MINTJULEP","37a":"UNHOLY","40a":"ENLARGED","44a":"TEE","45a":"LEBANON","47a":"EVE","48a":"OVID","50a":"SINEW","51a":"SOIL","52a":"PEREZ","54a":"TSE","55a":"MALLE","56a":"IREPEAT","58a":"DASBOOT","60a":"ABSOLVE","61a":"EPERGNE","62a":"NESTLER","63a":"DECAYED","1d":"STEALTH","2d":"PADRONI","3d":"ABIDING","4d":"NATES","5d":"ISIN","6d":"ECO","7d":"LONGLOST","8d":"PHYSIC","9d":"ROI","10d":"INEZ","11d":"SALEM","12d":"OLDLINE","13d":"NEEDLES","14d":"SEDATES","21d":"BLUEJEANS","24d":"ERINYES","25d":"SHALLOW","28d":"GRILL","29d":"OCEAN","32d":"HMO","34d":"CPR","36d":"UNNEEDED","37d":"UTOPIAN","38d":"NEVERBE","39d":"HEIRESS","41d":"GEOLOGY","42d":"EVILONE","43d":"DELETED","46d":"BITTER","49d":"DEPOT","51d":"SABRA","53d":"ZELL","55d":"MSEC","57d":"AVE","59d":"APE"}}