{"numbers":[["1","2","3","4","5","6","-","7","8","9","10","11","-","12","13","14","15","16","-","17","18","19","20"],["21","","","","","","-","22","","","","","-","23","","","","","-","24","","",""],["25","","","","","","26","","","","","","-","27","","","","","28","","","",""],["29","","","","-","30","","","","","-","31","32","","","","-","33","","","","",""],["-","-","-","-","-","34","","","-","35","36","","","","","-","37","","","","-","-","-"],["38","39","40","-","41","","","","42","-","43","","","","-","44","","","","","45","46","47"],["48","","","49","","","","-","50","51","","","","-","52","","","","-","53","","",""],["54","","","","","","-","55","","","","","","56","","","","","-","-","57","",""],["58","","","","","-","59","","","","","-","-","60","","","","-","61","62","","",""],["63","","","","-","64","","","","-","-","-","65","","","","-","66","","","","",""],["67","","","-","68","","","","","69","70","71","","","","-","-","72","","","","",""],["-","-","73","74","","","","-","-","75","","","","","-","-","76","","","","","-","-"],["77","78","","","","","-","-","79","","","","","","80","81","","","","-","82","83","84"],["85","","","","","","-","86","","","","-","-","-","87","","","","-","88","","",""],["89","","","","","-","90","","","","-","-","91","92","","","","-","93","","","",""],["94","","","-","-","95","","","","","96","97","","","","","-","98","","","","",""],["99","","","100","-","101","","","","-","102","","","","","-","103","","","","","",""],["104","","","","105","","","","-","106","","","","-","107","108","","","","-","109","",""],["-","-","-","110","","","","-","111","","","","","112","-","113","","","-","-","-","-","-"],["114","115","116","","","","-","117","","","","","-","118","119","","","","-","120","121","122","123"],["124","","","","","","125","","","","-","126","127","","","","","","128","","","",""],["129","","","","-","130","","","","","-","131","","","","","-","132","","","","",""],["133","","","","-","134","","","","","-","135","","","","","-","136","","","","",""]],"clues":{"1a":"Made creases","7a":"Brooklyn institute","12a":"Filled in holes","17a":"Stomach soother","21a":"___ Islands, British protectorate until 1965","22a":"She played the woman in \"A Man and a Woman\"","23a":"Fall off","24a":"Give off","25a":"Avocado","27a":"Opening of 1914","29a":"\"Ministry of Fear\" director","30a":"\"Our Miss Brooks\" actress","31a":"Spoil","33a":"Disinclined","34a":"Business V.I.P.","35a":"Temptingly tasty","37a":"Thirsty","38a":"Sound from Sandy","41a":"Roles for Oland and Toler","43a":"Site of Jesus' first miracle","44a":"Belief","48a":"Achieved","50a":"Gather","52a":"Herds of whales","53a":"\"The Diamond Queen\" actress","54a":"Imperfect","55a":"Visitor of 1986","57a":"Skater Babilonia","58a":"___ one","59a":"Foreshadows","60a":"Compelled to go","61a":"Tee, e.g.","63a":"Basslike","64a":"\"___ Le Moko\" 1937 film","65a":"Dog, in a way","66a":"Foil","67a":"Train station abbr.","68a":"Producer of motion pictures?","72a":"Family name on TV \"Alf\"","73a":"Rascal","75a":"Peter of cable's VH-1","76a":"Alternative to waffles","77a":"Mother-of-pearl source","79a":"Western wear","82a":"Cleaner, for short","85a":"B-29","86a":"Pulled into","87a":"Honker","88a":"Founder of the Stoics","89a":"Peter Mansfield book, with \"The\"","90a":"Mediterranean shipping center","91a":"Was inattentive","93a":"River to the Caspian","94a":"___ Marino","95a":"X, for example","98a":"Western capital","99a":"\"Holy smoke!\"","101a":"Night times","102a":"Architect Jones","103a":"English game played with horse chestnuts","104a":"Returned-mail notation","106a":"Sweetheart","107a":"Singer Judd","109a":"Literary inits.","110a":"Stand","111a":"Shakespeare's \"fairy favours\"","113a":"1965 Ursula Andress film","114a":"Deposed","117a":"90's parties","118a":"\"Tiny Alice\" playwright and family","120a":"Canvas","124a":"Captain's superior","126a":"Slow method","129a":"Word of woe","130a":"Supporter of the arts","131a":"Window shades of a sort","132a":"Turn on","133a":"\"Thérèse and others: Abbr.","134a":"Red and spotted, e.g.","135a":"Darling","136a":"Gossips","1d":"Insignificant","2d":"Greenhouse bloom","3d":"Frigg's husband","4d":"Co-star of \"The Avengers\"","5d":"\"Uncle Tom's Cabin\" girl","6d":"Impartial","7d":"Inmate's wish","8d":"Ready","9d":"Fix","10d":"___ service","11d":"Of third rank","12d":"Per ___","13d":"Erie Canal city","14d":"\"Critique of Pure Reason\" author","15d":"Letter in a fraternity name","16d":"Actor William","17d":"Withdrew","18d":"Early astronomer","19d":"Noises","20d":"Start of a Dickens title","26d":"Greek nymph","28d":"Keen","32d":"Record","36d":"Farmland","37d":"Pistol-packing","38d":"Loser of 1588","39d":"Lector","40d":"Popular weather forecaster","41d":"Mr. Huntley","42d":"Burnt","44d":"Kind of back or hair","45d":"Movie starring \"King\"","46d":"Accusation","47d":"More noble","49d":"Los Angeles gang member","51d":"Hurrah!","52d":"Rangers' defense","55d":"Noted potters","56d":"Hitching post?","59d":"\"Out of my way!\"","61d":"Tee off","62d":"Practice, so to speak","64d":"Four-time Masters winner","65d":"Harmonizing","66d":"Strip, for one","68d":"Actress Carol et al.","69d":"Kind of show","70d":"Unit of loudness","71d":"Part of the works","74d":"Batting wonder, 1905-28","76d":"Prattle","77d":"Belittled","78d":"Blue-flowered European herb","79d":"Byes","80d":"Titania's husband","81d":"Neighbor of Tibet","83d":"Tees off","84d":"Vulgar","86d":"Still","88d":"Knock out","90d":"Van line","91d":"Snap request?","92d":"Cabriole","93d":"First of an ancient trio","95d":"Sowed again","96d":"Daughter of Tantalus","97d":"Like some numbers","98d":"\"___ Book\", circa 1086","100d":"Leaves","103d":"Comedian Myron","105d":"Leontyne Price role","106d":"Robert and Shelley","108d":"___ as ABC","111d":"More collectible, maybe","112d":"Juices","114d":"Mountains south of the Kara Sea","115d":"Groomed","116d":"Official's staff","117d":"Mezzo-soprano Stevens","119d":"Farm worker","120d":"1982 Disney film","121d":"In ___ (stuck)","122d":"Sub ___","123d":"White House abbr.","125d":"She played W.C.'s \"chickadee\"","127d":"\"Norma ___\"","128d":"Long intro"},"answers":{"1a":"SCORED","7a":"PRATT","12a":"CALKED","17a":"SODA","21a":"MALDIVE","22a":"AIMEE","23a":"ABATE","24a":"EMIT","25a":"ALLIGATORPEAR","27a":"PANAMACANAL","29a":"LANG","30a":"ARDEN","31a":"TAINT","33a":"AVERSE","34a":"CEO","35a":"DAINTY","37a":"ARID","38a":"ARF","41a":"CHANS","43a":"CANA","44a":"CREDENCE","48a":"REACHED","50a":"CORRAL","52a":"GAMS","53a":"DAHL","54a":"MARRED","55a":"HALLEYSCOMET","57a":"TAI","58a":"ADMIT","59a":"BODES","60a":"HALED","61a":"SHIRT","63a":"DEEP","64a":"PEPE","65a":"TAIL","66a":"STOOGE","67a":"ARR","68a":"KALEIDOSCOPE","72a":"TANNER","73a":"SCAMP","75a":"NOONE","76a":"CEREAL","77a":"ABALONE","79a":"TENGALLONHAT","82a":"VAC","85a":"BOMBER","86a":"CAME","87a":"BEAK","88a":"ZENO","89a":"ARABS","90a":"MALTA","91a":"SLEPT","93a":"VOLGA","94a":"SAN","95a":"ROMANNUMERAL","98a":"DENVER","99a":"EGAD","101a":"EVES","102a":"INIGO","103a":"CONKERS","104a":"DECEASED","106a":"DOLL","107a":"NAOMI","109a":"TSE","110a":"BIER","111a":"RUBIES","113a":"SHE","114a":"UNMADE","117a":"RAVES","118a":"ALBEES","120a":"TARP","124a":"REARADMIRAL","126a":"TRIALANDERROR","129a":"ALACK","130a":"EASEL","131a":"EAVES","132a":"AROUSE","133a":"STES","134a":"DEERS","135a":"DEARY","136a":"YENTAS","1d":"SMALL","2d":"CALLA","3d":"ODIN","4d":"RIGG","5d":"EVA","6d":"DETACHED","7d":"PARDON","8d":"RIPE","9d":"AMEND","10d":"TEA","11d":"TERTIARY","12d":"CAPITA","13d":"ALBANY","14d":"KANT","15d":"ETA","16d":"DEMAREST","17d":"SECEDED","18d":"OMAR","19d":"DINS","20d":"ATALE","26d":"OREAD","28d":"AVID","32d":"ANNALS","36d":"ACRES","37d":"ARMED","38d":"ARMADA","39d":"READER","40d":"FARMERSALMANAC","41d":"CHET","42d":"SCALDED","44d":"CAMEL","45d":"NATIONALVELVET","46d":"CHARGE","47d":"ELITER","49d":"CRIP","51d":"OLE","52d":"GOALIE","55d":"HOPI","56d":"CHAPEL","59d":"BEEP","61d":"START","62d":"HONE","64d":"PALMER","65d":"TONAL","66d":"STEAK","68d":"KANES","69d":"ONEMAN","70d":"SONE","71d":"COG","74d":"COBB","76d":"CHAT","77d":"ABASED","78d":"BORAGE","79d":"TATAS","80d":"OBERON","81d":"NEPAL","83d":"ANGERS","84d":"COARSE","86d":"CALMED","88d":"ZONK","90d":"MOVER","91d":"SMILE","92d":"LEG","93d":"VENI","95d":"RESEEDED","96d":"NIOBE","97d":"UNLISTED","98d":"DOMESDAY","100d":"DEBARKS","103d":"COHEN","105d":"AIDA","106d":"DUVALLS","108d":"ASEASY","111d":"RARER","112d":"SALIVA","114d":"URALS","115d":"NEAT","116d":"MACE","117d":"RISE","119d":"BALER","120d":"TRON","121d":"ARUT","122d":"ROSA","123d":"PRES","125d":"MAE","127d":"RAE","128d":"ERE"}}