{"numbers":[["1","2","3","4","-","-","5","6","7","8","-","9","10","11","12"],["13","","","","14","-","15","","","","-","16","","",""],["17","","","","","18","","","","","-","19","","",""],["-","20","","","","","-","-","21","","22","","","",""],["-","-","-","23","","","24","-","-","25","","","","","-"],["26","27","28","","","","","-","29","","","","","-","-"],["30","","","","-","31","","32","","-","33","","","34","35"],["36","","","-","-","37","","","","38","-","-","39","",""],["40","","","41","42","-","43","","","","-","44","","",""],["-","-","45","","","46","","-","47","","48","","","",""],["-","49","","","","","-","-","50","","","","-","-","-"],["51","","","","","","52","-","-","53","","","54","55","-"],["56","","","","-","57","","58","59","","","","","","60"],["61","","","","-","62","","","","-","63","","","",""],["64","","","","-","65","","","","-","-","66","","",""]],"clues":{"1a":"Tot's talk, perhaps","5a":"Encourages","9a":"First-grade instruction","13a":"Stinks","15a":"\"Thanks ___!\"","16a":"Swing around","17a":"Like factory workers","19a":"U, for one","20a":"Elsie's bull","21a":"\"Mommie ___\" (Christina Crawford book)","23a":"\"What's ___ for me?\"","25a":"Take a potshot","26a":"Teller of white lies","29a":"Stage whisper","30a":"Give the eye","31a":"Quick bites","33a":"Advances","36a":"Baseball's Gehrig","37a":"Trunk","39a":"Runner Sebastian","40a":"Remains","43a":"Person of action","44a":"King's address","45a":"Illegal inducement","47a":"Mexican dishes","49a":"Speak-easy offering","50a":"Saxophonist Getz","51a":"Candid","53a":"Waiter's jotting","56a":"Actress Archer","57a":"Kind of jury","61a":"Bucks and does","62a":"Otherwise","63a":"Singer ___ Neville","64a":"Lawyer: Abbr.","65a":"Tackle-box item","66a":"City inside the Servian Wall","1d":"Tennis shot","2d":"Run in neutral","3d":"Body's partner","4d":"Logician's start","5d":"Sidekick","6d":"Sum total","7d":"Wart giver, in old wives' tales","8d":"Emphasis","9d":"On a horse","10d":"Edit","11d":"No blessing, this!","12d":"Shipped","14d":"Fragrance","18d":"Marco Polo area","22d":"Dye color appropriate to this puzzle","24d":"Vacuum tube","26d":"Go belly up","27d":"Borodin's prince","28d":"Texas' state flower","29d":"Balance-sheet pluses","32d":"Golf club V.I.P.","34d":"Illustrator Gustave","35d":"Comprehends","38d":"Patrick Henry, e.g.","41d":"Bodega","42d":"Clothing specification","44d":"Boating hazard","46d":"Saharan tribesman","48d":"Newswoman Shriver","49d":"Intelligence-testing name","51d":"Actress Thompson","52d":"Glamour rival","54d":"River of Spain","55d":"Leeway","58d":"\"It's no ___!\"","59d":"Slippery one","60d":"Opposite SSW"},"answers":{"1a":"LISP","5a":"PATS","9a":"ABCS","13a":"ODORS","15a":"ALOT","16a":"SLUE","17a":"BLUECOLLAR","19a":"TURN","20a":"ELMER","21a":"DEAREST","23a":"INIT","25a":"SNIPE","26a":"FIBSTER","29a":"ASIDE","30a":"OGLE","31a":"NIPS","33a":"LENDS","36a":"LOU","37a":"TORSO","39a":"COE","40a":"DREGS","43a":"DOER","44a":"SIRE","45a":"BRIBE","47a":"TAMALES","49a":"BOOZE","50a":"STAN","51a":"SINCERE","53a":"ORDER","56a":"ANNE","57a":"BLUERIBBON","61a":"DEER","62a":"ELSE","63a":"AARON","64a":"ATTY","65a":"REEL","66a":"ROME","1d":"LOB","2d":"IDLE","3d":"SOUL","4d":"PREMISE","5d":"PAL","6d":"ALL","7d":"TOAD","8d":"STRESS","9d":"ASTRIDE","10d":"BLUEPENCIL","11d":"CURSE","12d":"SENT","14d":"SCENT","18d":"ORIENT","22d":"ANIL","24d":"TRIODE","26d":"FOLD","27d":"IGOR","28d":"BLUEBONNET","29d":"ASSETS","32d":"PRO","34d":"DORE","35d":"SEES","38d":"ORATOR","41d":"GROCERY","42d":"SIZE","44d":"SANDBAR","46d":"BERBER","48d":"MARIA","49d":"BINET","51d":"SADA","52d":"ELLE","54d":"EBRO","55d":"ROOM","58d":"USE","59d":"EEL","60d":"NNE"}}