{"numbers":[["-","1","2","3","4","-","5","6","7","8","-","9","10","11","-"],["-","12","","","","13","","","","","-","14","","","-"],["15","","","","","","","","","","16","","","","-"],["17","","","-","-","18","","","-","19","","","","","20"],["21","","","22","-","-","23","","24","-","25","","","",""],["26","","","","-","27","","","","28","-","-","29","",""],["-","-","30","","31","","","","","","32","33","","",""],["-","-","-","34","","","-","-","-","35","","","-","-","-"],["36","37","38","","","","39","40","41","","","","42","-","-"],["43","","","-","-","44","","","","","-","45","","46","47"],["48","","","49","50","-","51","","","-","-","52","","",""],["53","","","","","54","-","55","","56","-","-","57","",""],["-","58","","","","","59","","","","60","61","","",""],["-","62","","","-","63","","","","","","","","","-"],["-","64","","","-","65","","","","-","66","","","","-"]],"clues":{"1a":"\"The Nazarene\" writer","5a":"\"Elephant Boy\" boy","9a":"___-night","12a":"Cheer noisily","14a":"\"Am ___ Love?' (1952 song)","15a":"1990 Best Supporting Actress","17a":"Juarez river","18a":"Newswoman Compion","19a":"Twiggy willows","21a":"Singer James","23a":"Nurse a drink","25a":"Conductor Dorati","26a":"Poverty","27a":"\"Waterlilies\" artist","29a":"___ Z","30a":"Partying with Eddie Cantor?","34a":"Rene or Renee","35a":"Toymaker","36a":"Noisy bird","43a":"Scale notes","44a":"Lambaste","45a":"Composition","48a":"Road from Dawson Creek","51a":"Kind of hill or lion","52a":"Feast","53a":"Canned-tomato style","55a":"Truckers' watchdog","57a":"Any ship","58a":"Nothing to shout about","62a":"\"Xanadu\" rock group","63a":"Noisy festivity","64a":"Manuel's intro","65a":"One of a trio in Scandinavian myth","66a":"Pursue","1d":"\" ... ___ Christmas\"","2d":"___-up (film genre)","3d":"Bill's partner","4d":"\"May I?\" step","5d":"Hires","6d":"Act of contrition","7d":"Biblical month","8d":"Hairstyle that needs hairpins","9d":"Coordinate","10d":"Listen in on","11d":"Unappreciative one","13d":"Airline to Karachi","15d":"Songbird","16d":"Scouting org.","20d":"Kind of gin","22d":"Town in a W.W. II novel","24d":"Notre Dame bench","27d":"Copycat","28d":"Heat unit","31d":"Keystone officer","32d":"Rock-___ (jukebox brand)","33d":"Land ___ (night locale)","36d":"Package","37d":"Hair products maker Curtis and others","38d":"Warring Seminole chief","39d":"Brady bill opposer","40d":"Father","41d":"Become popular","42d":"Occurrence","46d":"Loose a bra","47d":"Filter","49d":"___ Parker, 1904 candidate for President","50d":"Mint","54d":"How the answer to this goes","56d":"Ceiling","59d":"Greek letter","60d":"Typewriting abbr.","61d":"Start of a bray"},"answers":{"1a":"ASCH","5a":"SABU","9a":"TWI","12a":"WHOOPITUP","14a":"IIN","15a":"WHOOPIGOLDBERG","17a":"RIO","18a":"ANN","19a":"OSIERS","21a":"ETTA","23a":"SIP","25a":"ANTAL","26a":"NEED","27a":"MONET","29a":"ATO","30a":"MAKINGWHOOPEE","34a":"NOM","35a":"ELF","36a":"WHOOPINGCRANE","43a":"RES","44a":"CREAM","45a":"OPUS","48a":"ALCAN","51a":"ANT","52a":"DINE","53a":"PEELED","55a":"ICC","57a":"SHE","58a":"NOTWORTHAWHOOP","62a":"ELO","63a":"WHOOPDEDO","64a":"SAN","65a":"NORN","66a":"SEEK","1d":"AWHITE","2d":"SHOOTEM","3d":"COO","4d":"HOP","5d":"SIGNSON","6d":"ATONING","7d":"BUL","8d":"UPDO","9d":"TIEIN","10d":"WIRETAP","11d":"INGRATE","13d":"PIA","15d":"WREN","16d":"BSA","20d":"SLOE","22d":"ADANO","24d":"PEW","27d":"MIMIC","28d":"THERM","31d":"KOP","32d":"OLA","33d":"OFNOD","36d":"WRAP","37d":"HELENES","38d":"OSCEOLA","39d":"NRA","40d":"GENITOR","41d":"CATCHON","42d":"EPISODE","46d":"UNHOOK","47d":"SEEP","49d":"ALTON","50d":"NEW","54d":"DOWN","56d":"CAP","59d":"RHO","60d":"WDS","61d":"HEE"}}