{"numbers":[["1","2","3","4","5","6","7","8","-","9","10","11","12","13","14"],["15","","","","","","","","-","16","","","","",""],["17","","","","","","","","-","18","","","","",""],["19","","","-","20","","","","21","","","-","22","",""],["23","","","24","-","25","","","","","-","26","","",""],["27","","","","28","","","","","-","29","","","",""],["-","-","-","30","","","-","31","","32","","","","",""],["33","34","35","","","","36","-","37","","","","","",""],["38","","","","","","","39","-","40","","","-","-","-"],["41","","","","","-","42","","43","","","","44","45","46"],["47","","","","-","48","","","","","-","49","","",""],["50","","","-","51","","","","","","52","-","53","",""],["54","","","55","","","-","56","","","","57","","",""],["58","","","","","","-","59","","","","","","",""],["60","","","","","","-","61","","","","","","",""]],"clues":{"1a":"Started wrongly?","9a":"Mouse","15a":"Number after 1?","16a":"Ravel's \"___ for a Dead Princess\"","17a":"Is in the running","18a":"Unimak Island inhabitants","19a":"Home folks","20a":"Adriatic seaport","22a":"Endangered whale","23a":"African tyrant and namesakes","25a":"Like a wolf's howl","26a":"Furnish","27a":"Legal landmarks","29a":"Digital clock's light emitter","30a":"La Plata locale: Abbr.","31a":"Gary Cooper-ish?","33a":"Like \"The Persistence of Memory\"","37a":"6-0, courtesy of Steffi","38a":"Immortal Pirate","40a":"French sea","41a":"It's bound to show the way","42a":"Site north of Frederick, Md.","47a":"Emblem on an English shield","48a":"Fabulous finish?","49a":"Stories","50a":"Health org.","51a":"Film makers' equipment","53a":"Certain degrees: Abbr.","54a":"Crumples","56a":"Aeronautical inclination","58a":"Army command","59a":"Casts an absentee ballot","60a":"Designer Norman Bel ___","61a":"TV address, in short","1d":"Cut the mustard","2d":"Cheap jewelry material","3d":"Anyone's game?","4d":"Angkor ___","5d":"Noted rapper","6d":"Host of a short-lived talk show","7d":"Swirls","8d":"Utah's early name","9d":"Outpouring","10d":"Hearty accompaniment?","11d":"\"___ Gotta Be Me\"","12d":"Upset","13d":"Double ___","14d":"Junk-mail addressee","21d":"A rug","24d":"1984 Jeff Bridges role","26d":"Not loose","28d":"Manitoba Indians","29d":"Went under","32d":"Puts a wrap on","33d":"No-goodnik","34d":"Superlative","35d":"Fed the Colt again","36d":"Maj.'s superior","39d":"Frostbite preventers","43d":"Ecole employee","44d":"Scroll-shaped ornament","45d":"Decrees","46d":"Have an aversion to","48d":"Acts hangdog","51d":"Early actress Eleanora","52d":"God of destruction","55d":"Downcast","57d":"Name in voyeurism"},"answers":{"1a":"HOTWIRED","9a":"SHINER","15a":"AREACODE","16a":"PAVANE","17a":"CONTENDS","18a":"ALEUTS","19a":"KIN","20a":"TRIESTE","22a":"SEI","23a":"IDIS","25a":"EERIE","26a":"LEND","27a":"TESTCASES","29a":"DIODE","30a":"ARG","31a":"TACITURN","33a":"SURREAL","37a":"LOVESET","38a":"CLEMENTE","40a":"MER","41a":"ATLAS","42a":"CAMPDAVID","47a":"LION","48a":"MORAL","49a":"LORE","50a":"AMA","51a":"DOLLIES","53a":"LAT","54a":"WADSUP","56a":"ATTITUDE","58a":"ATEASE","59a":"PREVOTES","60a":"GEDDES","61a":"SESAMEST","1d":"HACKIT","2d":"OROIDE","3d":"TENNIS","4d":"WAT","5d":"ICET","6d":"RONREAGAN","7d":"EDDIES","8d":"DESERET","9d":"SPATE","10d":"HALE","11d":"IVE","12d":"NAUSEOUS","13d":"ENTENDRE","14d":"RESIDENT","21d":"SISAL","24d":"STARMAN","26d":"LITERAL","28d":"CREES","29d":"DIVED","32d":"COMPLETES","33d":"SCALAWAG","34d":"ULTIMATE","35d":"RELOADED","36d":"LTCOL","39d":"EARLAPS","43d":"MAITRE","44d":"VOLUTE","45d":"IRADES","46d":"DETEST","48d":"MOPES","51d":"DUSE","52d":"SIVA","55d":"SAD","57d":"TOM"}}