{"numbers":[["-","1","2","3","4","5","6","-","-","7","8","9","10","11","-"],["12","","","","","","","-","13","","","","","","14"],["15","","","","","","","-","16","","","","","",""],["17","","","","","","","18","","","","-","19","",""],["-","-","-","20","","","-","21","","","","22","","-","-"],["23","24","25","","-","26","27","","-","28","","","","29","30"],["31","","","-","-","32","","","33","-","34","","","",""],["35","","","-","36","","","-","37","38","","-","39","",""],["40","","","41","","-","42","43","","","-","-","44","",""],["45","","","","","46","-","47","","","-","48","","",""],["-","-","49","","","","50","","-","51","52","","-","-","-"],["53","54","","-","55","","","","56","","","","57","58","59"],["60","","","61","","","","-","62","","","","","",""],["63","","","","","","","-","64","","","","","",""],["-","65","","","","","-","-","66","","","","","","-"]],"clues":{"1a":"With cunning","7a":"Track clothes","12a":"Queen Liliuokalani song","13a":"Groovy","15a":"Storing fodder","16a":"Wagner's birthplace","17a":"\"Fear and Trembling\" writer","19a":"Patagonian locale: Abbr.","20a":"Dark horse","21a":"Vixen's master","23a":"Fifth Avenue outfit","26a":"Able, facetiously","28a":"Game of five hundred","31a":"Overcome","32a":"Saline seven","34a":"Theorist","35a":"\"Bleak House\" girl","36a":"He upset T.E.D.","37a":"Barkeep's request","39a":"British container","40a":"Large in scope","42a":"Sharpen","44a":"Info on 37 Across","45a":"Like some payments","47a":"Establishment","48a":"Author Rule and others","49a":"Parlays, e.g.","51a":"Mossy","53a":"Terrorist Nidal","55a":"Lamebrain","60a":"Pilfer","62a":"Frayed","63a":"Dead Sea Scrolls preservers","64a":"Do over and over","65a":"Revelrous parties","66a":"Goddess in a chariot","1d":"Et ___","2d":"Star's vehicle","3d":"Lines across a circle","4d":"Matsuo Basho work","5d":"Isolation","6d":"Peterman","7d":"Uncle Toby's creator","8d":"Precious metals","9d":"Kind of stick","10d":"New U.N. member of 1992","11d":"Move","12d":"Pump, in a way","13d":"Batten","14d":"Good fellow","18d":"Fictional terrier","22d":"Hosp. sect. for cardiac cases","23d":"Pundit","24d":"Actor Quinn","25d":"Kind of sandwich","27d":"St. ___ (vacation spot)","29d":"Rule","30d":"Piscators birds","33d":"Convey via Ameslan","36d":"City at the mouth of the Pearl River","38d":"Forsaken","41d":"Calm waters site","43d":"Platter","46d":"Contests","48d":"Stick","50d":"Bank woes","52d":"Gauge reading","53d":"Highly excited, in slang","54d":"Smack","56d":"Alternative name for 21 Across","57d":"Spirit","58d":"Das ___ (the old): Ger.","59d":"Chromotrope","61d":"Shepherd's place"},"answers":{"1a":"ARCHLY","7a":"SILKS","12a":"ALOHAOE","13a":"STRIATE","15a":"SILOING","16a":"LEIPZIG","17a":"KIERKEGAARD","19a":"ARG","20a":"DUN","21a":"STNICK","23a":"SAKS","26a":"EPT","28a":"EUCHRE","31a":"WIN","32a":"SEAS","34a":"MUSER","35a":"ADA","36a":"HST","37a":"IDS","39a":"TIN","40a":"MACRO","42a":"EDGE","44a":"AGE","45a":"INKIND","47a":"INS","48a":"ANNS","49a":"WAGERS","51a":"OLD","53a":"ABU","55a":"KNUCKLEHEAD","60a":"PURLOIN","62a":"RAVELLY","63a":"ESSENES","64a":"ITERATE","65a":"STAGS","66a":"SELENE","1d":"ALII","2d":"ROLE","3d":"CHORDS","4d":"HAIKU","5d":"LONENESS","6d":"YEGG","7d":"STERNE","8d":"IRIDIUMS","9d":"LIP","10d":"KAZAKHSTAN","11d":"STIR","12d":"ASK","13d":"SLAT","14d":"EGG","18d":"ASTA","22d":"CCU","23d":"SWAMI","24d":"AIDAN","25d":"KNACKWURST","27d":"PETE","29d":"REIGN","30d":"ERNES","33d":"SIGN","36d":"HONGKONG","38d":"DESOLATE","41d":"RIA","43d":"DISC","46d":"DENIES","48d":"ADHERE","50d":"RUNS","52d":"LEVEL","53d":"APE","54d":"BUSS","56d":"KRIS","57d":"ELAN","58d":"ALTE","59d":"DYE","61d":"LEA"}}