{"numbers":[["1","2","3","4","-","5","6","7","8","9","-","10","11","12","13","14","-","15","16","17","18"],["19","","","","-","20","","","","","-","21","","","","","-","22","","",""],["23","","","","24","","","","","","25","","","","","","26","","","",""],["27","","","","","","","","-","28","","","","","-","-","29","","","",""],["-","-","-","30","","","","-","31","","","","","-","32","33","","","","",""],["34","35","36","","","-","-","37","","","","-","-","38","","","","","-","-","-"],["39","","","","","40","41","","","","","42","43","","","","","","44","45","-"],["46","","","-","-","47","","","","","-","48","","","","","-","-","49","","50"],["51","","","52","-","53","","","","-","54","","","","-","55","56","57","","",""],["-","-","-","58","59","","","","-","60","","","","-","-","-","61","","","",""],["62","63","64","","","","","","65","","","","","66","67","68","","","","",""],["69","","","","","-","-","-","70","","","","-","71","","","","","-","-","-"],["72","","","","","73","-","74","","","","-","75","","","","-","76","77","78","79"],["80","","","-","-","81","82","","","","-","83","","","","","-","-","84","",""],["-","85","","86","87","","","","","","88","","","","","","89","90","","",""],["-","-","-","91","","","","","-","-","92","","","","-","-","93","","","",""],["94","95","96","","","","","-","97","98","","","","-","99","100","","","-","-","-"],["101","","","","","-","-","102","","","","","-","103","","","","","104","105","106"],["107","","","","","108","109","","","","","","110","","","","","","","",""],["111","","","","-","112","","","","","-","113","","","","","-","114","","",""],["115","","","","-","116","","","","","-","117","","","","","-","118","","",""]],"clues":{"1a":"Scrooge's sign?","5a":"Some miniseries","10a":"Polonius's hiding place","15a":"Pearl Mosque site","19a":"\"City of Kings\"","20a":"Lack of harmony","21a":"Flirt","22a":"Monokinis lack them","23a":"Appropriate gathering #1","27a":"Playbill names","28a":"Brought a cigar back to life","29a":"All gone","30a":"Yemen's second-largest city","31a":"Walking stick","32a":"Beaver Cleaver portrayer","34a":"Amiens's department","37a":"Smelting dross","38a":"Goal of many travelers","39a":"Appropriate gathering #2","46a":"Gawain's title","47a":"Comfortable dress","48a":"Bigot","49a":"Person with a whistle","51a":"Word with ware or winder","53a":"\"Stride Toward Freedom\" author","54a":"Peal of laughter","55a":"Bookcase site","58a":"Minister","60a":"Got off","61a":"Infamous mosquito","62a":"Appropriate gathering #3","69a":"Kapellmeister's group","70a":"Billy of show biz","71a":"Home","72a":"Photographed again","74a":"Jihads","75a":"It has a head and hops","76a":"\"Oklahoma!\" prop","80a":"U.K. award","81a":"\"Maria ___\" (1941 hit)","83a":"Turkish palace","84a":"Impressario Hurok","85a":"Appropriate gathering #4","91a":"___-arms","92a":"Marriage, e.g.","93a":"___ mutantur (all thing change)","94a":"Gone by","97a":"Go down","99a":"Browbeat, in a way","101a":"Go ___ for","102a":"Ridge","103a":"Devil's home","107a":"Appropriate gathering #5","111a":"Becomes definite","112a":"Stereotype","113a":"Elbow connectors","114a":"\"Waiting for the Robert ___\"","115a":"First name in mysteries","116a":"Safe deposit box item","117a":"Floor covers, informally","118a":"Helen of Troy's mother","1d":"Storm sound","2d":"\"Lasher\" writer","3d":"'44 Crosby hit","4d":"Soothers","5d":"Script description","6d":"Road to Fairbanks","7d":"Mountain pass","8d":"\"___ was saying...\"","9d":"Deficit","10d":"Lagoon locale","11d":"Make ready for use again","12d":"Absorbed","13d":"Hebrew for \"healer\"","14d":"Like zinfandel","15d":"Oscar winner for \"Amadeus\"","16d":"Danger for high heels","17d":"Judge","18d":"Orgs.","24d":"Deposits","25d":"Dobbin's vote?","26d":"Fore-and-aft vessel","31d":"Cast","32d":"Slight","33d":"Capital east of Abidjan","34d":"Teen talk?","35d":"Cut out","36d":"Dream, in combos","37d":"Literally, \"way of the gods\"","38d":"Trombone device","40d":"Hard, in a way","41d":"Spirited dance","42d":"Two-wheeled carriage","43d":"Stops","44d":"Lose support","45d":"1985 hit by Heart","50d":"Actor Parker","52d":"N.H.L.'s Lemieux","54d":"Salinger family","56d":"\"This Gun for Hire\" star","57d":"People Weekly profile","59d":"Copter kin","60d":"Away from the mouth","62d":"Kind of phobia","63d":"Inge puppy","64d":"Clan symbol","65d":"Ball-park dinner","66d":"Denmark's ___ Islands","67d":"Skyscraper support","68d":"Andrea ___","73d":"City on the Ashuelot","74d":"Filling","75d":"1981 Higham film biography","77d":"Slippery ___ eel","78d":"Points","79d":"\"Lohengrin\" heroine","82d":"Burden","83d":"Vindictive","86d":"Full stop","87d":"Tree houses","88d":"One of Zeus's daughters","89d":"Bellini opera","90d":"Form a jury","94d":"French story","95d":"Homebody, perhaps","96d":"Have ___ (frolic)","97d":"Van Gogh's \"Bedroom at ___\"","98d":"Stendahl's real name","99d":"Chocolate source","100d":"Some fertilizer","102d":"Israel's Eban","103d":"N.C. neighbor","104d":"Christie murder locale","105d":"Froze","106d":"Drifting","108d":"Old cloth measure","109d":"Fannie ___","110d":"CDXLII + DCIX"},"answers":{"1a":"CRAB","5a":"SAGAS","10a":"ARRAS","15a":"AGRA","19a":"LIMA","20a":"CLASH","21a":"TEASE","22a":"BRAS","23a":"ACOLLECTIONOFPACKRATS","27a":"PERSONAE","28a":"RELIT","29a":"EATEN","30a":"ADEN","31a":"STILT","32a":"MATHERS","34a":"SOMME","37a":"SLAG","38a":"MECCA","39a":"AMASSOFHIGHCHURCHMEN","46a":"SIR","47a":"ALINE","48a":"HATER","49a":"REF","51a":"STEM","53a":"KING","54a":"GALE","55a":"ALCOVE","58a":"AGENT","60a":"ALIT","61a":"AEDES","62a":"ASTRINGOFBASSFIDDLERS","69a":"CHOIR","70a":"ROSE","71a":"ABODE","72a":"RETOOK","74a":"WARS","75a":"BEER","76a":"BALE","80a":"OBE","81a":"ELENA","83a":"SERAI","84a":"SOL","85a":"AMINEOFKLEPTOMANIACS","91a":"MENAT","92a":"RITE","93a":"OMNIA","94a":"ELAPSED","97a":"ABATE","99a":"CARP","101a":"TOBAT","102a":"ARETE","103a":"TASMANIA","107a":"ANASSEMBLYOFMECHANICS","111a":"GELS","112a":"LABEL","113a":"ULNAE","114a":"ELEE","115a":"ERLE","116a":"LEASE","117a":"LINOS","118a":"LEDA","1d":"CLAP","2d":"RICE","3d":"AMOR","4d":"BALSAMS","5d":"SCENE","6d":"ALCAN","7d":"GATE","8d":"ASI","9d":"SHORTAGE","10d":"ATOLL","11d":"REFIT","12d":"RAPT","13d":"ASA","14d":"SEC","15d":"ABRAHAM","16d":"GRATE","17d":"RATER","18d":"ASSNS","24d":"LODES","25d":"NEIGH","26d":"KETCH","31d":"SLING","32d":"MERE","33d":"ACCRA","34d":"SASS","35d":"OMIT","36d":"MARE","37d":"SHINTO","38d":"MUTE","40d":"OAKEN","41d":"FLING","42d":"CHAISE","43d":"HALTS","44d":"ERODE","45d":"NEVER","50d":"FESS","52d":"MARIO","54d":"GLASS","56d":"LADD","57d":"CELEB","59d":"GIRO","60d":"ABORAL","62d":"ACRO","63d":"SHEBA","64d":"TOTEM","65d":"FRANK","66d":"FAEROE","67d":"IBEAM","68d":"DORIA","73d":"KEENE","74d":"WEFT","75d":"BETTE","77d":"ASAN","78d":"LOCI","79d":"ELSA","82d":"LOAD","83d":"SPITEFUL","86d":"IMPASSE","87d":"NESTS","88d":"ERATO","89d":"NORMA","90d":"IMPANEL","94d":"ETAGE","95d":"LONER","96d":"ABALL","97d":"ARLES","98d":"BEYLE","99d":"CACAO","100d":"ASHES","102d":"ABBA","103d":"TENN","104d":"NILE","105d":"ICED","106d":"ASEA","108d":"ELL","109d":"MAE","110d":"MLI"}}