{"numbers":[["1","2","3","4","-","-","5","6","7","8","-","9","10","11","12"],["13","","","","14","-","15","","","","-","16","","",""],["17","","","","","18","","","","","-","19","","",""],["-","20","","","","","","-","21","","22","","","",""],["-","-","-","-","23","","","-","-","-","24","","","",""],["25","26","27","28","-","29","","30","31","32","","-","-","-","-"],["33","","","","34","-","-","35","","","","36","37","38","-"],["39","","","","","40","41","","","","","","","","42"],["-","43","","","","","","","-","-","44","","","",""],["-","-","-","-","45","","","","46","47","-","48","","",""],["49","50","51","52","","-","-","-","53","","54","-","-","-","-"],["55","","","","","56","57","-","58","","","59","60","61","-"],["62","","","","-","63","","64","","","","","","","65"],["66","","","","-","67","","","","-","68","","","",""],["69","","","","-","70","","","","-","-","71","","",""]],"clues":{"1a":"Wealthy person","5a":"Takes advantage of","9a":"\"The Forsyte ___\"","13a":"Likeness","15a":"Kind of stick","16a":"Sheriff Tupper of \"Murder, She Wrote\"","17a":"Social hangout","19a":"Sea swallow","20a":"Home turnover","21a":"Knock out of kilter","23a":"Illuminated","24a":"Terminator","25a":"Bear up there","29a":"Steep slope","33a":"Crier of Greek myth","35a":"Wakens","39a":"Bettor's challenge","43a":"Show fright","44a":"Weird","45a":"Followed orders","48a":"N.Y. Police ___","49a":"Exodus priest","53a":"Mauna ___","55a":"Responded unintelligibly","58a":"\"Last stop!\"","62a":"Abner's pal and namesakes","63a":"Diamond coup","66a":"Relative of the flute","67a":"Auction actions","68a":"Indian boat","69a":"Part of Halloween makeup","70a":"Church nook","71a":"Endure","1d":"Informal greetings","2d":"Eastern V.I.P.","3d":"Wind instrument?","4d":"They'll be hunted in April","5d":"Big sports news","6d":"Loudly weep","7d":"\"Holy moly!\"","8d":"Kind of loser","9d":"Beelzebub","10d":"Change","11d":"Watkins Glen, e.g.","12d":"\"Lou Grant\" star","14d":"Lod airport airline","18d":"Nobelist Wiesel","22d":"Esteem","25d":"German link","26d":"Kind of squad","27d":"Lemonlike","28d":"Singer Lane","30d":"Cuomo's predecessor","31d":"Son of Prince Valiant","32d":"Australian hopper","34d":"Long Island town","36d":"Tool storage area","37d":"Limerick site","38d":"Barber's cut","40d":"Wane","41d":"Bullring shout","42d":"Receive","46d":"Pass","47d":"Cabbage Patch item","49d":"Visibly happy","50d":"Caribbean getaway","51d":"\"___ has it...\"","52d":"Start","54d":"Actor Guinness","56d":"Old lab burner","57d":"Trapdoor","59d":"Milky gem","60d":"Arm bone","61d":"Pueblo town","64d":"Employee card and others","65d":"Still and all"},"answers":{"1a":"HAVE","5a":"USES","9a":"SAGA","13a":"IMAGE","15a":"POGO","16a":"AMOS","17a":"SINGLESBAR","19a":"TERN","20a":"RESALE","21a":"DERANGE","23a":"LIT","24a":"ENDER","25a":"URSA","29a":"ESCARP","33a":"NIOBE","35a":"AROUSES","39a":"DOUBLEORNOTHING","43a":"TREMBLE","44a":"EERIE","45a":"OBEYED","48a":"DEPT","49a":"AARON","53a":"LOA","55a":"GRUNTED","58a":"ALLOUT","62a":"LUMS","63a":"TRIPLEPLAY","66a":"OBOE","67a":"NODS","68a":"CANOE","69a":"WART","70a":"APSE","71a":"LAST","1d":"HIS","2d":"AMIR","3d":"VANE","4d":"EGGS","5d":"UPSETS","6d":"SOB","7d":"EGAD","8d":"SORE","9d":"SATAN","10d":"AMEND","11d":"GORGE","12d":"ASNER","14d":"ELAL","18d":"ELIE","22d":"REPUTE","25d":"UND","26d":"RIOT","27d":"SOUR","28d":"ABBE","30d":"CAREY","31d":"ARN","32d":"ROO","34d":"ELMONT","36d":"SHED","37d":"EIRE","38d":"SNIP","40d":"EBB","41d":"OLE","42d":"GET","46d":"ELAPSE","47d":"DOLL","49d":"AGLOW","50d":"ARUBA","51d":"RUMOR","52d":"ONSET","54d":"ALEC","56d":"ETNA","57d":"DROP","59d":"OPAL","60d":"ULNA","61d":"TAOS","64d":"IDS","65d":"YET"}}