{"numbers":[["1","2","3","4","-","5","6","7","8","-","-","9","10","11","12"],["13","","","","-","14","","","","15","-","16","","",""],["17","","","","18","","","","","","19","","","",""],["20","","","-","21","","","-","-","22","","","","",""],["23","","","24","","-","25","26","27","","","","-","-","-"],["-","28","","","","29","-","30","","","","-","31","32","33"],["-","-","34","","","","-","35","","","-","36","","",""],["37","38","","","","","39","","","","40","","","",""],["41","","","","-","42","","","-","43","","","","-","-"],["44","","","-","45","","","","-","46","","","","47","-"],["-","-","-","48","","","","","49","-","50","","","","51"],["52","53","54","","","","-","-","55","56","","-","57","",""],["58","","","","","","59","60","","","","61","","",""],["62","","","","-","63","","","","","-","64","","",""],["65","","","","-","-","66","","","","-","67","","",""]],"clues":{"1a":"Spirogyra or frog spit","5a":"Impression","9a":"Diamond protector","13a":"Burpee bit","14a":"Conclude, as negotiations","16a":"See 31-Across","17a":"Lefty celebrity relative","20a":"Turkish title","21a":"Customary practice","22a":"Strengthens, with \"up\"","23a":"Tugs","25a":"\"Babes in Toyland\" star, 1960","28a":"Head of the costume department?","30a":"Leonard and Charles","31a":"With 16-Across, former Phillies manager","34a":"\"Queen ___ Day\" (old game show)","35a":"Corporate abbr.","36a":"Have a hunch","37a":"Lefty artist","41a":"Shows one's humanity","42a":"Bud","43a":"___ Fein","44a":"Voted","45a":"Great","46a":"Overwhelms with humor","48a":"Catch in a net","50a":"Pipe type","52a":"Highest point in Sicily","55a":"Course for a newcomer to the U.S.: Abbr.","57a":"Lament","58a":"Lefty actor","62a":"French 101 word","63a":"Copy of a sort","64a":"Noted rap artist","65a":"Gloomy","66a":"Overdecorated","67a":"Danson et al.","1d":"Composers' org","2d":"Three miles, roughly","3d":"Lefty President","4d":"Foofaraw","5d":"Horus's mother","6d":"Star in Cygnus","7d":"Baa maid?","8d":"Razor-billed bird","9d":"Kind of sax","10d":"Publican's offerings","11d":"Ridicule persistently","12d":"Is worthwhile","15d":"Lefty actress","18d":"Five-year periods","19d":"Refusals","24d":"Pontiac Silverdome team","26d":"Camden Yards team","27d":"Polaroid inventor","29d":"Lefty comedian","31d":"Lefty comedian","32d":"ECU issuer","33d":"Lawyer in both \"Civil Wars\" and \"L.A. Law\"","36d":"Student's worry","37d":"Roman law","38d":"Before, to Byron","39d":"Jutlander, e.g.","40d":"In a despicable way","45d":"Writer Quindlen","47d":"Blotto","48d":"Anesthetic gas","49d":"Subs","51d":"Bridge seats","52d":"Horse that made sense?","53d":"One of the Jackson 5","54d":"Tannish color","56d":"Hot","59d":"Chaperoned girl","60d":"Actress Joanne","61d":"Paroxysm"},"answers":{"1a":"ALGA","5a":"IDEA","9a":"TARP","13a":"SEED","14a":"SEWUP","16a":"ELIA","17a":"CAROLINEKENNEDY","20a":"AGA","21a":"USE","22a":"GOOSES","23a":"PULLS","25a":"BOLGER","28a":"EDITH","30a":"RAYS","31a":"LEE","34a":"FORA","35a":"INC","36a":"FEEL","37a":"LEONARDODAVINCI","41a":"ERRS","42a":"PAL","43a":"SINN","44a":"XED","45a":"AONE","46a":"SLAYS","48a":"ENMESH","50a":"ELBOW","52a":"MTETNA","55a":"ESL","57a":"RUE","58a":"RICHARDDREYFUSS","62a":"ETRE","63a":"XEROX","64a":"ICET","65a":"DOUR","66a":"BUSY","67a":"TEDS","1d":"ASCAP","2d":"LEAGUE","3d":"GERALDFORD","4d":"ADO","5d":"ISIS","6d":"DENEB","7d":"EWE","8d":"AUK","9d":"TENOR","10d":"ALES","11d":"RIDE","12d":"PAYS","15d":"PEGGYCASS","18d":"LUSTRA","19d":"NOES","24d":"LIONS","26d":"ORIOLES","27d":"LAND","29d":"HARPOMARX","31d":"LENNYBRUCE","32d":"EEC","33d":"ELI","36d":"FINAL","37d":"LEX","38d":"ERE","39d":"DANE","40d":"VILELY","45d":"ANNA","47d":"SOUSED","48d":"ETHER","49d":"HEROS","51d":"WESTS","52d":"MRED","53d":"TITO","54d":"ECRU","56d":"SEXY","59d":"DEB","60d":"DRU","61d":"FIT"}}