{"numbers":[["1","2","3","4","5","6","7","8","9","10","-","11","12","13","14"],["15","","","","","","","","","","-","16","","",""],["17","","","","","","","","","","-","18","","",""],["19","","","-","20","","","-","21","","22","","","",""],["23","","","-","24","","","25","-","-","26","","","",""],["27","","","28","-","29","","","30","31","","-","32","",""],["33","","","","34","-","-","35","","","","36","","",""],["-","-","-","37","","38","39","","","","","","-","-","-"],["40","41","42","","","","","","-","-","43","","44","45","46"],["47","","","-","48","","","","49","50","-","51","","",""],["52","","","53","","-","-","54","","","55","-","56","",""],["57","","","","","58","59","-","60","","","-","61","",""],["62","","","","-","63","","64","","","","65","","",""],["66","","","","-","67","","","","","","","","",""],["68","","","","-","69","","","","","","","","",""]],"clues":{"1a":"Funny pages favorite","11a":"Composer Satie","15a":"Exciting adventure","16a":"\"I came,\" to Caesar","17a":"Recruiter's objective","18a":"Professional suffixes","19a":"Three after B","20a":"Cousin of \"Eureka!\"","21a":"Shows how","23a":"Stout","24a":"Hawaii's state bird","26a":"Screen's partner","27a":"Post","29a":"Show anger, in away","32a":"According to","33a":"They make a bloom blossom","35a":"Satisfied subscribers","37a":"Profligate","40a":"Tubular pasta","43a":"Victoria's Secret selection","47a":"Blown-up photo: Abbr.","48a":"Discovery of 1781","51a":"Stevedore's, e.g.","52a":"Philatelist's item","54a":"Little pest","56a":"One over due","57a":"Shade maker","60a":"Twosome","61a":"Season in St.-Lo","62a":"Turner and Pappas","63a":"Way back","66a":"Furniture wood","67a":"Crudity","68a":"Guinness Book suffixes","69a":"Creator of 1-Across","1d":"Start of a Gardner title","2d":"C.B.ers' names","3d":"Brennan and Ford","4d":"Calendar abbr.","5d":"Match play?","6d":"Chung's partner","7d":"Singer Nina","8d":"Real ending in London","9d":"1978 Yankee hero","10d":"Renowned costume designer","11d":"Bounce","12d":"Amend","13d":"Whole amount","14d":"\"Pow!\" places","22d":"Quakers","25d":"Loop for a lobe","28d":"Oscar ___ Renta","30d":"Like Gen. Schwarzkopf","31d":"Prefix with cycle or sex","34d":"Gym exercises","36d":"TV host, 1955-82","38d":"N.Y.C. div.","39d":"Bambi's aunt","40d":"Break","41d":"Pipe openings","42d":"Show anger, in away","44d":"Hospital personnel","45d":"Feature of many court buildings","46d":"Increase the angle of elevation","49d":"Without cause","50d":"Long, bony fish","53d":"Mardi Gras sights","55d":"Friendly Islands","58d":"First ed.","59d":"Actress Olin","64d":"Dutch painter Gerard ___ Borch","65d":"Thrash"},"answers":{"1a":"THEFARSIDE","11a":"ERIK","15a":"HAIRRAISER","16a":"VENI","17a":"ENLISTMENT","18a":"ISTS","19a":"CDE","20a":"OHO","21a":"TEACHES","23a":"ALE","24a":"NENE","26a":"STAGE","27a":"SEND","29a":"REARUP","32a":"PER","33a":"ESSES","35a":"RENEWERS","37a":"LIBERTINE","40a":"RIGATONI","43a":"SLIPS","47a":"ENL","48a":"URANUS","51a":"KNOT","52a":"STAMP","54a":"GNAT","56a":"TRE","57a":"PARASOL","60a":"DUO","61a":"ETE","62a":"IKES","63a":"RETURNTRIP","66a":"TEAK","67a":"INELEGANCE","68a":"ESTS","69a":"GARYLARSON","1d":"THECASE","2d":"HANDLES","3d":"EILEENS","4d":"FRI","5d":"ARSON","6d":"RATHER","7d":"SIMONE","8d":"ISE","9d":"DENT","10d":"ERTE","11d":"EVICT","12d":"RESHAPE","13d":"INTEGER","14d":"KISSERS","22d":"ASPENS","25d":"EARRING","28d":"DELA","30d":"RET","31d":"UNI","34d":"SITUPS","36d":"WELK","38d":"BOR","39d":"ENA","40d":"RESPITE","41d":"INTAKES","42d":"GLAREAT","44d":"INTERNS","45d":"PORTICO","46d":"STEEPEN","49d":"UNDULY","50d":"SAUREL","53d":"MASKS","55d":"TONGA","58d":"ORIG","59d":"LENA","64d":"TER","65d":"TAR"}}