{"numbers":[["-","-","1","2","3","4","5","-","6","7","8","9","10","-","-"],["11","12","","","","","","-","13","","","","","14","-"],["15","","","","","","","-","16","","","","","","17"],["18","","","","","-","-","19","","","-","20","","",""],["21","","","","-","22","23","","","-","24","","","",""],["-","-","-","25","26","","","","-","27","","","-","-","-"],["28","29","30","-","31","","","","-","32","","","33","34","35"],["36","","","-","37","","","","38","","","-","39","",""],["40","","","41","","","-","42","","","","-","43","",""],["-","-","-","44","","","-","45","","","","46","-","-","-"],["47","48","49","","","-","50","","","","-","51","52","53","54"],["55","","","","-","56","","","-","-","57","","","",""],["58","","","","59","","","-","60","61","","","","",""],["-","62","","","","","","-","63","","","","","",""],["-","-","64","","","","","-","65","","","","","-","-"]],"clues":{"1a":"Break down grammatically*","6a":"Items in a still life*","11a":"Braincase","13a":"\"___ Fables\"","15a":"Considers bond values again","16a":"Reduce to ashes","18a":"Fred's sister","19a":"___ Speedwagon","20a":"Not give ___","21a":"Mediocre","22a":"Argued","24a":"Loudonville, N.Y., campus","25a":"Classical name in medicine","27a":"Sprinted","28a":"\"___ Believer\" (Monkees hit)","31a":"Barn topper","32a":"Football squad","36a":"Court ruling","37a":"Hint to solving the eight starred clues","39a":"___ Jima","40a":"Ignite","42a":"Plane or dynamic preceder","43a":"Actress Ryan","44a":"Deteriorate","45a":"Curses","47a":"Sprockets linker","50a":"Reps.' counterparts","51a":"Riding whip","55a":"Natural gait","56a":"Emily, to Charlotte","57a":"Madrid attraction","58a":"Kind of lot","60a":"Zebralike","62a":"March laboriously","63a":"Paired nuclides","64a":"Catch suddenly*","65a":"Harvests*","1d":"Trims*","2d":"Kind of recording","3d":"Passage ceremony","4d":"Cash's \"A Boy Named ___\"","5d":"Printers' widths","6d":"Set the standard for","7d":"Architect Saarinen","8d":"Chemical suffix","9d":"Lettuce variety","10d":"Bowling save*","11d":"Tomorrow: Lat.","12d":"Try again","14d":"Laurel or Musial","17d":"Wetlands watchdog","19d":"Deserters","22d":"Venus, for one","23d":"River to the Laptev Sea","24d":"Game fish","26d":"50's singer Frankie","27d":"Supplies with better weapons","28d":"Kind","29d":"___ tai (cocktail)","30d":"Cereal bristle","33d":"Robust energy","34d":"Pronoun in a cote?","35d":"Norfolk ale","38d":"20+ quires","41d":"Evaporated","46d":"Act niggardly","47d":"Actor Gulager","48d":"Emcee","49d":"Copycats*","50d":"More extreme","52d":"Mustard plants*","53d":"Baltic Sea feeder","54d":"Pea places","56d":"Long account","57d":"Swift sailing boat","59d":"B-F connection","60d":"Salutation for Edmund Hillary","61d":"Half a fly"},"answers":{"1a":"PARSE","6a":"PEARS","11a":"CRANIUM","13a":"AESOPS","15a":"RERATES","16a":"CREMATE","18a":"ADELE","19a":"REO","20a":"ARAP","21a":"SOSO","22a":"PLED","24a":"SIENA","25a":"GALEN","27a":"RAN","28a":"IMA","31a":"VANE","32a":"ELEVEN","36a":"LAW","37a":"ANAGRAM","39a":"IWO","40a":"KINDLE","42a":"AERO","43a":"MEG","44a":"ROT","45a":"DAMNS","47a":"CHAIN","50a":"DEMS","51a":"CROP","55a":"LOPE","56a":"SIS","57a":"PRADO","58a":"USEDCAR","60a":"STRIPED","62a":"TRUDGE","63a":"ISOMERS","64a":"SPEAR","65a":"REAPS","1d":"PARES","2d":"ANALOG","3d":"RITE","4d":"SUE","5d":"EMS","6d":"PACED","7d":"EERO","8d":"ASE","9d":"ROMAINE","10d":"SPARE","11d":"CRAS","12d":"REDO","14d":"STAN","17d":"EPA","19d":"RENEGADES","22d":"PLANET","23d":"LENA","24d":"SALMON","26d":"AVALON","27d":"REARMS","28d":"ILK","29d":"MAI","30d":"AWN","33d":"VIM","34d":"EWE","35d":"NOG","38d":"REAM","41d":"DRIEDUP","46d":"SCRIMP","47d":"CLU","48d":"HOST","49d":"APERS","50d":"DIRER","52d":"RAPES","53d":"ODER","54d":"PODS","56d":"SAGA","57d":"PROA","59d":"CDE","60d":"SIR","61d":"TSE"}}