{"numbers":[["1","2","3","-","-","4","5","6","7","-","8","9","10","11","12"],["13","","","-","14","","","","","-","15","","","",""],["16","","","-","17","","","","","18","","","","",""],["19","","","-","20","","","","-","21","","","","",""],["22","","","23","-","-","24","","25","","","","-","-","-"],["26","","","","27","28","","","","-","-","29","30","31","32"],["-","-","33","","","","-","34","","35","36","-","37","",""],["38","39","","","","","40","-","41","","","42","","",""],["43","","","-","44","","","45","-","46","","","","-","-"],["47","","","48","-","-","49","","50","","","","","51","52"],["-","-","-","53","54","55","","","","-","-","56","","",""],["57","58","59","","","","-","60","","61","62","-","63","",""],["64","","","","","","65","","","","","-","66","",""],["67","","","","","-","68","","","","","-","69","",""],["70","","","","","-","71","","","","-","-","72","",""]],"clues":{"1a":"Agcy. vigilant about vittles","4a":"Make or break, e.g.","8a":"Two-fisted","13a":"Abbr. for an old soldier","14a":"Energy choice","15a":"Playwright Fugard","16a":"Gifted","17a":"Didja ever see a ___?","19a":"\"I don't think so\"","20a":"Mine, to Marcel","21a":"Parenthetical comments","22a":"Staff","24a":"Many a hip-hop poet","26a":"Didja ever see a __?","29a":"Imprint","33a":"Jai ___","34a":"Team in an annual all-star game","37a":"Color","38a":"Didja ever see a ___?","41a":"Didja ever see a ___? (2 wds.)","43a":"Bowl over","44a":"Thick slice","46a":"Newsy bit","47a":"Plight","49a":"Didja ever see a ___?","53a":"Some like it hot","56a":"Poet Teasdale","57a":"They get squirreled away","60a":"Lenin's police org.","63a":"Go vroom, vroom","64a":"Didja ever see a ___?","66a":"Sundial number","67a":"Antipasto goody","68a":"Plow man","69a":"Presidential monogram","70a":"Devonshire dad","71a":"Hairdresser, sometimes","72a":"Grin's stopping point","1d":"Garcon's pourboire","2d":"Split","3d":"Where touts tout","4d":"\"Va-va-va- ___!\"","5d":"Barcelona bull","6d":"Project glowingly","7d":"Buddy","8d":"Bit of poolroom finesse","9d":"Garb","10d":"Nigerian border lake","11d":"Grind, in away","12d":"Ford contemporary","14d":"___ Na Na","18d":"Breach","23d":"Constitutional","25d":"Child's ammo","27d":"Wails from baby","28d":"Bass ___","30d":"Hitch","31d":"Word on a diploma","32d":"Drill sergeant's call","35d":"Black &amp; Decker competitor","36d":"Famous marshal","38d":"Certain missile","39d":"Be in the red","40d":"Sunscreen ingredient","42d":"Super Bowl III champs","45d":"Hogwash","48d":"Tried hard","50d":"Simon of fiction","51d":"French fries brand","52d":"Cincinnati university","54d":"Tick off","55d":"Controversial food additive","57d":"On","58d":"Some kind of a nut","59d":"Last writes?","61d":"Rumble of contentment","62d":"French article","65d":"Tack on"},"answers":{"1a":"FDA","4a":"VERB","8a":"MACHO","13a":"RET","14a":"SOLAR","15a":"ATHOL","16a":"APT","17a":"HOTDOGSTAND","19a":"NAH","20a":"AMOI","21a":"ASIDES","22a":"CREW","24a":"RAPPER","26a":"STRAWVOTE","29a":"ETCH","33a":"ALAI","34a":"EAST","37a":"HUE","38a":"SOCKHOP","41a":"SKIJUMP","43a":"AWE","44a":"SLAB","46a":"ITEM","47a":"MESS","49a":"BALLOTBOX","53a":"TAMALE","56a":"SARA","57a":"ACORNS","60a":"OGPU","63a":"REV","64a":"TOBOGGANRUN","66a":"III","67a":"OLIVE","68a":"DEERE","69a":"DDE","70a":"PATER","71a":"DYER","72a":"EAR","1d":"FRANCS","2d":"DEPART","3d":"ATTHERACES","4d":"VOOM","5d":"ELTORO","6d":"RADIATE","7d":"BRO","8d":"MASSE","9d":"ATTIRE","10d":"CHAD","11d":"HONE","12d":"OLDS","14d":"SHA","18d":"GAP","23d":"WALK","25d":"PEAS","27d":"WAHS","28d":"VIOL","30d":"THUMBARIDE","31d":"CUM","32d":"HEP","35d":"SKIL","36d":"TITO","38d":"SAM","39d":"OWE","40d":"PABA","42d":"JETS","45d":"BALONEY","48d":"STROVE","50d":"LEGREE","51d":"OREIDA","52d":"XAVIER","54d":"ANGER","55d":"MSG","57d":"ATOP","58d":"COLA","59d":"OBIT","61d":"PURR","62d":"UNE","65d":"ADD"}}