{"numbers":[["1","2","3","4","5","6","7","8","9","-","10","11","12","13","14"],["15","","","","","","","","","-","16","","","",""],["17","","","","","","","","","-","18","","","",""],["19","","","-","20","","","","-","-","21","","","",""],["-","-","-","22","","","-","23","24","25","-","26","","",""],["27","28","29","","-","-","30","","","","31","","","",""],["32","","","","33","-","34","","","","","-","35","",""],["36","","","-","37","38","","-","39","","","-","40","",""],["41","","","-","42","","","43","","-","44","45","","",""],["46","","","47","","","","","","-","-","48","","",""],["49","","","","-","50","","","-","51","52","","-","-","-"],["53","","","","54","-","-","55","56","","","-","57","58","59"],["60","","","","","-","61","","","","","62","","",""],["63","","","","","-","64","","","","","","","",""],["65","","","","","-","66","","","","","","","",""]],"clues":{"1a":"Does over","10a":"Dogie catcher","15a":"Clear","16a":"Moliere's \"L'___ des femmes\"","17a":"Fame","18a":"Engraver's tool","19a":"Fr. holy woman","20a":"Legendary name in sitcoms","21a":"Replay technique","22a":"S.A.T. org.","23a":"Former aviation agcy.","26a":"Z ___ zebra","27a":"Grate","30a":"1942 Jimmy Dorsey hit","32a":"Load-bearing steel","34a":"\"Another year ___...\"","35a":"Hebrew letter after shin","36a":"Farm male","37a":"Ending for cash","39a":"Flying Cloud, in old automobiling","40a":"Give ___ rest","41a":"\"How ___ doing?\"","42a":"Food topping","44a":"Dispatch","46a":"She played Alice in \"Alice\"","48a":"Early weather satellite","49a":"Choreographer White of \"The Music Man\"","50a":"Dauphin","51a":"Two-piece part","53a":"Ayn and Sally","55a":"Steadfast","57a":"___ Lingus (Irish carrier)","60a":"One of 27 works by Chopin","61a":"The privileged","63a":"'60 Wimbledon champ ___ Fraser","64a":"Welcomed to the fold","65a":"Canadian physician Sir William","66a":"Justice chief","1d":"Fam. tree listings","2d":"Kind of poll","3d":"Iditarod terminus","4d":"Solitary","5d":"Grassland","6d":"Aggressive one, they say","7d":"Car owners need them","8d":"Kosher","9d":"Prepared","10d":"Johnny ___ (soldiers)","11d":"Eyepiece","12d":"Hollowness ratios","13d":"Does away with","14d":"Splitsville?","22d":"Clean air agcy.","24d":"Hurricane of 1992","25d":"1958 Pulitzer winner for fiction","27d":"Oscar, Tony, Grammy and Emmy winner","28d":"Loathes","29d":"Like recommended dental visits","30d":"Bullfighter","31d":"Magazine for which publisher Ralph Ginzburg went to jail","33d":"See-through silicate","38d":"Is off base","43d":"Four-time Super Bowl QB","45d":"Kind of brain","47d":"Fiddle-___ (nonsense)","51d":"Big Sky Country city","52d":"Send payment","54d":"Diviner","56d":"Botch","57d":"Chip in","58d":"Eve's place","59d":"Try again","61d":"Alphabet trio","62d":"Galley blade"},"answers":{"1a":"RENOVATES","10a":"ROPER","15a":"EXONERATE","16a":"ECOLE","17a":"LIMELIGHT","18a":"BURIN","19a":"STE","20a":"DESI","21a":"SLOMO","22a":"ETS","23a":"CAA","26a":"ASIN","27a":"RASP","30a":"TANGERINE","32a":"IBEAM","34a":"OLDER","35a":"TAV","36a":"TOM","37a":"IER","39a":"REO","40a":"ITA","41a":"AMI","42a":"CREME","44a":"SPEED","46a":"MIAFARROW","48a":"ESSA","49a":"ONNA","50a":"SON","51a":"BRA","53a":"RANDS","55a":"TRUE","57a":"AER","60a":"ETUDE","61a":"HAUTMONDE","63a":"NEALE","64a":"INITIATED","65a":"OSLER","66a":"JANETRENO","1d":"RELS","2d":"EXIT","3d":"NOME","4d":"ONE","5d":"VELDT","6d":"ARIES","7d":"TAGS","8d":"ETHICAL","9d":"SET","10d":"REBS","11d":"OCULAR","12d":"POROSITIES","13d":"ELIMINATES","14d":"RENONEVADA","22d":"EPA","24d":"ANDREW","25d":"AGEE","27d":"RITAMORENO","28d":"ABOMINATES","29d":"SEMIANNUAL","30d":"TORERO","31d":"EROS","33d":"MICA","38d":"ERRS","43d":"MONTANA","45d":"PEA","47d":"FADDLE","51d":"BUTTE","52d":"REMIT","54d":"SEER","56d":"RUIN","57d":"ANTE","58d":"EDEN","59d":"REDO","61d":"HIJ","62d":"OAR"}}