{"numbers":[["-","-","-","1","2","3","4","-","5","6","7","8","9","10","11"],["-","-","12","","","","","-","13","","","","","",""],["-","14","","","","","","15","","","","","","",""],["16","","","","","","-","17","","","","-","18","",""],["19","","","","-","20","21","","","-","22","23","","",""],["24","","","","25","-","26","","","27","-","28","","",""],["29","","","-","30","31","","","-","32","33","","","",""],["-","-","34","35","","","","","36","","","","","-","-"],["37","38","","","","","-","39","","","","-","40","41","42"],["43","","","","-","44","45","","","-","46","47","","",""],["48","","","","49","-","50","","","51","-","52","","",""],["53","","","-","54","55","","","-","56","57","","","",""],["58","","","59","","","","","60","","","","","","-"],["61","","","","","","","-","62","","","","","-","-"],["63","","","","","","","-","64","","","","-","-","-"]],"clues":{"1a":"Mint or cumin","5a":"Not straight up","12a":"Culvert","13a":"Picnic shelters","14a":"Circus act","16a":"In quantity","17a":"Cohesive entity","18a":"Never, to Kant","19a":"Room extension","20a":"Baroque instrument","22a":"Squelched","24a":"The end for Captain Kidd","26a":"Bets","28a":"Head residents?","29a":"Kennel sound","30a":"The McCoys, e.g.","32a":"Tropical palms","34a":"Historic site of 1775","37a":"Lug","39a":"1969 Jerry Rubin book","40a":"Comedian Lehr","43a":"Old Chinese money of account","44a":"Neutral shade","46a":"Winning card, in bridge","48a":"Minds","50a":"Sibilate","52a":"Flabbergasts","53a":"Extinct apteryx","54a":"Award since 1956","56a":"Themes","58a":"Building material first made in Dorsetshire, England","61a":"He played TV's Poncherello","62a":"People gathered in a murder mystery","63a":"Brings back on","64a":"Pseudoesthetic","1d":"Men of the hour","2d":"Jug","3d":"Counterculturist","4d":"Maternity item","5d":"Island group off Scotland","6d":"Diverse: Prefix","7d":"Radiates","8d":"Far out","9d":"Tweedledum and Tweedledee","10d":"Sambalike dance","11d":"Group in biblical history","12d":"Exemplary one","14d":"See 21 Down","15d":"Routine","16d":"Actress Rowlands","21d":"Asian capital, with 14 Down","23d":"Get ___ up","25d":"\"Behold!\"","27d":"Draped garment","31d":"Run","33d":"Some schoolwork","35d":"In a sick way","36d":"Suffix with right","37d":"Person in boots, perhaps","38d":"Site in a whistle-stop campaign","41d":"Vertical","42d":"\"Swiss Family Robinson\" author","45d":"Limoges and Sevres","47d":"Sideboard supply","49d":"Kind of panel","51d":"Use a tiller","55d":"Directed","57d":"Drop","59d":"Three, up front","60d":"Kind of tea"},"answers":{"1a":"HERB","5a":"OVERICE","12a":"SEWER","13a":"RAMADAS","14a":"BAREBACKRIDERS","16a":"GALORE","17a":"UNIT","18a":"NIE","19a":"ETTE","20a":"LUTE","22a":"SATON","24a":"NOOSE","26a":"LAYS","28a":"LICE","29a":"ARF","30a":"CLAN","32a":"ARECAS","34a":"TICONDEROGA","37a":"SCHLEP","39a":"DOIT","40a":"LEW","43a":"TAEL","44a":"ECRU","46a":"ENTRY","48a":"OBEYS","50a":"HISS","52a":"AWES","53a":"MOA","54a":"OBIE","56a":"TOPICS","58a":"PORTLANDCEMENT","61a":"ESTRADA","62a":"HEIRS","63a":"REHIRES","64a":"ARTY","1d":"HEROES","2d":"EWER","3d":"REBEL","4d":"BRA","5d":"ORKNEY","6d":"VARI","7d":"EMITS","8d":"RAD","9d":"IDENTICALTWINS","10d":"CARIOCA","11d":"ESSENES","12d":"SALTOFTHEEARTH","14d":"BATOR","15d":"CUTANDDRIED","16d":"GENA","21d":"ULAN","23d":"ALEG","25d":"ECCE","27d":"SARI","31d":"LOPE","33d":"ROTE","35d":"ILLY","36d":"EOUS","37d":"STOMPER","38d":"CABOOSE","41d":"ERECT","42d":"WYSS","45d":"CHINAS","47d":"NAPERY","49d":"SOLAR","51d":"STEER","55d":"BADE","57d":"OMIT","59d":"TRI","60d":"CHA"}}