{"numbers":[["1","2","3","4","5","6","7","-","8","9","10","11","12","13","-","14","15","16","17","18","19"],["20","","","","","","","-","21","","","","","","-","22","","","","",""],["23","","","","","","","24","","","","","","","-","25","","","","",""],["26","","","-","27","","","","-","-","-","28","","","-","29","","","","",""],["-","-","-","-","30","","","","31","32","33","","","","34","","","-","35","",""],["36","37","38","39","","-","-","40","","","","","-","-","41","","","42","","-","-"],["43","","","","","44","45","-","46","","","-","47","48","","","-","49","","50","51"],["52","","","","-","53","","54","","","","55","","","","","-","56","","",""],["57","","","-","58","","","","","","-","59","","","","-","60","","","",""],["61","","","-","62","","","","-","-","63","","","-","-","-","64","","","",""],["-","65","","66","","-","67","","68","69","","","","70","71","-","72","","","","-"],["73","","","","","-","-","-","74","","","-","-","75","","76","","-","77","","78"],["79","","","","","-","80","81","","","-","82","83","","","","","-","84","",""],["85","","","","-","86","","","","","87","","","","","","-","88","","",""],["89","","","","-","90","","","","-","91","","","-","92","","93","","","",""],["-","-","94","","95","","","-","-","96","","","","97","-","-","98","","","",""],["99","100","","-","101","","","102","103","","","","","","104","105","","-","-","-","-"],["106","","","107","","","-","108","","","-","-","-","109","","","","-","110","111","112"],["113","","","","","","-","114","","","115","116","117","","","","","118","","",""],["119","","","","","","-","120","","","","","","-","121","","","","","",""],["122","","","","","","-","123","","","","","","-","124","","","","","",""]],"clues":{"1a":"Strands","8a":"Hopi home","14a":"Finish with a flourish","20a":"Antiquated","21a":"Gain","22a":"Maestro Toscanini","23a":"BAILEY, BUCK, WHITE","25a":"They may be dental","26a":"Visit","27a":"\"___ life!\"","28a":"Arctic traveler John","29a":"Betsy and Diana","30a":"BUCHWALD, CARNEY, GARFUNKEL, LINKLETTER","35a":"Half a fly","36a":"Bake, in a way","40a":"Anatole France novel","41a":"___ del Sol (region in Spain)","43a":"Dome-shaped jellyfish","46a":"Honest ___","47a":"The least bit of concern","49a":"A party to, as a secret","52a":"Trojan War figure","53a":"SIMMONS, STAPLETON","56a":"Writer Buchanan","57a":"Scam","58a":"Hunting dog","59a":"Pismires","60a":"Peeping Tom","61a":"First-aid ___","62a":"Common test answer","63a":"Needle holder","64a":"Talkative","65a":"Give a ticket to","67a":"LEONTYNE, RAY, VINCENT","72a":"Actress Swenson","73a":"Actor Willem","74a":"Like McCuller's cafe","75a":"Kitty","77a":"Luck of the draw?","79a":"Brownie-to-Girl Scout ceremony","80a":"Teen hangout","82a":"Scales","84a":"Patriot's end","85a":"Kind of joint","86a":"DENNIS, DORIS","88a":"Bridge player's goal","89a":"January 1 word","90a":"Hot times on the Riviera","91a":"Subjoin","92a":"\"Carmen\" setting","94a":"Adapts for special use","96a":"Burger King offering","98a":"Miniature map","99a":"Farragut, e.g.: Abbr.","101a":"CHARLIE-DOROTHY, ELEANOR-FESS","106a":"Old salt","108a":"Long time","109a":"Brainchild","110a":"Corp. biggie","113a":"\"Boom\" preceder, in song","114a":"CAREW-MCKUEN-SERLING-STEIGER-TAYLOR","119a":"Short sock","120a":"Shows reverence","121a":"\"I Was a ___ Werewolf\" (1957 flick)","122a":"Live","123a":"Nicole Hollander comic strip","124a":"Stupefies","1d":"Striped fish","2d":"Artist de Tirtoff, professionally","3d":"Subdivision subdivision","4d":"Fraternity letter","5d":"Airport features","6d":"Eastwood's \"The ___ Sanction\"","7d":"General called \"Old Fuss and Feathers\"","8d":"Drivel","9d":"Language related to Aztec","10d":"Flight abbr.","11d":"Ballet-practice fixtures","12d":"New Hampshire's state flower","13d":"Start","14d":"They grow down","15d":"Some fabrics","16d":"School orgs.","17d":"BRADLEY, CLINTON, COSBY","18d":"Manumits","19d":"\"Cabaret\" director","24d":"Item for Sgt. Friday","31d":"Midwest hub","32d":"Important political bloc","33d":"Gladly","34d":"Pictures on monitors","36d":"Sign of love - or hate","37d":"With valor","38d":"HAMILL, HARMON, MESSIER, SPITZ","39d":"Neighbor of Ukr.","42d":"Haberdashery accessory","44d":"Rich Little, e.g.","45d":"Showed surprise","47d":"Painter Rousseau","48d":"Haggis ingredient","50d":"Frenzied store event","51d":"Not any","54d":"Anatomical passage","55d":"\"Go directly to ___\"","58d":"Declivitous","60d":"Ham go-with","63d":"Rate setter, with \"the\"","66d":"\"Dome doily\"","68d":"Mallorca and Ibiza, e.g.","69d":"A little lower?","70d":"Tater","71d":"Albacore and bluefin","73d":"U.S.A.F. awards","76d":"Eye problem","78d":"Irish patriot Robert","80d":"Taiwan Strait island","81d":"Roll-call response","82d":"News conference attendees","83d":"Direct","86d":"Belittle","87d":"Weather protector","88d":"Kind of tax","93d":"Grim-___ (stern-faced)","95d":"Beloved","96d":"Relative of parsley","97d":"Revue segment","99d":"\"___ Fell Out of Heaven\" (1936 hit)","100d":"1776 patriot Silas","102d":"Heineken rival","103d":"Bonkers","104d":"Censors","105d":"\"Walk Away, ___\" (1966 pop song)","107d":"Bunuel collaborator","110d":"Chesterfield, e.g.","111d":"Keenness, as of appetite","112d":"Suffixes on candy wrappers","115d":"Ida. neighbor","116d":"Ransom ___ Olds","117d":"The Grays' side: Abbr.","118d":"Genetic letters"},"answers":{"1a":"BEACHES","8a":"PUEBLO","14a":"TOPOFF","20a":"ARCHAIC","21a":"ATTAIN","22a":"ARTURO","23a":"STRINGOFPEARLS","25a":"PLATES","26a":"SEE","27a":"GETA","28a":"RAE","29a":"ROSSES","30a":"ARTCOLLECTION","35a":"TSE","36a":"SHIRR","40a":"THAIS","41a":"COSTA","43a":"MEDUSAS","46a":"ABE","47a":"HOOT","49a":"INON","52a":"ARES","53a":"PAIROFJEANS","56a":"EDNA","57a":"CON","58a":"SETTER","59a":"ANTS","60a":"SPIER","61a":"KIT","62a":"TRUE","63a":"FIR","64a":"WINDY","65a":"CITE","67a":"PRICELIST","72a":"INGA","73a":"DAFOE","74a":"SAD","75a":"PUSS","77a":"BYE","79a":"FLYUP","80a":"MALL","82a":"MOUNTS","84a":"ISM","85a":"CLIP","86a":"DAYAFTERDAY","88a":"SLAM","89a":"SYNE","90a":"ETES","91a":"ADD","92a":"SEVILLE","94a":"GEARS","96a":"FRIES","98a":"INSET","99a":"ADM","101a":"DOUBLEPARKERS","106a":"SEADOG","108a":"EON","109a":"IDEA","110a":"CEO","113a":"TARARA","114a":"CONNECTINGRODS","119a":"ANKLET","120a":"KNEELS","121a":"TEENAGE","122a":"RESIDE","123a":"SYLVIA","124a":"SEDATES","1d":"BASS","2d":"ERTE","3d":"ACRE","4d":"CHI","5d":"HANGARS","6d":"EIGER","7d":"SCOTT","8d":"PAP","9d":"UTE","10d":"ETA","11d":"BARRES","12d":"LILAC","13d":"ONSET","14d":"TAPROOTS","15d":"ORLONS","16d":"PTAS","17d":"OUTSTANDINGBILLS","18d":"FREES","19d":"FOSSE","24d":"FACT","31d":"OHARE","32d":"LABOR","33d":"LIEF","34d":"ICONS","36d":"SMACK","37d":"HEROICALLY","38d":"IDENTIFYINGMARKS","39d":"RUS","42d":"TIEPIN","44d":"APER","45d":"SATUP","47d":"HENRI","48d":"OAT","50d":"ONEDAYSALE","51d":"NARY","54d":"ITER","55d":"JAIL","58d":"STEEP","60d":"SWISS","63d":"FED","66d":"TOUPEE","68d":"ISLAS","69d":"CALF","70d":"SPUD","71d":"TUNAS","73d":"DFCS","76d":"STYE","78d":"EMMET","80d":"MATSU","81d":"AYE","82d":"MEDIA","83d":"ORDER","86d":"DEROGATE","87d":"TARP","88d":"SIN","93d":"VISAGED","95d":"ADORED","96d":"FENNEL","97d":"SKIT","99d":"ASTAR","100d":"DEANE","102d":"BECKS","103d":"LOONY","104d":"EDITS","105d":"RENEE","107d":"DALI","110d":"COAT","111d":"EDGE","112d":"OSES","115d":"NEV","116d":"ELI","117d":"CSA","118d":"RNA"}}