{"numbers":[["1","2","3","4","-","5","6","7","8","-","9","10","11","12","13"],["14","","","","-","15","","","","-","16","","","",""],["17","","","","18","","","","","-","19","","","",""],["20","","","","","","","","-","21","","","","",""],["-","-","-","22","","","","-","23","","","","-","-","-"],["24","25","26","-","27","","","28","","","","","29","30","31"],["32","","","33","","-","-","34","","","-","35","","",""],["36","","","","-","37","38","","","","-","39","","",""],["40","","","","-","41","","","-","-","42","","","",""],["43","","","","44","","","","45","46","","-","47","",""],["-","-","-","48","","","","-","49","","","50","-","-","-"],["51","52","53","","","","-","54","","","","","55","56","57"],["58","","","","","-","59","","","","","","","",""],["60","","","","","-","61","","","","-","62","","",""],["63","","","","","-","64","","","","-","65","","",""]],"clues":{"1a":"Play opening","5a":"Ran","9a":"Shawl or afghan","14a":"Forsaken","15a":"Yellow brick, e.g.","16a":"Moonshine","17a":"Unencumbered","19a":"Composed","20a":"Follower of 21-Across?","21a":"Follower of 20-Across?","22a":"Small: Suffix","23a":"Ripped","24a":"Dems. opposition","27a":"Proverbial distancer","32a":"Sleepy Hollow schoolmaster","34a":"Ampersand","35a":"Firpo of the ring","36a":"Folk tales","37a":"Ship's officers","39a":"___ time (never)","40a":"Upshots","41a":"Morning hrs.","42a":"Waffle topping","43a":"Kind of disease, facetiously","47a":"Hook shape","48a":"Alphabet quartet","49a":"Unmixed, as a drink","51a":"Character actor George","54a":"Starts","58a":"In the thick of","59a":"Be afraid to offend","60a":"Hope of Hollywood","61a":"Manhattan campus","62a":"Gamblers' game","63a":"Boorish","64a":"Some combos","65a":"Sharp put-down","1d":"___ Romeo (automobile)","2d":"Hip","3d":"De ___ (too much)","4d":"Words before \"red\" or \"running\"","5d":"Literary sister","6d":"Give some slack","7d":"Maneuver slowly","8d":"White House monogram","9d":"Block","10d":"Fun and games","11d":"Kind of beer","12d":"Eight, in combinations","13d":"A question of time","18d":"Singer Lenya","21d":"Merchandise","23d":"Manner of speaking","24d":"Staff leader","25d":"University of Maine site","26d":"TV announcer Don","28d":"1980 DeLuise movie","29d":"Bizarre","30d":"\"Peanuts\" character","31d":"Stock plans providing worker ownership: Abbr.","33d":"Young 'uns","37d":"Horace and Thomas","38d":"BB's","42d":"Disreputable","44d":"Some are spitting","45d":"World cultural agcy.","46d":"Flirts","50d":"Stylish Brits","51d":"Baby powder","52d":"Poet Khayyam","53d":"___ fide","54d":"Where humuhumunukunukuapuaa might be served","55d":"Filly or colt","56d":"Roman marketplaces","57d":"Quit","59d":"Abbr. in a mail-order ad"},"answers":{"1a":"ACTI","5a":"BLED","9a":"THROW","14a":"LORN","15a":"ROAD","16a":"HOOCH","17a":"FOOTLOOSE","19a":"WROTE","20a":"ALPHONSE","21a":"GASTON","22a":"ETTE","23a":"TORE","24a":"GOP","27a":"TENFOOTPOLE","32a":"CRANE","34a":"AND","35a":"LUIS","36a":"LORE","37a":"MATES","39a":"ATNO","40a":"ENDS","41a":"AMS","42a":"SYRUP","43a":"FOOTINMOUTH","47a":"ESS","48a":"LMNO","49a":"NEAT","51a":"TOBIAS","54a":"LEADOFFS","58a":"AMONG","59a":"PUSSYFOOT","60a":"LANGE","61a":"PACE","62a":"FARO","63a":"CRASS","64a":"DUOS","65a":"SLAP","1d":"ALFA","2d":"COOL","3d":"TROP","4d":"INTHE","5d":"BRONTE","6d":"LOOSEN","7d":"EASE","8d":"DDE","9d":"THWART","10d":"HORSEPLAY","11d":"ROOT","12d":"OCTO","13d":"WHEN","18d":"LOTTE","21d":"GOODS","23d":"TONE","24d":"GCLEF","25d":"ORONO","26d":"PARDO","28d":"FATSO","29d":"OUTRE","30d":"LINUS","31d":"ESOPS","33d":"NESTLINGS","37d":"MANNS","38d":"AMMO","42d":"SHADY","44d":"IMAGES","45d":"UNESCO","46d":"TEASES","50d":"TOFFS","51d":"TALC","52d":"OMAR","53d":"BONA","54d":"LUAU","55d":"FOAL","56d":"FORA","57d":"STOP","59d":"PPD"}}