{"numbers":[["1","2","3","4","-","5","6","7","8","-","-","9","10","11","12"],["13","","","","-","14","","","","15","-","16","","",""],["17","","","","18","","","","","","-","19","","",""],["-","20","","","","-","-","21","","","22","-","23","",""],["-","-","24","","","25","26","","","","","27","","",""],["-","28","","","","","","-","29","","","","-","-","-"],["30","","","","","","","31","-","32","","","33","34","35"],["36","","","-","-","-","37","","38","-","-","-","39","",""],["40","","","41","42","43","-","44","","45","46","47","","",""],["-","-","-","48","","","49","-","50","","","","","","-"],["51","52","53","","","","","54","","","","","","-","-"],["55","","","-","56","","","","-","-","57","","","58","-"],["59","","","60","-","61","","","62","63","","","","","64"],["65","","","","-","66","","","","","-","67","","",""],["68","","","","-","-","69","","","","-","70","","",""]],"clues":{"1a":"Colo. acad.","5a":"Start fishing","9a":"\"Dancing Queen\" pop group","13a":"Mata ___","14a":"Tear to shreds","16a":"Tactic","17a":"Singer Antoine from New Orleans","19a":"Intense anger","20a":"Carty of baseball","21a":"___ and kin","23a":"\"The Company\"","24a":"Mister twister","28a":"San Francisco area","29a":"Antitoxins","30a":"Laughed, in a way","32a":"Transfer, as a legal proceeding","36a":"\"Tie a Yellow Ribbon\" tree","37a":"Native land","39a":"Inform (on)","40a":"Fantasized","44a":"Durante's \"Mrs.\"","48a":"Cosmonaut Gagarin","50a":"1956 Oscar-winning actress","51a":"Birthday-suit activity","55a":"0ne of L.B.J.'s dogs","56a":"Munich's river","57a":"Max or Buddy","59a":"Till compartment","61a":"Film hit of 1934","65a":"Dermatologist's diagnosis","66a":"Underwater acronym","67a":"Tevye portrayer on stage","68a":"Feminist Millett","69a":"Mikulski and Murkowski: Abbr.","70a":"Once more","1d":"TV initials","2d":"Region of heavy W.W. II fighting","3d":"Heart of the grocery?","4d":"Champion named 9/1/72","5d":"___- Magnon","6d":"Goal","7d":"Acerbic","8d":"Acropolis attire","9d":"Bank loan abbr.","10d":"Longtime Supreme Court name","11d":"Humphrey, to Bacall","12d":"TV's \"___ in the Life\"","15d":"Commotion","18d":"Act like the Apostle Thomas","22d":"\"___ goes!\"","25d":"___ Harbour, Fla.","26d":"Playoff breathers","27d":"Machine part","28d":"\"___ she blows!\"","30d":"Food fish","31d":"A dwarf","33d":"Syracuse players","34d":"Floral container","35d":"Biblical suffix","38d":"Moist","41d":"Novelist Rand","42d":"City bond, for short","43d":"Secret lovefests","45d":"Appearance at a sit-down?","46d":"Suspect's \"out\"","47d":"Top-rated TV show of the 60's","49d":"Baking potatoes","51d":"Kind of therapy","52d":"Moi's country","53d":"\"___ my case\"","54d":"\"Goodnight\" girl","58d":"Steak order","60d":"Marie, e.g.: Abbr.","62d":"Aruba product","63d":"Nolte's \"48___\"","64d":"Right away"},"answers":{"1a":"USAF","5a":"CAST","9a":"ABBA","13a":"HARI","14a":"RIPUP","16a":"PLOY","17a":"FATSDOMINO","19a":"RAGE","20a":"RICO","21a":"KITH","23a":"CIA","24a":"CHUBBYCHECKER","28a":"THEBAY","29a":"SERA","30a":"CHORTLED","32a":"REMOVE","36a":"OAK","37a":"SOD","39a":"RAT","40a":"DREAMT","44a":"CALABASH","48a":"YURI","50a":"MALONE","51a":"SKINNYDIPPING","55a":"HER","56a":"ISAR","57a":"BAER","59a":"ONES","61a":"THETHINMAN","65a":"CYST","66a":"SONAR","67a":"ZERO","68a":"KATE","69a":"SENS","70a":"ANEW","1d":"UHF","2d":"SAAR","3d":"ARTICHOKE","4d":"FISCHER","5d":"CRO","6d":"AIM","7d":"SPIKY","8d":"TUNICS","9d":"APR","10d":"BLACK","11d":"BOGIE","12d":"AYEAR","15d":"POTHER","18d":"DOUBT","22d":"HERE","25d":"BAL","26d":"BYES","27d":"CAM","28d":"THAR","30d":"COD","31d":"DOC","33d":"ORANGEMEN","34d":"VASE","35d":"ETH","38d":"DAMP","41d":"AYN","42d":"MUNI","43d":"TRYSTS","45d":"LAP","46d":"ALIBI","47d":"BONANZA","49d":"IDAHOS","51d":"SHOCK","52d":"KENYA","53d":"IREST","54d":"IRENE","58d":"RARE","60d":"STE","62d":"TAN","63d":"HRS","64d":"NOW"}}