{"numbers":[["-","1","2","3","-","4","5","6","7","-","-","8","9","10","11"],["12","","","","13","","","","","14","-","15","","",""],["16","","","","","","","","","","17","","","",""],["18","","","-","19","","","","-","20","","","","",""],["-","-","-","21","","","","-","22","","","","-","-","-"],["23","24","25","","","","","26","","","","","27","28","29"],["30","","","","-","-","-","31","","","","-","32","",""],["33","","","","-","34","35","","","","-","36","","",""],["37","","","-","38","","","","-","-","-","39","","",""],["40","","","41","","","","","42","43","44","","","",""],["-","-","-","45","","","","-","46","","","","-","-","-"],["47","48","49","","","","-","50","","","","-","51","52","53"],["54","","","","","","55","","","","","56","","",""],["57","","","","-","58","","","","","","","","",""],["59","","","","-","-","60","","","","-","61","","","-"]],"clues":{"1a":"G.E. subsidiary","4a":"Mob member","8a":"Robotic rock group of the 80's","12a":"Emphasized, in away","15a":"Gov. Bayh of Indiana","16a":"Mercury","18a":"\"Ich bin ___ Berliner\"","19a":"Uses a scope","20a":"Lipton competitor","21a":"Snap request?","22a":"Spread","23a":"Mars","30a":"\"Pardon me\"","31a":"Successes","32a":"Hubbub","33a":"Strings of yore","34a":"Prevailing mood","36a":"Stash the bags","37a":"Jersey call","38a":"Sea east of the Caspian","39a":"Down to the ___","40a":"Saturn","45a":"Stack part","46a":"\"Now ___ me down...\"","47a":"Knowing","50a":"Fair-to-middling","51a":"Ashen","54a":"Pluto","57a":"Woody's kid","58a":"Hidalgo highway","59a":"Ancient Mexican","60a":"Parcel (out)","61a":"Guinness Book suffix","1d":"Nostalgic soft-drink brand","2d":"\"Tres ___!\"","3d":"Gridiron pos.","4d":"Three-horse sleigh","5d":"\"U Can't Touch This\" rap singer","6d":"Western Indians","7d":"\"___a life!\"","8d":"With dexterity","9d":"Kind of eye","10d":"Singer Jerry","11d":"One and ___","12d":"Numbered rd.","13d":"High-tech memos","14d":"Diplomats' quest","17d":"Interprets","21d":"TV correspondent Brit","22d":"Wound","23d":"Majorca seaport","24d":"\"___ Beautiful Doll\"","25d":"Nafta opposer","26d":"Kind of dog","27d":"Hand-dyed fabric","28d":"Love to death","29d":"Galley drudge","34d":"Double-___ (puzzle type)","35d":"Etna locations","36d":"Influence","38d":"Change","41d":"\"___ customer\"","42d":"\"I ___ Like That\" (60's hit)","43d":"Comic Boosler","44d":"Hot cereal name","47d":"Did the crawl","48d":"Irene of \"Fame\" '","49d":"Unfavorably","50d":"\"Don't tread ___\"","51d":"Trials","52d":"One-___ (ball game)","53d":"Flyers' org.","55d":"Actor Waterston","56d":"Tram contents"},"answers":{"1a":"NBC","4a":"THUG","8a":"DEVO","12a":"REITERATED","15a":"EVAN","16a":"THERMOMETERFILL","18a":"EIN","19a":"AIMS","20a":"TETLEY","21a":"HIKE","22a":"MEAL","23a":"POPULARCANDYBAR","30a":"AHEM","31a":"HITS","32a":"ADO","33a":"LYRE","34a":"CLIME","36a":"STOW","37a":"MOO","38a":"ARAL","39a":"WIRE","40a":"AUTOMOBILEMAKER","45a":"NESS","46a":"ILAY","47a":"SCIENT","50a":"OKAY","51a":"WAN","54a":"WALTDISNEYPOOCH","57a":"ARLO","58a":"CAMINOREAL","59a":"MAYA","60a":"METE","61a":"EST","1d":"NEHI","2d":"BIEN","3d":"CTR","4d":"TROIKA","5d":"HAMMER","6d":"UTES","7d":"GET","8d":"DEFTLY","9d":"EVIL","10d":"VALE","11d":"ONLY","12d":"RTE","13d":"EMAIL","14d":"DETENTE","17d":"READS","21d":"HUME","22d":"MAIM","23d":"PALMA","24d":"OHYOU","25d":"PEROT","26d":"CHILI","27d":"BATIK","28d":"ADORE","29d":"ROWER","34d":"CROSTIC","35d":"LABS","36d":"SWAY","38d":"AMEND","41d":"ONETOA","42d":"LIKEIT","43d":"ELAYNE","44d":"MAYPO","47d":"SWAM","48d":"CARA","49d":"ILLY","50d":"ONME","51d":"WOES","52d":"ACAT","53d":"NHL","55d":"SAM","56d":"ORE"}}