{"numbers":[["1","2","3","4","5","-","6","7","8","9","-","-","10","11","12"],["13","","","","","-","14","","","","15","-","16","",""],["17","","","","","-","18","","","","","19","","",""],["20","","","","","21","-","-","22","","","","","","-"],["23","","","","-","24","25","26","","","","","-","-","-"],["27","","","","-","28","","","-","29","","","30","31","32"],["-","-","-","-","33","","","","-","34","","","","",""],["35","36","37","38","","-","39","","40","-","41","","","",""],["42","","","","","43","-","44","","45","","-","-","-","-"],["46","","","","","","-","47","","","-","48","49","50","51"],["-","-","-","52","","","53","","","","-","54","","",""],["-","55","56","","","","","-","-","57","58","","","",""],["59","","","","","","","60","61","-","62","","","",""],["63","","","-","64","","","","","-","65","","","",""],["66","","","-","-","67","","","","-","68","","","",""]],"clues":{"1a":"On which Irish linens are made","6a":"Chase flies","10a":"Krazy ___","13a":"Fort Knox deposit","14a":"Part of U.N.C.F.","16a":"\"Foucault's Pendulum\" novelist","17a":"Festive","18a":"\"The Informer\" author","20a":"Not fair","22a":"Bits of history","23a":"Ye ___ Shoppe","24a":"Mob","27a":"Stallone namesakes","28a":"Vex","29a":"Muddy","33a":"Mayberry resident","34a":"European capital","35a":"Draw ___ on","39a":"Date","41a":"Sisal and Bombay, e.g.","42a":"Bucks for captives","44a":"Scuffle","46a":"\"Hagar the Horrible\" cartoonist","47a":"Conform","48a":"Yokel","52a":"Look for flaws","54a":"60's hit \"Let ___ Me\"","55a":"Brewer of 50's pop","57a":"Presider in the 103d Congress","59a":"\"Duffy of San Quentin\" star","62a":"Bubbling","63a":"Remote","64a":"Circumspect","65a":"Donnybrook","66a":"To's opposite","67a":"Alphabet sequence","68a":"Put ___ to","1d":"Some dance contests","2d":"Josie Hogan creator","3d":"\"Sweet Rosie ___\"","4d":"Samuel and Robert","5d":"Item in a pig's eye?","6d":"___ Cat (Aspen vehicle)","7d":"Playboy nickname","8d":"Lace tip","9d":"Most somber","10d":"Larry who played Tony","11d":"___ of the Apostles","12d":"G.I. Joe, e.g.","15d":"Character actor Dan","19d":"Lock up","21d":"Hardly a Prince Charming","25d":"Rainbow","26d":"Artist Georgia","30d":"Sire's mate","31d":"Stat for Alan Greenspan","32d":"All right","33d":"Mystery writer Lillian","35d":"Wall Street operator, for short","36d":"Kind of graph","37d":"Rock's Brian","38d":"Turning","40d":"Playwright Bogosian","43d":"Mark of the N.H.L.","45d":"\"___ girl!\"","48d":"13½-ton tourist attraction","49d":"\"Murphy's War\" star","50d":"1940 Rockne portrayer","51d":"Pulled (in)","53d":"Blacktops","55d":"Bygone despot","56d":"Kind of dollars","58d":"Spiritual leader","59d":"Not working","60d":"Wiliness","61d":"Big Apple sch."},"answers":{"1a":"LOOMS","6a":"SHAG","10a":"KAT","13a":"INGOT","14a":"NEGRO","16a":"ECO","17a":"MERRY","18a":"OFLAHERTY","20a":"BIASED","22a":"EVENTS","23a":"OLDE","24a":"RIOTERS","27a":"SLYS","28a":"IRK","29a":"SLUDGY","33a":"OPIE","34a":"TIRANE","35a":"ABEAD","39a":"SEE","41a":"HEMPS","42a":"RANSOM","44a":"FRAY","46a":"BROWNE","47a":"FIT","48a":"BOOR","52a":"INSPECT","54a":"ITBE","55a":"TERESA","57a":"ALGORE","59a":"OSULLIVAN","62a":"ABOIL","63a":"FAR","64a":"LEERY","65a":"MELEE","66a":"FRO","67a":"RSTU","68a":"ANEND","1d":"LIMBOS","2d":"ONEILL","3d":"OGRADY","4d":"MORSES","5d":"STYE","6d":"SNO","7d":"HEF","8d":"AGLET","9d":"GRAVEST","10d":"KERT","11d":"ACTS","12d":"TOY","15d":"OHERLIHY","19d":"ENSURE","21d":"DRIP","25d":"IRIS","26d":"OKEEFFE","30d":"DAM","31d":"GNP","32d":"YES","33d":"ODONNELL","35d":"ARB","36d":"BAR","37d":"ENO","38d":"ASWIRL","40d":"ERIC","43d":"MESSIER","45d":"ATTA","48d":"BIGBEN","49d":"OTOOLE","50d":"OBRIEN","51d":"REELED","53d":"PAVES","55d":"TSAR","56d":"EURO","58d":"LAMA","59d":"OFF","60d":"ART","61d":"NYU"}}