{"numbers":[["1","2","3","4","5","6","-","-","7","8","9","10","11","-","-"],["12","","","","","","13","-","14","","","","","15","16"],["17","","","","","","","18","","","","","","",""],["19","","","-","20","","","","-","21","","","","",""],["22","","","-","23","","","","24","-","-","25","","",""],["26","","","27","-","28","","","","29","30","-","31","",""],["-","32","","","33","-","-","34","","","","35","","","-"],["-","-","-","36","","37","38","","","","","","-","-","-"],["-","39","40","","","","","","-","-","41","","42","43","-"],["44","","","-","45","","","","46","47","-","48","","","49"],["50","","","51","-","-","52","","","","53","-","54","",""],["55","","","","56","57","-","58","","","","-","59","",""],["60","","","","","","61","","","","","62","","",""],["63","","","","","","","-","64","","","","","",""],["-","-","65","","","","","-","-","66","","","","",""]],"clues":{"1a":"Manatee","7a":"Desert bloomer","12a":"Sheepherder's bane","14a":"Slices of life","17a":"Broadway tribute to wine?","19a":"O.T. book before Jer.","20a":"Imprint, as in the memory","21a":"Dr.Scholl's purchase","22a":"Hong Kong, e.g.","23a":"Relax","25a":"Up to the task","26a":"Cheerleaders' number","28a":"\"El ___\"('67 Wayne film)","31a":"Headed up","32a":"Kind of crazy","34a":"Under-the-sink item","36a":"A \"dear\" French wine?","39a":"Insurance payment","41a":"Toning salons","44a":"Ill-wisher","45a":"Add a design to","48a":"Flintstones' pet","50a":"Goes (for)","52a":"Architectural overhang","54a":"Foyer spread","55a":"Sale locale","58a":"Multipurpose protein source","59a":"Lasorda or LaRussa: Abbr.","60a":"Artsy wine center?","63a":"Flower good for winter bouquets","64a":"Involves","65a":"Mailroom gizmo","66a":"Literary heptad","1d":"Add NaCl to","2d":"Maroons","3d":"Culpable","4d":"Ernesto Guevara, familiarly","5d":"Bay window","6d":"All for naught","7d":"Health org.","8d":"Dry Mongolian expanse","9d":"Sherman Hemsley TV series","10d":"Vice follower","11d":"Dignify","13d":"Brand of craft knife","15d":"Person with many bills","16d":"Pegasus, e.g.","18d":"Symbol of poverty","24d":"Barely tinged","27d":"Rickey ingredient","29d":"\"___ Rosenkavalier\"","30d":"Propels, in a way","33d":"Colosseum setting","35d":"TV's \"___ Blue\"","37d":"Pick-up-sticks game","38d":"Part of a sentence: Abbr","39d":"Roy Lichtenstein works","40d":"Item good for another go-round?","42d":"Skywriting?","43d":"Be cozy","44d":"Noted world traveler and namesakes","46d":"A Franklin invention","47d":"Penning up the pigs","49d":"Fairy tale meanie","51d":"Clement Moore character","53d":"Conference site of '45","56d":"Carriage","57d":"Nietzsche's \"___ Homo\"","61d":"Not him!","62d":"Retriever, informally"},"answers":{"1a":"SEACOW","7a":"AGAVE","12a":"ANTHRAX","14a":"MOMENTS","17a":"LIFEISACABERNET","19a":"ISA","20a":"ETCH","21a":"INSOLE","22a":"FLU","23a":"LETUP","25a":"ABLE","26a":"YELL","28a":"DORADO","31a":"LED","32a":"STIR","34a":"CLEANER","36a":"MONSHERRY","39a":"PREMIUM","41a":"SPAS","44a":"FOE","45a":"EMBOSS","48a":"DINO","50a":"OPTS","52a":"JUTTY","54a":"RUG","55a":"GARAGE","58a":"SOYA","59a":"MGR","60a":"GRENACHEVILLAGE","63a":"STATICE","64a":"ENTAILS","65a":"DATER","66a":"GABLES","1d":"SALIFY","2d":"ENISLES","3d":"ATFAULT","4d":"CHE","5d":"ORIEL","6d":"WASTED","7d":"AMA","8d":"GOBI","9d":"AMEN","10d":"VERSA","11d":"ENNOBLE","13d":"XACTO","15d":"TELLER","16d":"STEED","18d":"CHURCHMOUSE","24d":"PALE","27d":"LIME","29d":"DER","30d":"OARS","33d":"ROME","35d":"NYPD","37d":"NIM","38d":"SUBJ","39d":"POPART","40d":"RETREAD","42d":"AIRMAIL","43d":"SNUGGLE","44d":"FOGGS","46d":"STOVE","47d":"STYING","49d":"OGRESS","51d":"SANTA","53d":"YALTA","56d":"GAIT","57d":"ECCE","61d":"HER","62d":"LAB"}}