{"numbers":[["1","2","3","4","5","-","6","7","8","9","10","11","12","13","14"],["15","","","","","-","16","","","","","","","",""],["17","","","","","-","18","","","","","","","",""],["19","","","","","-","20","","","","-","21","","",""],["22","","","","-","23","","","","","24","-","25","",""],["-","-","-","26","27","","","","-","28","","29","-","-","-"],["30","31","32","","","","","","-","-","33","","34","35","36"],["37","","","","","","","-","38","39","","","","",""],["40","","","","","-","-","41","","","","","","",""],["-","-","-","42","","43","-","44","","","","","-","-","-"],["45","46","47","-","48","","49","","","","-","50","51","52","53"],["54","","","55","-","56","","","","-","57","","","",""],["58","","","","59","","","","","-","60","","","",""],["61","","","","","","","","","-","62","","","",""],["63","","","","","","","","","-","64","","","",""]],"clues":{"1a":"Poor pad","6a":"Postpones","15a":"Rocket that launched the Gemini missions","16a":"Finally (and none too soon!)","17a":"___-temps (meanwhile): Fr.","18a":"Unfinished business","19a":"Patently amazed","20a":"Fluff","21a":"\"The Night of the Hunter\" screenwriter","22a":"Just","23a":"Bryophytic","25a":"Cable TV choice","26a":"Cereal box abbr.","28a":"Sticking point, to Hamlet","30a":"Hijacker's currency","33a":"Pyramid builders","37a":"Existed naturally","38a":"Idle","40a":"Hester Prynne's daughter","41a":"Pantagruel creator","42a":"Roosted","44a":"Board of nails","45a":"Nickname in the N.B.A.","48a":"Ignore","50a":"It's a laugh","54a":"Ample scope","56a":"Trillionth: Prefix","57a":"Pull a scam","58a":"Turkey's home","60a":"Bother à la the media","61a":"Bourbon cutter","62a":"Raising goose bumps","63a":"Tables","64a":"Forest concealers in a saw","1d":"Tick off","2d":"Swinger","3d":"It makes scents","4d":"Three-time Grammy-winning group with \"The\"","5d":"Banjo site","6d":"Like some ground","7d":"Reed blowers","8d":"Lake life","9d":"Maid, at times","10d":"Fr. holy one","11d":"Great Barrier Island","12d":"Score in a French game?","13d":"German naval base of W.W. II","14d":"VCR button","23d":"F.H.A. loan","24d":"Not as bright","27d":"Winter warmer","29d":"Hyper","30d":"Aware of what's new","31d":"Half and half?","32d":"___ Na Na","34d":"Vote for","35d":"\"___ was saying ...\"","36d":"Unhappy crowd sound","38d":"Bash","39d":"Follow","41d":"Chew out again","43d":"Odd-toed critters","45d":"Races, in a way","46d":"\"Bye Bye Birdie\" girl","47d":"Shared","49d":"Mount of laws","51d":"Lapis lazuli","52d":"Star of \"Sun Valley Serenade\"","53d":"Aconcagua region","55d":"Certain pubs","57d":"\"Good night ___\" (old TV sign-off)","59d":"\"Cry ___ River\""},"answers":{"1a":"SHACK","6a":"HOLDSOVER","15a":"TITAN","16a":"ABOUTTIME","17a":"ENTRE","18a":"LOOSEENDS","19a":"AGAPE","20a":"LINT","21a":"AGEE","22a":"MERE","23a":"MOSSED","25a":"TNT","26a":"NETWT","28a":"RUB","30a":"HOSTAGES","33a":"MAYAS","37a":"INHERED","38a":"JOBLESS","40a":"PEARL","41a":"RABELAIS","42a":"SAT","44a":"EMERY","45a":"DRJ","48a":"PASSBY","50a":"HAHA","54a":"ROOM","56a":"PICO","57a":"COZEN","58a":"ASIAMINOR","60a":"HOUND","61a":"GINGERALE","62a":"EERIE","63a":"SETSASIDE","64a":"TREES","1d":"STEAM","2d":"HINGE","3d":"ATTAR","4d":"CARPENTERS","5d":"KNEE","6d":"HALLOWED","7d":"OBOISTS","8d":"LOONS","9d":"DUSTER","10d":"STE","11d":"OTEA","12d":"VINGT","13d":"EMDEN","14d":"RESET","23d":"MTGE","24d":"DUMBER","27d":"EARLAP","29d":"BALLYHOOER","30d":"HIP","31d":"ONE","32d":"SHA","34d":"YEA","35d":"ASI","36d":"SSS","38d":"JAMBOREE","39d":"OBEY","41d":"RESCOLD","43d":"TAPIRS","45d":"DRAGS","46d":"ROSIE","47d":"JOINT","49d":"SINAI","51d":"AZURE","52d":"HENIE","53d":"ANDES","55d":"MAGS","57d":"CHET","59d":"MEA"}}