{"numbers":[["1","2","3","4","-","5","6","7","8","-","-","9","10","11","12"],["13","","","","-","14","","","","15","-","16","","",""],["17","","","","-","18","","","","","19","","","",""],["-","20","","","21","","-","22","","","","-","23","",""],["-","-","24","","","","-","25","","","","26","","",""],["27","28","","","","","29","-","-","30","","","-","-","-"],["31","","","-","-","32","","33","34","-","35","","36","37","38"],["39","","","-","40","","","","","41","","-","42","",""],["43","","","44","","-","45","","","","-","-","46","",""],["-","-","-","47","","48","-","-","49","","50","51","","",""],["52","53","54","","","","55","56","-","57","","","","-","-"],["58","","","-","59","","","","-","60","","","","61","-"],["62","","","63","","","","","64","","-","65","","","66"],["67","","","","-","68","","","","","-","69","","",""],["70","","","","-","-","71","","","","-","72","","",""]],"clues":{"1a":"Granitelike","5a":"Paris's ___ Monceau","9a":"Paradigm of happiness","13a":"Melville book","14a":"Toledo ta-ta","16a":"\"Guys and Dolls\" Tony winner, 1951","17a":"Lose freshness","18a":"The Rok Island Line?","20a":"Argus-eyed","22a":"Pin down, in a way","23a":"Born","24a":"Othello, e.g.","25a":"Police BBQ?","27a":"Triathlete","30a":"Next-to-last Greek letter","31a":"Non compos mentis","32a":"Fit together","35a":"Chloroform kin","39a":"\"The ___ of Innocence\"","40a":"Men's accessories","42a":"Parisian season","43a":"Vitamin start","45a":"Sandberg of baseball","46a":"Give ___ whirl","47a":"Showstoppers","49a":"Propriety","52a":"Markdown at the marina?","57a":"Type of luck","58a":"In the past","59a":"___ many words","60a":"Popular women's magazine","62a":"Mirror, brushes, perfume?","65a":"Storytelling dance","67a":"Regular","68a":"Drinks with straws","69a":"\".... unto us ___ is given\"","70a":"Laura of \"Jurassic Park\"","71a":"Bread grains","72a":"Jerry-built structure","1d":"In what manner","2d":"\"What ___ mind reader?","3d":"The Pillsbury Doughboy?","4d":"Pamper","5d":"Deli meat","6d":"Punch's cousin","7d":"Public uprisings","8d":"Woo","9d":"Wheels, so to speak","10d":"Southwest plain","11d":"Tours ta-ta","12d":"\"Spanish Guitar Player\" artist","15d":"Meet Morpheus","19d":"Joshes","21d":"CD-___ (modern \"book\")","26d":"Pioneer Carson","27d":"Muslim priest","28d":"Francesco Rinaldi competitor","29d":"Not e'en once","33d":"Nathan Hale, e.g.","34d":"Kind of legs","36d":"Removal of Junior from a will?","37d":"Part of Caesar's reproach","38d":"Enlarge, as a hole","40d":"Morsel","41d":"Unnecessary","44d":"Menlo Park monogram","48d":"Some TV's","50d":"Hint","51d":"Nebraska Indians","52d":"Economized","53d":"Tequila plant","54d":"Asocial person","55d":"With respect to","56d":"Truckler","61d":"___ gin","63d":"Publican's place","64d":"Actress ___ Dawn Chong","66d":"As well as"},"answers":{"1a":"HARD","5a":"PARC","9a":"CLAM","13a":"OMOO","14a":"ADIOS","16a":"ALDA","17a":"WILT","18a":"SEOULTRAIN","20a":"ALERT","22a":"TREE","23a":"NEE","24a":"MOOR","25a":"STEAKOUT","27a":"IRONMAN","30a":"PSI","31a":"MAD","32a":"MESH","35a":"ETHER","39a":"AGE","40a":"TIEPINS","42a":"ETE","43a":"MULTI","45a":"RYNE","46a":"ITA","47a":"ADS","49a":"DECORUM","52a":"SALEBOAT","57a":"DUMB","58a":"AGO","59a":"INSO","60a":"LEARS","62a":"VANITYFARE","65a":"HULA","67a":"EVEN","68a":"SODAS","69a":"ASON","70a":"DERN","71a":"RYES","72a":"SHED","1d":"HOW","2d":"AMIA","3d":"ROLLMODEL","4d":"DOTEON","5d":"PASTRAMI","6d":"ADE","7d":"RIOTS","8d":"COURT","9d":"CAR","10d":"LLANO","11d":"ADIEU","12d":"MANET","15d":"SLEEP","19d":"TEASES","21d":"ROM","26d":"KIT","27d":"IMAM","28d":"RAGU","29d":"NEER","33d":"SPY","34d":"HIND","36d":"HEIRBRUSH","37d":"ETTU","38d":"REAM","40d":"TIDBIT","41d":"NEEDLESS","44d":"TAE","48d":"SONYS","50d":"CUE","51d":"OMAHAS","52d":"SAVED","53d":"AGAVE","54d":"LONER","55d":"ASFOR","56d":"TOADY","61d":"SLOE","63d":"INN","64d":"RAE","66d":"AND"}}