{"numbers":[["1","2","3","4","5","-","6","7","8","9","-","10","11","12","13","-","14","15","16","17","18"],["19","","","","","-","20","","","","-","21","","","","-","22","","","",""],["23","","","","","24","","","","","-","25","","","","26","","","","",""],["27","","","","","","","","-","28","29","","","","-","30","","","","",""],["-","-","-","31","","","","-","32","","","","","-","33","","","","-","-","-"],["34","35","36","","","","-","37","","","","","-","38","","","","","39","40","41"],["42","","","","","-","43","","","","","","44","","","","-","-","45","",""],["46","","","","-","47","","","","-","-","-","48","","","-","49","50","","",""],["51","","","-","52","","","","","53","54","55","","","-","56","","","","",""],["57","","","58","","","","","-","59","","","","-","60","","","","","",""],["-","-","61","","","","","","-","62","","","-","63","","","","","","-","-"],["64","65","","","","","","-","66","","","","-","67","","","","","","68","69"],["70","","","","","","-","71","","","","","72","","","","","-","73","",""],["74","","","","","-","75","","","-","-","-","76","","","","-","77","","",""],["78","","","-","-","79","","","","80","81","82","","","","-","83","","","",""],["84","","","85","86","","","","-","87","","","","","-","88","","","","",""],["-","-","-","89","","","","-","90","","","","","-","91","","","","-","-","-"],["92","93","94","","","","-","95","","","","","-","96","","","","","97","98","99"],["100","","","","","","101","","","","-","102","103","","","","","","","",""],["104","","","","","-","105","","","","-","106","","","","-","107","","","",""],["108","","","","","-","109","","","","-","110","","","","-","111","","","",""]],"clues":{"1a":"Kind of court","6a":"Like good cheese","10a":"Noncom: Abbr.","14a":"Secret scheme","19a":"Deflate","20a":"Cleave","21a":"It may come in pats","22a":"Redolence","23a":"Author's dream","25a":"Farmer's dream","27a":"Levied","28a":"Workshop fixtures","30a":"They can knock you out","31a":"Goes to waste","32a":"Handles","33a":"Without plans","34a":"Endorse publicly","37a":"Riveting name?","38a":"Proverbial starting point on the corporate ladder","42a":"Part of a French countdown","43a":"Prospector's dream","45a":"Govt. seed agcy.","46a":"\"___, Our Help in Ages Past\" (old hymn)","47a":"Venetian magistrate","48a":"\"The College Widow\" playwright","49a":"Formula One car","51a":"Art style","52a":"Scientist's dream","56a":"Pollute","57a":"\"Hurry up!\"","59a":"Ancient symbol","60a":"Yens","61a":"Honey badgers","62a":"Coach Parseghian","63a":"Social strata","64a":"Stress, in a way","66a":"Kenton of jazz","67a":"Quack: Var.","70a":"Matriculates","71a":"Politician's dream","73a":"In the manner of","74a":"Tusks, to a bounty hunter","75a":"Any ship","76a":"Smell ___ (be suspicious)","77a":"British automatic","78a":"Noted rights grp.","79a":"Prosecutor's dream","83a":"Intimidate","84a":"Word elisions, as in \"forecastle\" to \"fo'c'sle\"","87a":"Ethos","88a":"Corpus header","89a":"Tuneful pipe","90a":"Celerity","91a":"It's often held in diners","92a":"Dispenser","95a":"Climb","96a":"Practical jokers","100a":"Optimist's dream","102a":"Solver's dream","104a":"Good on one's feet","105a":"Isn't colorfast","106a":"Anthony or Barbara","107a":"Professional negotiator","108a":"Old hat","109a":"Cigar tip","110a":"20's tennis champion Lacoste","111a":"Musical marks","1d":"Sunscreen ingredient","2d":"Playwright Burrows et al.","3d":"Ticket","4d":"Belt type","5d":"Studies","6d":"City on the Rhone","7d":"Decorate, as a book","8d":"\"___ of Destruction\" (1965 hit)","9d":"Muslim ascetic","10d":"Person with a racket","11d":"Turns","12d":"Ring highlights?","13d":"Zenith","14d":"Business bloc","15d":"George of the Senior P.G.A.","16d":"Yawn producer","17d":"Cupid","18d":"Children's seats","24d":"Abbr. on company letterheads","26d":"Weird","29d":"Netman Nastase","32d":"Concierge's place","33d":"Dim","34d":"Subway stations","35d":"Grass fungus","36d":"Baseball player's dream","37d":"Book next to a dictionary","38d":"Method","39d":"Actor's dream","40d":"Too plump","41d":"Stable residents","43d":"Ambulatory","44d":"Loaf","47d":"___ Basin (Ukrainian coal region)","49d":"Journalist James","50d":"\"___ Irish Rose\"","52d":"Legal clerk","53d":"Chatter","54d":"Pastoral","55d":"Silly","56d":"Tyrant","58d":"Plymouth pop","60d":"Physician's group saint","63d":"Lemon, e.g.","64d":"Means of control","65d":"Messenger","66d":"Search","68d":"Turgenev heroine","69d":"Harangues","71d":"Greek letters","72d":"Incarcerated","75d":"Hook's henchman","77d":"Deliberately gum up the works","79d":"Good-natured fellow","80d":"Deadlock","81d":"Coward of films","82d":"More inexperienced","83d":"The sun","85d":"Twosome","86d":"Complied with","88d":"Halloween figures","90d":"Tracker's guide","91d":"A ship to remember","92d":"'56 song \"If ___ My Druthers\"","93d":"Heroic narrative","94d":"BBQ rod","95d":"Indecent literature","96d":"Hoover's force","97d":"Supplements, with \"out\"","98d":"Torn","99d":"Fast fliers, briefly","101d":"Choler","103d":"Lyrical poem"},"answers":{"1a":"PAPAL","6a":"AGED","10a":"MSGT","14a":"CABAL","19a":"ABASE","20a":"RIVE","21a":"OLEO","22a":"AROMA","23a":"BESTSELLER","25a":"BUMPERCROP","27a":"ASSESSED","28a":"VISES","30a":"ETHERS","31a":"ROTS","32a":"HILTS","33a":"FREE","34a":"SECOND","37a":"ROSIE","38a":"MAILROOM","42a":"TROIS","43a":"MOTHERLODE","45a":"SBA","46a":"OGOD","47a":"DOGE","48a":"ADE","49a":"RACER","51a":"POP","52a":"NOBELPRIZE","56a":"DEBASE","57a":"STEPONIT","59a":"RUNE","60a":"DESIRES","61a":"RATELS","62a":"ARA","63a":"CASTES","64a":"RESTATE","66a":"STAN","67a":"IMPOSTER","70a":"ENTERS","71a":"REELECTION","73a":"ALA","74a":"IVORY","75a":"SHE","76a":"ARAT","77a":"STEN","78a":"NOW","79a":"SMOKINGGUN","83a":"DAUNT","84a":"SYNCOPES","87a":"MORES","88a":"HABEAS","89a":"OBOE","90a":"SPEED","91a":"MAYO","92a":"ISSUER","95a":"SCALE","96a":"GAGSTERS","100a":"HAPPYTIMES","102a":"NOMISTAKES","104a":"AGILE","105a":"RUNS","106a":"EDEN","107a":"AGENT","108a":"DATED","109a":"ETTE","110a":"RENE","111a":"RESTS","1d":"PABA","2d":"ABES","3d":"PASS","4d":"ASTEROID","5d":"LESSONS","6d":"ARLES","7d":"GILD","8d":"EVE","9d":"DERVISH","10d":"MOBSTER","11d":"SLUES","12d":"GEMS","13d":"TOP","14d":"CARTEL","15d":"ARCHER","16d":"BORE","17d":"AMOR","18d":"LAPS","24d":"ESTD","26d":"EERIE","29d":"ILIE","32d":"HOTEL","33d":"FADE","34d":"STOPS","35d":"ERGOT","36d":"COOPERSTOWN","37d":"ROGETS","38d":"MODE","39d":"OSCARSTATUE","40d":"OBESE","41d":"MARES","43d":"MOBILE","44d":"LAZE","47d":"DONETS","49d":"RESTON","50d":"ABIES","52d":"NOTARY","53d":"PRATE","54d":"RURAL","55d":"INANE","56d":"DESPOT","58d":"PATER","60d":"DAMIAN","63d":"CITRUS","64d":"REINS","65d":"ENVOY","66d":"SEEK","68d":"ELENA","69d":"RANTS","71d":"RHOS","72d":"CAGED","75d":"SMEE","77d":"SABOTAGE","79d":"SPORT","80d":"IMPASSE","81d":"NOEL","82d":"GREENER","83d":"DAYSTAR","85d":"COUPLE","86d":"OBEYED","88d":"HAGS","90d":"SCENT","91d":"MAINE","92d":"IHAD","93d":"SAGA","94d":"SPIT","95d":"SMUT","96d":"GMEN","97d":"EKES","98d":"RENT","99d":"SSTS","101d":"IRE","103d":"ODE"}}