{"numbers":[["1","2","3","4","5","-","6","7","8","9","-","10","11","12","13"],["14","","","","","-","15","","","","-","16","","",""],["17","","","","","18","","","","","19","","","",""],["20","","","","-","21","","","","-","22","","","",""],["-","-","-","-","23","","","-","-","24","","","","","-"],["25","26","27","28","","","-","29","30","","","-","-","-","-"],["31","","","","","-","32","","","","","-","33","34","35"],["36","","","","","37","","","","","","38","","",""],["39","","","-","40","","","","","-","41","","","",""],["-","-","-","-","42","","","","-","43","","","","",""],["-","44","45","46","","","-","-","47","","","-","-","-","-"],["48","","","","","-","49","50","","","-","51","52","53","54"],["55","","","","","56","","","","","57","","","",""],["58","","","","-","59","","","","-","60","","","",""],["61","","","","-","62","","","","-","63","","","",""]],"clues":{"1a":"Bakery byproduct","6a":"Went by plane","10a":"Copied","14a":"Arizona features","15a":"Scottish isle","16a":"Lemon's partner","17a":"With 36-Across and 55-Across, a sales pitch disclaimer","20a":"Baden-Baden and others","21a":"Shea team","22a":"Eastern V.I.P.","23a":"Mr. Caesar","24a":"Ship to ___","25a":"\"Swan Lake,\" e.g.","29a":"Tiny bit","31a":"Not native","32a":"Printer's employee","33a":"Printer's measures","36a":"See 17-Across","39a":"His wife took a turn for the worse","40a":"Obsolescent piano key material","41a":"Bellini opera","42a":"Hoarder's cry","43a":"Telescopist's sighting","44a":"Strength","47a":"Opponent","48a":"Xerox competitor","49a":"\"When I was ___...\"","51a":"In ___ of","55a":"See 17-Across","58a":"Person 'twixt 12 and 20","59a":"\"The King and I\" setting","60a":"Singer Cara","61a":"Misses the mark","62a":"Paddles","63a":"Waco locale","1d":"Concert hall equipment","2d":"Harvest","3d":"Greek mountain","4d":"Wrestlers' needs","5d":"Type of cobra","6d":"Shot","7d":"Artist's pad?","8d":"Son of Seth","9d":"Revolutionary, e.g.","10d":"\"Remember the ___\"","11d":"Heartbroken swain","12d":"Leno, for one","13d":"Bucks and does","18d":"Give forth","19d":"Indian noblewoman","23d":"Feeling","24d":"Suffix with tip or dump","25d":"Get-out-of-jail money","26d":"In addition","27d":"Bit of fluff","28d":"Mr. Durocher","29d":"Harden","30d":"\"Sure, why not?\"","32d":"Borodin's \"Prince ___\"","33d":"To be, in Paree","34d":"Secretarial work","35d":"Burn","37d":"Confess","38d":"\"___ on your life!\"","43d":"Fashion","44d":"\"60 Minutes\" regular","45d":"Reason out","46d":"Sentence subjects","47d":"Country homes","48d":"Pigeon coop","49d":"___ da capo","50d":"Noted James Earl Jones stage role","51d":"Entice","52d":"The holm oak","53d":"Erupter of 1669","54d":"Applications","56d":"G.I. entertainers","57d":"Command to Fido"},"answers":{"1a":"AROMA","6a":"FLEW","10a":"APED","14a":"MESAS","15a":"IONA","16a":"LIME","17a":"PASTPERFORMANCE","20a":"SPAS","21a":"METS","22a":"AMEER","23a":"SID","24a":"SHORE","25a":"BALLET","29a":"IOTA","31a":"ALIEN","32a":"INKER","33a":"EMS","36a":"ISNOTAGUARANTEE","39a":"LOT","40a":"IVORY","41a":"NORMA","42a":"MORE","43a":"METEOR","44a":"SINEW","47a":"FOE","48a":"CANON","49a":"ALAD","51a":"LIEU","55a":"OFFUTURERESULTS","58a":"TEEN","59a":"SIAM","60a":"IRENE","61a":"ERRS","62a":"OARS","63a":"TEXAS","1d":"AMPS","2d":"REAP","3d":"OSSA","4d":"MATS","5d":"ASP","6d":"FIRED","7d":"LOFT","8d":"ENOS","9d":"WAR","10d":"ALAMO","11d":"PINER","12d":"EMCEE","13d":"DEER","18d":"EMIT","19d":"MAHARANEE","23d":"SENTIMENT","24d":"STER","25d":"BAIL","26d":"ALSO","27d":"LINT","28d":"LEO","29d":"INURE","30d":"OKAY","32d":"IGOR","33d":"ETRE","34d":"MEMO","35d":"SEAR","37d":"AVOW","38d":"NOT","43d":"MODE","44d":"SAFER","45d":"INFER","46d":"NOUNS","47d":"FARMS","48d":"COTE","49d":"ARIA","50d":"LEAR","51d":"LURE","52d":"ILEX","53d":"ETNA","54d":"USES","56d":"USO","57d":"SIT"}}