{"numbers":[["1","2","3","4","5","-","6","7","8","9","-","10","11","12","13"],["14","","","","","-","15","","","","-","16","","",""],["17","","","","","18","","","","","19","","","",""],["-","20","","","","","","-","21","","","-","22","",""],["-","-","-","23","","","-","24","","","","25","","",""],["26","27","28","-","29","","30","","-","31","","","-","-","-"],["32","","","33","-","34","","","35","-","36","","37","38","-"],["39","","","","40","","","","","41","","","","","42"],["-","43","","","","-","44","","","","-","45","","",""],["-","-","-","46","","47","-","48","","","49","-","50","",""],["51","52","53","","","","54","","-","55","","56","-","-","-"],["57","","","-","58","","","-","59","","","","60","61","-"],["62","","","63","","","","64","","","","","","","65"],["66","","","","-","67","","","","-","68","","","",""],["69","","","","-","70","","","","-","71","","","",""]],"clues":{"1a":"Caspar or Balthazar, e.g.","6a":"Rope material","10a":"Chorale part","14a":"Florida city","15a":"Jai ___","16a":"La Scala presentation","17a":"NO UNTIDY CLOTHES","20a":"Walking on air","21a":"Macadam ingredient","22a":"___ Cruces, N.M.","23a":"Prepared","24a":"Harem","26a":"Subordinate Claus","29a":"Apocalypse","31a":"Gene material","32a":"Seldom seen","34a":"\"QB VII\" author","36a":"Lump of jelly, e.g.","39a":"GOVERN, CLEVER LAD","43a":"\"You said it!\"","44a":"Writer Shere","45a":"Approve","46a":"W.W.II grp.","48a":"Agrippina's. son","50a":"German pronoun","51a":"Answer to \"What's keeping you?\"","55a":"Mount near ancient Troy","57a":"Item in a lock","58a":"\"I\" affliction","59a":"1990 Bette Midler film","62a":"BLATHER SENT ON YE","66a":"Neighborhood","67a":"Le Mans, e.g.","68a":"Conductor Georg","69a":"Back-to-school time: Abbr.","70a":"Bouquet","71a":"Friend of Henry and June","1d":"Word on the Oise","2d":"Long (for)","3d":"Food critic Greene","4d":"Arm bones","5d":"Fried lightly","6d":"Actor Charles of \"Hill Street Blues\"","7d":"Overhead trains","8d":"Not shiny","9d":"A captain of the Enterprise","10d":"Dance, in France","11d":"On ___ (doing well)","12d":"1979 treaty peninsula","13d":"Authority","18d":"Alternate road","19d":"Los Angeles suburb","24d":"Obviously pleased","25d":"Big name in viniculture","26d":"Physics unit","27d":"Zhivago's love","28d":"\"It Came ___ Outer Space\"","30d":"Mezz. alternative","33d":"\"It's true,\" in Torino","35d":"French resort town","37d":"Forest florae","38d":"___ B'rith","40d":"Fingernail polish","41d":"Realism","42d":"Salon selection","47d":"Rossini character","49d":"Potemkin mutiny site","51d":"Jots","52d":"Skiing's Phil or Steve","53d":"Tiptoe","54d":"Air Force arm: Abbr.","56d":"Illinois city","59d":"Cassandra","60d":"Falanaor Montez","61d":"Opposing","63d":"Dracula, sometimes","64d":"Sgt., e.g.","65d":"Frozen Wasser"},"answers":{"1a":"MAGUS","6a":"HEMP","10a":"BASS","14a":"OCALA","15a":"ALAI","16a":"ARIA","17a":"THENUDISTCOLONY","20a":"ELATED","21a":"TAR","22a":"LAS","23a":"SET","24a":"SERAGLIO","26a":"ELF","29a":"DOOM","31a":"DNA","32a":"RARE","34a":"URIS","36a":"GLOB","39a":"GROVERCLEVELAND","43a":"AMEN","44a":"HITE","45a":"OKAY","46a":"RAF","48a":"NERO","50a":"SIE","51a":"IMCOMING","55a":"IDA","57a":"OAR","58a":"EGO","59a":"STELLA","62a":"THEBLARNEYSTONE","66a":"AREA","67a":"RACE","68a":"SOLTI","69a":"SEPT","70a":"ODOR","71a":"ANAIS","1d":"MOT","2d":"ACHE","3d":"GAEL","4d":"ULNAS","5d":"SAUTED","6d":"HAID","7d":"ELS","8d":"MATTE","9d":"PICARD","10d":"BAL","11d":"AROLL","12d":"SINAI","13d":"SAYSO","18d":"DETOUR","19d":"ORANGE","24d":"SMILING","25d":"GALLO","26d":"ERG","27d":"LARA","28d":"FROM","30d":"ORCH","33d":"EVERO","35d":"SETE","37d":"OAKS","38d":"BNAI","40d":"ENAMEL","41d":"VERITY","42d":"DYE","47d":"FIGARO","49d":"ODESSA","51d":"IOTAS","52d":"MAHRE","53d":"CREEP","54d":"NORAD","56d":"ALTON","59d":"SEER","60d":"LOLA","61d":"ANTI","63d":"BAT","64d":"NCO","65d":"EIS"}}