{"numbers":[["1","2","3","4","5","-","6","7","8","9","10","-","11","12","13"],["14","","","","","-","15","","","","","-","16","",""],["17","","","","","-","18","","","","","-","19","",""],["-","-","20","","","21","","","","","","22","","",""],["23","24","","","","","-","25","","","-","26","","",""],["27","","","-","-","28","29","","-","-","30","","","",""],["31","","","32","33","","","","34","35","","","","","-"],["-","-","-","36","","","","-","37","","","","-","-","-"],["-","38","39","","","","","40","","","","","41","42","43"],["44","","","","","-","-","45","","","-","-","46","",""],["47","","","","-","48","49","","-","50","51","52","","",""],["53","","","","54","","","","55","","","","","-","-"],["56","","","-","57","","","","","-","58","","","59","60"],["61","","","-","62","","","","","-","63","","","",""],["64","","","-","65","","","","","-","66","","","",""]],"clues":{"1a":"Slates","6a":"Provinces","11a":"Part of a footnote abbr.","14a":"Way of speaking","15a":"Slacken","16a":"Paul's \"Exodus\" role","17a":"Kind of scout","18a":"River to the Missouri","19a":"Charles S. Dutton sitcom","20a":"Performed a Herculean feat #1","23a":"Fray","25a":"Preliminary figure: Abbr.","26a":"\"A Letter for ___\" (1945 movie)","27a":"Manipulate","28a":"Crony","30a":"Uncle Sam poster words","31a":"Performed a Herculean feat #2","36a":"Ile-de-France river","37a":"Tart apples, informally","38a":"Performed a Herculean feat #3","44a":"___ Bornes (classic card game)","45a":"\"Hey, you!\"","46a":"Bravo, e.g.","47a":"Heraldic band","48a":"Treaty org. since 1948","50a":"Painter Hopper","53a":"Performed a Herculean feat #4","56a":"List ender","57a":"Bad, bad Brown of song","58a":"Appoggiaturas","61a":"Hilo souvenir","62a":"Honeymoon follower","63a":"Pauperized","64a":"Fast wings, for short","65a":"Save up","66a":"Attach an ell","1d":"Become prone","2d":"TV's Mrs. Morgenstern","3d":"Aimed","4d":"Rental sign","5d":"Suggest, with \"of\"","6d":"Baseball's Moises","7d":"Change \"potatoe\" to \"potato,\" e.g.","8d":"Our 50, to Francois","9d":"Zero","10d":"Admiral sunk with the Scharnhorst","11d":"Truck : lorry :: trailer: ___","12d":"Type of board","13d":"Summons","21d":"Unseat","22d":"\".... consider her ways, and ___\": Proverbs","23d":"Baby bloomer?","24d":"\"Do___say!\"","29d":"Made fun of, in a way","30d":"Yen","32d":"Column bases, in architecture","33d":"Nature outing","34d":"Mischief-makers","35d":"More substantial","38d":"1979 World Series champs","39d":"Backdoor","40d":"Results","41d":"Precision-made","42d":"Tell the world","43d":"Staff","44d":"Mushrooms","48d":"Concert site","49d":"Skylit courts","51d":"Secretary Shalala","52d":"Wined and dined, perhaps","54d":"Wagner heroine","55d":"Regards","59d":"Tokyo, once","60d":"Dict. listing"},"answers":{"1a":"LISTS","6a":"AREAS","11a":"CIT","14a":"IDIOM","15a":"LETUP","16a":"ARI","17a":"EAGLE","18a":"OSAGE","19a":"ROC","20a":"HELDUPTHEBANK","23a":"BATTLE","25a":"EST","26a":"EVIE","27a":"USE","28a":"PAL","30a":"IWANT","31a":"DIDSHOPLIFTING","36a":"OISE","37a":"MACS","38a":"PICKEDUPTHECAR","44a":"MILLE","45a":"PST","46a":"RIO","47a":"ORLE","48a":"OAS","50a":"EDWARD","53a":"RAISEDTHEROOF","56a":"ETC","57a":"LEROY","58a":"NOTES","61a":"LEI","62a":"SUITE","63a":"NEEDY","64a":"SST","65a":"AMASS","66a":"ADDON","1d":"LIE","2d":"IDA","3d":"SIGHTED","4d":"TOLET","5d":"SMELL","6d":"ALOU","7d":"RESPELL","8d":"ETATS","9d":"AUGHT","10d":"SPEE","11d":"CARAVAN","12d":"IRONING","13d":"TICKET","21d":"DEPOSE","22d":"BEWISE","23d":"BUD","24d":"ASI","29d":"APED","30d":"ITCH","32d":"SOCLES","33d":"HIKE","34d":"IMPS","35d":"FATTER","38d":"PIRATES","39d":"ILLICIT","40d":"UPSHOTS","41d":"CRAFTED","42d":"AIR","43d":"ROD","44d":"MORELS","48d":"ODEUM","49d":"ATRIA","51d":"DONNA","52d":"WOOED","54d":"ELSA","55d":"EYES","59d":"EDO","60d":"SYN"}}