{"numbers":[["1","2","3","4","5","-","6","7","8","9","-","-","10","11","12"],["13","","","","","-","14","","","","-","15","","",""],["16","","","","","-","17","","","","-","18","","",""],["19","","","","","20","","","-","21","22","","","",""],["-","-","-","23","","","","","-","24","","","","","-"],["-","25","26","","","","","","-","27","","","","-","-"],["28","","","","-","29","","","-","30","","","","31","32"],["33","","","","34","-","35","","36","-","37","","","",""],["38","","","","","39","-","40","","41","-","42","","",""],["-","-","43","","","","-","44","","","45","","","","-"],["-","46","","","","","-","47","","","","","-","-","-"],["48","","","","","","-","49","","","","","50","51","52"],["53","","","","-","54","55","","","-","56","","","",""],["57","","","","-","58","","","","-","59","","","",""],["60","","","-","-","61","","","","-","62","","","",""]],"clues":{"1a":"Bit of lowlife?","6a":"Unyielding","10a":"Spacewalk, e.g.: Abbr.","13a":"\"Reflections on Violence\" author","14a":"Occupied with","15a":"Lose it","16a":"Brit's potato chip","17a":"Headliner","18a":"Hunt hint","19a":"Example","21a":"Riddler of old","23a":"Burnish","24a":"Careening","25a":"Use face cream","27a":"\"Perpetual Peace\" writer","28a":"First name in daytime talk","29a":"Brit. ref. work","30a":"Mr. Bones, in a minstrel","33a":"Hard-rock band named for an inventor","35a":"Train schedule abbr.","37a":"French pupil","38a":"Nahuatl speakers","40a":"Cable TV inits.","42a":"Oklahoma city","43a":"Writer Hubbard","44a":"Guides","46a":"Refute","47a":"By ___ and bounds","48a":"Bearlike","49a":"Set apart","53a":"Flip talk","54a":"Spice","56a":"Missile depots","57a":"Comic Kamen","58a":"Art Deco master","59a":"Bar, legally","60a":"\"___ luck?\"","61a":"Env. enclosure","62a":"Expressionless","1d":"Spore sacs","2d":"Daybreak","3d":"Discordia's counterpart","4d":"Readers' perusal","5d":"Woolly fabric","6d":"They're thrown at meets","7d":"Became a member","8d":"___ glance","9d":"Abandon","10d":"Hitch","11d":"Boast of","12d":"High point","15d":"Spielberg film","20d":"Don't do it!","22d":"Smooth","25d":"At the home of","26d":"Sans esprit","28d":"Concerned citizens' grp.","31d":"Alamo competitor","32d":"Hammett detective Beaumont","34d":"Flip ___ (decide randomly)","36d":"Kind of ballot","39d":"Signs of a cold","41d":"Wood sorrels","45d":"Literary works","46d":"Einstein","48d":"U.S. Grant's school: Abbr.","50d":"Countertenor","51d":"Saturday TV fare, slangily","52d":"Glimpse","55d":"Paleozoic, e.g."},"answers":{"1a":"AMEBA","6a":"DEAF","10a":"EVA","13a":"SOREL","14a":"INTO","15a":"SNAP","16a":"CRISP","17a":"STAR","18a":"CLUE","19a":"INSTANCE","21a":"SPHINX","23a":"SCOUR","24a":"ALIST","25a":"CLEANSE","27a":"KANT","28a":"PHIL","29a":"OED","30a":"ENDMAN","33a":"TESLA","35a":"STA","37a":"ELEVE","38a":"AZTECS","40a":"HBO","42a":"ENID","43a":"LRON","44a":"ESCORTS","46a":"BELIE","47a":"LEAPS","48a":"URSINE","49a":"INSULATE","53a":"SASS","54a":"ZEST","56a":"SILOS","57a":"MILT","58a":"ERTE","59a":"ESTOP","60a":"ANY","61a":"SASE","62a":"STONY","1d":"ASCI","2d":"MORN","3d":"ERIS","4d":"BESTSELLERLIST","5d":"ALPACA","6d":"DISCUSES","7d":"ENTEREDTHELISTS","8d":"ATA","9d":"FORSAKE","10d":"ENLISTMENT","11d":"VAUNT","12d":"APEX","15d":"SCHINDLERSLIST","20d":"NONO","22d":"PLANE","25d":"CHEZ","26d":"LISTLESSLY","28d":"PTA","31d":"AVIS","32d":"NED","34d":"ACOIN","36d":"ABSENTEE","39d":"SNEEZES","41d":"OCAS","45d":"OPUSES","46d":"BRAIN","48d":"USMA","50d":"ALTO","51d":"TOON","52d":"ESPY","55d":"ERA"}}