{"numbers":[["1","2","3","4","5","-","6","7","8","9","-","10","11","12","13"],["14","","","","","-","15","","","","-","16","","",""],["17","","","","","-","18","","","","-","19","","",""],["20","","","","","21","-","22","","","23","","","",""],["-","-","-","24","","","25","","","-","26","","","",""],["-","27","28","","","","","-","-","29","","","-","-","-"],["30","","","","-","31","","32","33","","","-","34","35","36"],["37","","","","-","38","","","","","-","39","","",""],["40","","","-","41","","","","","","-","42","","",""],["-","-","-","43","","","-","-","44","","45","","","","-"],["46","47","48","","","-","49","50","","","","","-","-","-"],["51","","","","","52","","","-","53","","","54","55","56"],["57","","","","-","58","","","59","-","60","","","",""],["61","","","","-","62","","","","-","63","","","",""],["64","","","","-","65","","","","-","66","","","",""]],"clues":{"1a":"Encircles","6a":"Word in old wedding vows","10a":"Door securer","14a":"\"I ___ Him\" (1963 hit by the Angels)","15a":"Tot's first word","16a":"Maintain","17a":"Photographer Bullaty","18a":"\"Come ___!\"","19a":"More than gratify","20a":"Blood supply","22a":"Fast planes from New York","24a":"Rebuke to Junior","26a":"Low-voiced ladies","27a":"Sunday book","29a":"Article in Le Monde","30a":"Catty remark","31a":"Primitive means of investigation","34a":"Former title in Tripoli","37a":"Howls","38a":"Guitar sound","39a":"Scruff","40a":"Flurry","41a":"Boxer's spot","42a":"Mixed drink made with an egg","43a":"Clear, with \"of\"","44a":"Open","46a":"Wise guys","49a":"Polling subjects","51a":"Dr.Johnny Fever and Venus Flytrap","53a":"Blocked","57a":"Uzbekistan's ___ Sea","58a":"Paradise evictee","60a":"Scrimshaw medium","61a":"\"Who's the Boss?\" mother","62a":"Vogue","63a":"Onetime colonial power","64a":"Memorial Day weekend event","65a":"Appraised","66a":"First name in cosmetics","1d":"Shocked response","2d":"Pedestal figure","3d":"Barrett of gossip","4d":"Erving's cars","5d":"Tar","6d":"Prefix with meter","7d":"Players pick it","8d":"Uplift","9d":"W.W. II Army magazine","10d":"Big bother","11d":"Stop, at sea","12d":"Altercation","13d":"Basketball stratagem","21d":"Made fit","23d":"Ratted","25d":"Revealed, as an identity","27d":"Govern","28d":"Vacillate","29d":"In a state of mental collapse","30d":"C.E.O.'s degree","32d":"Neb. neighbor","33d":"All thumbs","34d":"MOMA work","35d":"\"Iliad,\" e.g.","36d":"Uh-huh","39d":"Top gridiron players","41d":"One method of sealing","43d":"Instant ___","45d":"Cook slowly","46d":"Hindu honcho","47d":"Goodyear's home","48d":"Thou","49d":"8/15/45","50d":"Tree cultivated for hedges","52d":"\"How ___ you!\"","54d":"Onetime means of defense","55d":"Buffalo's county","56d":"Measure of force","59d":"___ school"},"answers":{"1a":"GIRDS","6a":"OBEY","10a":"HASP","14a":"ADORE","15a":"DADA","16a":"AVER","17a":"SONJA","18a":"ONIN","19a":"SATE","20a":"PLASMA","22a":"JFKSSSTS","24a":"BADBOY","26a":"ALTOS","27a":"HYMNAL","29a":"UNE","30a":"MEOW","31a":"POKING","34a":"DEY","37a":"BAYS","38a":"TWANG","39a":"NAPE","40a":"ADO","41a":"KENNEL","42a":"FLIP","43a":"RID","44a":"PUBLIC","46a":"SAGES","49a":"VOTERS","51a":"WKRPSDJS","53a":"DAMMED","57a":"ARAL","58a":"ADAM","60a":"IVORY","61a":"MONA","62a":"RAGE","63a":"SPAIN","64a":"INDY","65a":"EYED","66a":"ESTEE","1d":"GASP","2d":"IDOL","3d":"RONA","4d":"DRJSBMWS","5d":"SEAMAN","6d":"ODO","7d":"BANJO","8d":"EDIFY","9d":"YANK","10d":"HASSLE","11d":"AVAST","12d":"SETTO","13d":"PRESS","21d":"ADAPTED","23d":"SANG","25d":"BLOWN","27d":"HEAD","28d":"YOYO","29d":"UNGLUED","30d":"MBA","32d":"KAN","33d":"INEPT","34d":"DALI","35d":"EPIC","36d":"YEP","39d":"NFLSMVPS","41d":"KISS","43d":"REPLAY","45d":"BRAISE","46d":"SWAMI","47d":"AKRON","48d":"GRAND","49d":"VJDAY","50d":"OSAGE","52d":"DARE","54d":"MOAT","55d":"ERIE","56d":"DYNE","59d":"MED"}}