{"numbers":[["-","1","2","3","4","5","-","-","-","6","7","8","9","10","11"],["12","","","","","","13","14","-","15","","","","",""],["16","","","","","","","","-","17","","","","",""],["18","","","","","","","","19","","","","","","-"],["-","-","-","-","20","","","","","","-","-","-","-","-"],["-","21","22","23","-","24","","","","","25","26","27","28","-"],["29","","","","30","-","31","","","","","","","","32"],["33","","","","","34","","-","35","","","","","",""],["36","","","","","","","37","","-","38","","","",""],["-","39","","","","","","","","40","-","41","","","-"],["-","-","-","-","-","42","","","","","43","-","-","-","-"],["-","44","45","46","47","","","","","","","48","49","50","51"],["52","","","","","","-","53","","","","","","",""],["54","","","","","","-","55","","","","","","",""],["56","","","","","","-","-","-","57","","","","","-"]],"clues":{"1a":"Beverage order","6a":"Entrust, as authority","12a":"Aches and pains","15a":"Emulates Romeo and Juliet","16a":"Fade away","17a":"Inattentive","18a":"Some pages","20a":"Kind of farmer","21a":"Mnemonic device","24a":"Quietly","29a":"___ States","31a":"Jubilation","33a":"At hand","35a":"Cordage grass","36a":"Blessings in old Rome","38a":"Show distaste","39a":"Reasons for track meet do-overs","41a":"Medit. state","42a":"Author of \"Murder in the White House\"","44a":"Screenplays","52a":"DeMille's Delilah","53a":"Seriatim","54a":"Having a courtyard","55a":"Punctuates","56a":"Farm sound","57a":"Seconds: Abbr.","1d":"1993 Kevin Kline movie","2d":"Carrier to 41 Across","3d":"Dandy's accouterment","4d":"Talented","5d":"Angles","6d":"Rod sites","7d":"Designer Schiaparelli","8d":"Campaign event","9d":"European auto","10d":"Matches","11d":"Paranormal ability","12d":"New York landmark, with \"the\"","13d":"Tercels and Prizms, e.g.","14d":"Subject of the 17th Amendment","19d":"Solicitation","21d":"Biblical spy","22d":"\"When you wish ___...\"","23d":"Provided with a curved joint, in architecture","25d":"C.E.O.'s and B.M.O.C.'S","26d":"Muscateer?","27d":"Astronomical discovery of 1801","28d":"Computer command","29d":"Toxic compound, for short","30d":"Digital displays","32d":"Mountain climber's challenge","34d":"How sore losers lose","37d":"Breathers","40d":"Colleague of Ruth and Clarence","43d":"Rump: Lat.","44d":"Subject of anxiety?","45d":"Ahab's father","46d":"Narcissistic","47d":"Subject of Gary Sick's \"All Fall Down\"","48d":"Founding New Yorker editor","49d":"\"y\" to the max","50d":"Certain addition column","51d":"Radical 60's grp.","52d":"Cops"},"answers":{"1a":"DECAF","6a":"REPOSE","12a":"MALADIES","15a":"ELOPES","16a":"EVANESCE","17a":"ASLEEP","18a":"TELEPHONECALLS","20a":"TENANT","21a":"CUE","24a":"SOTTOVOCE","29a":"PAPAL","31a":"MERRIMENT","33a":"CLOSEBY","35a":"ESPARTO","36a":"BENEDICTA","38a":"SNEER","39a":"BADSTARTS","41a":"ISR","42a":"TRUMAN","44a":"MOVIESCENARIOS","52a":"LAMARR","53a":"ENDTOEND","54a":"ATRIAL","55a":"STRESSES","56a":"WHINNY","57a":"ASSTS","1d":"DAVE","2d":"ELAL","3d":"CANE","4d":"ADEPT","5d":"FISHES","6d":"REACTORS","7d":"ELSA","8d":"POLL","9d":"OPEL","10d":"SEES","11d":"ESP","12d":"MET","13d":"ECONOMYCARS","14d":"SENATE","19d":"ENTREATMENT","21d":"CALEB","22d":"UPONA","23d":"EASED","25d":"VIPS","26d":"OMANI","27d":"CERES","28d":"ENTER","29d":"PCB","30d":"LEDS","32d":"TOR","34d":"BITTERLY","37d":"TRUCES","40d":"SANDRA","43d":"NATES","44d":"MATH","45d":"OMRI","46d":"VAIN","47d":"IRAN","48d":"ROSS","49d":"IEST","50d":"ONES","51d":"SDS","52d":"LAW"}}