{"numbers":[["1","2","3","4","5","-","-","6","7","8","9","10","11","-","12","13","14","15","16","17","-"],["18","","","","","-","19","","","","","","","-","20","","","","","","21"],["22","","","","","23","","","","","","","","-","24","","","","","",""],["25","","","-","26","","","","","-","27","","","28","-","29","","","","",""],["-","30","","31","","","-","-","-","32","","","","","33","-","34","","","-","-"],["35","","","","","-","36","37","38","","","","","","","39","-","-","40","41","42"],["43","","","","","-","44","","","","-","-","-","45","","","-","46","","",""],["47","","","","-","48","","","","-","-","49","50","","","","-","51","","",""],["-","-","-","-","52","","","","","53","54","","","","","-","55","","","",""],["56","57","58","59","","","","","-","60","","","","","-","61","","","","",""],["62","","","","","","","-","63","","","","","-","64","","","","","",""],["65","","","","","","-","66","","","","","-","67","","","","","","",""],["68","","","","","-","69","","","","","","70","","","","","-","-","-","-"],["71","","","","-","72","","","","","-","-","73","","","","-","74","75","76","77"],["78","","","","-","79","","","-","-","-","80","","","","-","81","","","",""],["82","","","-","-","83","","","84","85","86","","","","","-","87","","","",""],["-","-","88","89","90","-","91","","","","","","-","-","-","92","","","","","-"],["93","94","","","","95","-","96","","","","-","97","98","99","","","-","100","","101"],["102","","","","","","103","-","104","","","105","","","","","","106","","",""],["107","","","","","","","-","108","","","","","","","-","109","","","",""],["-","110","","","","","","-","111","","","","","","-","-","112","","","",""]],"clues":{"1a":"Harbor","6a":"Fluid part of blood","12a":"Slangy refusal","18a":"1990 movie \"Home ___\"","19a":"Chap","20a":"Blackboard adjuncts","22a":"Fitting name for a baseball pitcher","24a":"Catches a misdeed","25a":"\"Exodus\" hero","26a":"\"La Plume de Ma ___\"","27a":"Essence","29a":"TV Guide listing","30a":"Noisy fight","32a":"Solid unsaturated alcohol","34a":"___ Rio, Tex.","35a":"Former name of radon","36a":"Fitting name for a prison warden","40a":"Govt. flight regulator","43a":"Nibbles","44a":"Creepy 1976 film, with \"The\"","45a":"Tosspot's problem","46a":"Small islands","47a":"Show infatuation with","48a":"Israel's Eban","49a":"English poet Matthew","51a":"Exclamations of inquiry","52a":"Fitting name for a golfer","55a":"River in northern France","56a":"Stashed away","60a":"Alda and Paton","61a":"Gardener, at times","62a":"Not given an audience","63a":"Dr. Fu Manchu player of 1929","64a":"Israeli Prime Minister, 1953-55","65a":"Meager","66a":"Earthen container","67a":"City where Henry IV was crowned, 1594","68a":"Severs","69a":"Fitting name for a Congressman","71a":"Sunny vacation spot","72a":"Goodbyes","73a":"Toothy tool","74a":"Big name in 60's folk music","78a":"Epitome of thinness","79a":"White House moniker","80a":"Word with soul or help","81a":"Primp","82a":"Masthead listings, for short","83a":"Fitting name for a golfer","87a":"Ordain","88a":"Soldier of 1861","91a":"Inscribed stone markers","92a":"\"___ Lady\" (Willa Cather novel)","93a":"Conservationists' ___ Club","96a":"To dare, in Dijon","97a":"Insects' sensory organs","100a":"___ generis","102a":"Throwback","104a":"Fitting name for a tennis player","107a":"Reconcile","108a":"Refuges","109a":"___-ski","110a":"Enzyme in milk","111a":"Big name in candy","112a":"Strapped","1d":"Mexicali locale","2d":"Frightful","3d":"Relating to people at large","4d":"Sign","5d":"Makes trim","6d":"Mail","7d":"Accompaniment for a pavane","8d":"Farm-related: Abbr.","9d":"Photography sessions","10d":"Botanist Gregor","11d":"Sweater material","12d":"\"High Noon\" composer Washington","13d":"Vein contents","14d":"Out","15d":"River to the Rhone","16d":"Fitting name for a baseball player","17d":"Collectible modern illustrator","19d":"Presidential monogram","21d":"Draft agcy.","23d":"\"The Facts of Life\" star","28d":"Not the quiet ones","31d":"Actor Rob","32d":"Original ___","33d":"Divulge","35d":"Ex-Vietnamese leader ___ Dinh Diem","36d":"Aimed high?","37d":"Set firmly","38d":"Have on","39d":"Obsolete map abbr.","41d":"Olympian","42d":"States positively","46d":"Have ___ (be kind)","48d":"\"Here Comes Santa Claus\" singer","49d":"Mischievous","50d":"Split apart","52d":"Preliminary races","53d":"Vultures have them","54d":"Candied, as fruits","55d":"Bit of excitement","56d":"Sigh","57d":"Covered completely","58d":"Fitting name for an author","59d":"Let","61d":"Classic western","63d":"Odd, to a Scot","64d":"Dinner table item","66d":"Serve specially","67d":"Jalopy","69d":"Raisin cakes","70d":"Become raveled","72d":"Nickname","74d":"Peter the cartoonist","75d":"Give comfort to","76d":"Rebuked at length","77d":"Its cap. is Toronto","80d":"Al Capp's Daisy ___","81d":"Avian bigmouth","84d":"Toady","85d":"Word repeated before \"Me\" in a Beatles hit","86d":"Bird and King","89d":"See 93 Down","90d":"Skater Boitano","92d":"Inclined","93d":"With 89 Down, a past Senator from North Carolina","94d":"Brain passage","95d":"___ spumante","97d":"Novelist Theroux","98d":"French weapon","99d":"Bandleader Brown","101d":"Small beginning?","103d":"Decamerous group","105d":"Gold in color: Abbr.","106d":"Unfold, poetically"},"answers":{"1a":"BASIN","6a":"PLASMA","12a":"NODICE","18a":"ALONE","19a":"ROUGHEN","20a":"ERASERS","22a":"JACKARMSTRONG","24a":"DETECTS","25a":"ARI","26a":"TANTE","27a":"ODOR","29a":"SERIES","30a":"MELEE","32a":"STEROL","34a":"DEL","35a":"NITON","36a":"LEWISLAWES","40a":"FAA","43a":"GNAWS","44a":"OMEN","45a":"DTS","46a":"AITS","47a":"OGLE","48a":"ABBA","49a":"PRIOR","51a":"HEHS","52a":"HUBERTGREEN","55a":"SELLE","56a":"SECRETED","60a":"ALANS","61a":"SPADER","62a":"UNHEARD","63a":"OLAND","64a":"SHARETT","65a":"SCANTY","66a":"CROCK","67a":"CHARTRES","68a":"PARTS","69a":"BARNEYFRANK","71a":"ISLE","72a":"TATAS","73a":"RAKE","74a":"ARLO","78a":"REED","79a":"ABE","80a":"MATE","81a":"PREEN","82a":"EDS","83a":"GARYPLAYER","87a":"ENACT","88a":"REB","91a":"STELAE","92a":"ALOST","93a":"SIERRA","96a":"OSER","97a":"PALPI","100a":"SUI","102a":"ATAVIST","104a":"MARGARETCOURT","107a":"MEDIATE","108a":"ASYLUMS","109a":"APRES","110a":"RENNIN","111a":"NESTLE","112a":"NEEDY","1d":"BAJA","2d":"ALARMING","3d":"SOCIETAL","4d":"INK","5d":"NEATENS","6d":"POST","7d":"LUTE","8d":"AGR","9d":"SHOOTS","10d":"MENDEL","11d":"ANGORA","12d":"NED","13d":"ORES","14d":"DATED","15d":"ISERE","16d":"CECILFIELDER","17d":"ERTE","19d":"RMN","21d":"SSS","23d":"RAE","28d":"ROWDIES","31d":"LOWE","32d":"SIN","33d":"LETON","35d":"NGO","36d":"LOBBED","37d":"EMBED","38d":"WEAR","39d":"SSR","41d":"ATHLETE","42d":"ASSERTS","46d":"AHEART","48d":"AUTRY","49d":"PRANKY","50d":"REND","52d":"HEATS","53d":"TALONS","54d":"GLACE","55d":"SPARK","56d":"SUSPIRE","57d":"ENCASED","58d":"CHARLESREADE","59d":"RENTED","61d":"SHANE","63d":"ORRA","64d":"SHAKER","66d":"CATERTO","67d":"CRATE","69d":"BABAS","70d":"FRAY","72d":"TAG","74d":"ARNO","75d":"REASSURE","76d":"LECTURED","77d":"ONT","80d":"MAE","81d":"PELICAN","84d":"YESMAN","85d":"PLEASE","86d":"LARRYS","89d":"ERVIN","90d":"BRIAN","92d":"APT","93d":"SAM","94d":"ITER","95d":"ASTI","97d":"PAUL","98d":"ARME","99d":"LES","101d":"ITSY","103d":"TEN","105d":"GLT","106d":"OPE"}}