{"numbers":[["-","1","2","3","4","5","-","-","6","7","8","9","10","11","-"],["-","12","","","","","13","-","14","","","","","","15"],["-","16","","","","","","-","17","","","","","",""],["18","","","","","-","19","20","","","","-","21","",""],["22","","","-","23","24","","","","","-","25","","",""],["26","","","27","-","28","","","","-","29","","","",""],["30","","","","31","","","","-","32","","","","",""],["-","-","-","33","","","","-","34","","","","-","-","-"],["35","36","37","","","","-","38","","","","","39","40","41"],["42","","","","","-","43","","","","-","44","","",""],["45","","","","-","46","","","","","47","-","48","",""],["49","","","-","50","","","","","-","51","52","","",""],["53","","","54","","","","-","55","56","","","","","-"],["57","","","","","","","-","58","","","","","","-"],["-","59","","","","","","-","-","60","","","","","-"]],"clues":{"1a":"Artistic skill","6a":"Card game also called sevens","12a":"Holed out in two under par","14a":"Warned","16a":"English essayist Richard","17a":"Burglar","18a":"Cools, as coffee","19a":"Pumpkin eater of rhyme","21a":"Summer drink","22a":"Employee health plan, for short","23a":"Horse trainer's equipment","25a":"Black cuckoos","26a":"Long, long time","28a":"Like some schools","29a":"Sweetens the kitty","30a":"Smart alecks","32a":"Traffic circle","33a":"Charlie Brown's \"Darn!\"","34a":"Ex-Mrs. Burt Reynolds","35a":"Charge with gas","38a":"Adorned","42a":"Vineyard fruit","43a":"Kismet","44a":"Snick's partner","45a":"Detest","46a":"Alternative to eggdrop","48a":"A Gershwin","49a":"Drunk ___ skunk","50a":"Analyze a sentence","51a":"Actor John of TV's \"Addams Family\"","53a":"Locale","55a":"Money-back deal","57a":"Boot camp denizen","58a":"Noted family in china manufacture","59a":"Arabs","60a":"Cancel the launch","1d":"\"L'etat ___\": Louis XIV","2d":"Army grub","3d":"Ripening agent","4d":"Butler's \"The Way of All ___\"","5d":"___ Aviv","6d":"Observed Lent","7d":"Change the hemline","8d":"___-do-well","9d":"\"La-la\" preceder","10d":"Home of the '96 Olympics","11d":"Poorer","13d":"Arranges strategically","15d":"Smart","18d":"Sullivan's \"really big\" one","20d":"Summers, in Haiti","24d":"Sharp","25d":"Clowning achievements?","27d":"Mexican shawl","29d":"Top-flight","31d":"Arena receipts","32d":"Drive in Beverly Hills","34d":"Epistles","35d":"Shocked","36d":"Pencil ends","37d":"Knocking sound","38d":"Forbids","39d":"Bootee maker","40d":"Most Halloween-like","41d":"Doyen","43d":"Smithies","46d":"Dwindled","47d":"High-muck-a-muck","50d":"Fir","52d":"Prefix with masochism","54d":"Item of office attire","56d":"Fuel efficiency rater: Abbr."},"answers":{"1a":"CRAFT","6a":"FANTAN","12a":"EAGLED","14a":"ALERTED","16a":"STEELE","17a":"STEALER","18a":"STIRS","19a":"PETER","21a":"ADE","22a":"HMO","23a":"HALTER","25a":"ANIS","26a":"EONS","28a":"COED","29a":"ANTES","30a":"WISEGUYS","32a":"ROTARY","33a":"RATS","34a":"LONI","35a":"AERATE","38a":"BEDECKED","42a":"GRAPE","43a":"FATE","44a":"SNEE","45a":"HATE","46a":"WONTON","48a":"IRA","49a":"ASA","50a":"PARSE","51a":"ASTIN","53a":"SETTING","55a":"REBATE","57a":"TRAINEE","58a":"SPODES","59a":"STEEDS","60a":"ABORT","1d":"CESTMOI","2d":"RATIONS","3d":"AGER","4d":"FLESH","5d":"TEL","6d":"FASTED","7d":"ALTER","8d":"NEER","9d":"TRA","10d":"ATLANTA","11d":"NEEDIER","13d":"DEPLOYS","15d":"DRESSY","18d":"SHEW","20d":"ETES","24d":"ACUTE","25d":"ANTICS","27d":"SERAPE","29d":"AONE","31d":"GATE","32d":"RODEO","34d":"LETTERS","35d":"AGHAST","36d":"ERASERS","37d":"RATATAT","38d":"BANS","39d":"KNITTER","40d":"EERIEST","41d":"DEAN","43d":"FORGES","46d":"WANED","47d":"NABOB","50d":"PINE","52d":"SADO","54d":"TIE","56d":"EPA"}}