{"numbers":[["1","2","3","4","5","-","6","7","8","9","10","-","11","12","13"],["14","","","","","-","15","","","","","-","16","",""],["17","","","","","18","","","","","","-","19","",""],["20","","","","","","-","21","","","","22","","",""],["23","","","-","24","","25","-","-","26","","","-","-","-"],["-","-","-","-","27","","","28","29","","","","30","31","32"],["33","34","35","-","36","","","","","-","37","","","",""],["38","","","39","-","40","","","","41","-","42","","",""],["43","","","","44","-","45","","","","46","-","47","",""],["48","","","","","49","","","","","","-","-","-","-"],["-","-","-","50","","","-","-","51","","","-","52","53","54"],["55","56","57","","","","58","59","-","60","","61","","",""],["62","","","-","63","","","","64","","","","","",""],["65","","","-","66","","","","","-","67","","","",""],["68","","","-","69","","","","","-","70","","","",""]],"clues":{"1a":"Actress Winger","6a":"Park, in Monopoly","11a":"\"Honest\" fellow","14a":"Where Gauguin visited van Gogh","15a":"Funnyman O'Brien","16a":"Bloodshot","17a":"\"Cheers!\" in Cherbourg?","19a":"Chang's Siamese twin","20a":"Brand of lemon-flavored drink","21a":"Daydream","23a":"Koch and Wynn","24a":"Pampering, for short","26a":"It's heard in a herd","27a":"Garibaldi in Genoa?","33a":"Pickle","36a":"Subject for a supermarket tab","37a":"Avaricious one","38a":"October gem","40a":"Beam fastener","42a":"1963 Oscar winner","43a":"Arose","45a":"Danger","47a":"Hang in the breeze","48a":"Madrid's equivalent of a Texas university","50a":"Performance","51a":"Had lunch","52a":"Montana and Moon, in brief","55a":"Gladstone rival","60a":"Real","62a":"\"Poppycock!\"","63a":"Pre-photo pronouncement in Geneva?","65a":"Some","66a":"Skirmish","67a":"\"Dallas\" Miss","68a":"Simonize","69a":"Classic theater name","70a":"4-Down, again","1d":"Peri opera","2d":"Made a boner","3d":"Post-sneeze word","4d":"Take money for a spare room","5d":"Loner","6d":"Agt.'s share","7d":"Creator of Lorelei Lee","8d":"Med. subj.","9d":"Winter melon","10d":"Competitor","11d":"Vicinity","12d":"Early German carmaker","13d":"Barely beat, with \"out\"","18d":"Woman's top","22d":"Cartoonist Wilson","25d":"Islamic leader","28d":"Crowbar","29d":"Portugal and its neighbor","30d":"Barely managed, with \"out\"","31d":"Raise","32d":"Alternative to Charles de Gaulle","33d":"Clinton's runs","34d":"Each","35d":"First name in spying","39d":"Moon-based","41d":"Alternative to Certs","44d":"\"Desmoiselles d'Avignon\" artist","46d":"Bloodletting practitioner","49d":"Potted","52d":"Put down","53d":"Count in music","54d":"Winter weather","55d":"Extract","56d":"New Rochelle college","57d":"Charon's domain","58d":"Kind of beer","59d":"Relationship words","61d":"Prefix with play or scope","64d":"Favorite relative in politics?"},"answers":{"1a":"DEBRA","6a":"PLACE","11a":"ABE","14a":"ARLES","15a":"CONAN","16a":"RED","17a":"FRENCHTOAST","19a":"ENG","20a":"NESTEA","21a":"STARGAZE","23a":"EDS","24a":"TLC","26a":"BAA","27a":"ITALIANHERO","33a":"JAM","36a":"CELEB","37a":"TAKER","38a":"OPAL","40a":"RIVET","42a":"NEAL","43a":"GOTUP","45a":"PERIL","47a":"DRY","48a":"SPANISHRICE","50a":"ACT","51a":"ATE","52a":"QBS","55a":"DISRAELI","60a":"ACTUAL","62a":"ROT","63a":"SWISSCHEESE","65a":"ANY","66a":"SETTO","67a":"ELLIE","68a":"WAX","69a":"ODEON","70a":"RELET","1d":"DAFNE","2d":"ERRED","3d":"BLESS","4d":"RENT","5d":"ASCETIC","6d":"PCT","7d":"LOOS","8d":"ANAT","9d":"CASABA","10d":"ENTRANT","11d":"AREA","12d":"BENZ","13d":"EDGE","18d":"HALTER","22d":"GAHAN","25d":"CALIPH","28d":"LEVER","29d":"IBERIA","30d":"EKED","31d":"REAR","32d":"ORLY","33d":"JOGS","34d":"APOP","35d":"MATA","39d":"LUNAR","41d":"TICTAC","44d":"PICASSO","46d":"LEECHER","49d":"STEWED","52d":"QUELL","53d":"BASIE","54d":"SLEET","55d":"DRAW","56d":"IONA","57d":"STYX","58d":"LITE","59d":"ISTO","61d":"TELE","64d":"SON"}}