{"numbers":[["1","2","3","4","5","6","-","7","8","9","10","-","11","12","13"],["14","","","","","","-","15","","","","-","16","",""],["17","","","","","","18","","","","","-","19","",""],["-","-","20","","","-","21","","","","-","22","","",""],["23","24","","-","-","25","","","","-","26","","","",""],["27","","","28","-","29","","","","30","","","","",""],["31","","","","32","","","","-","33","","","-","-","-"],["-","34","","","","","","-","35","","","","36","37","-"],["-","-","-","38","","","-","39","","","","","","","40"],["41","42","43","","","","44","","","","-","45","","",""],["46","","","","","-","47","","","","-","-","48","",""],["49","","","","-","50","","","","-","51","52","","-","-"],["53","","","-","54","","","","","55","","","","56","57"],["58","","","-","59","","","","-","60","","","","",""],["61","","","-","62","","","","-","63","","","","",""]],"clues":{"1a":"Honeydew kin","7a":"Fatherless fellow","11a":"Crow's feat?","14a":"Slurred over a syllable","15a":"Ring happening","16a":"Part of a flick?","17a":"College study","19a":"157° 30'","20a":"Gerund maker","21a":"It's sold in bars","22a":"Wrangle","23a":"Screech, for one","25a":"Bit for Fermi","26a":"Stories connector","27a":"Bring in the crops","29a":"In an evil way","31a":"Stealthily","33a":"Flying Peter","34a":"Carry","35a":"Type of tiger","38a":"Religious sch.","39a":"Reflected on","41a":"Abandoned","45a":"Penny or Lois","46a":"See eye to eye","47a":"Hertz alternative","48a":"Lose (to)","49a":"Way out","50a":"Slow down from a run","51a":"Start of the St. Ives riddle","53a":"Fleur-de-___","54a":"Trinidad and Tobago's capital","58a":"Exaggerator's suffix","59a":"Philharmonic instrument","60a":"Monopoly card","61a":"Hog haven","62a":"Obscene","63a":"Perfumed, in a way","1d":"Animation frame","2d":"\"Thrilla in Manila\" victor","3d":"Ssspeak like thisss","4d":"Arabian Sea gulf","5d":"Glacier Bay sight","6d":"Orthodontist's org.","7d":"Seafood order","8d":"Scale opening","9d":"Jam ingredient","10d":"Short range?","11d":"One of the Magi","12d":"Lambaste","13d":"Light rowboat","18d":"Skin softener","22d":"Baseball's Old Professor","23d":"El Dorado treasure","24d":"Travel","25d":"\"___ Goes By\"","26d":"Kiosk","28d":"Piece of eight","30d":"Loses one's balance?","32d":"Annapolis freshman","35d":"Mackerellike fish","36d":"Spirited steeds","37d":"Letterman rival","39d":"Swiveled","40d":"Drops in the morning","41d":"Soup scoops","42d":"Self-centered sort","43d":"Snowman of song","44d":"Cultivating tool","50d":"Option for Hamlet","51d":"\"Off the Court\" author","52d":"Stretch over","54d":"D.C. figure","55d":"TV watchdog","56d":"Rocks in a glass","57d":"Actor Beatty"},"answers":{"1a":"CASABA","7a":"ADAM","11a":"CAW","14a":"ELIDED","15a":"BOUT","16a":"ASH","17a":"LIBERALARTS","19a":"SSE","20a":"ING","21a":"OLEO","22a":"SPAR","23a":"OWL","25a":"ATOM","26a":"STAIR","27a":"REAP","29a":"SINISTERLY","31a":"ONTIPTOE","33a":"PAN","34a":"DEALIN","35a":"BENGAL","38a":"SEM","39a":"PONDERED","41a":"LEFTBEHIND","45a":"LANE","46a":"AGREE","47a":"AVIS","48a":"BOW","49a":"DOOR","50a":"TROT","51a":"ASI","53a":"LIS","54a":"PORTOFSPAIN","58a":"EST","59a":"OBOE","60a":"CHANCE","61a":"STY","62a":"LEWD","63a":"CENSED","1d":"CEL","2d":"ALI","3d":"SIBILATE","4d":"ADEN","5d":"BERG","6d":"ADA","7d":"ABALONE","8d":"DOREMI","9d":"AUTO","10d":"MTS","11d":"CASPAR","12d":"ASSAIL","13d":"WHERRY","18d":"LOTION","22d":"STENGEL","23d":"ORO","24d":"WEND","25d":"ASTIME","26d":"STAND","28d":"PIASTER","30d":"SPENDS","32d":"PLEBE","35d":"BONITO","36d":"ARABIANS","37d":"LENO","39d":"PIVOTED","40d":"DEW","41d":"LADLES","42d":"EGOIST","43d":"FROSTY","44d":"HARROW","50d":"TOBE","51d":"ASHE","52d":"SPAN","54d":"POL","55d":"FCC","56d":"ICE","57d":"NED"}}