{"numbers":[["-","1","2","3","4","5","6","7","8","-","9","10","11","12","13"],["14","","","","","","","","","-","15","","","",""],["16","","","","","","","","","-","17","","","",""],["18","","","-","-","19","","","-","20","","","-","-","-"],["-","21","","22","23","","","-","24","","","","25","26","-"],["-","-","-","27","","","-","28","","","","-","29","","30"],["31","32","33","","","-","34","","","","-","35","","",""],["36","","","","","37","","","","","38","","","",""],["39","","","","-","40","","","","-","41","","","",""],["42","","","-","43","","","","-","44","","","-","-","-"],["-","45","","46","","","","-","47","","","","48","49","-"],["-","-","-","50","","","-","51","","","-","-","52","","53"],["54","55","56","","","-","57","","","","58","59","","",""],["60","","","","","-","61","","","","","","","",""],["62","","","","","-","63","","","","","","","","-"]],"clues":{"1a":"Hazard","9a":"Rumor","14a":"Took to mean","15a":"Prevention dose?","16a":"Lousy tips","17a":"Be maitre d'","18a":"\"A Chorus Line\" song","19a":"Electrical unit","20a":"Couples's org.","21a":"High-pitched","24a":"Moon valleys","27a":"One of the Chaplins","28a":"Fineness","29a":"Crash sound","31a":"Dire","34a":"St. Paul's top","35a":"See 42-Across","36a":"1964 Berne best seller (and a hint to seven other answers in this puzzle)","39a":"Falls off","40a":"D.J. Jazzy Jeff songs","41a":"Orders of the court","42a":"With 35-Across, a cleanser","43a":"Lean","44a":"So-so grade","45a":"Hears tell of","47a":"Least prevalent","50a":"Comedian's date","51a":"Wallops","52a":"Writer Buruma","54a":"Went chop-chop?","57a":"After-dinner drink","60a":"Breezing through","61a":"Lifeless","62a":"Italian summit","63a":"Matter for the Federal Trade Commission","1d":"Butcher's cut of meat","2d":"Reply to a knock","3d":"East, in Berlin","4d":"School org.","5d":"Country music's Tennessee Plowboy","6d":"Lacy dress trimming","7d":"Judge","8d":"Track-meet measure: Abbr.","9d":"Amaze","10d":"From out of town","11d":"Nice article","12d":"Diamonds","13d":"Asian holiday","14d":"U.S.N. rank","20d":"Computer dot","22d":"0ne of Adlai's running mates","23d":"Toodle-oos","24d":"Beef roasts","25d":"Princess ___ (\"Don Carlos\" figure)","26d":"Anwar of Egypt","28d":"Nuts","30d":"N.L. M.V.P., 1954. and 1965","31d":"Becomes gray","32d":"Intriguing group","33d":"Like Uriah Heep","34d":"___ list","35d":"Tear","37d":"Tine","38d":"Jug","43d":"George Washington, e.g.","44d":"Harrah's, e.g.","46d":"Representative","47d":"Style of type","48d":"Twine fiber","49d":"Flavorsome","51d":"Relative of lotto","53d":"Born","54d":"Son of Noah","55d":"Umberto of Italy","56d":"Be lucky in the lottery","57d":"Turn down","58d":"Bit of advice","59d":"Latin I verb"},"answers":{"1a":"JEOPARDY","9a":"BRUIT","14a":"CONSTRUED","15a":"OUNCE","16a":"PITTANCES","17a":"GREET","18a":"ONE","19a":"OHM","20a":"PGA","21a":"TREBLE","24a":"RILLES","27a":"SYD","28a":"LUXE","29a":"BAM","31a":"ACUTE","34a":"DOME","35a":"SODA","36a":"GAMESPEOPLEPLAY","39a":"EBBS","40a":"RAPS","41a":"WRITS","42a":"SAL","43a":"BONY","44a":"CEE","45a":"LEARNS","47a":"RAREST","50a":"GIG","51a":"KOS","52a":"IAN","54a":"HEWED","57a":"DEMITASSE","60a":"ACING","61a":"INANIMATE","62a":"MONTE","63a":"MONOPOLY","1d":"JOINT","2d":"ENTER","3d":"OST","4d":"PTA","5d":"ARNOLD","6d":"RUCHE","7d":"DEEM","8d":"YDS","9d":"BOGGLE","10d":"RURAL","11d":"UNE","12d":"ICE","13d":"TET","14d":"CPO","20d":"PIXEL","22d":"ESTES","23d":"BYES","24d":"RUMPS","25d":"EBOLI","26d":"SADAT","28d":"LOOPY","30d":"MAYS","31d":"AGES","32d":"CABAL","33d":"UMBLE","34d":"DEANS","35d":"SPREE","37d":"PRONG","38d":"EWER","43d":"BRIDGE","44d":"CASINO","46d":"AGENT","47d":"ROMAN","48d":"SISAL","49d":"TASTY","51d":"KENO","53d":"NEE","54d":"HAM","55d":"ECO","56d":"WIN","57d":"DIM","58d":"TIP","59d":"AMO"}}