{"numbers":[["1","2","3","4","-","-","5","6","7","8","-","9","10","11","12"],["13","","","","14","-","15","","","","-","16","","",""],["17","","","","","18","","","","","-","19","","",""],["20","","","","","","","","","","21","","","",""],["22","","","","-","23","","","","-","24","","","","-"],["25","","","-","26","","","-","27","28","","-","29","","30"],["-","-","-","31","","","-","32","","","-","33","","",""],["34","35","36","","","","37","","","","38","","","",""],["39","","","","-","40","","","-","41","","","-","-","-"],["42","","","-","43","","","-","44","","","-","45","46","47"],["-","48","","49","","-","50","51","","","-","52","","",""],["53","","","","","54","","","","","55","","","",""],["56","","","","-","57","","","","","","","","",""],["58","","","","-","59","","","","-","60","","","",""],["61","","","","-","62","","","","-","-","63","","",""]],"clues":{"1a":"Section under the mezz.","5a":"Scuttlebutt","9a":"Send by parachute","13a":"Yarborough et al.","15a":"Middle name of \"The King\"","16a":"One abroad","17a":"\"Utopia\" author","19a":"Earring locale","20a":"It sounds right","22a":"Aggrieve","23a":"Role for Shirley in '63","24a":"Transport, in a way","25a":"Christian monogram","26a":"They dog AWOL's","27a":"Campaign name of '52","29a":"___ loss","31a":"See 26-Down","32a":"Half and half","33a":"Jonson's \"Sweet Swan of ___!\"","34a":"It sounds right","39a":"Couple's pronoun","40a":"Make a doily","41a":"Antonym: Abbr.","42a":"Contorted","43a":"___ favor (please)","44a":"Baden-Powell offshoot org.","45a":"CNN parent company","48a":"Start of many a tale","50a":"Boldly attempt","52a":"Air","53a":"It sounds right","56a":"\"Take ___\"","57a":"Exactly","58a":"Bear in the sky","59a":"Be full","60a":"Kewpie doll, perhaps","61a":"Leave in","62a":"Bo Derek film before \"10\"","63a":"\"Greystoke\" extras","1d":"Sushi bar selection","2d":"Peppy","3d":"New Mexico city noted for archeological finds","4d":"Cut off from escape","5d":"Circus people","6d":"Woolf's \"___ of One's Own\"","7d":"Verdun's region","8d":"Socialized with","9d":"Street in old TV","10d":"Wayne-Martin western of 1959","11d":"Remote control feature","12d":"Milord","14d":"Kerouac's ___ Paradise","18d":"Don","21d":"Treat a sprain","26d":"Cocktail, with 31-Across","28d":"Shale oil product","30d":"Whatever","31d":"Troy Aikman stats","32d":"Calendar abbr.","33d":"Roadie equipment","34d":"Bowl over","35d":"Economic association since 1957","36d":"Newborn attendant","37d":"Person who makes beds?","38d":"Clean air org.","43d":"Grade school ammo","44d":"Rodeo mount","45d":"___ greens","46d":"Proceed easily","47d":"Accept a proposal","49d":"Sole attachment","51d":"Montezuma II, for one","52d":"Marketplace","53d":"Currency for 35-Down","54d":"Emerald City visitor","55d":"Forbidden City occupant: Abbr."},"answers":{"1a":"ORCH","5a":"TALK","9a":"DROP","13a":"CALES","15a":"ARON","16a":"EINE","17a":"THOMASMORE","19a":"LOBE","20a":"ORVILLEORWILBUR","22a":"PAIN","23a":"IRMA","24a":"CART","25a":"IHS","26a":"MPS","27a":"IKE","29a":"ATA","31a":"TAI","32a":"ONE","33a":"AVON","34a":"WEDDINGCEREMONY","39a":"OURS","40a":"TAT","41a":"OPP","42a":"WRY","43a":"POR","44a":"BSA","45a":"TBS","48a":"ONCE","50a":"DARE","52a":"AURA","53a":"EMULATEZANEGREY","56a":"CARE","57a":"ONTHEMONEY","58a":"URSA","59a":"TEEM","60a":"PRIZE","61a":"STET","62a":"ORCA","63a":"APES","1d":"OCTOPI","2d":"RAHRAH","3d":"CLOVIS","4d":"HEMIN","5d":"TAMERS","6d":"AROOM","7d":"LORRAINE","8d":"KNEW","9d":"DELLA","10d":"RIOBRAVO","11d":"ONBUTTON","12d":"PEER","14d":"SAL","18d":"SLIPINTO","21d":"ICE","26d":"MAI","28d":"KEROSENE","30d":"ANY","31d":"TDS","32d":"OCT","33d":"AMP","34d":"WOW","35d":"EUROMART","36d":"DRYNURSE","37d":"GARDENER","38d":"EPA","43d":"PEA","44d":"BRAHMA","45d":"TURNIP","46d":"BREEZE","47d":"SAYYES","49d":"CLEAT","51d":"AZTEC","52d":"AGORA","53d":"ECUS","54d":"TOTO","55d":"EMP"}}