{"numbers":[["-","1","2","3","4","5","6","-","-","7","8","9","10","-","-"],["11","","","","","","","-","12","","","","","13","-"],["14","","","","","","","15","","","","","","","16"],["17","","","","","-","18","","","","","-","19","",""],["20","","","-","-","21","","","","","-","22","","",""],["23","","","-","24","","","-","-","25","26","","","",""],["-","-","-","27","","","","28","-","-","29","","","",""],["-","30","31","","","","","","32","33","","","","","-"],["34","","","","","-","-","35","","","","","-","-","-"],["36","","","","","37","-","-","38","","","-","39","40","41"],["42","","","","-","43","44","45","","","-","-","46","",""],["47","","","-","48","","","","","-","49","50","","",""],["51","","","52","","","","","","53","","","","",""],["-","54","","","","","","-","55","","","","","",""],["-","-","56","","","","-","-","57","","","","","","-"]],"clues":{"1a":"Spit the kabobs","7a":"___ Noel (holiday figure)","11a":"Nosy Parker","12a":"Accommodating","14a":"At her small condo, actress Glenn was ___","17a":"\"The ___ Progress\"","18a":"1903 Nobelist","19a":"\"Go, team!\"","20a":"Time for les vacances","21a":"Mount","22a":"Foreign-exchange cost","23a":"Novelist Buntline","24a":"French friend's pronoun","25a":"Failing","27a":"Hot spots","29a":"Levels","30a":"In her corset, actress Beatrice was ___","34a":"Operetta composer","35a":"Kind of cake","36a":"Cowcatcher","38a":"Before time","39a":"Friday, e.g.: Abbr.","42a":"\"___ may look on a king\": Heywood","43a":"Hold forth","46a":"Broadway's \"High ___\"","47a":"Cal. pages","48a":"Kind of bar","49a":"V sign","51a":"The holiday gathering at actress Betty's was ___","54a":"Bolt down","55a":"Click beetles","56a":"Retreats","57a":"Watch mechanism","1d":"Natural","2d":"Chaffed","3d":"Axis end","4d":"Army addresses","5d":"Guitarist ___ Paul","6d":"Making a stand?","7d":"Scotland yards?","8d":"Republic since 1948","9d":"Unloyal sort","10d":"Make it keep going, and going, and ...","11d":"Lorelei","12d":"Unvarnished","13d":"Finished second","15d":"Canadian prov.","16d":"Brake equipment","21d":"Recital works","22d":"Put on ___","24d":"Miss America prop","26d":"Clean","27d":"Deadly reptile","28d":"Skittish","30d":"Dugongs","31d":"Drubbed","32d":"Did not move decisively","33d":"Wash","34d":"Source of fine fleece","37d":"Gin hounds","39d":"Bee's target","40d":"Tyke's four-wheeler","41d":"Lock","44d":"Ethnic group","45d":"\"___ du lieber!\"","48d":"Knock for a loop","49d":"Rel. of college boards","50d":"Cigar's end","52d":"Italian ___","53d":"Reunion, e.g."},"answers":{"1a":"IMPALE","7a":"PERE","11a":"SNOOPER","12a":"PLIANT","14a":"INCLOSEQUARTERS","17a":"RAKES","18a":"CURIE","19a":"RAH","20a":"ETE","21a":"STEED","22a":"AGIO","23a":"NED","24a":"TOI","25a":"SENILE","27a":"KILNS","29a":"RAZES","30a":"STRAIGHTLACED","34a":"LEHAR","35a":"YEAST","36a":"LARIAT","38a":"EVE","39a":"SGT","42a":"ACAT","43a":"ORATE","46a":"TOR","47a":"MOS","48a":"SPACE","49a":"PEACE","51a":"AWHITECHRISTMAS","54a":"SECURE","55a":"ELATERS","56a":"DENS","57a":"DETENT","1d":"INNATE","2d":"MOCKED","3d":"POLE","4d":"APOS","5d":"LES","6d":"ERECTING","7d":"PLAIDS","8d":"EIRE","9d":"RAT","10d":"ENERGIZE","11d":"SIREN","12d":"PURE","13d":"TRAILED","15d":"QUE","16d":"SHOES","21d":"SOLI","22d":"ANACT","24d":"TIARA","26d":"ERASE","27d":"KRAIT","28d":"SHY","30d":"SEACOWS","31d":"THRASHED","32d":"TEETERED","33d":"LAVE","34d":"LLAMA","37d":"TOPERS","39d":"STAMEN","40d":"GOCART","41d":"TRESS","44d":"RACE","45d":"ACH","48d":"STUN","49d":"PSAT","50d":"ETTE","52d":"ICE","53d":"ILE"}}