{"numbers":[["1","2","3","4","5","6","7","-","8","9","10","11","12","13","14"],["15","","","","","","","-","16","","","","","",""],["17","","","","","","","-","18","","","","","",""],["-","-","19","","","","","20","","","","-","21","",""],["22","23","","","","-","-","24","","","-","25","","",""],["26","","","","-","27","28","","-","29","30","","","",""],["31","","","-","32","","","","33","-","34","","","",""],["-","-","-","35","","","","","","36","","","-","-","-"],["37","38","39","","","-","40","","","","","-","41","42","43"],["44","","","","","45","-","46","","","-","47","","",""],["48","","","","-","49","50","","-","-","51","","","",""],["52","","","-","53","","","","54","55","","","","-","-"],["56","","","57","","","","-","58","","","","","59","60"],["61","","","","","","","-","62","","","","","",""],["63","","","","","","","-","64","","","","","",""]],"clues":{"1a":"Lab measurer","8a":"Divorce","15a":"Aid for dry hair","16a":"Prayers","17a":"Competitive one","18a":"\"___ down!\" (phrase in car ads)","19a":"Fine bit of workmanship","21a":"Second X or O","22a":"This might make you blush","24a":"Fool","25a":"Attached to","26a":"Kind of seaman","27a":"\"Treasure Island\" prop","29a":"1919 Gershwin tune","31a":"It's nothing at all","32a":"Court in Washington","34a":"Put ___ to","35a":"Scam","37a":"Comic strip sound","40a":"Bobby's wife","41a":"Spot for three men in a tub","44a":"Got misty","46a":"Long or short amount","47a":"Flutter-kicked","48a":"Window support","49a":"Atlas abbr.","51a":"Believes","52a":"\"So far ___ can tell ...\"","53a":"Example of self-indulgence","56a":"Unnatural","58a":"Electra's co-conspirator","61a":"Passed","62a":"Its capital is Hamilton","63a":"Mainz street","64a":"Imperative for Dick and Jane","1d":"Grand ___, (Evangeline's home)","2d":"Golfer Woosnam","3d":"Controversial canine","4d":"Make enemies","5d":"Macbeth's honorific","6d":"Supply on old spaceships","7d":"Words of reproach","8d":"First name in skating","9d":"Print trials","10d":"Place for a tire swing","11d":"Metric prefix","12d":"Survivor-take-all plan","13d":"Fit for a doggy bag","14d":"Eager, in slang","20d":"Fanta collectible","22d":"Headed","23d":"\"Shogun\" apparel","25d":"Wind down","27d":"It goes with apple pie","28d":"Halévy's \"L' Constantin\"","30d":"To Frost it's unloved","32d":"Fashionable","33d":"Boozy sailor's cry","35d":"Unkind remark","36d":"Self-enlightenment","37d":"Monopoly Place","38d":"Kind of blouse","39d":"Like plywood","41d":"Rid of dirt","42d":"Joey, for one","43d":"Wake-up times","45d":"Some semiconductors","47d":"Earth-shaking experiences","50d":"Edberg, e.g.","51d":"Jacques of song","53d":"Dog rewards","54d":"Mulcts","55d":"Math diagram","57d":"Media company inits.","59d":"Tokyo, once","60d":"Took a load off"},"answers":{"1a":"PIPETTE","8a":"SPLITUP","15a":"RAINHAT","16a":"ORISONS","17a":"ENTRANT","18a":"NOMONEY","19a":"BANGUPJOB","21a":"TAC","22a":"ROUGE","24a":"OAF","25a":"WITH","26a":"ABLE","27a":"MAP","29a":"SWANEE","31a":"NIL","32a":"LOBBY","34a":"ANEND","35a":"BAMBOOZLE","37a":"SPLAT","40a":"ETHEL","41a":"SPA","44a":"TEARED","46a":"TON","47a":"SWAM","48a":"JAMB","49a":"ISL","51a":"FEELS","52a":"ASI","53a":"POWERTRIP","56a":"MANMADE","58a":"ORESTES","61a":"ENACTED","62a":"BERMUDA","63a":"STRASSE","64a":"SEESPOT","1d":"PRE","2d":"IAN","3d":"PITBULL","4d":"ENRAGE","5d":"THANE","6d":"TANG","7d":"ETTU","8d":"SONJA","9d":"PROOFS","10d":"LIMB","11d":"ISO","12d":"TONTINE","13d":"UNEATEN","14d":"PSYCHED","20d":"POPBOTTLE","22d":"RAN","23d":"OBI","25d":"WANE","27d":"MOM","28d":"ABBE","30d":"WALL","32d":"LATE","33d":"YOHO","35d":"BARB","36d":"ZEN","37d":"STJAMES","38d":"PEASANT","39d":"LAMINAR","41d":"SWEPTUP","42d":"PAL","43d":"AMS","45d":"DIODES","47d":"SEISMS","50d":"SWEDE","51d":"FRERE","53d":"PATS","54d":"ROBS","55d":"TREE","57d":"MCA","59d":"EDO","60d":"SAT"}}