{"numbers":[["1","2","3","4","-","5","6","7","8","9","-","10","11","12","13","-","14","15","16","17","18"],["19","","","","-","20","","","","","-","21","","","","-","22","","","",""],["23","","","","24","","","","","","25","","","","","26","","","","",""],["27","","","","","","","","-","28","","","","-","29","","","","","",""],["30","","","","","","","-","31","","","","-","32","","","","-","-","-","-"],["-","-","-","33","","","-","34","","","","-","-","35","","","-","36","37","38","39"],["40","41","42","","","","43","","","","","44","45","","","","46","","","",""],["47","","","","-","-","48","","","","-","49","","","","-","50","","","",""],["51","","","","-","52","","","","-","53","","","","-","54","","","","",""],["55","","","-","-","56","","","-","57","","","","-","58","","","","-","-","-"],["59","","","60","61","","","","62","","","","","63","","","","","64","65","66"],["-","-","-","67","","","","-","68","","","","-","69","","","-","-","70","",""],["71","72","73","","","","-","74","","","","-","75","","","","-","76","","",""],["77","","","","","-","78","","","","-","79","","","","-","-","80","","",""],["81","","","","","82","","","","","83","","","","","84","85","","","",""],["86","","","","-","87","","","-","-","88","","","","-","89","","","-","-","-"],["-","-","-","-","90","","","","-","91","","","","-","92","","","","93","94","95"],["96","97","98","99","","","","-","100","","","","-","101","","","","","","",""],["102","","","","","","","103","","","","","104","","","","","","","",""],["105","","","","","-","106","","","","-","107","","","","","-","108","","",""],["109","","","","","-","110","","","","-","111","","","","","-","112","","",""]],"clues":{"1a":"\"Tales from Shakespear\" cowriter","5a":"Assays","10a":"First word of \"The Raven\"","14a":"Rybinsk Reservoir site","19a":"Author Wiesel","20a":"Kind of acid","21a":"Artificial","22a":"Wickerwork material","23a":"Dry cleaner's ad","27a":"D'Oyly Carte offering","28a":"Arduous journey","29a":"Bleeds","30a":"Netman Ilie","31a":"Forest opening","32a":"Mlle., across the Pyrenees","33a":"Faulkner's \"___ Lay Dying\"","34a":"Rafsanjani's country","35a":"Oklahoma Indian","36a":"Bunyan's Blue Ox","40a":"Pest controller's ad","47a":"Recherche","48a":"Mirrored","49a":"Like marcelled hair","50a":"Like ___ from the blue","51a":"Greek letters","52a":"Urban miasma","53a":"Richard of \"Pretty Woman\"","54a":"Hooked grass-cutter","55a":"Singer with the Four Knights","56a":"Henley crew-member","57a":"Clout","58a":"Figures","59a":"Grocery-store ad","67a":"___ account (absolutely not)","68a":"Billy Budd's captain","69a":"Doctrine","70a":"Burns's \"Scots Wha ___\"","71a":"Blocked, as a river","74a":"Miss Muller, of a Whittier poem","75a":"Dream stages","76a":"Physicist Niels","77a":"The ancient Mariner's cry","78a":"Estella, to Miss Havisham","79a":"Amneris's rival","80a":"C'est ___ (it's his)","81a":"Charlady's ad","86a":"\"Untouchable\" Eliot","87a":"Make a lap","88a":"Feather: Prefix","89a":"Yearling's mom","90a":"Kett of old funnies","91a":"Bacheller's \"___ Holden\"","92a":"Proem","96a":"Word provider?","100a":"Caeser's wife","101a":"Stripper, notably","102a":"Pharmacy ad","105a":"Together","106a":"Crystal gazer","107a":"___ and a day (legal time limit)","108a":"Noisy-le-Sec seasons","109a":"Cheap, poorly-made furniture","110a":"Separate the laundry","111a":"Inclines","112a":"Dare, in Dogpatch","1d":"It makes you pucker up","2d":"Tap in a confirmation service","3d":"Radio equipment","4d":"Excises of a sort","5d":"1982 Dustin Hoffman role","6d":"Use a solvent","7d":"Antitoxins","8d":"Nervous twitch","9d":"Kiltie's country","10d":"Repeatedly","11d":"London stoolie","12d":"Prompter's hint","13d":"As an old hand","14d":"Electric-battery inventor","15d":"Sonja Henie's home","16d":"One who's recumbent","17d":"Lady's partner","18d":"The humanities","24d":"It inflates your dough","25d":"Gladiators' stamping ground","26d":"Eulogize","31d":"\"Peer Gynt\" composer","32d":"Italian white wine","34d":"Sense of a sentence","36d":"Ohio University mascot","37d":"Running wild","38d":"Big Ben, for one","39d":"Tasso's patron","40d":"Songbirds","41d":"Cause heartburn","42d":"Sappho's Muse","43d":"New Jersey mountain range","44d":"Midnight","45d":"Bogart in \"High Sierra\"","46d":"Toussaint L'Ouverture's land","52d":"Dive suddenly, as a whale","53d":"Shield","54d":"Emma of \"Dynasty\"","57d":"Spurious","58d":"Bleak","60d":"Funny papers","61d":"Toll","62d":"Pistil part","63d":"Fischer-Dieskau's musical forte","64d":"\"___ Night\" (Christmas carol)","65d":"A Minor Prophet","66d":"Spooky","71d":"Homer's was \"rosy-fingered\"","72d":"Late tennis great","73d":"Baseball's \"Say Hey\"","74d":"Devilfish","75d":"On high","76d":"Like some lies","78d":"Role for 101 Down","79d":"Kind of highway","82d":"Bar, legally","83d":"Isaac Stern stroke","84d":"Passions","85d":"'Twixt","90d":"County on the Thames","91d":"Make an effort","92d":"Popular pie variety","93d":"Queen of the Misty Isles","94d":"First discovered asteroid","95d":"Dadaist Max","96d":"Sailor","97d":"Cuban dough","98d":"Tang","99d":"Companion of the Pinta","100d":"On-line person","101d":"Perlman of \"Cheers\"","103d":"Recent prefix","104d":"Ship rope"},"answers":{"1a":"LAMB","5a":"TESTS","10a":"ONCE","14a":"VOLGA","19a":"ELIE","20a":"OLEIC","21a":"FAUX","22a":"OSIER","23a":"MAKEYOURCOATREPELLENT","27a":"OPERETTA","28a":"TREK","29a":"EXTORTS","30a":"NASTASE","31a":"GLEN","32a":"SRTA","33a":"ASI","34a":"IRAN","35a":"OTO","36a":"BABE","40a":"WEEXTERMINATEALLHOMES","47a":"RARE","48a":"APED","49a":"WAVY","50a":"ABOLT","51a":"ETAS","52a":"SMOG","53a":"GERE","54a":"SICKLE","55a":"NAT","56a":"OAR","57a":"PULL","58a":"DATA","59a":"STOCKUPTOSAVELIMITONE","67a":"ONNO","68a":"VERE","69a":"ISM","70a":"HAE","71a":"DAMMED","74a":"MAUD","75a":"REMS","76a":"BOHR","77a":"ASAIL","78a":"WARD","79a":"AIDA","80a":"ALUI","81a":"WHYCLEANYOURSELFTRYME","86a":"NESS","87a":"SIT","88a":"PTER","89a":"EWE","90a":"ETTA","91a":"EBEN","92a":"PREFACE","96a":"SPONSOR","100a":"UXOR","101a":"REVEALER","102a":"WEDISPENSEWITHCONCERN","105a":"ASONE","106a":"SEER","107a":"AYEAR","108a":"ETES","109a":"BORAX","110a":"SORT","111a":"LEANS","112a":"DAST","1d":"LEMON","2d":"ALAPA","3d":"MIKES","4d":"BEERTAXES","5d":"TOOTSIE","6d":"ELUTE","7d":"SERA","8d":"TIC","9d":"SCOTLAND","10d":"OFTEN","11d":"NARK","12d":"CUE","13d":"EXPERTLY","14d":"VOLTA","15d":"OSLO","16d":"LIER","17d":"GENT","18d":"ARTS","24d":"YEAST","25d":"ARENA","26d":"EXTOL","31d":"GRIEG","32d":"SOAVE","34d":"IMPORT","36d":"BOBCAT","37d":"AMOK","38d":"BELL","39d":"ESTE","40d":"WRENS","41d":"EATAT","42d":"ERATO","43d":"RAMAPO","44d":"TWELVE","45d":"EARLE","46d":"HAITI","52d":"SOUND","53d":"GUARD","54d":"SAMMS","57d":"PSEUDO","58d":"DISMAL","60d":"COMICS","61d":"KNELL","62d":"OVARY","63d":"LIEDER","64d":"OHOLY","65d":"NAHUM","66d":"EERIE","71d":"DAWN","72d":"ASHE","73d":"MAYS","74d":"MANTA","75d":"RISEN","76d":"BAREFACED","78d":"WAITRESS","79d":"ARTERIAL","82d":"ESTOP","83d":"UPBOW","84d":"FERVORS","85d":"TWEEN","90d":"ESSEX","91d":"EXERT","92d":"PECAN","93d":"ALETA","94d":"CERES","95d":"ERNST","96d":"SWAB","97d":"PESO","98d":"ODOR","99d":"NINA","100d":"USER","101d":"RHEA","103d":"NEO","104d":"TYE"}}