{"numbers":[["1","2","3","4","-","5","6","7","8","9","-","10","11","12","13"],["14","","","","-","15","","","","","-","16","","",""],["17","","","","18","","","","","","19","","","",""],["-","20","","","","","-","-","-","-","21","","","",""],["-","-","-","22","","","23","-","24","25","","","-","-","-"],["26","27","28","","","","","29","","","","","30","31","32"],["33","","","","","-","34","","","","-","-","35","",""],["36","","","","-","37","","","","","-","38","","",""],["39","","","-","-","40","","","","-","41","","","",""],["42","","","43","44","","","","","45","","","","",""],["-","-","-","46","","","","-","47","","","","-","-","-"],["48","49","50","","","-","-","-","-","51","","","52","53","-"],["54","","","","","55","56","57","58","","","","","","59"],["60","","","","-","61","","","","","-","62","","",""],["63","","","","-","64","","","","","-","65","","",""]],"clues":{"1a":"Dumbfounded","5a":"Acquire, as expenses","10a":"Singer Campbell","14a":"Colombian city","15a":"Hughes's plane Spruce ___","16a":"1890's Vice President ___ P. Morton","17a":"1959 Rodgers and Hammerstein hit","20a":"\"You can ___ horse to...\"","21a":"Bridal path","22a":"Predicament","24a":"Obote's successor","26a":"l956 Comden-Green-Styne collaboration","33a":"On ___ (counting calories)","34a":"Man with a title","35a":"Soviet space vehicle","36a":"Pride and envy, e.g.","37a":"Old hat","38a":"\"Aurora\" painter","39a":"Kind of cap or cream","40a":"Radio host of note","41a":"First U.S. saint","42a":"1930 Gershwin musical","46a":"Sigmatism","47a":"Achy","48a":"Whiz kid","51a":"Blotto","54a":"1983 Herman-Fierstein musical","60a":"\"Metamorphoses\" poet","61a":"Wish granters","62a":"TV's Oscar","63a":"Hitches","64a":"Mill material","65a":"Murder","1d":"Part of a play","2d":"Star of TV's \"Wiseguy\"","3d":"\"Waiting for the Robert ___\"","4d":"Puts out of commission","5d":"Desert critter","6d":"Persona ___ grata","7d":"How some packages are sent","8d":"R. &amp; R. org.","9d":"Ring leader?","10d":"Sticking together","11d":"Decreasingly","12d":"Demonic","13d":"Garibaldi's birthplace","18d":"Keats or Shelley","19d":"Popular street name","23d":"Invent","24d":"Snaps handcuffs on","25d":"Gentle, as breezes","26d":"Grounds","27d":"Kingly decree","28d":"Passenger ship","29d":"Gobble","30d":"\"___ man with seven...\"","31d":"Curtain material","32d":"Nine-to-five routine","37d":"Conks out","38d":"Mutinied","41d":"___-comic (play type)","43d":"Long narratives","44d":"Alan, Larry or Stephen","45d":"Tap-dance","48d":"Crushing news","49d":"Four-star review","50d":"___ rain","52d":"Admiral Zumwalt","53d":"Actress Moore","55d":"Chicken's counterpart","56d":"Atmosphere: Prefix","57d":"Prefix with lateral","58d":"Omicrons' predecessors","59d":"Thesaurus listing: Abbr."},"answers":{"1a":"AWED","5a":"INCUR","10a":"GLEN","14a":"CALI","15a":"GOOSE","16a":"LEVI","17a":"THESOUNDOFMUSIC","20a":"LEADA","21a":"AISLE","22a":"BIND","24a":"AMIN","26a":"BELLSARERINGING","33a":"ADIET","34a":"EARL","35a":"MIR","36a":"SINS","37a":"DATED","38a":"RENI","39a":"ICE","40a":"IMUS","41a":"SETON","42a":"STRIKEUPTHEBAND","46a":"LISP","47a":"SORE","48a":"BRAIN","51a":"OILED","54a":"LACAGEAUXFOLLES","60a":"OVID","61a":"GENII","62a":"EMMY","63a":"WEDS","64a":"GRIST","65a":"DOIN","1d":"ACT","2d":"WAHL","3d":"ELEE","4d":"DISABLES","5d":"IGUANA","6d":"NON","7d":"COD","8d":"USO","9d":"REF","10d":"GLUING","11d":"LESS","12d":"EVIL","13d":"NICE","18d":"ODIST","19d":"MAIN","23d":"DREAMUP","24d":"ARRESTS","25d":"MILD","26d":"BASIS","27d":"EDICT","28d":"LINER","29d":"EATUP","30d":"IMETA","31d":"NINON","32d":"GRIND","37d":"DIES","38d":"REBELLED","41d":"SERIO","43d":"ILIADS","44d":"KING","45d":"HOOFIT","48d":"BLOW","49d":"RAVE","50d":"ACID","52d":"ELMO","53d":"DEMI","55d":"EGG","56d":"AER","57d":"UNI","58d":"XIS","59d":"SYN"}}