{"numbers":[["1","2","3","4","5","6","7","-","8","9","10","-","11","12","13"],["14","","","","","","","-","15","","","16","","",""],["17","","","","","","","-","18","","","","","",""],["-","19","","","","","","20","","","","","","",""],["-","-","-","21","","","-","22","","","","-","-","-","-"],["23","24","25","","-","-","26","","","-","-","27","28","29","30"],["31","","","-","32","33","","","-","34","35","","","",""],["36","","","37","","","","","38","","","","","",""],["39","","","","","","-","40","","","","-","41","",""],["42","","","","-","-","43","","","-","-","44","","",""],["-","-","-","-","45","46","","","-","47","48","","-","-","-"],["49","50","51","52","","","","","53","","","","54","55","-"],["56","","","","","","","-","57","","","","","","58"],["59","","","","","","","-","60","","","","","",""],["61","","","-","62","","","-","63","","","","","",""]],"clues":{"1a":"Trounce","8a":"\"My gal\" of song","11a":"Castleberry of \"Alice\"","14a":"Have coming","15a":"Soldier's fare","17a":"Traveled militarily","18a":"Catch-22 situation","19a":"Black and white, e.g.","21a":"U.S.N. rank","22a":"Ireland","23a":"Cosmo and People, e.g.","26a":"I, to Claudius","27a":"\"___ Lisa\"","31a":"Shower mo.","32a":"Scruggs of bluegrass","34a":"Epithet for a tyrant","36a":"Not a warm welcome","39a":"Flower child","40a":"A big blow","41a":"De Maupassant's \"___ Vie\"","42a":"Some of Wordsworth's words","43a":"Legendary Hollywood monogram","44a":"Ed of \"Daniel Boone\"","45a":"Roller coaster cry","47a":"\"Society's Child\" singer Janis ___","49a":"Sang-froid","56a":"In progress","57a":"Vegetarian's no-no","59a":"Alley of \"Look Who's Talking\"","60a":"Rodeo ropes","61a":"Ship's heading","62a":"Always, poetically","63a":"Majority's choice","1d":"S. &amp; L. offerings","2d":"Lover's ___","3d":"Christiania, today","4d":"Scarlett and others","5d":"Bear Piccolo","6d":"Civil rights leader Medgar","7d":"Change the decor","8d":"Punic War general","9d":"Knight's attire","10d":"Slip-up","11d":"Fight sight","12d":"Mislay","13d":"Washington bills","16d":"Mai ___","20d":"Like Captain Ahab","23d":"Like a he-man","24d":"Sap sucker","25d":"Bellyache","26d":"Be off the mark","27d":"Denver summer time: Abbr.","28d":"Disgrace","29d":"Nary a person","30d":"Saint whose feast day is January 21","32d":"Biblical judge","33d":"Word of support","34d":"Bugs's voice","35d":"Hairy ancestor","37d":"Obsolescent disks","38d":"Engine part","43d":"Like slim pickings","44d":"Lacking iron, maybe","45d":"Essayist E. B.","46d":"Three-time skating gold medalist","47d":"Model","48d":"Novelist Malraux","49d":"Furnace fuel","50d":"Getting ___ years","51d":"Bogeyman","52d":"Pop music's ___ Lobos","53d":"Gardner of mysteries","54d":"Backside","55d":"Overindulge","58d":"Chairman's heart?"},"answers":{"1a":"CLOBBER","8a":"SAL","11a":"FLO","14a":"DESERVE","15a":"CRATION","17a":"SALLIED","18a":"IMPASSE","19a":"POLAROPPOSITES","21a":"ENS","22a":"EIRE","23a":"MAGS","26a":"EGO","27a":"MONA","31a":"APR","32a":"EARL","34a":"MADDOG","36a":"CHILLYRECEPTION","39a":"HIPPIE","40a":"GALE","41a":"UNE","42a":"ODES","43a":"MGM","44a":"AMES","45a":"WHEE","47a":"IAN","49a":"COOLHEADEDNESS","56a":"ONGOING","57a":"REDMEAT","59a":"KIRSTIE","60a":"LARIATS","61a":"ENE","62a":"EER","63a":"ELECTEE","1d":"CDS","2d":"LEAP","3d":"OSLO","4d":"BELLES","5d":"BRIAN","6d":"EVERS","7d":"REDO","8d":"SCIPIO","9d":"ARMOR","10d":"LAPSE","11d":"FIST","12d":"LOSE","13d":"ONES","16d":"TAI","20d":"PEGLEGGED","23d":"MACHO","24d":"APHID","25d":"GRIPE","26d":"ERR","27d":"MDT","28d":"ODIUM","29d":"NOONE","30d":"AGNES","32d":"ELI","33d":"AYE","34d":"MEL","35d":"APE","37d":"LPS","38d":"CAM","43d":"MEAGER","44d":"ANEMIC","45d":"WHITE","46d":"HENIE","47d":"IDEAL","48d":"ANDRE","49d":"COKE","50d":"ONIN","51d":"OGRE","52d":"LOS","53d":"ERLE","54d":"SEAT","55d":"SATE","58d":"TSE"}}