{"numbers":[["1","2","3","4","-","5","6","7","8","-","9","10","11","12","13"],["14","","","","-","15","","","","-","16","","","",""],["17","","","","-","18","","","","-","19","","","",""],["-","20","","","21","","","","","22","","","","","-"],["-","-","-","23","","","","-","-","24","","","-","-","-"],["25","26","27","","","","-","28","29","","","","30","31","32"],["33","","","","","-","34","","","","-","35","","",""],["36","","","-","37","38","","","","","39","-","40","",""],["41","","","42","-","43","","","","-","44","45","","",""],["46","","","","47","","","","-","48","","","","",""],["-","-","-","49","","","-","-","50","","","","-","-","-"],["-","51","52","","","","53","54","","","","","55","56","-"],["57","","","","","-","58","","","","-","59","","","60"],["61","","","","","-","62","","","","-","63","","",""],["64","","","","","-","65","","","","-","66","","",""]],"clues":{"1a":"\"Major Barbara\" playwright","5a":"Sierra Club founder John","9a":"Phrygian king","14a":"Per capita","15a":"___ facto","16a":"\"Have ___ day!\"","17a":"Proctor's cry at the end of a test","18a":"Pierce","19a":"Coast","20a":"Imprisoned feline's call?","23a":"Cornucopia","24a":"\"Star-Spangled Banner\" contraction","25a":"Avaricious","28a":"Nostalgic song for cows?","33a":"Greenstreet's frequent co-star","34a":"Monk's hood","35a":"Flag","36a":"Neighbor of Afr.","37a":"Bluish-gray cat","40a":"Famous diarist","41a":"Beginning (then)","43a":"Harness part","44a":"Desert plant","46a":"Rex Stout's canine sleuth?","48a":"Disclaimer","49a":"Kind of shot","50a":"Temperament","51a":"Kind of relationship for crows?","57a":"Isaac's mother","58a":"Pierre's breakfast choice","59a":"Cheer (for)","61a":"Blazing","62a":"In addition","63a":"Author Vidal","64a":"Sales prospects","65a":"More than misled","66a":"Tom Joad, e.g.","1d":"Gel","2d":"Reagan Secretary of State","3d":"Wile E. Coyote's supply company","4d":"If","5d":"1990 Kathy Bates film","6d":"Author Sinclair","7d":"\".... ere ___ Elba\"","8d":"Kind of cop","9d":"Old word for a harasser","10d":"Get by will","11d":"Parisian house of design","12d":"Plat portion","13d":"Comment before \"I told you so\"","21d":"Computer add-on","22d":"Cons","25d":"Learn through research","26d":"Awaken","27d":"Goof","28d":"Pattern","29d":"TV lawyer ___ Marshall","30d":"Leonardo's hometown","31d":"Author Jong","32d":"Of the kidneys","34d":"Singer Laine","38d":"Whiff","39d":"\"___ newt...\"","42d":"Word before march","45d":"Experience","47d":"Fancies","48d":"Tipped, in away","50d":"Verdun's river","51d":"Eatery","52d":"Kathleen Battle offering","53d":"Holiday season","54d":"Takeout shop","55d":"Kitchener","56d":"Actress Spelling","57d":"Former baseball all-star Bando","60d":"Driver's aid"},"answers":{"1a":"SHAW","5a":"MUIR","9a":"MIDAS","14a":"EACH","15a":"IPSO","16a":"ANICE","17a":"TIME","18a":"STAB","19a":"SHORE","20a":"GETMEOWOFHERE","23a":"HORN","24a":"OER","25a":"GREEDY","28a":"MOORIVER","33a":"LORRE","34a":"COWL","35a":"TIRE","36a":"EUR","37a":"MALTESE","40a":"NIN","41a":"ASOF","43a":"REIN","44a":"YUCCA","46a":"NEROWOOF","48a":"DENIAL","49a":"RIM","50a":"MOOD","51a":"CAWSANDEFFECT","57a":"SARAH","58a":"OEUF","59a":"ROOT","61a":"AFIRE","62a":"ELSE","63a":"GORE","64a":"LEADS","65a":"LIED","66a":"OKIE","1d":"SET","2d":"HAIG","3d":"ACME","4d":"WHETHER","5d":"MISERY","6d":"UPTON","7d":"ISAW","8d":"ROBO","9d":"MASHER","10d":"INHERIT","11d":"DIOR","12d":"ACRE","13d":"SEE","21d":"MODEM","22d":"FOOLS","25d":"GLEAN","26d":"ROUSE","27d":"ERROR","28d":"MOTIF","29d":"OWEN","30d":"VINCI","31d":"ERICA","32d":"RENAL","34d":"CLEO","38d":"AROMA","39d":"EYEOF","42d":"FORWARD","45d":"UNDERGO","47d":"WISHES","48d":"DOFFED","50d":"MEUSE","51d":"CAFE","52d":"ARIA","53d":"NOEL","54d":"DELI","55d":"COOK","56d":"TORI","57d":"SAL","60d":"TEE"}}