{"numbers":[["1","2","3","4","-","5","6","7","8","-","9","10","11","12","13"],["14","","","","-","15","","","","-","16","","","",""],["17","","","","-","18","","","","-","19","","","",""],["20","","","","21","","","","","22","","","","","-"],["-","-","-","23","","","","-","-","24","","","-","-","-"],["-","25","26","","","","-","27","28","","-","29","30","31","32"],["33","","","-","34","","35","","","-","-","36","","",""],["37","","","38","","","","","","39","40","","","",""],["41","","","","-","-","42","","","","","-","43","",""],["44","","","","-","45","","","-","46","","47","","","-"],["-","-","-","48","49","","-","-","50","","","","-","-","-"],["-","51","52","","","","53","54","","","","","55","56","57"],["58","","","","","-","59","","","","-","60","","",""],["61","","","","","-","62","","","","-","63","","",""],["64","","","","","-","65","","","","-","66","","",""]],"clues":{"1a":"Shakes up","5a":"Moonshine-to-be","9a":"Architectural afterthought","14a":"Like crazy","15a":"Until","16a":"Hang (over)","17a":"Patrick's \"Ghost\" co-star","18a":"Knock out","19a":"Like interstates","20a":"Practical joker's buy","23a":"Kind of fin","24a":"Sapporo sash","25a":"Fake jewelry","27a":"Marked a ballot","29a":"Charming","33a":"Publicize","34a":"Banana oil, e.g.","36a":"Major affiliation","37a":"Practical joker's buy","41a":"Centers of activity","42a":"Bucks","43a":"Impress mightily","44a":"Once around the sun","45a":"Will-o'-the-wisp site","46a":"Special interest grps.","48a":"Pithecologist's study","50a":"Lhasa ___ (terrier type)","51a":"Practical joker's buy","58a":"See 6-Down","59a":"Brazen","60a":"Bring on board","61a":"Sound","62a":"Kaput","63a":"Similar","64a":"Smile upon","65a":"Cleaning solutions","66a":"Work at a bar","1d":"Figurine material","2d":"___ Raymond, originator of \"Flash Gordon\"","3d":"Easy victory","4d":"Clown's props","5d":"Least lucid","6d":"With 58-Across, certain victims","7d":"Stagger","8d":"\"Dukes of Hazzard\" boss","9d":"Robin Williams forte","10d":"Involve with, unwillingly","11d":"Seaman-novelist who served on the Pilgrim","12d":"Abbr. on a phone","13d":"Nancy Drew's boyfriend","21d":"\"Shane\" or \"Stagecoach\"","22d":"How some pkgs. come","25d":"Nettle","26d":"Resort island off Venezuela","27d":"TV tube material","28d":"Consequently","30d":"Artist Grant Wood, e.g.","31d":"Steamship staffs","32d":"Rochester's beloved","33d":"Wan","35d":"What the hands may show","38d":"Sharon and Shamir","39d":"Charleston ladies","40d":"\"Will Rogers Follies\" prop","45d":"Turkish topper","47d":"\"Big deal!\"","49d":"Change at Chihuahua","50d":"Jibe","51d":"Music category","52d":"Junction point","53d":"Whom a wannabe wants to be","54d":"The Midshipmen","55d":"Water barrier","56d":"Green land","57d":"Split apart","58d":"Wisk rival"},"answers":{"1a":"JARS","5a":"MASH","9a":"ADDON","14a":"ALOT","15a":"UPTO","16a":"DRAPE","17a":"DEMI","18a":"DRUG","19a":"LANED","20a":"EXPLODINGCIGAR","23a":"TAIL","24a":"OBI","25a":"PASTE","27a":"XED","29a":"NICE","33a":"AIR","34a":"ESTER","36a":"TORY","37a":"SQUIRTINGFLOWER","41a":"HUBS","42a":"MOOLA","43a":"AWE","44a":"YEAR","45a":"FEN","46a":"ASSNS","48a":"APE","50a":"APSO","51a":"SNEEZINGPOWDER","58a":"FOOLS","59a":"DARE","60a":"HIRE","61a":"AUDIO","62a":"OVER","63a":"AKIN","64a":"BLESS","65a":"LYES","66a":"TEND","1d":"JADE","2d":"ALEX","3d":"ROMP","4d":"STILTS","5d":"MUDDIEST","6d":"APRIL","7d":"STUN","8d":"HOGG","9d":"ADLIB","10d":"DRAGINTO","11d":"DANA","12d":"OPER","13d":"NED","21d":"OATER","22d":"COD","25d":"PIQUE","26d":"ARUBA","27d":"XENON","28d":"ERGO","30d":"IOWAN","31d":"CREWS","32d":"EYRE","33d":"ASHY","35d":"TIME","38d":"ISRAELIS","39d":"FLAPPERS","40d":"LASSO","45d":"FEZ","47d":"SOWHAT","49d":"PESOS","50d":"AGREE","51d":"SOUL","52d":"NODE","53d":"IDOL","54d":"NAVY","55d":"DIKE","56d":"ERIN","57d":"REND","58d":"FAB"}}