{"numbers":[["1","2","3","4","5","-","6","7","8","9","-","10","11","12","13","14","-","15","16","17","18","19","-"],["20","","","","","-","21","","","","-","22","","","","","-","23","","","","","24"],["25","","","","","-","26","","","","-","27","","","","","-","28","","","","",""],["-","-","29","","","30","","","","","31","","","","","","32","","","","","",""],["33","34","","-","35","","","-","-","36","","","-","-","-","37","","","-","38","","",""],["39","","","40","","","","41","42","","","","43","44","45","","","","46","-","47","",""],["48","","","","","-","49","","","","","-","50","","","-","51","","","52","-","-","-"],["53","","","","-","54","","","","-","-","55","","","","56","-","57","","","58","59","60"],["61","","","","62","","-","63","","64","65","","","","","","66","-","67","","","",""],["68","","","-","69","","70","","-","71","","","","-","-","72","","73","","-","74","",""],["-","-","-","75","","","","-","76","","","","-","77","78","","","","-","79","","",""],["80","81","82","","","","","83","","","","","84","","","","","","85","","","",""],["86","","","","-","87","","","","","-","88","","","","-","89","","","","-","-","-"],["90","","","-","91","","","","-","-","92","","","","-","93","","","","-","94","95","96"],["97","","","98","","-","99","","100","101","","","","","102","","-","103","","104","","",""],["105","","","","","106","-","107","","","","","-","-","108","","109","","-","110","","",""],["-","-","-","111","","","112","-","113","","","-","114","115","","","","-","116","","","",""],["117","118","119","-","120","","","121","","","","122","","","","","","123","","","","",""],["124","","","125","-","126","","","-","-","-","127","","","-","-","128","","","-","129","",""],["130","","","","131","","","","132","133","134","","","","135","136","","","","137","","-","-"],["138","","","","","","-","139","","","","","-","140","","","","-","141","","","142","143"],["144","","","","","","-","145","","","","","-","146","","","","-","147","","","",""],["-","148","","","","","-","149","","","","","-","150","","","","-","151","","","",""]],"clues":{"1a":"Truman's birthplace","6a":"Pass over","10a":"Cutesy farewells","15a":"Get to the point?","20a":"Garment cut","21a":"Dieter's spread","22a":"\"You papers ___ order\"","23a":"Bartender's stock","25a":"1982 Barry Levinson film","26a":"Bragg or Lee, e.g.","27a":"David Copperfield's mother","28a":"Take the wrong way","29a":"Start of a quip by stand-up comic Brian Kiley","33a":"Lived","35a":"FDR mentor","36a":"Abner's partner","37a":"1969 Omar Sharif role","38a":"Poet's contraction","39a":"Part 2 of the quip","47a":"M.D.'s","48a":"Armada members","49a":"Excludes","50a":"Dumas's \"La Dame ___ Camelias\"","51a":"Ear-related","53a":"Farmland unit","54a":"Fortunes profiles","55a":"Martina's rival, once","57a":"\"Hogan's Heroes\" setting","61a":"Boat on the Seine","63a":"Part 3 of the quip","67a":"Liqueur word","68a":"Election Day victors","69a":"See 111 Across","71a":"Incapacitate","72a":"\"Addams Family\" nickname","74a":"Go to pieces","75a":"Critic Huxtable and others","76a":"One held in thrall","77a":"Regular hangout","79a":"First name in fashion","80a":"Part 4 of the quip","86a":"Driver's seat","87a":"Alphabetize, e.g.","88a":"Plate watchers","89a":"Son of Aphrodite","90a":"Self expression?","91a":"Golfer Norman","92a":"Harness race","93a":"Author Lustbader","94a":"Hay area","97a":"Pied-billed bird","99a":"Part 5 of the quip","103a":"Neville Brand TV western","105a":"West End street, with \"The\"","107a":"Baptism and confirmation","108a":"___ en scene","110a":"\"Like ___ lump it\"","111a":"With 69 Across, Requiem hymn","113a":"Frequent Powell co-star","114a":"Royal George","116a":"Synagogue, in Yiddish: Var.","117a":"Xanthippe","120a":"Part 6 of the quip","124a":"From the U.S. of A.","126a":"Just like","127a":"Add-on","128a":"Start of three John Wayne titles","129a":"Draft-card issuer: Abbr.","130a":"End of the quip","138a":"Overrun","139a":"Parlance","140a":"Performances for one","141a":"Wise guy","144a":"Start of a carol","145a":"Colorful aquarium fish","146a":"Author Sarah ___ Jewett","147a":"Qum resident","148a":"Three-time Masters winner","149a":"\"I Left My Heart ___ Francisco\"","150a":"Cape ___, N.C.","151a":"One of the Barrymores","1d":"Literary collie","2d":"Benazir's father","3d":"Little attire?","4d":"All over again","5d":"Starts back at page one","6d":"Tap alternative","7d":"Boy gets / loses / gets girl, e.g.","8d":"Prefix with gram or train","9d":"Just some","10d":"Puget Sound city","11d":"Woody's boy","12d":"Common office decor","13d":"They may be put on","14d":"Grab","15d":"Gullywashers","16d":"On the safe side","17d":"Galileo, for one","18d":"Tied","19d":"Hand over","24d":"Moves a muscle","30d":"Catch","31d":"Loafers","32d":"Football Hall of Fame locale","33d":"Mustard plant","34d":"Prendergast's school","40d":"Sport in which players wear metal jackets","41d":"Gush","42d":"Birthday-party tradition","43d":"Book about Nineveh's fall","44d":"1970 Brando movie","45d":"Script word","46d":"Leave in the lurch","52d":"Jam ingredient?","54d":"Gallery employee","55d":"Hairdressers' creations","56d":"Play matchmaker","58d":"Poet Jones","59d":"Texaco rival","60d":"Mount","62d":"Igor, to Frankenstein","64d":"Sheik's peer?","65d":"Runner Lewis","66d":"Hair salon worker","70d":"\"Every man... can tame ___ but he that hath her\": Burton","73d":"Germfree","75d":"Branch","76d":"Weathervane abbr.","77d":"Seven, in compounds","78d":"Martino and Molinaro","79d":"Pennies: Abbr.","80d":"Victors in 1840 and 1848","81d":"\"Damn Yankees\" hit","82d":"Cartoon hunter","83d":"Award for Ngaio Marsh","84d":"Some medical plans, for short","85d":"Caesar's partner","91d":"Guardian spirits","92d":"\"I thought ___ never leave!\"","93d":"Author Wharton","94d":"6.5-quarter bottle","95d":"Nonalcoholic brew brand","96d":"Provinces","98d":"Deleterious","100d":"Storage site","101d":"Plane on an aircraft carrier","102d":"John Ciardi's \"___ a Man\"","104d":"\"Little Caesar\" role","106d":"Like some milk powder","109d":"More bespangled","112d":"Bank deposit?","114d":"Literature Nobelist Heinrich","115d":"\"Robert's ___ Order\"","116d":"Kurtz of TV's \"Sisters\"","117d":"Gymnast Comaneci","118d":"Straightens out","119d":"Media mogul David","121d":"Papeete's land","122d":"British farmer","123d":"Hint from Heloise","125d":"\"Don't You Know?\" singer, 1959","131d":"Nora's pooch","132d":"Paradise paradigm","133d":"Algonquin Round Table members","134d":"Celebratory dance","135d":"Study","136d":"Radius neighbor","137d":"Catalogue","142d":"Small number","143d":"Less than 142 Down"},"answers":{"1a":"LAMAR","6a":"SPAN","10a":"TATAS","15a":"TAPER","20a":"ALINE","21a":"OLEO","22a":"AREIN","23a":"OLIVES","25a":"DINER","26a":"FORT","27a":"CLARA","28a":"RESENT","29a":"IWENTTOABOOKSTOREANDI","33a":"WAS","35a":"AES","36a":"LUM","37a":"CHE","38a":"NEER","39a":"ASKEDTHEWOMANBEHIND","47a":"DRS","48a":"SHIPS","49a":"OMITS","50a":"AUX","51a":"OTIC","53a":"ACRE","54a":"CEOS","55a":"CHRIS","57a":"STALAG","61a":"BATEAU","63a":"THECOUNTER","67a":"CREME","68a":"INS","69a":"IRAE","71a":"MAIM","72a":"TISH","74a":"ROT","75a":"ADAS","76a":"SERF","77a":"HAUNT","79a":"COCO","80a":"WHERETHESELFHELPSECTION","86a":"HELM","87a":"ORDER","88a":"UMPS","89a":"EROS","90a":"IAM","91a":"GREG","92a":"TROT","93a":"ERIC","94a":"MOW","97a":"GREBE","99a":"WASSHESAID","103a":"LAREDO","105a":"STRAND","107a":"RITES","108a":"MISE","110a":"ITOR","111a":"DIES","113a":"LOY","114a":"BRETT","116a":"SCHUL","117a":"NAG","120a":"IFITOLDYOUTHATWOULD","124a":"AMER","126a":"ALA","127a":"ELL","128a":"RIO","129a":"SSS","130a":"DEFEATTHEWHOLEPURPOSE","138a":"INFEST","139a":"IDIOM","140a":"SOLI","141a":"SOLON","144a":"ADESTE","145a":"TETRA","146a":"ORNE","147a":"IRANI","148a":"SNEAD","149a":"INSAN","150a":"FEAR","151a":"ETHEL","1d":"LAD","2d":"ALI","3d":"MINISKIRTS","4d":"ANEW","5d":"REREADS","6d":"SOFTSHOE","7d":"PLOT","8d":"AERO","9d":"NOTALOT","10d":"TACOMA","11d":"ARLO","12d":"TEAK","13d":"AIRS","14d":"SNATCH","15d":"TORRENTS","16d":"ALEE","17d":"PISAN","18d":"EVENED","19d":"RENDER","24d":"STIRS","30d":"NET","31d":"BUMS","32d":"OHIO","33d":"WASABI","34d":"ASHCAN","40d":"EPEE","41d":"EMOTE","42d":"WISH","43d":"NAHUM","44d":"BURN","45d":"EXIT","46d":"DITCH","52d":"CAR","54d":"CURATOR","55d":"COIFFURES","56d":"SETUP","58d":"LEROI","59d":"AMOCO","60d":"GETON","62d":"AIDE","64d":"EMEER","65d":"CARL","66d":"RINSER","70d":"ASHREW","73d":"STERILE","75d":"ARM","76d":"SSE","77d":"HEPTA","78d":"ALS","79d":"CTS","80d":"WHIGS","81d":"HEART","82d":"ELMER","83d":"EDGAR","84d":"HMOS","85d":"COCA","91d":"GENII","92d":"THEYD","93d":"EDITH","94d":"METHUSELAH","95d":"ODOULS","96d":"WORLDS","98d":"BAD","100d":"SILO","101d":"STOL","102d":"IMET","104d":"RICO","106d":"DEFATTED","109d":"STARRIER","112d":"SILT","114d":"BOLL","115d":"RULESOF","116d":"SWOOSIE","117d":"NADIA","118d":"AMENDS","119d":"GEFFEN","121d":"TAHITI","122d":"YEOMAN","123d":"TIP","125d":"REESE","131d":"ASTA","132d":"EDEN","133d":"WITS","134d":"HORA","135d":"PORE","136d":"ULNA","137d":"SORT","142d":"ONE","143d":"NIL"}}