{"numbers":[["1","2","3","4","5","-","6","7","8","-","-","9","10","11","12"],["13","","","","","-","14","","","-","15","","","",""],["16","","","","","-","17","","","18","","","","",""],["-","19","","","","20","","","-","21","","","","",""],["-","-","-","22","","","-","23","24","","","","-","-","-"],["25","26","27","","","","-","28","","","","","29","30","31"],["32","","","","","-","33","","","","","-","34","",""],["35","","","","","-","36","","","-","37","38","","",""],["39","","","-","40","41","","","","-","42","","","",""],["43","","","44","","","","","-","45","","","","",""],["-","-","-","46","","","","","-","47","","","-","-","-"],["48","49","50","","","","-","51","52","","","","53","54","-"],["55","","","","","","56","","","-","57","","","","58"],["59","","","","","-","60","","","-","61","","","",""],["62","","","","-","-","63","","","-","64","","","",""]],"clues":{"1a":"Expire, as a membership","6a":"Show hosts, for short","9a":"Fill","13a":"Secretary of State Root","14a":"Dadaist Hans","15a":"Like Old King Cole","16a":"Baseball bigwig Bud","17a":"Assurance","19a":"Not brand-name","21a":"Spring blooms","22a":"Wildebeest","23a":"Entomological stage","25a":"Less original","28a":"Monks and nuns","32a":"Apartment sign","33a":"Lebanese symbol","34a":"Soup container","35a":"Immense, poetically","36a":"Mine find","37a":"Lift the spirits of","39a":"From ___ Z","40a":"Most Egyptians","42a":"Meet official","43a":"Louvre highlight","45a":"Insult","46a":"1983 Streisand role","47a":"Scottish denial","48a":"Value","51a":"Lethargy","55a":"Prohibition establishment","57a":"Chain of hills","59a":"Country music's Tucker","60a":"Drunk's problem, with \"the\"","61a":"Near Eastern chieftain","62a":"Bettor's starter","63a":"Opposite of WNW","64a":"Pores over","1d":"Broadway's \"___ Miz\"","2d":"Words after shake or break","3d":"Mass","4d":"Roof worker","5d":"Noted name in puzzling","6d":"Biblical trio","7d":"Fancy term for 5-Down and 15-Down","8d":"Vacation destination","9d":"Grad-to-be","10d":"Liberal ___","11d":"Corner","12d":"Potato features","15d":"Noted name in puzzling","18d":"Lasso","20d":"Capek play","24d":"Styles","25d":"It may come in a head","26d":"Kemo Sabe's companion","27d":"Crazy as ___","29d":"\"___, I saw ...\"","30d":"Eroded","31d":"Dummy Mortimer","33d":"Slide","38d":"Cable choice","41d":"Washer cycle","44d":"\"Roger,\" at sea","45d":"___ for the books","48d":"Film dog","49d":"Breadth","50d":"Faxed","52d":"Wall Street abbr.","53d":"Brainstorm","54d":"Like some cheeses","56d":"Suffix added to fruit names","58d":"Speech stumbles"},"answers":{"1a":"LAPSE","6a":"MCS","9a":"SATE","13a":"ELIHU","14a":"ARP","15a":"MERRY","16a":"SELIG","17a":"GUARANTEE","19a":"GENERIC","21a":"IRISES","22a":"GNU","23a":"IMAGO","25a":"STALER","28a":"VOTARIES","32a":"TOLET","33a":"CEDAR","34a":"CAN","35a":"ENORM","36a":"ORE","37a":"ELATE","39a":"ATO","40a":"ARABS","42a":"TIMER","43a":"MONALISA","45a":"OFFEND","46a":"YENTL","47a":"NAE","48a":"ASSESS","51a":"INERTIA","55a":"SPEAKEASY","57a":"RIDGE","59a":"TANYA","60a":"DTS","61a":"AMEER","62a":"ANTE","63a":"ESE","64a":"READS","1d":"LES","2d":"ALEG","3d":"PILE","4d":"SHINGLER","5d":"EUGENETMALESKA","6d":"MAGI","7d":"CRUCIVERBALISTS","8d":"SPA","9d":"SENIOR","10d":"ARTS","11d":"TREE","12d":"EYES","15d":"MARGARETFARRAR","18d":"RIATA","20d":"RUR","24d":"MODES","25d":"STEAM","26d":"TONTO","27d":"ALOON","29d":"ICAME","30d":"EATEN","31d":"SNERD","33d":"COAST","38d":"LIFETIME","41d":"RINSE","44d":"AYEAYE","45d":"ONE","48d":"ASTA","49d":"SPAN","50d":"SENT","52d":"NYSE","53d":"IDEA","54d":"AGED","56d":"ADE","58d":"ERS"}}