{"numbers":[["1","2","3","4","5","-","6","7","8","9","-","10","11","12","13"],["14","","","","","-","15","","","","-","16","","",""],["17","","","","","-","18","","","","-","19","","",""],["20","","","","","21","-","22","","","23","","","",""],["24","","","","-","25","26","","","","","","-","-","-"],["-","-","-","27","28","","","","-","-","29","","30","31","-"],["32","33","34","-","35","","","","-","36","","","","","37"],["38","","","39","","","","-","40","","","","","",""],["41","","","","","","-","42","","","","-","43","",""],["-","44","","","","-","-","45","","","","46","-","-","-"],["-","-","-","47","","48","49","","","","-","50","51","52","53"],["54","55","56","","","","","","-","57","58","","","",""],["59","","","","-","60","","","61","-","62","","","",""],["63","","","","-","64","","","","-","65","","","",""],["66","","","","-","67","","","","-","68","","","",""]],"clues":{"1a":"Swiss city on the Rhine","6a":"\"Jake's Thing\" author","10a":"Nice shindigs","14a":"Allan-___ (Robin Hood cohort)","15a":"Carry on","16a":"\"___ Fire\" (Springsteen hit)","17a":"Paris site","18a":"\"___ partridge in a...\"","19a":"Kind of fountain","20a":"Runaway, of a sort","22a":"Runway, of a sort","24a":"Book-lined rooms","25a":"London site","27a":"Cartoonist Bushmiller","29a":"Twofold","32a":"Game award, for short","35a":"Make a pot","36a":"Skin layer","38a":"Rome site","40a":"Amsterdam site","41a":"Drop out","42a":"Seat for two or more","43a":"\"You don't ___!\"","44a":"___-tiller","45a":"They beat deuces","47a":"Florence site","50a":"Not on land","54a":"Upset-minded teams","57a":"Positions","59a":"Big 10's ___ State","60a":"Letter encl.","62a":"Moscow site","63a":"Derby","64a":"Ended","65a":"Off","66a":"River to the North Sea","67a":"Corn bread","68a":"Having an irregular edge","1d":"With ___ breath","2d":"One of the Astaires","3d":"Dresden dweller","4d":"Slip by","5d":"___ majesty","6d":"Mr. Parseghian","7d":"Sea cow","8d":"Kipling story locale","9d":"Legendary Packers QB","10d":"Surgical knife","11d":"Love, Spanish-style","12d":"Italian town, site of a 1796 Napoleon victory","13d":"Fastener","21d":"N.F.L. standout Lott","23d":"Not a main route","26d":"Naldi of silents","28d":"1964 Four Seasons hit","30d":"\"___ 'n'Andy\"","31d":"Trevi Fountain coin","32d":"Classic sports cars","33d":"Turn sharply","34d":"Somewhat, in music","36d":"LOSS","37d":"High overhead?","39d":"Money for Mason","40d":"\"Cheers\" role","42d":"Harold of politics","46d":"Pianist Gyorgy","48d":"Noted children's writer","49d":"An encouraging word","51d":"Defunct treaty org.","52d":"Group character","53d":"Unanimously","54d":"Nimble","55d":"Birds Eye product","56d":"___-over","58d":"\"___kleine Nachtmusik\"","61d":"Afore"},"answers":{"1a":"BASEL","6a":"AMIS","10a":"BALS","14a":"ADALE","15a":"RANT","16a":"IMON","17a":"TEXAS","18a":"ANDA","19a":"SODA","20a":"ELOPER","22a":"AIRSTRIP","24a":"DENS","25a":"ONTARIO","27a":"ERNIE","29a":"DUAL","32a":"MVP","35a":"ANTE","36a":"DERMIS","38a":"GEORGIA","40a":"NEWYORK","41a":"SECEDE","42a":"SOFA","43a":"SAY","44a":"ROTO","45a":"TREYS","47a":"ALABAMA","50a":"ASEA","54a":"SPOILERS","57a":"TENETS","59a":"PENN","60a":"SASE","62a":"IDAHO","63a":"RACE","64a":"OVER","65a":"NOTON","66a":"YSER","67a":"PONE","68a":"EROSE","1d":"BATED","2d":"ADELE","3d":"SAXON","4d":"ELAPSE","5d":"LESE","6d":"ARA","7d":"MANATEE","8d":"INDIA","9d":"STARR","10d":"BISTOURY","11d":"AMOR","12d":"LODI","13d":"SNAP","21d":"RONNIE","23d":"SIDEWAY","26d":"NITA","28d":"RAGDOLL","30d":"AMOS","31d":"LIRA","32d":"MGS","33d":"VEER","34d":"POCO","36d":"DEFEAT","37d":"SKY","39d":"RETAINER","40d":"NORM","42d":"STASSEN","46d":"SANDOR","48d":"AESOP","49d":"BRAVO","51d":"SEATO","52d":"ETHOS","53d":"ASONE","54d":"SPRY","55d":"PEAS","56d":"ONCE","58d":"EINE","61d":"ERE"}}