{"numbers":[["1","2","3","4","5","6","-","-","7","8","9","-","10","11","12"],["13","","","","","","-","14","","","","-","15","",""],["16","","","","","","-","17","","","","-","18","",""],["-","-","19","","","-","20","","","","","21","","",""],["22","23","","-","24","25","","","","","-","26","","",""],["27","","","28","","","","","-","-","29","","","",""],["30","","","","-","31","","","32","-","33","","","-","-"],["34","","","","35","-","36","","","-","37","","","38","39"],["-","-","40","","","-","41","","","42","-","43","","",""],["44","45","","","","-","-","46","","","47","","","",""],["48","","","","-","49","50","","","","","-","51","",""],["52","","","","53","","","","","-","54","55","","-","-"],["56","","","-","57","","","","-","58","","","","59","60"],["61","","","-","62","","","","-","63","","","","",""],["64","","","-","65","","","-","-","66","","","","",""]],"clues":{"1a":"Hang up one's jersey","7a":"Roll of bills","10a":"Chi. time zone","13a":"It ties the score","14a":"Palatine Hill site","15a":"Pi follower","16a":"Less messy","17a":"Actor Estrada","18a":"___-hoo","19a":"Old bandleader Edmundo","20a":"Keeled over","22a":"Library censures","24a":"Eats at the beach","26a":"They follow morns","27a":"Common suntanning locale","29a":"Eager to leave the picnic?","30a":"Atlanta Hawks arena, with \"The\"","31a":"Bites ineffectually","33a":"\"Blech!\"","34a":"Olympics skiing champion Alberto","36a":"\"Car 54, Where Are You?\" creator Hiken","37a":"Tiny mark","40a":"Nope's opposite","41a":"Was friends with","43a":"\"My People\" author","44a":"Xerox copy, for short","46a":"Equestrian competition","48a":"Director Kazan","49a":"Plains Indian","51a":"Woman's bio word","52a":"Jackie's hats","54a":"Turndowns","56a":"Prince Edward, e.g.: Abbr.","57a":"Sailor's direction","58a":"Rambo types","61a":"Classical start","62a":"Iodine source","63a":"To whom the Parthenon was dedicated","64a":"Vane direction","65a":"Speech pauses","66a":"Prepare fruit for eating","1d":"Stimpy's pal","2d":"Adam's apple?","3d":"Little Anthony and the Imperials hit","4d":"\"___ the Night,\" 1985 film","5d":"___ Peanut Butter Cups","6d":"Drop the ball","7d":"Not so good","8d":"Wrong","9d":"Hockey fake","10d":"1970 Vincent Price film","11d":"Huzzahs","12d":"Foot, in slang","14d":"Poker-table phrase","20d":"Nowheresville","21d":"Hangs like an earring","22d":"It can be soft or blind","23d":"___ sapiens","25d":"18-wheeler","28d":"Rush Limbaugh target","29d":"\"___ Wiedersehen\"","32d":"Backs","35d":"G.I.'s address","38d":"Tweety's home","39d":"Bender, of a sort","42d":"Very early","44d":"Fixes diapers","45d":"Moliere miss and namesakes","47d":"Group of 100","49d":"Gondola guide","50d":"Nancy Kerrigan jumps","53d":"Shirr","55d":"Publishing notable Adolph","58d":"Like the woman of Chaillot","59d":"\"A Chorus Line\" showstopper","60d":"Rueful"},"answers":{"1a":"RETIRE","7a":"WAD","10a":"CST","13a":"EVENER","14a":"ROME","15a":"RHO","16a":"NEATER","17a":"ERIK","18a":"YOO","19a":"ROS","20a":"PASSEDOUT","22a":"SHS","24a":"ERODES","26a":"AFTS","27a":"POOLSIDE","29a":"ANTSY","30a":"OMNI","31a":"GUMS","33a":"UGH","34a":"TOMBA","36a":"NAT","37a":"FLECK","40a":"YEP","41a":"KNEW","43a":"EBAN","44a":"REPRO","46a":"DRESSAGE","48a":"ELIA","49a":"PAWNEE","51a":"NEE","52a":"PILLBOXES","54a":"NOS","56a":"ISL","57a":"ALEE","58a":"MACHOS","61a":"NEO","62a":"KELP","63a":"ATHENA","64a":"SSW","65a":"ERS","66a":"DESEED","1d":"REN","2d":"EVE","3d":"TEARSONMYPILLOW","4d":"INTO","5d":"REESES","6d":"ERR","7d":"WORSE","8d":"AMISS","9d":"DEKE","10d":"CRYOFTHEBANSHEE","11d":"SHOUTS","12d":"TOOTSY","14d":"READEMANDWEEP","20d":"PODUNK","21d":"DANGLES","22d":"SPOT","23d":"HOMO","25d":"RIG","28d":"LIBERAL","29d":"AUF","32d":"STERNS","35d":"APO","38d":"CAGE","39d":"KNEE","42d":"WEE","44d":"REPINS","45d":"ELISES","47d":"SENATE","49d":"POLER","50d":"AXELS","53d":"BAKE","55d":"OCHS","58d":"MAD","59d":"ONE","60d":"SAD"}}