{"numbers":[["1","2","3","4","5","-","6","7","8","9","-","10","11","12","13"],["14","","","","","-","15","","","","16","","","",""],["17","","","","","-","18","","","","","","","",""],["19","","","","","20","-","21","","","","","-","-","-"],["22","","","","-","23","24","","-","25","","","26","27","28"],["29","","","-","30","","","","31","-","32","","","",""],["-","-","-","33","","","","","","34","-","35","","",""],["36","37","38","","","","","","","","39","","","",""],["40","","","","-","41","","","","","","","-","-","-"],["42","","","","43","-","44","","","","","-","45","46","47"],["48","","","","","49","-","50","","","-","51","","",""],["-","-","-","52","","","53","","-","54","55","","","",""],["56","57","58","","","","","","59","-","60","","","",""],["61","","","","","","","","","-","62","","","",""],["63","","","","-","64","","","","-","65","","","",""]],"clues":{"1a":"Challenge authority","6a":"Acronym since 1960","10a":"Off one's trolley","14a":"Napoleon, twice","15a":"Shake makers","17a":"Guys may be attached to them","18a":"Appendectomy, for one","19a":"Mimic","21a":"Covers with a blanket","22a":"Subject of a Thomas Gray ode","23a":"Panama, e.g.","25a":"Physicist's ___ jar","29a":"Hearing aid?","30a":"Divine ___","32a":"Compelled","33a":"Superficial pretenses","35a":"___ -Day vitamins","36a":"Words on romance by Virgil","40a":"Similar","41a":"Schoolwork","42a":"Hold, as one's attention","44a":"Musical \"repeat\" sign","45a":"Calendar mo.","48a":"More expensive","50a":"\"Get the point?\"","51a":"Marginal mark","52a":"Give it ___","54a":"Bad weather for a sailor","56a":"Dessert for the mistaken?","60a":"Loose","61a":"Kind of booth","62a":"Gods' blood","63a":"Moist","64a":"Watch over","65a":"Energetic","1d":"Convene after a break","2d":"Combo bet at Belmont","3d":"King's neighbor","4d":"First name in rock","5d":"Majesty preceder","6d":"Bernardo's bear","7d":"Acts on the basis of 36-Across","8d":"Churchill successor","9d":"Sing door-to-door","10d":"Famous standard maker","11d":"Mr. Onassis","12d":"Referee's decision","13d":"Nine-digit ID: Abbr.","16d":"Shot the breeze","20d":"Zoo critters","24d":"Ten-percenters","26d":"Honorific of Spain","27d":"Stuntman Knievel","28d":"\"Hud\" Oscar winner","30d":"Kind of room","31d":"Walk wearily","33d":"With worthiness of respect","34d":"Nets","36d":"Kitchen staple, once","37d":"Steinbeck emigrant","38d":"Brando's \"___ Zapata!\"","39d":"Pierce Arrow competitor","43d":"Nikola the inventor","45d":"At ___ door","46d":"\"thirty-something\" character","47d":"Stick in the salad?","49d":"Mitchell hero","51d":"Not a whiz kid","53d":"Andy Griffith's TV son","55d":"\"Jeopardy!,\" essentially","56d":"Shrouded","57d":"Purpose","58d":"Trim","59d":"Finale"},"answers":{"1a":"REBEL","6a":"OPEC","10a":"BATS","14a":"EXILE","15a":"SODAJERKS","17a":"MASTS","18a":"OPERATION","19a":"ECHOER","21a":"SNOWS","22a":"ETON","23a":"HAT","25a":"LEYDEN","29a":"TAP","30a":"RIGHT","32a":"DROVE","33a":"VENEERS","35a":"ONEA","36a":"LOVECONQUERSALL","40a":"AKIN","41a":"STUDIES","42a":"RIVET","44a":"SEGNO","45a":"DEC","48a":"DEARER","50a":"SEE","51a":"DELE","52a":"ASHOT","54a":"SQUALL","56a":"HUMBLEPIE","60a":"UNTIE","61a":"ISOLATION","62a":"ICHOR","63a":"DEWY","64a":"TEND","65a":"ZESTY","1d":"REMEET","2d":"EXACTA","3d":"BISHOP","4d":"ELTON","5d":"LESE","6d":"OSO","7d":"POPSTHEQUESTION","8d":"EDEN","9d":"CAROL","10d":"BETSYROSS","11d":"ARI","12d":"TKO","13d":"SSN","16d":"JAWED","20d":"RHINOS","24d":"AGENTS","26d":"DONA","27d":"EVEL","28d":"NEAL","30d":"REC","31d":"TRUDGE","33d":"VENERABLY","34d":"SEINES","36d":"LARD","37d":"OKIE","38d":"VIVA","39d":"REO","43d":"TESLA","45d":"DEATHS","46d":"ELLIOT","47d":"CELERY","49d":"RHETT","51d":"DUNCE","53d":"OPIE","55d":"QUIZ","56d":"HID","57d":"USE","58d":"MOW","59d":"END"}}