{"numbers":[["1","2","3","4","5","-","6","7","8","9","10","-","11","12","13"],["14","","","","","-","15","","","","","-","16","",""],["17","","","","","-","18","","","","","-","19","",""],["-","-","-","20","","21","","","","","","22","","",""],["23","24","25","-","26","","","-","-","-","27","","","",""],["28","","","29","","","","30","31","32","","","","","-"],["33","","","","-","-","-","34","","","","-","-","-","-"],["-","35","","","36","37","38","","","","","39","40","41","-"],["-","-","-","-","42","","","","-","-","-","43","","","44"],["-","45","46","47","","","","","48","49","50","","","",""],["51","","","","","-","-","-","52","","","-","53","",""],["54","","","","","55","56","57","","","","58","-","-","-"],["59","","","-","60","","","","","-","61","","62","63","64"],["65","","","-","66","","","","","-","67","","","",""],["68","","","-","69","","","","","-","70","","","",""]],"clues":{"1a":"\"Alice in Wonderland\" figure","6a":"Disney classic","11a":"Overcrowding antidote, initially","14a":"In ___ (prenatal)","15a":"Film director Resnais","16a":"Different ending","17a":"God","18a":"Minolta rival","19a":"Carrie married to Cavett","20a":"Modern choice #1","23a":"Former Swedish P.M. Ullsten","26a":"Ventnor or Vermont, e.g.: Abbr.","27a":"Sassoon creations","28a":"Modern choice #2","33a":"Theda \"The Vamp\"","34a":"Example, for example","35a":"Modern choice #3","42a":"Triple-layer treat","43a":"Cocoon-stage insect","45a":"Modern choice #4","51a":"Leading","52a":"She sang \"At Seventeen\"","53a":"Give a wave","54a":"Modern choice #5","59a":"That, in Spain","60a":"Suitor","61a":"Hoople or Houlihan","65a":"P.R. concern","66a":"\"Unsafe at Any Speed\" author","67a":"Logical starting point","68a":"First degs.","69a":"Plumbing tool","70a":"Gait problems","1d":"Holy city of Iran","2d":"Tony winner Hagen","3d":"Comic book squeal","4d":"\"___Tu\" ('74 hit)","5d":"Illinois State University site","6d":"Angel","7d":"Jai ___","8d":"Jazz flutist Herbie","9d":"Life story: Abbr.","10d":"Greenhorn","11d":"Showy flower","12d":"Welcome culmination","13d":"Valleys","21d":"Caesar's salad ingredients?","22d":"\"Arabian Nights\" flyer","23d":"Globe","24d":"Riffle","25d":"Earthy prefix","29d":"Egypt and Syr., once","30d":"___ the other","31d":"Milne marsupial","32d":"It's \"hard\" for the French","36d":"\"Do-si-do\" dos","37d":"Muff","38d":"Car monogram of yore","39d":"Jupiter's mother","40d":"Courage","41d":"Bee's charge, in Mayberry","44d":"Shtick","45d":"Cycle parts","46d":"Word in a children's title","47d":"Contemptuous utterance","48d":"Coyote State capital","49d":"Shaver","50d":"Varmint","51d":"Bitter","55d":"Like Robinson Jeffers's stallion","56d":"End notes?","57d":"Need a bath","58d":"Approach the terminal","62d":"Lord of fiction","63d":"Alley from Moo","64d":"Apt. ad info"},"answers":{"1a":"QUEEN","6a":"BAMBI","11a":"ZPG","14a":"UTERO","15a":"ALAIN","16a":"IAL","17a":"MAKER","18a":"CANON","19a":"NYE","20a":"SMOKINGORNON","23a":"OLA","26a":"AVE","27a":"COIFS","28a":"REGULARORDECAF","33a":"BARA","34a":"NOUN","35a":"FORHEREORTOGO","42a":"OREO","43a":"PUPA","45a":"PAPERORPLASTIC","51a":"AHEAD","52a":"IAN","53a":"SET","54a":"CASHORCREDIT","59a":"ESO","60a":"WOOER","61a":"MAJOR","65a":"REP","66a":"NADER","67a":"AXIOM","68a":"BSS","69a":"SNAKE","70a":"LIMPS","1d":"QUM","2d":"UTA","3d":"EEK","4d":"ERES","5d":"NORMAL","6d":"BACKER","7d":"ALAI","8d":"MANN","9d":"BIOG","10d":"INNOCENT","11d":"ZINNIA","12d":"PAYOFF","13d":"GLENS","21d":"OVA","22d":"ROC","23d":"ORB","24d":"LEAF","25d":"AGRO","29d":"UAR","30d":"ONEOR","31d":"ROO","32d":"DUR","36d":"HOEDOWNS","37d":"ERR","38d":"REO","39d":"OPS","40d":"GUTS","41d":"OPIE","44d":"ACT","45d":"PHASES","46d":"AESOPS","47d":"PAH","48d":"PIERRE","49d":"LAD","50d":"ANIMAL","51d":"ACERB","55d":"ROAN","56d":"CODA","57d":"REEK","58d":"TAXI","62d":"JIM","63d":"OOP","64d":"RMS"}}