{"numbers":[["-","-","1","2","3","-","4","5","6","-","7","8","9","-","-"],["-","10","","","","11","","","","12","","","","13","-"],["14","","","","","","","","","","","","","","15"],["16","","","-","17","","","-","18","","","-","19","",""],["20","","","21","-","22","","23","","","-","24","","",""],["-","-","-","25","26","","","","","-","27","","","-","-"],["28","29","30","","","","-","31","","32","","","","33","34"],["35","","","","","","36","-","37","","","","","",""],["38","","","","","","","39","-","40","","","","",""],["-","-","41","","","-","42","","43","","","","-","-","-"],["44","45","","","-","46","","","","","-","47","48","49","50"],["51","","","-","52","","","-","53","","54","-","55","",""],["56","","","57","","","","58","","","","59","","",""],["-","60","","","","","","","","","","","","","-"],["-","-","61","","","-","62","","","-","63","","","-","-"]],"clues":{"1a":"It's not yet due","4a":"Near the taffrail","7a":"Agitator, for short","10a":"Bartender's supply","14a":"Poirot used them to solve mysteries","16a":"Public house mainstay","17a":"\"Artie\" author","18a":"Supportive of","19a":"Familiar solution?","20a":"Ending of many plant names","22a":"Apollo 11's LEM","24a":"Compiègne's river","25a":"Rupture","27a":"Lob","28a":"Rootstock used in tapioca: Var.","31a":"Conspicuous one","35a":"Radioactive ore","37a":"___ \"Che\" Guevara","38a":"Wild","40a":"Bouillabaisse server","41a":"In medias ___","42a":"Dick or Jane","44a":"Issue","46a":"Thermoslike flask","47a":"1979 Village People hit","51a":"Eccentric","52a":"Dick","53a":"Fraternity letters","55a":"Place for a plug","56a":"Offering at the altar","60a":"Catamounts","61a":"Twisted","62a":"Trail","63a":"Kitty","1d":"Absolute","2d":"Weirdo","3d":"\"Man ___ Mancha\"","4d":"It's at one end of the Dardanelles","5d":"Yalta participant","6d":"Shoe reinforcement","7d":"Racketeering statute, for short","8d":"Penultimate day","9d":"Jingoistic","10d":"Titan's locale","11d":"Unite","12d":"Crwth or kithara","13d":"Stone and Stallone","14d":"It's on the books","15d":"Holy ___","21d":"Acknowledged","23d":"Troops","24d":"Hospital employee","26d":"Iniquities","27d":"Quash","28d":"Blackguard","29d":"Remain extant","30d":"Untouchable","32d":"Through street","33d":"Chief Ouray, e.g.","34d":"Shipping quantity","36d":"Extraordinary","39d":"Boar's mate","43d":"Crescive","44d":"Kin of 911 call","45d":"Red-clad cheese","46d":"Handy","48d":"Destined (for)","49d":"Engine pads","50d":"Wall Street wheeler-dealer","52d":"Minuscule","54d":"Marina space","57d":"Sci-fi play of 1923","58d":"George Bush once headed it","59d":"Brit's closet"},"answers":{"1a":"UNO","4a":"AFT","7a":"REB","10a":"STUFFEDOLIVES","14a":"LITTLEGREYCELLS","16a":"ALE","17a":"ADE","18a":"PRO","19a":"LYE","20a":"WORT","22a":"EAGLE","24a":"OISE","25a":"HERNIA","27a":"ARC","28a":"CASAVA","31a":"STANDOUT","35a":"URANITE","37a":"ERNESTO","38a":"RECKLESS","40a":"TUREEN","41a":"RES","42a":"POWELL","44a":"SEED","46a":"DEWAR","47a":"YMCA","51a":"ODD","52a":"TEC","53a":"XIS","55a":"EAR","56a":"SACRIFICIALLAMB","60a":"MOUNTAINLIONS","61a":"WRY","62a":"LAG","63a":"POT","1d":"UTTER","2d":"NUT","3d":"OFLA","4d":"AEGEAN","5d":"FDR","6d":"TOEPLATE","7d":"RICO","8d":"EVE","9d":"BELLICOSE","10d":"SILO","11d":"FEDERATE","12d":"LYRE","13d":"SLYS","14d":"LAW","15d":"SEE","21d":"THANKED","23d":"GIS","24d":"ORDERLY","26d":"EVILS","27d":"ANNUL","28d":"CUR","29d":"ARE","30d":"SACREDCOW","32d":"ARTERIAL","33d":"UTE","34d":"TON","36d":"ESPECIAL","39d":"SOW","43d":"WAXING","44d":"SOS","45d":"EDAM","46d":"DEFT","48d":"MEANT","49d":"CAMS","50d":"ARB","52d":"TINY","54d":"SLIP","57d":"RUR","58d":"CIA","59d":"LOO"}}