{"numbers":[["1","2","3","-","4","5","6","7","8","-","9","10","11","12","-","-","13","14","15","16","17"],["18","","","-","19","","","","","-","20","","","","-","21","","","","",""],["22","","","23","","","","","","24","","","","","-","25","","","","",""],["-","26","","","","-","27","","","","","","-","-","28","","","","","",""],["29","","","","","-","-","30","","","","","31","32","","","","-","33","",""],["34","","","","","35","36","-","37","","","-","38","","","-","39","40","","","-"],["41","","","-","42","","","43","","-","-","44","","","-","45","","","","-","-"],["-","-","-","-","46","","","","","-","47","","","","48","","-","49","","50","51"],["52","53","54","55","","","","","-","56","","","-","57","","","-","-","58","",""],["59","","","","","","","-","60","","","","61","","","-","62","63","","",""],["64","","","","","","-","65","","","","","","","-","66","","","","",""],["67","","","","","-","68","","","","","","","-","69","","","","","",""],["70","","","-","-","71","","","-","72","","","-","73","","","","","","",""],["74","","","75","-","76","","","77","","","-","78","","","","","-","-","-","-"],["-","-","79","","80","","-","81","","","-","-","82","","","","","-","83","84","85"],["-","86","","","","-","87","","","-","88","89","","-","90","","","91","","",""],["92","","","-","93","94","","","","95","","","","96","-","-","97","","","",""],["98","","","99","","","","-","-","100","","","","","101","-","102","","","","-"],["103","","","","","","-","104","105","","","","","","","106","","","","","107"],["108","","","","","","-","109","","","","-","110","","","","","-","111","",""],["112","","","","","-","-","113","","","","-","114","","","","","-","115","",""]],"clues":{"1a":"Yacht heading","4a":"Parson/author of note","9a":"Odds and ends","13a":"Churls","18a":"Kaye's \"___ Big Girl Now\"","19a":"Incensed","20a":"Carpet surface","21a":"Cove","22a":"Opera for singer Cook?","25a":"Smallest amounts","26a":"Sealed","27a":"Cosine's reciprocal","28a":"Modern transportation","29a":"Alternative to Midway","30a":"How Ms. Shore paid for dinner?","33a":"Chang's twin","34a":"Cat ___","37a":"Brooks or Allen","38a":"Sun or moon","39a":"Competitor of Pringles","41a":"Skillful, facetiously","42a":"Muck","44a":"Refrain syllable","45a":"Estevez film \"___ Man\"","46a":"Comedian Sherman","47a":"Soak","49a":"Osso ___ (veal dish)","52a":"Didn't bid again","56a":"Mallorca Mrs.","57a":"Low","58a":"One-man Robert Morse play, 1990","59a":"Graced","60a":"Presided over","62a":"Military headgear","64a":"Provide lodging for","65a":"Man in a fez","66a":"Stage shows","67a":"On ___ boat to China","68a":"Fettered","69a":"Façade feature","70a":"Model airplane, e.g.","71a":"Battle stat.","72a":"Flying formation","73a":"Part of a chemical reaction","74a":"Slight","76a":"Talk insincerely","78a":"Mounted lancer","79a":"\"What's the ___?\"","81a":"LAX posting","82a":"\"Mighty Lak' a Rose\" composer Ethelbert","83a":"Rx writers","86a":"Clinton Cabinet member","87a":"Mideast grp.","88a":"Scrooge's cry","90a":"Hatfields and Mccoys, e.g.","92a":"Police department abbr.","93a":"Song for artist Bonheur?","97a":"Model material","98a":"People","100a":"Beginning for 102 Across","102a":"Results of 100 Across","103a":"They may be blank","104a":"Folk song about an old gossip columnist?","108a":"Hound","109a":"Singer Breton","110a":"Dentist's supply, once","111a":"Gay Nineties, e.g.","112a":"Hard rain?","113a":"Midterm, for one","114a":"Apportioned","115a":"Nonacademic degree","1d":"Family member","2d":"Wreck","3d":"Aviation legend","4d":"Lohengrin's request for an update?","5d":"Auction follower","6d":"Greek H's","7d":"Reflected","8d":"Display item","9d":"Kind of cord","10d":"Cultivated land","11d":"Pipe fitting","12d":"Minuscule","13d":"Streaked gray, as an animal's coat","14d":"Popular science magazine","15d":"Solo at Popeye's wedding?","16d":"Hires new staff, in a way","17d":"Comic actor Arnold","21d":"Abu Dhabi bigwig","23d":"Hamlet","24d":"Roof topper","28d":"Fairy queen","29d":"Brit. decoration","31d":"Miffed","32d":"Archbishop of Canterbury Thomas ___","35d":"Ready to go","36d":"Irritated","40d":"N.Y.P.D. alert","43d":"Like Lear","44d":"Intern","45d":"Density symbol, in Physics","47d":"Sinkside device","48d":"Provincetown catch","50d":"Angler's baskets","51d":"Waited longer than","52d":"Vestlike clerical garments","53d":"Early name in talking machines","54d":"Fictional aunt's padding material?","55d":"Woody's boy","56d":"Running mate of 1972","60d":"All the tea in China","61d":"Rubicund","62d":"What Mrs. Lindberg got at the rooming house?","63d":"Demon's doing","65d":"Colleague of 86 Across","66d":"Hire, as a lawyer","68d":"Cousin of MI6 in spy stories","69d":"Give birth, in a way","71d":"Speedometer info","73d":"Friend of Fidel","75d":"Hair arrangement","77d":"Introduce, with \"out\"","78d":"Given free range, as cattle","80d":"Moisture collector","83d":"Vanishing delivery people","84d":"Piece of cake, maybe","85d":"It sends checks to A.A.R.P. members","86d":"Avis auto","87d":"\"Hey you!\"","88d":"Spend time without one's wife, informally","89d":"Salve ingredient","91d":"Polite address","92d":"Flying saucers","94d":"Seine tributary","95d":"Precipitates","96d":"Put an ___ (halt)","99d":"1990 Indy 500 winner Luyendyk","101d":"Satirist Mort","104d":"Initials in telecommunications","105d":"\"Friend or ___?\"","106d":"\"___ Haw\"","107d":"Cheery yell"},"answers":{"1a":"SSE","4a":"WEEMS","9a":"STEW","13a":"BOORS","18a":"IMA","19a":"HETUP","20a":"PILE","21a":"ARMLET","22a":"BARBARASEVILLE","25a":"MINIMA","26a":"SHUT","27a":"SECANT","28a":"MINIVAN","29a":"OHARE","30a":"DINAHSCARD","33a":"ENG","34a":"BURGLAR","37a":"MEL","38a":"ORB","39a":"LAYS","41a":"EPT","42a":"SLIME","44a":"TRA","45a":"REPO","46a":"ALLAN","47a":"DRENCH","49a":"BUCO","52a":"REPASSED","56a":"SRA","57a":"MOO","58a":"TRU","59a":"ADORNED","60a":"CHAIRED","62a":"BERET","64a":"BILLET","65a":"SHRINER","66a":"REVUES","67a":"ASLOW","68a":"CHAINED","69a":"CEDILLA","70a":"TOY","71a":"MIA","72a":"VEE","73a":"CATALYST","74a":"SNUB","76a":"PALTER","78a":"UHLAN","79a":"RUSH","81a":"ARR","82a":"NEVIN","83a":"MDS","86a":"RENO","87a":"PLO","88a":"BAH","90a":"ENEMIES","92a":"DET","93a":"ROSATRALEE","97a":"BALSA","98a":"INHABIT","100a":"ACORNS","102a":"OAKS","103a":"STARES","104a":"IFIHEDDAHAMMER","108a":"CANINE","109a":"TONI","110a":"ETHER","111a":"ERA","112a":"SLEET","113a":"TEST","114a":"DOLED","115a":"NTH","1d":"SIB","2d":"SMASHUP","3d":"EARHART","4d":"WHATELSASNEW","5d":"EER","6d":"ETAS","7d":"MUSED","8d":"SPECIMEN","9d":"SPINAL","10d":"TILTH","11d":"ELL","12d":"WEE","13d":"BRINDLE","14d":"OMNI","15d":"OLIVEYOUTRULY","16d":"REMANS","17d":"STANG","21d":"AMIR","23d":"BURG","24d":"VANE","28d":"MAB","29d":"OBE","31d":"SORE","32d":"CRANMER","35d":"ALLSET","36d":"RILED","40d":"APB","43d":"MAD","44d":"TRAINEE","45d":"RHO","47d":"DRAINER","48d":"COD","50d":"CREELS","51d":"OUTSAT","52d":"RABATS","53d":"EDISON","54d":"POLLYURETHANE","55d":"ARLO","56d":"SHRIVER","60d":"CHA","61d":"RED","62d":"BEDANNEBOARD","63d":"EVIL","65d":"SHALALA","66d":"RETAIN","68d":"CIA","69d":"CALVE","71d":"MPH","73d":"CHE","75d":"BUN","77d":"TROT","78d":"UNHERDED","80d":"SORBENT","83d":"MILKMEN","84d":"DESSERT","85d":"SSA","86d":"RENTAL","87d":"PST","88d":"BACHIT","89d":"ALOE","91d":"MAAM","92d":"DISCS","94d":"OISE","95d":"RAINS","96d":"ENDTO","99d":"ARIE","101d":"SAHL","104d":"ITT","105d":"FOE","106d":"HEE","107d":"RAH"}}