{"numbers":[["-","-","1","2","3","4","5","-","-","6","7","8","9","10","11"],["-","12","","","","","","-","13","","","","","",""],["14","","","","","","","-","15","","","","","",""],["16","","","","","","","17","","-","18","","","",""],["19","","","","-","-","20","","","21","-","22","","",""],["23","","","","24","-","25","","","","26","-","27","",""],["28","","","","","29","-","30","","","","31","","","-"],["-","-","-","32","","","33","-","34","","","","-","-","-"],["-","35","36","","","","","37","-","38","","","39","40","41"],["42","","","-","43","","","","44","-","45","","","",""],["46","","","47","-","48","","","","-","-","49","","",""],["50","","","","51","-","52","","","53","54","","","",""],["55","","","","","56","","-","57","","","","","",""],["58","","","","","","","-","59","","","","","","-"],["60","","","","","","-","-","61","","","","","-","-"]],"clues":{"1a":"Tops of wine bottles","6a":"Wreak havoc upon","12a":"Gorge","13a":"Undergoes again, as an experience","14a":"Fund-raiser","15a":"Requiring immediate action","16a":"Postprandial drinks","18a":"Dessert pastry","19a":"___ hurrah","20a":"Actor Jannings","22a":"Chest rattle","23a":"Brightened","25a":"Burghoff role on \"M*A*S*H\"","27a":"Columbia, vis-a-vis the ocean","28a":"Entraps","30a":"Nullifies","32a":"Hash house sign","34a":"Info","35a":"Reduces","38a":"Glass ingredient","42a":"Tex-___ (hot cuisine)","43a":"DeMille films","45a":"Exorcist's adversary","46a":"Elderly","48a":"Angry to-do","49a":"Cable TV's C-___","50a":"Scuttlebutt","52a":"Take to court","55a":"Burst inward","57a":"Aficionado","58a":"It stretches across a tennis court","59a":"Bellyached","60a":"They may be liquid","61a":"Tried to catch a conger","1d":"Variety of rummy","2d":"William Tell and others","3d":"Prevalent","4d":"Make a sweater","5d":"Hunting dog","6d":"Tyrannosaurus ___","7d":"Parted company with a horse","8d":"Good physical health","9d":"Nothing special","10d":"Calms","11d":"Hold in high regard","12d":"Stay","13d":"Sojourned","14d":"Strike alternatives","17d":"Muscat is its capital","21d":"Former capital of Nigeria","24d":"\"___-porridge hot...\"","26d":"Word before fire or transit","29d":"Hitchcock's \"The Thirty-Nine ___\"","31d":"Hubble, e.g.","33d":"Cut, as roses","35d":"Peanuts, e.g.","36d":"Frees from liability","37d":"Disfigure","39d":"Ascribed","40d":"Like nuts at a chocolatier's","41d":"French year","42d":"Boater's haven","44d":"Plodding person","47d":"Fellini's \"La ___ Vita\"","51d":"Cheer (for)","53d":"Devoid of moisture","54d":"The dark force","56d":"O.R. personnel"},"answers":{"1a":"CORKS","6a":"RAVAGE","12a":"RAVINE","13a":"RELIVES","14a":"BENEFIT","15a":"EXIGENT","16a":"AMARETTOS","18a":"TORTE","19a":"LAST","20a":"EMIL","22a":"RALE","23a":"LITUP","25a":"RADAR","27a":"GEM","28a":"SNARES","30a":"NEGATES","32a":"EATS","34a":"DOPE","35a":"LESSENS","38a":"SILICA","42a":"MEX","43a":"EPICS","45a":"DEMON","46a":"AGED","48a":"SPAT","49a":"SPAN","50a":"RUMOR","52a":"PROSECUTE","55a":"IMPLODE","57a":"DEVOTEE","58a":"NETCORD","59a":"GRIPED","60a":"ASSETS","61a":"EELED","1d":"CANASTA","2d":"OVERTURES","3d":"RIFE","4d":"KNIT","5d":"SETTER","6d":"REX","7d":"ALIT","8d":"VIGOR","9d":"AVERAGE","10d":"GENTLES","11d":"ESTEEM","12d":"REMAIN","13d":"RESIDED","14d":"BALLS","17d":"OMAN","21d":"LAGOS","24d":"PEASE","26d":"RAPID","29d":"STEPS","31d":"TELESCOPE","33d":"SNIPPED","35d":"LEGUMES","36d":"EXEMPTS","37d":"SCAR","39d":"IMPUTED","40d":"COATED","41d":"ANNEE","42d":"MARINA","44d":"STODGE","47d":"DOLCE","51d":"ROOT","53d":"SERE","54d":"EVIL","56d":"DRS"}}