{"numbers":[["-","1","2","3","4","5","6","7","8","-","9","10","11","12","-"],["13","","","","","","","","","-","14","","","","15"],["16","","","","","","","","","-","17","","","",""],["18","","","-","19","","","-","-","20","","","","",""],["21","","","22","","","","-","23","","","","","",""],["-","-","-","24","","","-","25","","","","","","",""],["-","26","27","","","-","28","","","","","-","29","",""],["30","","","","-","31","","","","","-","32","","",""],["33","","","-","34","","","","","-","35","","","","-"],["36","","","37","","","","","-","38","","","-","-","-"],["39","","","","","","","-","40","","","","41","42","43"],["44","","","","","","-","-","45","","","-","46","",""],["47","","","","","-","48","49","","","","50","","",""],["51","","","","","-","52","","","","","","","",""],["-","53","","","","-","54","","","","","","","","-"]],"clues":{"1a":"Clicker that might be used on a trawler?","9a":"London elevator","13a":"Tibetan V.I.P.","14a":"Plume source","16a":"Starter at an Italian restaurant","17a":"Quick on one's toes","18a":"Shoshonean","19a":"Health resort","20a":"Department store employee","21a":"Behan's \"___ Boy\"","23a":"George Sand, e.g.","24a":"Gene Kelly's \"___ Girls\"","25a":"Loving touches","26a":"German coal region","28a":"Propelled a punt","29a":"Amtrak listing: Abbr.","30a":"One of the Astors","31a":"Is interested","32a":"Caddies carry them","33a":"Bank account amt.","34a":"Vatican City dwellers","35a":"Jetty","36a":"It causes a reaction","38a":"Great noise","39a":"Sparta was its capital","40a":"Have the chair","44a":"Resounding, as a canyon","45a":"TV knob abbr.","46a":"Statehouse V.I.P.","47a":"Left the chair","48a":"Cheese at an Italian restaurant","51a":"\"Put up your ___!\"","52a":"Relinquishes","53a":"Elan","54a":"Solemn hymn","1d":"Piece of a poem","2d":"Change, as hems","3d":"Capuchin monkey","4d":"Racetrack informant","5d":"Confirmation slaps","6d":"Twangy","7d":"Ambulance attendant: Abbr.","8d":"Philosopher's universal","9d":"Scholarly","10d":"Eliza's 'enry","11d":"Chicken dish","12d":"Distance gauge","13d":"Paint unskillfully","15d":"Brewer and Wright","20d":"Parisian papas","22d":"Kill, as a dragon","23d":"Turns white","25d":"Meltdown areas","26d":"City south of Palo Alto","27d":"Salad ingredient","28d":"___ New Guinea","30d":"Throw off the scent","31d":"Some lose sleep over it","32d":"Baking pans","34d":"Most runtlike","35d":"Polish dumpling","37d":"Yankee great Skowron et al.","38d":"Herds","40d":"Call up","41d":"Jim Croce's \"___ Name\"","42d":"Gift getter","43d":"Holiday nights","48d":"Cushion","49d":"Baseball hitter's stat","50d":"Household god, in Roman myth"},"answers":{"1a":"CASTANET","9a":"LIFT","13a":"DALAILAMA","14a":"EGRET","16a":"ANTIPASTO","17a":"AGILE","18a":"UTE","19a":"SPA","20a":"PRICER","21a":"BORSTAL","23a":"PENNAME","24a":"LES","25a":"CARESSES","26a":"SAAR","28a":"POLED","29a":"STA","30a":"MARY","31a":"CARES","32a":"TEES","33a":"INT","34a":"POPES","35a":"PIER","36a":"STIMULUS","38a":"DIN","39a":"LACONIA","40a":"PRESIDE","44a":"ECHOIC","45a":"HOR","46a":"GOV","47a":"AROSE","48a":"PROVOLONE","51a":"DUKES","52a":"ABNEGATES","53a":"ZEST","54a":"DIESIRAE","1d":"CANTO","2d":"ALTER","3d":"SAI","4d":"TIPSTER","5d":"ALAPAS","6d":"NASAL","7d":"EMT","8d":"TAO","9d":"LEARNED","10d":"IGGINS","11d":"FRICASSEE","12d":"TELEMETER","13d":"DAUB","15d":"TERESAS","20d":"PERES","22d":"SLAY","23d":"PALES","25d":"CORES","26d":"SANTACRUZ","27d":"ARTICHOKE","28d":"PAPUA","30d":"MISLEAD","31d":"COLIC","32d":"TINS","34d":"PUNIEST","35d":"PIEROGI","37d":"MOOSES","38d":"DROVES","40d":"PHONE","41d":"IGOTA","42d":"DONEE","43d":"EVES","48d":"PAD","49d":"RBI","50d":"LAR"}}