{"numbers":[["-","-","1","2","3","4","-","-","5","6","7","8","9","10","11"],["-","12","","","","","-","13","","","","","","",""],["14","","","","","","-","15","","","","","","",""],["16","","","-","17","","18","","","","","-","19","",""],["20","","","21","-","22","","","","","-","23","","",""],["24","","","","25","-","26","","","-","27","","","","-"],["28","","","","","29","","","","30","","","-","-","-"],["-","31","","","","","","","","","","","32","33","-"],["-","-","-","34","","","","","","","","","","","35"],["-","36","37","","","-","38","","","-","39","","","",""],["40","","","","-","41","","","","42","-","43","","",""],["44","","","-","45","","","","","","46","-","47","",""],["48","","","49","","","","","-","50","","51","","",""],["52","","","","","","","","-","53","","","","","-"],["54","","","","","","","-","-","55","","","","-","-"]],"clues":{"1a":"Kind of stick","5a":"Guadalajara is its capital","12a":"Contract winner in the paper","13a":"Whom tax evaders fear","14a":"Typical introduction?","15a":"Wiseacres","16a":"Red ___ (sushi fish)","17a":"Man's hat","19a":"Chou En-___","20a":"Name in two constellations","22a":"Less of a risk","23a":"Apportion","24a":"\"___ in Love\" (1973 movie)","26a":"Alien cover?","27a":"Kind of order","28a":"Definitely not a petite","31a":"Made a loser a winner","34a":"\"Enough with your jokes!\"","36a":"Three in 5 Across","38a":"___ U.S. Pat. Off.","39a":"Nile valley area","40a":"It's of alimentary importance","41a":"Branch of biology","43a":"Figuring","44a":"Follower of fresh or foul","45a":"Authorized, in a way","47a":"Moreover","48a":"\"No kidding!\"","50a":"Fiesta brave participant","52a":"Gets extra shut-eye","53a":"Civil rights leader from Mississippi","54a":"Sawbuck","55a":"Presidential candidate of yore","1d":"Famous TV liar","2d":"Start of the Lord's Prayer","3d":"Arthur Murray teaching","4d":"Scares off","5d":"Got overeager","6d":"Part of Will Rogers's real name","7d":"Foreign-exchange listing","8d":"Initials in telecommunications","9d":"Dirty","10d":"Build","11d":"Actor Davis","12d":"Bright at night","13d":"Overdo the wish list","14d":"Check records?","18d":"The Metro","21d":"Penalized in court","23d":"Relative of a cover charge","25d":"Lab burners","27d":"Cause to attack","29d":"Egg warmer?","30d":"Common Market abbr.","32d":"Wranglers","33d":"Galley workers","35d":"Gulliver brute","36d":"Muss up","37d":"Reprobate","40d":"Impose (upon)","41d":"1969 Hoffman role","42d":"Located","45d":"Creator of the Shmoos","46d":"Bight","49d":"Stag attendees","51d":"Johnny ___"},"answers":{"1a":"JOSS","5a":"JALISCO","12a":"SOUTH","13a":"AUDITORS","14a":"STEREO","15a":"SMARTIES","16a":"TAI","17a":"PORKPIE","19a":"LAI","20a":"URSA","22a":"SAFER","23a":"METE","24a":"BLUME","26a":"POD","27a":"SIDE","28a":"SIZETHIRTEEN","31a":"TURNEDTHETIDE","34a":"CANTHECOMEDY","36a":"TRES","38a":"REG","39a":"NUBIA","40a":"FOOD","41a":"RAMUS","43a":"MATH","44a":"OUT","45a":"CANONIC","47a":"TOO","48a":"ISTHATSO","50a":"TORERO","52a":"SLEEPSIN","53a":"EVERS","54a":"TENSPOT","55a":"DEBS","1d":"JOEISUZU","2d":"OUR","3d":"STEP","4d":"SHOOS","5d":"JUMPEDTHEGUN","6d":"ADAIR","7d":"LIRE","8d":"ITT","9d":"SOILED","10d":"CREATE","11d":"OSSIE","12d":"STARLIT","13d":"ASKFORTHEMOON","14d":"STUBS","18d":"RAPIDTRANSIT","21d":"AMERCED","23d":"MINIMUM","25d":"ETNAS","27d":"SETON","29d":"HEN","30d":"EEC","32d":"DEBATERS","33d":"EDITORS","35d":"YAHOO","36d":"TOUSLE","37d":"ROTTEN","40d":"FOIST","41d":"RATSO","42d":"SITED","45d":"CAPP","46d":"COVE","49d":"HES","51d":"REB"}}