{"numbers":[["-","-","1","2","3","4","5","-","-","6","7","8","9","10","11"],["12","13","","","","","","-","14","","","","","",""],["15","","","","","","","-","16","","","","","",""],["17","","","-","-","18","","19","","","","-","20","",""],["21","","","22","-","23","","","","","-","24","","",""],["25","","","","26","-","27","","","-","-","28","","",""],["29","","","","","30","-","31","","32","33","","","",""],["-","-","-","34","","","-","-","-","35","","","-","-","-"],["36","37","38","","","","39","40","-","41","","","42","43","44"],["45","","","","-","-","46","","47","-","48","","","",""],["49","","","","-","50","","","","51","-","52","","",""],["53","","","-","54","","","","","","-","-","55","",""],["56","","","57","","","","-","58","","59","60","","",""],["61","","","","","","","-","62","","","","","",""],["63","","","","","","-","-","64","","","","","-","-"]],"clues":{"1a":"Garden tool","6a":"\"Gimme Shelter\" band, with \"the\"","12a":"Explain visually","14a":"Brecht's \"Mother ___\"","15a":"With 16-Across, Canadian speech","16a":"Anagram of 15-Across","17a":"Kind of fingerprinting, nowadays","18a":"Pollen holder","20a":"By way of","21a":"Left-fielder Ron","23a":"\"For\" words","24a":"Screen ___","25a":"Dubai royalty","27a":"Lush","28a":"Suffix with kitchen","29a":"Reminisce","31a":"Siege site","34a":"Midafternoon on a sundial","35a":"Suffix with sonnet","36a":"Make no change","41a":"Iced dessert","45a":"Heavy reading?","46a":"One for the road","48a":"La Scala locale","49a":"Banned apple spray","50a":"Error's partner","52a":"Druggie's nemesis","53a":"Ukr. neighbor","54a":"Land of ancient Smyrna","55a":"Earl Grey, e.g.","56a":"With 58-Across, hires recording artists again","58a":"Anagram of 56-Across","61a":"___ list","62a":"Enrage","63a":"Satrap","64a":"Ad signs","1d":"Like Rushdie's verses","2d":"Tour org.","3d":"T.W.A. info","4d":"Kind of wheel","5d":"Hams it up","6d":"Boils","7d":"Malaysian gent's title","8d":"Table scrap","9d":"Ingenue's trait","10d":"Self-ish folks","11d":"Upper chambers","12d":"Ebbets Field player","13d":"___ only","14d":"Regain consciousness","19d":"Beginning (then)","22d":"With 24-Down, instructor's turf","24d":"Anagram of 22-Down","26d":"Coasted","30d":"Back talk","32d":"Person in stripes","33d":"Four years, for a President","36d":"Headlined","37d":"The second T in TNT","38d":"Accumulates","39d":"Puzzle direction","40d":"Follow","42d":"Typewriter rollers","43d":"Price cutters, in a sense","44d":"Box up","47d":"___ bran","50d":"Believe it","51d":"Singer Frankie","54d":"Currency premium","57d":"Rascal","59d":"Enlisted V.I.P.","60d":"A superior of 59-Down"},"answers":{"1a":"SPADE","6a":"STONES","12a":"DIAGRAM","14a":"COURAGE","15a":"ONTARIO","16a":"ORATION","17a":"DNA","18a":"STAMEN","20a":"VIA","21a":"GANT","23a":"YESES","24a":"TEST","25a":"EMIRS","27a":"SOT","28a":"ETTE","29a":"RECALL","31a":"FORTRESS","34a":"III","35a":"EER","36a":"STANDPAT","41a":"FRAPPE","45a":"TOME","46a":"CAR","48a":"MILAN","49a":"ALAR","50a":"TRIAL","52a":"NARC","53a":"RUS","54a":"AEOLIA","55a":"TEA","56a":"RESIGNS","58a":"SINGERS","61a":"ENEMIES","62a":"INCENSE","63a":"DESPOT","64a":"NEONS","1d":"SATANIC","2d":"PGA","3d":"ARR","4d":"DAISY","5d":"EMOTES","6d":"SORES","7d":"TUAN","8d":"ORT","9d":"NAIVETE","10d":"EGOISTS","11d":"SENATES","12d":"DODGER","13d":"INNAME","14d":"COMETO","19d":"ASOF","22d":"TRAINER","24d":"TERRAIN","26d":"SLID","30d":"LIP","32d":"REF","33d":"TERM","36d":"STARRED","37d":"TOLUENE","38d":"AMASSES","39d":"ACROSS","40d":"TAIL","42d":"PLATENS","43d":"PARERS","44d":"ENCASE","47d":"RAISIN","50d":"TENET","51d":"LAINE","54d":"AGIO","57d":"IMP","59d":"NCO","60d":"GEN"}}