{"numbers":[["1","2","3","4","-","-","5","6","7","8","-","9","10","11","12"],["13","","","","-","14","","","","","-","15","","",""],["16","","","","-","17","","","","","-","18","","",""],["19","","","-","20","","","","-","-","21","","","",""],["22","","","23","","","","","24","25","","","","",""],["26","","","","","-","-","-","27","","","-","28","",""],["29","","","","-","30","31","32","","","","-","33","",""],["-","-","-","34","35","","","","","","","36","-","-","-"],["37","38","39","-","40","","","","","","-","41","42","43","44"],["45","","","-","46","","","-","-","-","47","","","",""],["48","","","49","","","","50","51","52","","","","",""],["53","","","","","-","-","54","","","","-","55","",""],["56","","","","-","57","58","","","","-","59","","",""],["60","","","","-","61","","","","","-","62","","",""],["63","","","","-","64","","","","-","-","65","","",""]],"clues":{"1a":"Lowly homes","5a":"One of the Simpsons","9a":"Abundantly supplied","13a":"Dairy section purchase","14a":"Overly sentimental","15a":"60's singer Sands","16a":"Knitting loop","17a":"Crude transportation?","18a":"House cat","19a":"House shader","20a":"Baseball's Canseco","21a":"\"On Golden Pond\" Oscar winner","22a":"With 34-Across and 48-Across, Wordsworth lines on Lucy","26a":"Fur type","27a":"Otto I's domain: Abbr.","28a":"Dig this","29a":"Sax, for one","30a":"\"Take the ___\"","33a":"Road hazard","34a":"See 22-Across","37a":"N.Y.C. subway","40a":"\"___ Restaurant\"","41a":"\"Amo, ___, I love a lass...\"","45a":"Sweep at sea","46a":"Chinese discipline","47a":"Pennsylvania folks","48a":"See 22-Across","53a":"Site of the Cambrian Mountains","54a":"Turkish bread","55a":"___ Palmas, Canary Islands","56a":"Model Macpherson","57a":"Equatorial capital","59a":"Huff and puff","60a":"Dissembled","61a":"Shark's line","62a":"Source of sake","63a":"\"The ___ doth protest...\"","64a":"High point","65a":"German border river","1d":"Desire","2d":"Wail","3d":"It can eat you out of house and home","4d":"La preceder","5d":"Verdi's \"___ Miller\"","6d":"Jersey and Guernsey","7d":"\"___ walks in beauty...\"","8d":"Burns's birthplace","9d":"Cut again","10d":"Rowena's inamorato","11d":"Grate expectations?","12d":"Six-carbon molecules","14d":"Farm sounds","20d":"Bump","21d":"Diva Mirella","23d":"Make over","24d":"Banquo, e.g.","25d":"Astronomical butter","30d":"\"Anthony Adverse\" author","31d":"Making bows","32d":"Transportation for Sinbad","35d":"Nuremberg defendants","36d":"Aforementioned","37d":"Dr. Johnson's biographer","38d":"First name in gospel","39d":"Warbled","42d":"Lost","43d":"Obliquely","44d":"Not one to trust","47d":"Sleuth's cry","49d":"Strapped","50d":"Home of the Trojans","51d":"KN03","52d":"Home of the Trojans","57d":"Sine ___ non","58d":"Home of the Trojans","59d":"Old hand"},"answers":{"1a":"HUTS","5a":"LISA","9a":"RICH","13a":"OLEO","14a":"MUSHY","15a":"EVIE","16a":"PURL","17a":"OILER","18a":"MANX","19a":"ELM","20a":"JOSE","21a":"FONDA","22a":"FAIRASASTARWHEN","26a":"OTTER","27a":"HRE","28a":"ORE","29a":"REED","30a":"ATRAIN","33a":"ESS","34a":"ONLYONEIS","37a":"BMT","40a":"ALICES","41a":"AMAS","45a":"OAR","46a":"ZEN","47a":"AMISH","48a":"SHININGINTHESKY","53a":"WALES","54a":"LIRA","55a":"LAS","56a":"ELLE","57a":"QUITO","59a":"PANT","60a":"LIED","61a":"USURY","62a":"RICE","63a":"LADY","64a":"ACME","65a":"ODER","1d":"HOPEFOR","2d":"ULULATE","3d":"TERMITE","4d":"SOL","5d":"LUISA","6d":"ISLES","7d":"SHE","8d":"AYR","9d":"REMOW","10d":"IVANHOE","11d":"CINDERS","12d":"HEXANES","14d":"MOOS","20d":"JAR","21d":"FRENI","23d":"REDO","24d":"THANE","25d":"ARIES","30d":"ALLEN","31d":"TYING","32d":"ROC","35d":"NAZIS","36d":"SAME","37d":"BOSWELL","38d":"MAHALIA","39d":"TRILLED","42d":"MISLAID","43d":"ASKANCE","44d":"SHYSTER","47d":"AHA","49d":"NEEDY","50d":"ILIUM","51d":"NITRE","52d":"TROY","57d":"QUA","58d":"USC","59d":"PRO"}}