{"numbers":[["1","2","3","4","5","-","6","7","8","-","-","9","10","11","12"],["13","","","","","-","14","","","15","-","16","","",""],["17","","","","","18","","","","","19","","","",""],["20","","","","","","","-","21","","","","-","-","-"],["22","","","","-","23","","24","-","25","","","26","27","28"],["-","-","-","29","30","","","","31","","","","","",""],["-","32","33","","","-","-","34","","","-","-","35","",""],["-","36","","","","37","38","","","","39","40","","","-"],["41","","","-","-","42","","","-","-","43","","","","-"],["44","","","45","46","","","","47","48","","","-","-","-"],["49","","","","","","-","50","","","-","51","52","53","54"],["-","-","-","55","","","56","-","57","","58","","","",""],["59","60","61","","","","","62","","","","","","",""],["63","","","","-","64","","","","-","65","","","",""],["66","","","","-","-","67","","","-","68","","","",""]],"clues":{"1a":"Hopeless","6a":"Where the tiller is","9a":"Zingers","13a":"Free","14a":"Colorado skiing mecca","16a":"Not right","17a":"How natives communicate","20a":"Type of mail","21a":"Mighty mite","22a":"___ Rabbit","23a":"Rebuffs","25a":"Sort of","29a":"Droll 1993 best seller","32a":"\"The proof of the pudding ___...\"","34a":"Foofaraw","35a":"Seed","36a":"Dressing-down","41a":"Actor Holm","42a":"Old B'way sign","43a":"Latch ___","44a":"Not the secretive sort","49a":"Innumerable","50a":"Yearbook classmates: Abbr.","51a":"To live, to Livy","55a":"Richard Harris movie of 1977","57a":"Hornless","59a":"Communicating (with)","63a":"Mr. Hulot's creator","64a":"Cabal","65a":"\"___ e Core\" (1954 pop song)","66a":"On ___ (freelancer's terms)","67a":"Mamie Eisenhower, ___ Doud","68a":"Wanderer","1d":"MacLaine's \"Out on ___\"","2d":"Individualist","3d":"Soprano Lehmann","4d":"Heralds","5d":"Look searchingly","6d":"Photographer Richard","7d":"Kind of cry","8d":"Actress Louise","9d":"Tribesmen in the film \"Simba\"","10d":"Wise one","11d":"Singing syllable","12d":"Neighbor of Leb.","15d":"Hispanic community","18d":"\"I came,\" to Caesar","19d":"Reps. and Sens.","24d":"Lillehammer events","26d":"\"Rome ___ built in a day\"","27d":"Part of old discotheque names","28d":"Hedge shrub","30d":"H.S. course","31d":"Palindromic lady","32d":"Three-time World Cup winner","33d":"Sub detector","37d":"It's sold in lots","38d":"Bungle","39d":"On a roll","40d":"Native","41d":"Computer co.","45d":"Spike Lee's \"Malcolm X,\" e.g.","46d":"Uncover","47d":"Old English royal house","48d":"New London grp.","52d":"More bruised","53d":"Diploma word","54d":"New Republic piece","56d":"Related","58d":"Greek letters","59d":"Military sch.","60d":"Rest","61d":"Genevieve, e.g.","62d":"Bach's \"Partita ___ Minor\""},"answers":{"1a":"ALLUP","6a":"AFT","9a":"MOTS","13a":"LOOSE","14a":"VAIL","16a":"AWRY","17a":"INTHEVERNACULAR","20a":"METERED","21a":"ATOM","22a":"BRER","23a":"NOS","25a":"INAWAY","29a":"SEINLANGUAGE","32a":"ISIN","34a":"ADO","35a":"SOW","36a":"TONGUELASHING","41a":"IAN","42a":"SRO","43a":"ONTO","44a":"BLABBERMOUTH","49a":"MYRIAD","50a":"SRS","51a":"ESSE","55a":"ORCA","57a":"ACEROUS","59a":"ONSPEAKINGTERMS","63a":"TATI","64a":"RING","65a":"ANEMA","66a":"SPEC","67a":"NEE","68a":"STRAY","1d":"ALIMB","2d":"LONER","3d":"LOTTE","4d":"USHERSIN","5d":"PEER","6d":"AVEDON","7d":"FAR","8d":"TINA","9d":"MAUMAU","10d":"OWL","11d":"TRA","12d":"SYR","15d":"LATINOS","18d":"VENI","19d":"CONG","24d":"SLALOMS","26d":"WASNT","27d":"AGOGO","28d":"YEW","30d":"ENG","31d":"ADA","32d":"ITALY","33d":"SONAR","37d":"USEDCAR","38d":"ERR","39d":"HOT","40d":"INHERENT","41d":"IBM","45d":"BIOPIC","46d":"BARE","47d":"ORANGE","48d":"USCG","52d":"SORER","53d":"SUMMA","54d":"ESSAY","56d":"AKIN","58d":"ETAS","59d":"OTS","60d":"NAP","61d":"STE","62d":"INE"}}