{"numbers":[["-","1","2","3","4","5","6","-","7","8","9","10","11","12","13"],["14","","","","","","","-","15","","","","","",""],["16","","","","","","","-","17","","","","","",""],["18","","","-","19","","","20","","-","21","","","",""],["22","","","23","-","24","","","","25","-","26","","",""],["27","","","","28","-","29","","","","30","-","31","",""],["-","32","","","","33","-","34","","","","35","","",""],["-","-","-","36","","","37","","","","","","-","-","-"],["38","39","40","","","","","","-","41","","","42","43","-"],["44","","","-","45","","","","46","-","47","","","","48"],["49","","","50","-","51","","","","52","-","53","","",""],["54","","","","55","-","56","","","","57","-","58","",""],["59","","","","","60","","-","61","","","62","","",""],["63","","","","","","","-","64","","","","","",""],["65","","","","","","","-","66","","","","","","-"]],"clues":{"1a":"Buildup","7a":"Literally, soft technique","14a":"Cheyenne ally of old","15a":"Extremely important","16a":"Inflammation of the respiratory tract","17a":"In a silly fashion","18a":"Boomer","19a":"Garcia Mérquez's \"___ Writes to the Colonel\"","21a":"James and Clark","22a":"Business start","24a":"Young boxer, e.g.","26a":"Goes downhill","27a":"Classic name in mail order","29a":"He can hardly give a hoot","31a":"Compass dir.","32a":"Rush","34a":"Actions","36a":"Pictorial","38a":"Secondary listing","41a":"\"Ready ___ ...\"","44a":"Agcy. that monitors smoking hazards","45a":"Dr. Zhivago and others","47a":"Vaccine name","49a":"To be, to Henri","51a":"12-point types","53a":"Old columnist Maxwell","54a":"Kind of gun","56a":"Unabridged editions","58a":"Something to believe in","59a":"Old profs","61a":"Curt","63a":"Pensioner","64a":"First and Second places?","65a":"Prizes","66a":"Fixes","1d":"Old homesteads","2d":"Dive","3d":"___-Locka, Fla.","4d":"Counsel, perhaps","5d":"Chuck","6d":"Comment from Santa","7d":"Glyptologist","8d":"___ tree","9d":"Athletic sort","10d":"30's Interior Secretary","11d":"Paris art treasure, with \"The\"","12d":"Soup go-with","13d":"Book set entirely on the date 6/16/04","14d":"Pretend to be","20d":"Land of Enchantment","23d":"Mideasterner","25d":"R&amp;B singer Bryson","28d":"Poker-faced","30d":"Red foes","33d":"Become eventually","35d":"Arm parts","37d":"Facts","38d":"Start of a chewing out","39d":"Computers' working hours","40d":"Browning, originally","42d":"Biased","43d":"Cold comfort?","46d":"Deer with three-pointed antlers","48d":"Finger-points, when said twice","50d":"Odd","52d":"Put into play","55d":"Desperate","57d":"Petitioned","60d":"Pro ___","62d":"-cat (winter vehicle)"},"answers":{"1a":"GROWTH","7a":"JUJITSU","14a":"ARAPAHO","15a":"EPOCHAL","16a":"CATARRH","17a":"WACKILY","18a":"TNT","19a":"NOONE","21a":"KENTS","22a":"AGRI","24a":"WHELP","26a":"SKIS","27a":"SEARS","29a":"OWLET","31a":"ENE","32a":"SPATE","34a":"MEASURES","36a":"NONVERBAL","38a":"SUBINDEX","41a":"ORNOT","44a":"EPA","45a":"YURIS","47a":"SABIN","49a":"ETRE","51a":"PICAS","53a":"ELSA","54a":"HIRED","56a":"TOMES","58a":"ISM","59a":"EMERITI","61a":"BRUSQUE","63a":"RETIREE","64a":"AVENUES","65a":"ESTEEMS","66a":"REDOES","1d":"GRANGES","2d":"RATTRAP","3d":"OPA","4d":"WARN","5d":"THROW","6d":"HOHOHO","7d":"JEWELLER","8d":"UPA","9d":"JOCK","10d":"ICKES","11d":"THINKER","12d":"SALTINE","13d":"ULYSSES","14d":"ACTAS","20d":"NEWMEXICO","23d":"IRANI","25d":"PEABO","28d":"STONY","30d":"TSARS","33d":"ENDUP","35d":"ULNAE","37d":"VERITIES","38d":"SEEHERE","39d":"UPTIMES","40d":"BARRETT","42d":"OBLIQUE","43d":"TISSUES","46d":"SAMBAR","48d":"NAMES","50d":"EERIE","52d":"SERVE","55d":"DIRE","57d":"SUED","60d":"TEM","62d":"SNO"}}