{"numbers":[["-","-","1","2","3","4","5","-","-","6","7","8","9","-","10","11","12","13","14","15","-"],["16","17","","","","","","-","18","","","","","-","19","","","","","","20"],["21","","","","","","","22","","","","","","-","23","","","","","",""],["24","","","-","25","","","","","-","26","","","27","","","-","28","","",""],["29","","","30","-","31","","","","32","-","33","","","","","-","34","","",""],["35","","","","36","-","37","","","","38","-","39","","","-","40","","","",""],["41","","","","","42","-","43","","","","44","","","-","45","","","","",""],["-","-","-","46","","","47","-","-","48","","","","-","49","","","","-","-","-"],["50","51","52","","","","","53","54","","","","-","55","","","","","56","57","58"],["59","","","","","-","60","","","-","61","","62","","","","","-","63","",""],["64","","","","-","65","","","","66","-","67","","","","","-","68","","",""],["69","","","-","70","","","","","","71","-","72","","","-","73","","","",""],["74","","","75","","","","","-","76","","77","","","","78","","","","",""],["-","-","-","79","","","","-","80","","","","-","-","81","","","","-","-","-"],["82","83","84","","","","-","85","","","","","86","87","-","88","","","89","90","91"],["92","","","","","-","93","","","-","94","","","","95","-","96","","","",""],["97","","","","-","98","","","","99","-","100","","","","101","-","102","","",""],["103","","","","-","104","","","","","105","-","106","","","","107","-","108","",""],["109","","","","110","","","-","111","","","112","","","","","","113","","",""],["114","","","","","","","-","115","","","","","-","116","","","","","",""],["-","117","","","","","","-","118","","","","-","-","119","","","","","-","-"]],"clues":{"1a":"Separates for the wash","6a":"Fashioned","10a":"Puts up","16a":"\"Second Chorus\" star","18a":"Polio was his target","19a":"Brigham Young's settlement","21a":"Shopper's convenience","23a":"Punish, in the lockup","24a":"World chess champ, 1960-61","25a":"___ Lawrence College","26a":"The Bounty's anchorage","28a":"Beer order","29a":"1958 Oscar winner for \"The Big Country\"","31a":"Scare off","33a":"Wyandot Indian","34a":"Point on a radar screen","35a":"Life ___ (emergency gear)","37a":"Muster out of the R.A.F.","39a":"Rev.'s offering","40a":"Coeur d'___, Idaho","41a":"Kind of planning","43a":"Part of R.S.V.","45a":"King during W.W. II","46a":"Vincent Lopez's theme song","48a":"Chemical endings","49a":"___-a-brac","50a":"Itinerant minister","55a":"Bending","59a":"So far","60a":"Boater or stovepipe","61a":"Scene","63a":"Ovett track rival","64a":"Some M&amp;M's","65a":"Hullabaloo","67a":"Slav in the news","68a":"Vandyke place","69a":"Italian countdown word","70a":"\"Gigi\" actress","72a":"Closure","73a":"Electrical problem","74a":"Herpetologist's pets","76a":"Bargain centers","79a":"Ripe for drafting","80a":"Classmate, e.g.","81a":"Kind of hand","82a":"Braggart","85a":"Colonel on the board","88a":"Won skillfully","92a":"Dijon dreams","93a":"Julie Andrews comedy, 1981","94a":"Sweethearts' electricity","96a":"Winter wear","97a":"\"Happy Days Are Here Again\" composer Milton","98a":"Leave angrily with \"off\"","100a":"Jane Campion film, with \"The\"","102a":"Yield","103a":"Common butt of jokes","104a":"Feeling a loss","106a":"Amphion's wife","108a":"First-rate","109a":"Add spice to","111a":"What's going on","114a":"Forestalling, with \"off\"","115a":"Energy sources","116a":"Russian political oddity","117a":"Quick","118a":"Word","119a":"Medicinal herb","1d":"Most outdated","2d":"Pulwar puller","3d":"Truck stop stoppers","4d":"\"Don't ___ on me!\"","5d":"Cauterized","6d":"Red Book author","7d":"Touch","8d":"50's singer Washington","9d":"Bubbles over","10d":"Masthead heading","11d":"Plastics base","12d":"That, in Toledo","13d":"Part of a pen","14d":"Bloodhound","15d":"Play layout","16d":"On the go","17d":"Removes a layer","18d":"Connive","20d":"Brave retreat?","22d":"Do a banquet","27d":"Drove up the wall","30d":"Positions","32d":"Peregrinated","36d":"Robust","38d":"Noted name in I.Q. testing","40d":"Y's associates?","42d":"\"L.A. Law\" lawyer","44d":"Glacial ridge","45d":"Old English coin","47d":"Falcons' nest","49d":"Spaciousness","50d":"Hauls","51d":"Val-d'___ (French resort)","52d":"Winona from Winona","53d":"Olympics logo","54d":"One's own: Prefix","55d":"Look-alike","56d":"Apollo's blood","57d":"Bete-___","58d":"Words on some doors","62d":"Entertaining Jacques","65d":"Clementine's father, e.g.","66d":"Spiny-leafed plants","68d":"Beethoven's Ninth","70d":"Subject of biotech study","71d":"1993 Sinatra album","73d":"Bilked","75d":"Prelude to an airplane bombing","77d":"___ Family Singers","78d":"Offshore A.P.B.","80d":"Tavern keeper","82d":"Rubbernecks","83d":"College board","84d":"Waste cause","85d":"Punster's reward","86d":"Batting champ Tim","87d":"Sink necessity","89d":"Wallachia and Moldavia, today","90d":"Boots","91d":"Execrate","93d":"Tight","95d":"Don who played Barney Fife","98d":"Splurge","99d":"20's \"All American\"","101d":"Like Jabba the Hutt, of \"Star Wars\"","105d":"Swell","107d":"Author Hunter","110d":"Play the game","112d":"Rental sign abbr.","113d":"Part of a crossword aviary"},"answers":{"1a":"SORTS","6a":"MADE","10a":"ERECTS","16a":"ASTAIRE","18a":"SABIN","19a":"DESERET","21a":"CHARGEACCOUNT","23a":"ISOLATE","24a":"TAL","25a":"SARAH","26a":"TAHITI","28a":"LITE","29a":"IVES","31a":"DETER","33a":"HURON","34a":"BLIP","35a":"VESTS","37a":"DEMOB","39a":"SER","40a":"ALENE","41a":"ESTATE","43a":"REVISED","45a":"GEORGE","46a":"NOLA","48a":"ENES","49a":"BRIC","50a":"CIRCUITRIDER","55a":"CROOKING","59a":"ASYET","60a":"LID","61a":"TABLEAU","63a":"COE","64a":"REDS","65a":"MANIA","67a":"CROAT","68a":"CHIN","69a":"TRE","70a":"GINGOLD","72a":"END","73a":"SHORT","74a":"SERPENTS","76a":"OUTLETSTORES","79a":"ONEA","80a":"PEER","81a":"HOUR","82a":"CROWER","85a":"MUSTARD","88a":"SNARED","92a":"REVES","93a":"SOB","94a":"SPARK","96a":"GLOVE","97a":"AGER","98a":"STALK","100a":"PIANO","102a":"EMIT","103a":"NERD","104a":"PINING","106a":"NIOBE","108a":"ACE","109a":"ENLIVEN","111a":"CURRENTEVENTS","114a":"STAVING","115a":"ATOMS","116a":"TSARIST","117a":"SPEEDY","118a":"NEWS","119a":"SENNA","1d":"STALEST","2d":"OAR","3d":"RIGS","4d":"TREAD","5d":"SEARED","6d":"MAO","7d":"ABUT","8d":"DINAH","9d":"ENTHUSES","10d":"EDITOR","11d":"RESIN","12d":"ESO","13d":"CELLBLOCK","14d":"TRAILER","15d":"SETTING","16d":"ACTIVE","17d":"SHAVES","18d":"SCHEME","20d":"TEEPEE","22d":"CATER","27d":"IRED","30d":"STANCES","32d":"ROVED","36d":"STOUT","38d":"BINET","40d":"AEIOU","42d":"ELI","44d":"SERAC","45d":"GROAT","47d":"ATLANTA","49d":"BREADTH","50d":"CARTS","51d":"ISERE","52d":"RYDER","53d":"RINGS","54d":"IDIO","55d":"CLONE","56d":"ICHOR","57d":"NOIRE","58d":"GENTS","62d":"BREL","65d":"MINER","66d":"ALOES","68d":"CHORALE","70d":"GENES","71d":"DUETS","73d":"STUNG","75d":"POWERDIVE","77d":"TRAPP","78d":"SOS","80d":"PUBLICAN","82d":"CRANES","83d":"REGENTS","84d":"OVERLAP","85d":"MOAN","86d":"RAINES","87d":"DRAIN","89d":"ROMANIA","90d":"EVICTS","91d":"DETEST","93d":"STINGY","95d":"KNOTTS","98d":"SPEND","99d":"KNUTE","101d":"OBESE","105d":"GROW","107d":"EVAN","110d":"VIE","112d":"RMS","113d":"ERN"}}