{"numbers":[["1","2","3","4","-","5","6","7","8","9","-","10","11","12","13"],["14","","","","-","15","","","","","-","16","","",""],["17","","","","18","","","","","","-","19","","",""],["20","","","","","","","","-","21","22","","","",""],["-","-","-","23","","","","-","24","","","","","-","-"],["25","26","27","","","","-","28","","","","","","29","30"],["31","","","-","32","","33","","","-","34","","","",""],["35","","","36","-","37","","","","38","-","39","","",""],["40","","","","41","-","42","","","","43","-","44","",""],["45","","","","","46","","","-","47","","48","","",""],["-","-","49","","","","","-","50","","","","-","-","-"],["51","52","","","","","-","53","","","","","54","55","56"],["57","","","","-","58","59","","","","","","","",""],["60","","","","-","61","","","","","-","62","","",""],["63","","","","-","64","","","","","-","65","","",""]],"clues":{"1a":"Like some eagles or tires","5a":"Poker Flat chronicler","10a":"Price","14a":"\"Now ___ me down...\"","15a":"Dillies","16a":"Patron saint of physicians","17a":"In need","19a":"\"Miss ___ Regrets\"","20a":"Former Washington nine","21a":"Journalists Joseph and Stewart","23a":"Bog","24a":"Dutch painter Jan","25a":"Actor Peter","28a":"Fleet cats","31a":"Comic Costello","32a":"___ incognita","34a":"Psalms word","35a":"\"Bon\" words","37a":"Appears","39a":"Flintstones pet","40a":"Bit of clowning","42a":"Soup ingredients","44a":"Cattle call","45a":"Newborns","47a":"Shortly","49a":"End of a tunnel, proverbially","50a":"Came in horizontally","51a":"Manhandler","53a":"Fellow crew member","57a":"Have an itch for","58a":"\"Fantastic!\"","60a":"1949 hit \"___ in Love With Amy\"","61a":"Sky-hued flower","62a":"Shoe support","63a":"Glassmaker's oven","64a":"Broadcasts","65a":"Asserts","1d":"Invitations","2d":"A lily","3d":"Mowing site","4d":"Ball of fire","5d":"Feted ones","6d":"Tennis's Agassi","7d":"Collectors' cars","8d":"Robert Morse stage role","9d":"Subject of a will","10d":"Shut up","11d":"In a tenuous position","12d":"Leave hastily","13d":"1994 film \"Guarding ___\"","18d":"Like Pisa's tower","22d":"Sediment","24d":"Humiliate","25d":"Broadway tune \"___ River\"","26d":"Ten-___ odds","27d":"Not with it","28d":"Northern Indians","29d":"Vietnam's capital","30d":"\"Darn it!\"","33d":"Rent out again","36d":"Presaging trouble","38d":"One-way transporters","41d":"Zoo fixture","43d":"Cuts","46d":"Pulses","48d":"Owns up to","50d":"Protected, as the feet","51d":"Subject to court-martial, maybe","52d":"Curse","53d":"Bedaze","54d":"Taj Mahal site","55d":"\"___ also serve who ...\"","56d":"Hot times on the Riviera","59d":"Little: Suffix"},"answers":{"1a":"BALD","5a":"HARTE","10a":"COST","14a":"ILAY","15a":"ONERS","16a":"LUKE","17a":"DOWNANDOUT","19a":"OTIS","20a":"SENATORS","21a":"ALSOPS","23a":"MIRE","24a":"STEEN","25a":"OTOOLE","28a":"CHEETAHS","31a":"LOU","32a":"TERRA","34a":"SELAH","35a":"MOTS","37a":"SEEMS","39a":"DINO","40a":"ANTIC","42a":"LEEKS","44a":"MOO","45a":"NEONATES","47a":"INABIT","49a":"LIGHT","50a":"SLID","51a":"ABUSER","53a":"SHIPMATE","57a":"WANT","58a":"OUTOFSIGHT","60a":"ONCE","61a":"BLUET","62a":"TREE","63a":"LEHR","64a":"SENDS","65a":"SAYS","1d":"BIDS","2d":"ALOE","3d":"LAWN","4d":"DYNAMO","5d":"HONOREES","6d":"ANDRE","7d":"REOS","8d":"TRU","9d":"ESTATE","10d":"CLOSETED","11d":"OUTONALIMB","12d":"SKIP","13d":"TESS","18d":"ATILT","22d":"LEES","24d":"SHAME","25d":"OLMAN","26d":"TOONE","27d":"OUTTOLUNCH","28d":"CREES","29d":"HANOI","30d":"SHOOT","33d":"RELET","36d":"SINISTER","38d":"SKILIFTS","41d":"CAGE","43d":"SNIPS","46d":"THROBS","48d":"ADMITS","50d":"SHOED","51d":"AWOL","52d":"BANE","53d":"STUN","54d":"AGRA","55d":"THEY","56d":"ETES","59d":"ULE"}}