{"numbers":[["1","2","3","4","-","5","6","7","8","9","10","-","11","12","13"],["14","","","","-","15","","","","","","-","16","",""],["17","","","","18","","","","","","","-","19","",""],["20","","","","","","-","21","","","-","22","","",""],["-","-","-","-","23","","24","-","25","","26","","","",""],["27","28","29","30","","","","31","-","32","","","","-","-"],["33","","","","-","34","","","35","-","36","","","37","38"],["39","","","","-","40","","","","41","-","42","","",""],["43","","","","44","-","45","","","","-","46","","",""],["-","-","47","","","48","-","49","","","50","","","",""],["51","52","","","","","53","-","54","","","-","-","-","-"],["55","","","","-","56","","57","-","58","","59","60","61","62"],["63","","","-","64","","","","65","","","","","",""],["66","","","-","67","","","","","","-","68","","",""],["69","","","-","70","","","","","","-","71","","",""]],"clues":{"1a":"Kindergarten instruction","5a":"Onetime La Scala tenor","11a":"Shake up","14a":"Brook","15a":"Unlocked","16a":"Hollywood's Thurman","17a":"Star of \"The Invisible Man\"","19a":"Hoover, for one","20a":"Zeus or Jupiter, e.g.","21a":"School grp.","22a":"Wood-shaping tool","23a":"Fleur-de-___","25a":"Mr. Sondheim","27a":"Not left in the lurch","32a":"\"The Time Machine\" people","33a":"Speckled horse","34a":"Poet Wilfred","36a":"Meanies","39a":"Religious offshoot","40a":"Pay by mail","42a":"Onetime Texaco rival","43a":"Not on the level","45a":"Talkative Barrett","46a":"Prefix with plasm","47a":"Not cleric","49a":"Two-pointer, the hard way","51a":"Comes out","54a":"Kin of calypso music","55a":"Beats it","56a":"Piggie","58a":"Orientals, e.g.","63a":"Belief","64a":"Star of \"The Vanishing\" (1993 version)","66a":"Bedlam site","67a":"Spoke from the soapbox","68a":"Pull off a coup","69a":"Author Beattie","70a":"Choir voices","71a":"Minus","1d":"Electrical paths","2d":"Gyp","3d":"Ali, once","4d":"Coin that's not a coin","5d":"One who shares a masthead billing","6d":"___ financing (car ad phrase)","7d":"Sow's opposite","8d":"Rightmost column","9d":"A century in Washington","10d":"___ bodkins","11d":"Star of \"Without a Trace\"","12d":"Flabbergast","13d":"Japanese noodle soup","18d":"Kewpie","22d":"Orbiting points","24d":"Betsy Ross, e.g.","26d":"\"Don't Bring Me Down\" rock band","27d":"Nocturnal bear?","28d":"They might be heard a thousand times","29d":"Star of \"Missing\"","30d":"All broken up","31d":"Disband, postwar","35d":"Hirschfeld hides them","37d":"This, in Madrid","38d":"Chimney grit","41d":"Ale mugs","44d":"Barrister's headgear","48d":"The \"c\" in etc.","50d":"Actress Lemmons","51d":"\"My Fair Lady\" lady","52d":"Stoneworker","53d":"Divans","57d":"Newts","59d":"False god","60d":"Dickensian chill","61d":"Eerie loch","62d":"Concorde et al.","64d":"Book after Esther","65d":"A stingy fellow?"},"answers":{"1a":"ABCS","5a":"CARUSO","11a":"JAR","14a":"RILL","15a":"OPENED","16a":"UMA","17a":"CLAUDERAINS","19a":"DAM","20a":"SKYGOD","21a":"PTA","22a":"ADZE","23a":"LIS","25a":"STEPHEN","27a":"UNJILTED","32a":"ELOI","33a":"ROAN","34a":"OWEN","36a":"OGRES","39a":"SECT","40a":"REMIT","42a":"ESSO","43a":"ASKEW","45a":"RONA","46a":"ECTO","47a":"LAIC","49a":"BANKSHOT","51a":"EMERGES","54a":"SKA","55a":"LAMS","56a":"TOE","58a":"ASIANS","63a":"ISM","64a":"JEFFBRIDGES","66a":"ZOO","67a":"ORATED","68a":"OUST","69a":"ANN","70a":"BASSES","71a":"LESS","1d":"ARCS","2d":"BILK","3d":"CLAY","4d":"SLUG","5d":"COEDITOR","6d":"APR","7d":"REAP","8d":"UNITS","9d":"SENATE","10d":"ODS","11d":"JUDDHIRSCH","12d":"AMAZE","13d":"RAMEN","18d":"DOLL","22d":"APOGEES","24d":"SEWER","26d":"ELO","27d":"URSA","28d":"NOES","29d":"JACKLEMMON","30d":"INTEARS","31d":"DEMOB","35d":"NINAS","37d":"ESTO","38d":"SOOT","41d":"TANKARDS","44d":"WIG","48d":"CETERA","50d":"KASI","51d":"ELIZA","52d":"MASON","53d":"SOFAS","57d":"EFTS","59d":"IDOL","60d":"AGUE","61d":"NESS","62d":"SSTS","64d":"JOB","65d":"BEE"}}