{"numbers":[["1","2","3","4","-","5","6","7","8","-","9","10","11","12","13"],["14","","","","-","15","","","","-","16","","","",""],["17","","","","-","18","","","","-","19","","","",""],["20","","","","21","","","","","22","","","","",""],["-","-","-","23","","","","-","-","24","","","-","-","-"],["25","26","27","","","","-","28","29","","","","30","31","32"],["33","","","","","-","34","","","","-","-","35","",""],["36","","","","","37","","","","","38","39","","",""],["40","","","-","-","41","","","","-","42","","","",""],["43","","","44","45","","","","-","46","","","","",""],["-","-","-","47","","","-","-","48","","","","-","-","-"],["49","50","51","","","","52","53","","","","","54","55","56"],["57","","","","","-","58","","","","-","59","","",""],["60","","","","","-","61","","","","-","62","","",""],["63","","","","","-","64","","","","-","65","","",""]],"clues":{"1a":"Fitzgerald's forte","5a":"Inter ___","9a":"W.W. I battle site","14a":"Science fiction's ___ Award","15a":"Persuade cagily","16a":"Prime","17a":"Bon Ami rival","18a":"Dog command","19a":"Robert Louis Stevenson home","20a":"NO RUNS","23a":"Observatory site?","24a":"Prepare to shoot","25a":"Have a few","28a":"Takes away (from)","33a":"Very, to Vivaldi","34a":"Muscovite, e.g.","35a":"Ring around the collar","36a":"NO HITS","40a":"Actor Wallach","41a":"1962 Met ___ Chacon","42a":"Backspace, on a computer","43a":"Lorenz Hart, for one","46a":"Razzed","47a":"Music hall tune","48a":"Linkletter subjects","49a":"NO ERRORS","57a":"Reddish equines","58a":"Baker","59a":"Vitamin D source","60a":"\"...the better ___ you with\"","61a":"Memphis's locale","62a":"___ vera","63a":"Flag features","64a":"Without much thought","65a":"TV's \"___ Blue\"","1d":"Ayatollah preceder","2d":"King work","3d":"Mideast potentates","4d":"E.P.A. concern","5d":"Mount up","6d":"Slack","7d":"Sonnet part","8d":"Kerrigan feat","9d":"\"You bet!\"","10d":"Sci-fi energy source","11d":"The Apostle of the Franks","12d":"Coll. course","13d":"Buck","21d":"Be pushy","22d":"Corrode","25d":"Drive","26d":"Tart-tongued writer ___ Ivins","27d":"Washington's ___ House","28d":"One, for one","29d":"Cavern phenomenon","30d":"Exonerate","31d":"Coquette","32d":"Fathered","34d":"Thickness units","37d":"Be lordly","38d":"Beginnings","39d":"Pledge, probably","44d":"One whose work is decreasing?","45d":"Reasons why","46d":"Bus","48d":"Sound at sundown","49d":"Some are liberal","50d":"Geezer","51d":"___ Grande, Ariz.","52d":"Grammy winner Braxton","53d":"More than willing","54d":"Too glib","55d":"Sit (down)","56d":"Managed, with \"out\""},"answers":{"1a":"SCAT","5a":"ALIA","9a":"YPRES","14a":"HUGO","15a":"COAX","16a":"ELECT","17a":"AJAX","18a":"COME","19a":"SAMOA","20a":"HOSIERSBLESSING","23a":"CLUE","24a":"AIM","25a":"IMBIBE","28a":"DETRACTS","33a":"MOLTO","34a":"MICA","35a":"LEI","36a":"PLAYWRIGHTSFEAR","40a":"ELI","41a":"ELIO","42a":"ERASE","43a":"LYRICIST","46a":"JEERED","47a":"RAG","48a":"KIDS","49a":"ACCOUNTANTSHOPE","57a":"ROANS","58a":"OVEN","59a":"MILK","60a":"TOSEE","61a":"NILE","62a":"ALOE","63a":"STARS","64a":"IDLY","65a":"NYPD","1d":"SHAH","2d":"CUJO","3d":"AGAS","4d":"TOXICITY","5d":"ACCRUE","6d":"LOOSE","7d":"IAMB","8d":"AXEL","9d":"YESSIR","10d":"PLASMA","11d":"REMI","12d":"ECON","13d":"STAG","21d":"ELBOW","22d":"EATAT","25d":"IMPEL","26d":"MOLLY","27d":"BLAIR","28d":"DIGIT","29d":"ECHO","30d":"CLEAR","31d":"TEASE","32d":"SIRED","34d":"MILS","37d":"REIGN","38d":"SEEDS","39d":"FRESHMAN","44d":"IRONER","45d":"CAUSES","46d":"JITNEY","48d":"KNELL","49d":"ARTS","50d":"COOT","51d":"CASA","52d":"TONI","53d":"AVID","54d":"OILY","55d":"PLOP","56d":"EKED"}}