{"numbers":[["1","2","3","4","-","5","6","7","8","9","-","10","11","12","13"],["14","","","","-","15","","","","","-","16","","",""],["17","","","","18","","","","","","19","","","",""],["20","","","-","21","","","","-","-","22","","","",""],["-","-","-","23","","","","-","24","25","","","-","-","-"],["26","27","28","","","","-","29","","","","","30","31","-"],["32","","","","-","-","33","","","","","-","34","","35"],["36","","","","37","38","","","","","","39","","",""],["40","","","-","41","","","","","-","-","42","","",""],["-","43","","44","","","","","-","45","46","","","",""],["-","-","-","47","","","","-","48","","","","-","-","-"],["49","50","51","","","-","-","52","","","","-","53","54","55"],["56","","","","","57","58","","","","","59","","",""],["60","","","","-","61","","","","","-","62","","",""],["63","","","","-","64","","","","","-","65","","",""]],"clues":{"1a":"Instance","5a":"Kind of metabolism","10a":"Loading site","14a":"\"... ___forgive our debtors\"","15a":"Get the lead out?","16a":"\"The Cherry Orchard\" miss","17a":"18th-century poet (whose name shares a feature with 36- and 56-Across)","20a":"Sweetheart","21a":"February 14 figure","22a":"Major-league transaction","23a":"It may be proper","24a":"Opera composer Nikolai","26a":"Highlight","29a":"Relieved","32a":"Narrative Byron poem","33a":"Room to ___","34a":"Support","36a":"17th-century dramatist","40a":"United","41a":"Navratilova rival","42a":"Boston athlete","43a":"Natural habitat","45a":"\"Martha\" et al.","47a":"Isolated","48a":"TV sheriff Tupper","49a":"Plus","52a":"Onetime labor chief","53a":"Good name for a cook?","56a":"20th-century writer","60a":"Old song \"___ She Sweet?\"","61a":"Get ___ on","62a":"Churchill prop","63a":"Hwys.","64a":"\"John Brown's Body\" poet","65a":"Linemen","1d":"Daisy Mae's drawer","2d":"\"Days of Grace\" author","3d":"\"M*A*S*H\" actress","4d":"That's amoray","5d":"Rough posting for a foreign correspondent","6d":"Illegal firing","7d":"Processes lumber","8d":"Quiet color","9d":"Dracula actor Christopher","10d":"Traverse a beat","11d":"\"To Live and Die ___\"","12d":"Looked at","13d":"Comic Martha","18d":"Ancient land of Spain","19d":"Leader of '45","23d":"Around","24d":"Eye-cue tests?","25d":"Ocean flier","26d":"Ken-L-Ration competitor","27d":"Queeg's command","28d":"Fish basket","29d":"Wear","30d":"\"Oklahoma!\" aunt","31d":"Singer Reese","33d":"Vista","35d":"Realizes","37d":"Not hands-on","38d":"Tied","39d":"Low-fat desserts","44d":"Picks","45d":"Spanish ___","46d":"Charles's game","48d":"Mightier than","49d":"Partly open","50d":"\"___ was you!\" (mystery denouement)","51d":"Nostalgic song ending","52d":"Middle name in Memphis","53d":"Mr. Musial","54d":"Take care of","55d":"Spends","57d":"Rainy day rarity","58d":"Soul, in Soissons","59d":"Virtuoso"},"answers":{"1a":"CASE","5a":"BASAL","10a":"PIER","14a":"ASWE","15a":"ERASE","16a":"ANYA","17a":"PHILLISWHEATLEY","20a":"PET","21a":"EROS","22a":"TRADE","23a":"NOUN","24a":"OTTO","26a":"ACCENT","29a":"SPELLED","32a":"LARA","33a":"SPARE","34a":"LEG","36a":"PIERRECORNEILLE","40a":"ONE","41a":"EVERT","42a":"CELT","43a":"ELEMENT","45a":"OPERAS","47a":"LONE","48a":"AMOS","49a":"ASSET","52a":"ABEL","53a":"STU","56a":"JOYCECAROLOATES","60a":"AINT","61a":"AMOVE","62a":"CANE","63a":"RTES","64a":"BENET","65a":"ENDS","1d":"CAPP","2d":"ASHE","3d":"SWIT","4d":"EEL","5d":"BEIRUT","6d":"ARSON","7d":"SAWS","8d":"ASH","9d":"LEE","10d":"PATROL","11d":"INLA","12d":"EYED","13d":"RAYE","18d":"LEON","19d":"ATTLEE","23d":"NEAR","24d":"OPART","25d":"TERN","26d":"ALPO","27d":"CAINE","28d":"CREEL","29d":"SPORT","30d":"ELLER","31d":"DELLA","33d":"SCENE","35d":"GETS","37d":"REMOTE","38d":"EVEN","39d":"ICES","44d":"ELECTS","45d":"OMELET","46d":"POLO","48d":"ABOVE","49d":"AJAR","50d":"SOIT","51d":"SYNE","52d":"ARON","53d":"STAN","54d":"TEND","55d":"USES","57d":"CAB","58d":"AME","59d":"ACE"}}