{"numbers":[["1","2","3","4","5","6","7","-","-","8","9","10","11","12","13"],["14","","","","","","","-","15","","","","","",""],["16","","","","","","","-","17","","","","","",""],["18","","","","","-","19","20","","","","","","",""],["21","","","","-","22","","","","","-","-","23","",""],["24","","","-","25","","","","","-","26","27","","",""],["-","28","","29","","","","","","30","","","","","-"],["-","-","-","31","","","-","-","-","32","","","-","-","-"],["-","33","34","","","","35","36","37","","","","38","39","-"],["40","","","","","-","41","","","","","-","42","","43"],["44","","","-","-","45","","","","","-","46","","",""],["47","","","48","49","","","","","-","50","","","",""],["51","","","","","","","-","52","53","","","","",""],["54","","","","","","","-","55","","","","","",""],["56","","","","","","-","-","57","","","","","",""]],"clues":{"1a":"___ temple","8a":"Grippers","14a":"Like the White Rabbit","15a":"Unrefined metal","16a":"Hawk's home","17a":"Benedictine, e.g.","18a":"Bar servings","19a":"December 31 event","21a":"Biblical writing on the wall","22a":"Seasons","23a":"Diamond girl","24a":"Uru. neighbor","25a":"___ Lama","26a":"Supports","28a":"Cable alternative","31a":"\"Double Fantasy\" singer","32a":"Bit of reproof","33a":"Tabloid topics","40a":"Throw for ___","41a":"1980 fadmaker","42a":"Cutup","44a":"Pop hit \"Da ___ Ron Ron\"","45a":"Nice nights","46a":"Crystalline rock","47a":"Diamond point","50a":"Coast","51a":"Version","52a":"Not a run-of-the-mill entertainer","54a":"Milk-curdling agents","55a":"Dock","56a":"Awards for P. D. James","57a":"Letterman lists","1d":"Effluvium","2d":"Pollen bearers","3d":"The original Miss Saigon","4d":"Speak to the Senate","5d":"They have their orders","6d":"Practitioner's suffix","7d":"\"12 Tribes\" painter","8d":"TV transmitter in space","9d":"Cause of gray hair","10d":"Extension","11d":"Camden Yards ennead","12d":"Against","13d":"Tackle box items","15d":"N.B.A. Hall of Famer Bob","20d":"Kyrgyz range","22d":"Permanent place?","25d":"Patron saint of France","26d":"\"Wanna buy ___?\" (old radio comedy line)","27d":"Snack","29d":"Robin Williams film","30d":"Notions holders","33d":"Overwhelmed","34d":"On the horizon","35d":"Sounds of strain","36d":"Prove acceptable to","37d":"Bow to bow, perhaps","38d":"Comeback","39d":"Polish, with \"up\"","40d":"Stick","43d":"Acts foppish","45d":"Vegas equipment","46d":"Top","48d":"Lab vessel","49d":"Landing","50d":"Red's signification","53d":"Sorority letter"},"answers":{"1a":"MASONIC","8a":"TALONS","14a":"INARUSH","15a":"PIGIRON","16a":"ATLANTA","17a":"EREMITE","18a":"SHOTS","19a":"GATORBOWL","21a":"MENE","22a":"SALTS","23a":"LIL","24a":"ARG","25a":"DALAI","26a":"ABETS","28a":"SATELLITEDISH","31a":"ONO","32a":"TUT","33a":"FLYINGSAUCERS","40a":"ALOSS","41a":"RUBIK","42a":"IMP","44a":"DOO","45a":"SOIRS","46a":"SPAR","47a":"HOMEPLATE","50a":"SHORE","51a":"EDITION","52a":"ARTISTE","54a":"RENNETS","55a":"SHORTEN","56a":"EDGARS","57a":"TOPTENS","1d":"MIASMA","2d":"ANTHERS","3d":"SALONGA","4d":"ORATE","5d":"NUNS","6d":"IST","7d":"CHAGALL","8d":"TIROS","9d":"AGER","10d":"LIMB","11d":"ORIOLES","12d":"NOTWITH","13d":"SNELLS","15d":"PETTIT","20d":"ALAI","22d":"SALON","25d":"DENIS","26d":"ADUCK","27d":"BITE","29d":"TOYS","30d":"ETUIS","33d":"FLOODED","34d":"LOOMING","35d":"GROANS","36d":"SUIT","37d":"ABREAST","38d":"RIPOSTE","39d":"SMARTEN","40d":"ADHERE","43d":"PREENS","45d":"SLOTS","46d":"SHIRT","48d":"ETNA","49d":"PIER","50d":"STOP","53d":"RHO"}}