{"numbers":[["1","2","3","4","-","5","6","7","-","-","-","8","9","10","11","-","12","13","14","15","16"],["17","","","","-","18","","","19","20","-","21","","","","-","22","","","",""],["23","","","","24","","","","","","-","25","","","","26","","","","",""],["27","","","","","-","-","28","","","29","-","30","","","","-","31","","",""],["32","","","","","33","34","","","","","35","","","","","36","","-","-","-"],["-","-","-","37","","","","","-","-","38","","","-","-","39","","","40","41","-"],["42","43","44","-","-","45","","","46","-","-","47","","48","-","49","","","","","50"],["51","","","52","-","53","","","","54","55","","","","56","","","-","57","",""],["58","","","","59","","","-","60","","","-","61","","","","-","-","62","",""],["63","","","","","","-","64","","","","-","-","65","","","66","67","","-","-"],["68","","","","","-","69","","","","","70","71","","","-","72","","","73","74"],["-","-","75","","","76","","","-","-","77","","","","-","78","","","","",""],["79","80","","-","-","81","","","82","-","83","","","-","84","","","","","",""],["85","","","-","86","","","","","87","","","","88","","","-","89","","",""],["90","","","91","","","-","92","","","-","-","93","","","","-","-","94","",""],["-","95","","","","","-","-","96","","97","-","-","98","","","99","100","-","-","-"],["-","-","-","101","","","102","103","","","","104","105","","","","","","106","107","108"],["109","110","111","","-","112","","","","-","113","","","","-","-","114","","","",""],["115","","","","116","","","","","117","-","118","","","119","120","","","","",""],["121","","","","","-","122","","","","-","123","","","","","-","124","","",""],["125","","","","","-","126","","","","-","-","-","127","","","-","128","","",""]],"clues":{"1a":"\"My Life as ___\" (1985 film)","5a":"Mandela's org.","8a":"Ultraviolet light protector","12a":"Refinement","17a":"Louise of \"Gilligan's Island\"","18a":"50's war zone","21a":"1977 Scott Turow book","22a":"Slowpoke","23a":"See notepad","25a":"See notepad","27a":"Steve McQueen's TV horse","28a":"Rights org.","30a":"Hot clue","31a":"Like the White Rabbit","32a":"See notepad","37a":"\"___ evil...\"","38a":"Sight from Albertville","39a":"Puccini's Floria","42a":"Spitfire fliers: Abbr.","45a":"Sought by bibliomaniacs","47a":"\"Give ___ rest!\"","49a":"Pertaining to medicine","51a":"Some nest eggs","53a":"See notepad","57a":"Pop music's Plastic ___ Band","58a":"Say it again?","60a":"Transcript figures, for short","61a":"Kinfolk","62a":"Slob's home","63a":"Actress Sally of old Hollywood","64a":"Be an appetizer for","65a":"Follows","68a":"___ store by","69a":"Gives excessive care to","72a":"Bead material","75a":"From a spring","77a":"Legendary Wildcats coach","78a":"Made a whirring sound","79a":"Battery size","81a":"Reagan Secretary of State","83a":"Journal's end","84a":"Printer's ems","85a":"Bug","86a":"See notepad","89a":"Bone: Prefix","90a":"Creditor","92a":"Big Band ___","93a":"Word between up and down","94a":"Gal of song","95a":"\"___ far, far better thing...\": Dickens","96a":"\"Shame!\"","98a":"\"Cheers!\"","101a":"See notepad","109a":"Professional org.","112a":"Co-star for Marlene","113a":"Van ___","114a":"Buddy, in Bologna","115a":"See notepad","118a":"See notepad","121a":"Anklebone","122a":"Plenty, to a bard","123a":"Miniature kangaroo of Australia","124a":"Teen bugbear","125a":"Classy horses","126a":"Cooked","127a":"Brillo rival","128a":"Sparks and namesakes","1d":"Arcade name","2d":"Start-of-meal comment","3d":"Upright","4d":"Allahabad's river","5d":"Rap-sheet letters","6d":"Fireside drink","7d":"Architects","8d":"Teller of tales","9d":"Invigorating","10d":"Deck out with jewels","11d":"8 Down's middle name","12d":"Literary initials","13d":"Shrink","14d":"It's a long story","15d":"Show bias","16d":"Robt. ___","19d":"Reference work: Abbr.","20d":"Gudrun did him in","24d":"Volume","26d":"First ones are special","29d":"Merkel of the movies","33d":"Jitters","34d":"Where bombs burst, so we sing","35d":"Sixth-century date","36d":"Bring ___ end","40d":"See notepad","41d":"Temptations' \"___ Too Proud to Beg\"","42d":"Escalates","43d":"Auerbach of \"The Jack Benny Show\"","44d":"See notepad","46d":"Skating maneuver","48d":"Fast ___","50d":"Holding back, in a way","52d":"Person in a pool","54d":"Unrolled","55d":"Good-___ (amiable)","56d":"Johns, in the Highlands","59d":"1982 Jeff Bridges film","64d":"\"...but we know what ___\"","66d":"Military squad","67d":"___ the ground","69d":"W.W. II miss","70d":"Chicanery","71d":"Goggles","73d":"___-car","74d":"Detroit's Corsair or Citation","76d":"Site of a Marx Brothers movie","78d":"F.B.I. center","79d":"Denver's Lowry, e.g.: Abbr.","80d":"Et ___","82d":"Arctic bird of prey","84d":"French wine center","86d":"Offspring: Abbr.","87d":"Classic play based on a Maugham tale","88d":"Galleys","91d":"Circus young 'un","97d":"Heart printout, for short","99d":"Body shops?","100d":"West coast Floridian","102d":"Called the game","103d":"One grand","104d":"Eddie ___, The Walking Man of baseball","105d":"Old Russian secret-police org.","106d":"Part of a family tree","107d":"\"___ Company\" (Namath film)","108d":"Couples","109d":"Movie pooch","110d":"Argue","111d":"Hacienda division","116d":"Pluralizer","117d":"Shropshire she","119d":"\"Give it ___\"","120d":"Flattens"},"answers":{"1a":"ADOG","5a":"ANC","8a":"PABA","12a":"TASTE","17a":"TINA","18a":"KOREA","21a":"ONEL","22a":"SNAIL","23a":"AGENTAGENT","25a":"EAGLEEAGLE","27a":"RINGO","28a":"ACLU","30a":"LEAD","31a":"LATE","32a":"INDEMNITYINDEMNITY","37a":"SEENO","38a":"ALP","39a":"TOSCA","42a":"RAF","45a":"RARE","47a":"ITA","49a":"IATRIC","51a":"IRAS","53a":"VISIONVISION","57a":"ONO","58a":"STUTTER","60a":"GPA","61a":"CLAN","62a":"STY","63a":"EILERS","64a":"WHET","65a":"ENSUES","68a":"SETNO","69a":"WETNURSES","72a":"NACRE","75a":"FONTAL","77a":"RUPP","78a":"BIRRED","79a":"AAA","81a":"HAIG","83a":"ESE","84a":"MUTTONS","85a":"FLU","86a":"DECKERDECKER","89a":"OSTE","90a":"BILLER","92a":"ERA","93a":"SIDE","94a":"SAL","95a":"ITISA","96a":"FIE","98a":"TOAST","101a":"OCCUPANCYOCCUPANCY","109a":"ASSN","112a":"EMIL","113a":"GOGH","114a":"AMICO","115a":"SPACESPACE","118a":"SPEAKSPEAK","121a":"TALUS","122a":"ENOW","123a":"TUNGO","124a":"ACNE","125a":"ARABS","126a":"DONE","127a":"SOS","128a":"NEDS","1d":"ATARI","2d":"DIGIN","3d":"ONEND","4d":"GANGES","5d":"AKA","6d":"NOG","7d":"CREATORS","8d":"POE","9d":"ANALEPTIC","10d":"BEGEM","11d":"ALLAN","12d":"TSE","13d":"ANALYST","14d":"SAGA","15d":"TILT","16d":"ELEE","19d":"ENCY","20d":"ATLI","24d":"TOME","26d":"EDITIONS","29d":"UNA","33d":"NERVES","34d":"INAIR","35d":"DLIV","36d":"TOAN","40d":"CROSSCROSS","41d":"AINT","42d":"RISES","43d":"ARTIE","44d":"FAULTFAULT","46d":"EIGHT","48d":"ASLEEP","50d":"COY","52d":"STENO","54d":"OPEN","55d":"NATURED","56d":"IANS","59d":"TRON","64d":"WELIKE","66d":"UNIT","67d":"EARTO","69d":"WAAC","70d":"RUSE","71d":"SPECS","73d":"RENTA","74d":"EDSEL","76d":"THERACES","78d":"BUREAU","79d":"AFB","80d":"ALII","82d":"GERFALCON","84d":"MEDOC","86d":"DESC","87d":"RAIN","88d":"KITCHENS","91d":"LIONCUB","97d":"ECG","99d":"SPAS","100d":"TAMPAN","102d":"UMPED","103d":"PIANO","104d":"YOST","105d":"OGPU","106d":"NIECE","107d":"CCAND","108d":"YOKES","109d":"ASTA","110d":"SPAR","111d":"SALA","116d":"ESS","117d":"EWE","119d":"AGO","120d":"KOS"}}