{"numbers":[["1","2","3","4","-","5","6","7","8","9","10","11","12","13","14"],["15","","","","-","16","","","","","","","","",""],["17","","","","-","18","","","","","","","","",""],["19","","","-","20","","","","-","21","","","","","-"],["22","","","-","23","","","","24","","","-","-","-","-"],["25","","","-","26","","","-","27","","","28","29","30","-"],["31","","","32","","-","-","33","","","","","","","34"],["35","","","","-","36","37","","","","-","38","","",""],["39","","","","40","","","","-","-","41","","","",""],["-","42","","","","","","-","43","44","","-","45","",""],["-","-","-","-","46","","","47","","","","-","48","",""],["-","49","50","51","","","-","52","","","","-","53","",""],["54","","","","","","55","","","","-","56","","",""],["57","","","","","","","","","","-","58","","",""],["59","","","","","","","","","","-","60","","",""]],"clues":{"1a":"Market place","5a":"Frank","15a":"Fast time","16a":"Sophocles tragedy","17a":"Realm","18a":"Pioneering step","19a":"Law-enforcement support grp.","20a":"North Carolina school","21a":"Kind of journal","22a":"Gain a lap","23a":"Continuing subscriber","25a":"New Deal initials","26a":"\"The Sultan of Sulu\" writer","27a":"Frightened, in dialect","31a":"Jots","33a":"\"The Scarlet Letter\" topic","35a":"Lit-___ (college study)","36a":"Gravel-voiced singer Mercer","38a":"Double-curved decoration","39a":"The Lone Ranger","41a":"Kafka novel, with \"The\"","42a":"Without varying, in music","43a":"O.T. book","45a":"Year Helsinki was founded","46a":"Verbatim","48a":"\"Xanadu\" rock group","49a":"Golf gimme","52a":"Kick back","53a":"\"In\"","54a":"1978 Barry Manilow hit","56a":"Customary extras: Abbr.","57a":"Made the circuit","58a":"Water trail","59a":"Highly maneuverable warships","60a":"Adamson heroine?","1d":"Sight gags","2d":"\"Friendly\" dinosaurs","3d":"Singly","4d":"Bake sale grp., maybe","5d":"Thwarted","6d":"Wife of Paris","7d":"City at the foot of the Venetian Alps","8d":"Gradually slower, in mus.","9d":"Vindictive","10d":"Row","11d":"Org. of court players","12d":"Parched","13d":"Zola novel, with \"Le\"","14d":"River through Devon","20d":"Times","24d":"1977 Wimbledon winner","28d":"Noun-forming suffix","29d":"Providing strict order","30d":"Modern hairstyle","32d":"Tiny bit","33d":"Novelist Kobo ___","34d":"Tsingtao vista","36d":"Ed of \"Hill Street Blues\"","37d":"Act as a lookout","40d":"Editing device","41d":"Hard to believe","43d":"Wrinkle remover","44d":"Caesar and others","47d":"Send","49d":"Mall carry-along","50d":"Sacred bull","51d":"Utter breathlessly","54d":"1961 Heston role","55d":"Serenade the moon","56d":"Farm femme"},"answers":{"1a":"SHOP","5a":"FOURSQUARE","15a":"LENT","16a":"OEDIPUSREX","17a":"AREA","18a":"INITIATIVE","19a":"PBA","20a":"ELON","21a":"TRADE","22a":"SIT","23a":"RENEWER","25a":"TVA","26a":"ADE","27a":"AFEARD","31a":"IOTAS","33a":"ADULTERY","35a":"CRIT","36a":"MABEL","38a":"OGEE","39a":"KEMOSABE","41a":"TRIAL","42a":"SEMPRE","43a":"ISA","45a":"MDL","46a":"LITERAL","48a":"ELO","49a":"TAPIN","52a":"LOLL","53a":"NOW","54a":"COPACABANA","56a":"ETCS","57a":"ITINERATED","58a":"WAKE","59a":"DESTROYERS","60a":"ELSA","1d":"SLAPSTICK","2d":"HERBIVORES","3d":"ONEATATIME","4d":"PTA","5d":"FOILED","6d":"OENONE","7d":"UDINE","8d":"RIT","9d":"SPITEFUL","10d":"QUARREL","11d":"USTA","12d":"ARID","13d":"REVE","14d":"EXE","20d":"ERAS","24d":"WADE","28d":"ATOR","29d":"REGIMENTAL","30d":"DREADLOCKS","32d":"ATOM","33d":"ABE","34d":"YELLOWSEA","36d":"MARINARO","37d":"ABET","40d":"SPLICER","41d":"TALL","43d":"IRONER","44d":"SALADS","47d":"ELATE","49d":"TOTE","50d":"APIS","51d":"PANT","54d":"CID","55d":"BAY","56d":"EWE"}}