{"numbers":[["1","2","3","4","-","5","6","7","8","-","9","10","11","12","13"],["14","","","","-","15","","","","-","16","","","",""],["17","","","","-","18","","","","-","19","","","",""],["-","20","","","21","","","","","22","","","","","-"],["-","-","-","-","23","","","-","-","24","","","-","-","-"],["25","26","27","28","","","-","29","30","","","-","31","32","33"],["34","","","","","-","35","","","","-","36","","",""],["37","","","","","38","","","","","39","","","",""],["40","","","","-","41","","","","-","42","","","",""],["43","","","-","44","","","","-","45","","","","",""],["-","-","-","46","","","-","-","47","","","-","-","-","-"],["-","48","49","","","","50","51","","","","52","53","54","-"],["55","","","","","-","56","","","","-","57","","","58"],["59","","","","","-","60","","","","-","61","","",""],["62","","","","","-","63","","","","-","64","","",""]],"clues":{"1a":"One who reunes","5a":"Bic or Parker products","9a":"Lox's partner","14a":"Computer offering","15a":"Face shape","16a":"Shade of white","17a":"No ifs,___ or buts","18a":"Soho so-long","19a":"Lounges lazily","20a":"Start of a quip","23a":"Consumed","24a":"Israeli airport","25a":"___ chango (magician's command)","29a":"\"That was close!\"","31a":"Horror film frightener","34a":"Oscar de la ___","35a":"Mimi Sheraton subject","36a":"Obstinate one","37a":"Middle of the quip","40a":"Hor.'s opposite","41a":"___ of March","42a":"French avenue","43a":"It's north of Calif.","44a":"Chance ___ (meet accidentally)","45a":"Not present","46a":"Columbus univ.","47a":"One, in Orleans","48a":"End of the quip","55a":"His beloved was Beatrice","56a":"Old newspaper section","57a":"Hide","59a":"Rags-to-riches writer","60a":"Roughneck","61a":"Bombeck, the columnist","62a":"Hops brews","63a":"Sea eagle","64a":"Cooper's was high","1d":"Internists' org.","2d":"Give temporarily","3d":"Remove, as a knot","4d":"Daydream","5d":"Spud","6d":"Dodge","7d":"European defense grp.","8d":"Dross","9d":"Swell, as a cloud","10d":"Have nothing to do with","11d":"Course game","12d":"A Gardner","13d":"Fleur-de-___","21d":"Old Nick","22d":"Coasters","25d":"Utah city","26d":"Allude (to)","27d":"___ nous","28d":"Editor's mark","29d":"Part of NOW","30d":"Breaks up clods","31d":"Company B awakener","32d":"\".... in tears amid the___ corn\": Keats","33d":"Ism","35d":"Rover's playmate","36d":"Torme and Gibson","38d":"Raise the end of","39d":"Cacophonous tower","44d":"Does a groomsman's job","45d":"Whosoever","46d":"Bewhiskered animal","47d":"Author Sinclair","48d":"Fabric texture","49d":"\"Come Back, Little Sheba\" playwright","50d":"Prod","51d":"Rating a D","52d":"Aboveboard","53d":"Florida's ___ Beach","54d":"Pollster Roper","55d":"A tiny bit","58d":"Ecru"},"answers":{"1a":"ALUM","5a":"PENS","9a":"BAGEL","14a":"MENU","15a":"OVAL","16a":"IVORY","17a":"ANDS","18a":"TATA","19a":"LOLLS","20a":"DOESADOGSLIFE","23a":"ATE","24a":"LOD","25a":"PRESTO","29a":"WHEW","31a":"BAT","34a":"RENTA","35a":"FOOD","36a":"MULE","37a":"OFTENTIMESBEGIN","40a":"VERT","41a":"IDES","42a":"ALLEE","43a":"ORE","44a":"UPON","45a":"ABSENT","46a":"OSU","47a":"UNE","48a":"WITHPUPPYLOVE","55a":"DANTE","56a":"ROTO","57a":"PELT","59a":"ALGER","60a":"GOON","61a":"ERMA","62a":"BEERS","63a":"ERNE","64a":"NOON","1d":"AMA","2d":"LEND","3d":"UNDO","4d":"MUSE","5d":"POTATO","6d":"EVADE","7d":"NATO","8d":"SLAG","9d":"BILLOW","10d":"AVOID","11d":"GOLF","12d":"ERLE","13d":"LYS","21d":"SATAN","22d":"SLEDS","25d":"PROVO","26d":"REFER","27d":"ENTRE","28d":"STET","29d":"WOMEN","30d":"HOES","31d":"BUGLE","32d":"ALIEN","33d":"TENET","35d":"FIDO","36d":"MELS","38d":"TIPUP","39d":"BABEL","44d":"USHERS","45d":"ANYONE","46d":"OTTER","47d":"UPTON","48d":"WALE","49d":"INGE","50d":"URGE","51d":"POOR","52d":"OPEN","53d":"VERO","54d":"ELMO","55d":"DAB","58d":"TAN"}}