{"numbers":[["-","1","2","3","4","5","-","-","6","7","8","9","10","11","12"],["13","","","","","","-","14","","","","","","",""],["15","","","","","","-","16","","","","","","",""],["17","","","","","-","18","","","","","-","19","",""],["-","-","20","","","21","","","-","22","","23","-","-","-"],["24","25","","","-","26","","","27","","-","28","29","30","31"],["32","","","-","33","","","","","-","34","","","",""],["35","","","-","36","","","","","37","","-","38","",""],["39","","","40","","-","41","","","","","-","42","",""],["43","","","","-","44","","","","","-","45","","",""],["-","-","-","46","47","","-","48","","","49","","","-","-"],["50","51","52","-","53","","54","","","-","55","","","56","57"],["58","","","59","","","","","-","60","","","","",""],["61","","","","","","","","-","62","","","","",""],["63","","","","","","","-","-","64","","","","","-"]],"clues":{"1a":"Zubin with a baton","6a":"Old streetlight","13a":"Daley and others","14a":"Gravel-voiced actress","15a":"Iron shortage","16a":"Commit","17a":"Just the highlights","18a":"Slammin' Sam","19a":"Trendy","20a":"Getting better, as wine: Var.","22a":"Up to now","24a":"Size up","26a":"Paints amateurishly","28a":"Almost shut","32a":"Kind of symbol","33a":"One whom Jesus healed","34a":"Rodeo rope","35a":"Dashboard reading, for short","36a":"Leave the pier","38a":"Acquire","39a":"Ask on one's knees","41a":"Had","42a":"Lunch order","43a":"Belgrade dweller","44a":"In abeyance","45a":"Sciences' partner","46a":"Tooth","48a":"Comfort","50a":"Probe","53a":"Some pads","55a":"Accident mementos","58a":"Serves a sentence","60a":"Byrnes of \"77 Sunset Strip\"","61a":"Brown paint, e.g.","62a":"Six-footer?","63a":"Resort locale","64a":"Newspaper section","1d":"Lion's pride?","2d":"It's hard to miss","3d":"Respect","4d":"Nonsense","5d":"Simile center","6d":"Comic Kaplan","7d":"Assuages","8d":"Picture with its own frame","9d":"Wheel bolt holder","10d":"King of comedy","11d":"Part of a pair","12d":"Sound of relief","13d":"Scuff up","14d":"It's hard to say","18d":"Fastens with a pop","21d":"\"I have no ___!\"","23d":"___ chi ch'uan","24d":"Tail ends","25d":"Temptation for Atalanta","27d":"1991 American Conference champs","29d":"It's hard","30d":"Listing","31d":"Sounds off","33d":"Digital-watch readout: Abbr.","34d":"Postal letters","37d":"Have a hunch","40d":"1970 Jackson 5 hit","44d":"Looking while lusting","45d":"Waylay","47d":"Time and again","49d":"In unison","50d":"Tots up","51d":"Afternoon TV fare","52d":"Lifetime achievement Oscar winner Deborah","54d":"Mingo portrayer","56d":"Puerto ___","57d":"Play place","59d":"Take part in a biathlon","60d":"Kipling novel"},"answers":{"1a":"MEHTA","6a":"GASLAMP","13a":"MAYORS","14a":"TALLULAH","15a":"ANEMIA","16a":"OBLIGATE","17a":"RECAP","18a":"SNEAD","19a":"NEW","20a":"AGEING","22a":"YET","24a":"RATE","26a":"DAUBS","28a":"AJAR","32a":"UPC","33a":"LEPER","34a":"RIATA","35a":"MPH","36a":"CASTOFF","38a":"WIN","39a":"PLEAD","41a":"OWNED","42a":"BLT","43a":"SERB","44a":"ONICE","45a":"ARTS","46a":"COG","48a":"SOLACE","50a":"ASK","53a":"FLATS","55a":"SCARS","58a":"DOESTIME","60a":"KOOKIE","61a":"DARKENER","62a":"INSECT","63a":"SPRINGS","64a":"METRO","1d":"MANE","2d":"EYECATCHER","3d":"HOMAGE","4d":"TRIPE","5d":"ASA","6d":"GABE","7d":"ALLAYS","8d":"SLIDE","9d":"LUG","10d":"ALAN","11d":"MATE","12d":"PHEW","13d":"MAR","14d":"TONGUETWISTER","18d":"SNAPSON","21d":"IDEA","23d":"TAI","24d":"RUMPS","25d":"APPLE","27d":"BRONCOS","29d":"JAWBREAKER","30d":"ATILT","31d":"RANTS","33d":"LCD","34d":"RFD","37d":"FEEL","40d":"ABC","44d":"OGLING","45d":"ACCOST","47d":"OFTEN","49d":"ASONE","50d":"ADDS","51d":"SOAP","52d":"KERR","54d":"AMES","56d":"RICO","57d":"SET","59d":"SKI","60d":"KIM"}}