{"numbers":[["1","2","3","4","5","-","6","7","8","9","-","10","11","12","13"],["14","","","","","-","15","","","","-","16","","",""],["17","","","","","18","","","","","-","19","","",""],["20","","","-","21","","","","-","22","23","","","",""],["24","","","25","","","","-","26","","","","-","-","-"],["-","-","-","27","","","-","28","","","","","29","30","-"],["31","32","33","","","-","34","","","","-","35","","","36"],["37","","","","-","38","","","","","-","39","","",""],["40","","","","-","41","","","","-","42","","","",""],["-","43","","","44","","","","-","45","","","-","-","-"],["-","-","-","46","","","","-","47","","","","48","49","50"],["51","52","53","","","","-","54","","","","-","55","",""],["56","","","","-","57","58","","","","","59","","",""],["60","","","","-","61","","","","-","62","","","",""],["63","","","","-","64","","","","-","65","","","",""]],"clues":{"1a":"Sibelius's \"___ Triste\"","6a":"Where pins are made","10a":"Masochist's start","14a":"\"Tempest\" spirit","15a":"Late king of Norway","16a":"Popular rapper","17a":"Impractical idealist","19a":"Venus's home","20a":"Legal add-on","21a":"\"___ goes\" (\"Slaughter-house-Five\" refrain)","22a":"Casserole tidbit","24a":"Port, e.g.","26a":"Son of ___","27a":"Gardner of \"Mogambo\"","28a":"Hollywood comer","31a":"Butler portrayer","34a":"First king of Israel","35a":"Leprechaun's land","37a":"French state","38a":"Father: Prefix","39a":"Oscar-winning song of 1958","40a":"\"The Wind in the Willows\" character","41a":"Deadlocked","42a":"Peacocks do it","43a":"Hook and crew","45a":"Kind of ball or card","46a":"He talked horse sense","47a":"Super-remedy","51a":"Hamlet's weapon","54a":"Jolts","55a":"Copacabana locale","56a":"Send forth","57a":"Performer of prodigious feats","60a":"Set of type","61a":"Sea into which the Amu Darya flows","62a":"Persian","63a":"Deuce topper","64a":"Caravel of 1492","65a":"Strong tastes","1d":"\"Star Wars\" villain","2d":"Went up","3d":"Like some pads","4d":"Et___ (footnote abbr.)","5d":"Slippery","6d":"Spirit","7d":"Scads","8d":"Make antimacassars","9d":"Bad influence","10d":"Cruel employer","11d":"Folic, e.g.","12d":"\"Heigho! the derry oh\" setting","13d":"Tribe in the Winnebago nation","18d":"Early center of Celtic learning","23d":"Sharing adjective","25d":"Daydreamer","26d":"Take ___ for the worse","28d":"Makes happy","29d":"Naval battle site of 1813","30d":"Comics bulldog","31d":"Masterpiece","32d":"Superior to","33d":"Site of a \"Road\" film","34d":"Redeemed","36d":"\"Delta of Venus\" author","38d":"Immature adult male","42d":"Livelihood","44d":"Art today","45d":"Bridle","47d":"Arum lily","48d":"Nordic","49d":"Chinese weight","50d":"Actress Anderson et al.","51d":"Deprived, poetically","52d":"Subject in Virgil's \"Eclogues\"","53d":"Furniture wood","54d":"Don ___","58d":"\"Exodus\" role","59d":"Blue Eagle agcy. of the 30's"},"answers":{"1a":"VALSE","6a":"MATS","10a":"SADO","14a":"ARIEL","15a":"OLAV","16a":"ICET","17a":"DONQUIXOTE","19a":"MILO","20a":"ESE","21a":"SOIT","22a":"NOODLE","24a":"REDWINE","26a":"AGUN","27a":"AVA","28a":"STARLET","31a":"GABLE","34a":"SAUL","35a":"ERIN","37a":"ETAT","38a":"PATRI","39a":"GIGI","40a":"MOLE","41a":"EVEN","42a":"PREEN","43a":"PIRATES","45a":"CUE","46a":"MRED","47a":"CUREALL","51a":"RAPIER","54a":"JARS","55a":"RIO","56a":"EMIT","57a":"PAULBUNYAN","60a":"FONT","61a":"ARAL","62a":"IRANI","63a":"TREY","64a":"NINA","65a":"TANGS","1d":"VADER","2d":"AROSE","3d":"LINED","4d":"SEQ","5d":"ELUSIVE","6d":"MOXIE","7d":"ALOT","8d":"TAT","9d":"SVENGALI","10d":"SIMONLEGREE","11d":"ACID","12d":"DELL","13d":"OTOE","18d":"IONA","23d":"OUR","25d":"WALTERMITTY","26d":"ATURN","28d":"SATES","29d":"ERIE","30d":"TIGE","31d":"GEM","32d":"ATOP","33d":"BALI","34d":"SAVED","36d":"NIN","38d":"PETERPAN","42d":"PURSUIT","44d":"ARE","45d":"CURB","47d":"CALLA","48d":"ARYAN","49d":"LIANG","50d":"LONIS","51d":"REFT","52d":"AMOR","53d":"PINE","54d":"JUAN","58d":"ARI","59d":"NRA"}}