{"numbers":[["1","2","3","4","5","6","7","8","-","9","10","11","12","13","14"],["15","","","","","","","","-","16","","","","",""],["17","","","","","","","","-","18","","","","",""],["19","","","","","","-","20","21","","","","","",""],["22","","","","-","-","23","","","","-","24","","",""],["25","","","","-","26","","","","-","27","","","",""],["-","-","-","28","29","","","","","30","","-","31","",""],["32","33","34","","","","-","-","-","35","","36","","",""],["37","","","-","38","","39","40","41","","","","-","-","-"],["42","","","43","","-","44","","","","-","45","46","47","48"],["49","","","","-","50","","","","-","-","51","","",""],["52","","","","53","","","","-","54","55","","","",""],["56","","","","","","-","57","58","","","","","",""],["59","","","","","","-","60","","","","","","",""],["61","","","","","","-","62","","","","","","",""]],"clues":{"1a":"___ Islands (Pacific group)","9a":"Pink end","15a":"Type of music","16a":"Generic","17a":"Whenever","18a":"VCR user's need","19a":"Props (up)","20a":"Faith","22a":"N.B.A.'s Archibald","23a":"Kind of crazy","24a":"Tennis score","25a":"Perplexed","26a":"Arch site","27a":"Complaint","28a":"Chemical salt","31a":"Postal abbr.","32a":"Monte ___","35a":"Marshaled","37a":"Apollo component","38a":"Having rectangular cells, as a ceiling","42a":"Hue and cry","44a":"Wyoming's Simpson","45a":"Lose it","49a":"Early stock speculator Russell","50a":"Common side order","51a":"\"See you\"","52a":"In ___ (doubled up)","54a":"Serve","56a":"Moolah","57a":"Heartfelt","59a":"Almost any letter in Washington","60a":"Kind of exam","61a":"A day ago, dialectally","62a":"Stopped","1d":"Name in aviation","2d":"Hello and goodbye","3d":"VCR user's need","4d":"Gets stuffed","5d":"Word repeated before \"show\"","6d":"The Beatles' \"Yes ___\"","7d":"Info on a French passport","8d":"Big name in small construction","9d":"On the ocean: Fr.","10d":"Word with block or test","11d":"Temper","12d":"Lori of \"Petticoat Junction\"","13d":"Make thin","14d":"Yielded","21d":"Singer Coolidge","23d":"Dipsomaniac","26d":"Throat problem?","27d":"Bushed","29d":"\"Up and ___!\"","30d":"Govt. investigator","32d":"Graduates' celebration time","33d":"Correspondent","34d":"Conjures up","36d":"Auden verses","39d":"Big blow","40d":"Hugged","41d":"Eddie Murphy flick","43d":"Something remembered","46d":"Floating","47d":"Forthwith","48d":"Respired, dog-style","50d":"Clydesdale outfitter","53d":"Rock music's Motley ___","54d":"Some live by them","55d":"Culture starter","58d":"Small note"},"answers":{"1a":"CAROLINE","9a":"ERASER","15a":"ELEVATOR","16a":"NONAME","17a":"SOMETIME","18a":"MANUAL","19a":"SHORES","20a":"CREDENCE","22a":"NATE","23a":"STIR","24a":"ADIN","25a":"ASEA","26a":"FOOT","27a":"BLEAT","28a":"TARTRATE","31a":"RTE","32a":"CRISTO","35a":"MASSED","37a":"LEM","38a":"EGGCRATE","42a":"ALARM","44a":"ALAN","45a":"SNAP","49a":"SAGE","50a":"SLAW","51a":"TATA","52a":"STITCHES","54a":"WAITON","56a":"DINERO","57a":"POIGNANT","59a":"AVENUE","60a":"ENTRANCE","61a":"YESTER","62a":"DESISTED","1d":"CESSNA","2d":"ALOHAS","3d":"REMOTE","4d":"OVEREATS","5d":"LATE","6d":"ITIS","7d":"NOM","8d":"ERECTOR","9d":"ENMER","10d":"ROAD","11d":"ANNEAL","12d":"SAUNDERS","13d":"EMACIATE","14d":"RELENTED","21d":"RITA","23d":"SOT","26d":"FROG","27d":"BEAT","29d":"ATEM","30d":"TMAN","32d":"CLASSDAY","33d":"RELATIVE","34d":"IMAGINES","36d":"SESTINAS","39d":"GALE","40d":"CLASPED","41d":"RAW","43d":"RETENT","46d":"NATANT","47d":"ATONCE","48d":"PANTED","50d":"SHOER","53d":"CRUE","54d":"WITS","55d":"AGRI","58d":"ONE"}}