{"numbers":[["1","2","3","4","5","-","6","7","8","9","-","10","11","12","13"],["14","","","","","-","15","","","","-","16","","",""],["17","","","","","-","18","","","","-","19","","",""],["20","","","","","21","","","","","22","","","",""],["-","-","-","23","","","","-","-","24","","","","",""],["25","26","27","","","","-","28","29","","","","-","-","-"],["30","","","","-","-","31","","","","","-","32","33","34"],["35","","","","36","37","","","","","","38","","",""],["39","","","-","40","","","","","-","-","41","","",""],["-","-","-","42","","","","","-","43","44","","","",""],["45","46","47","","","","-","-","48","","","","-","-","-"],["49","","","","","","50","51","","","","","52","53","54"],["55","","","","-","56","","","","-","57","","","",""],["58","","","","-","59","","","","-","60","","","",""],["61","","","","-","62","","","","-","63","","","",""]],"clues":{"1a":"Uniform material","6a":"Islamic pilgrimage","10a":"Late opponent of apartheid","14a":"\"___ do\" (turndown)","15a":"One of the back 40, perhaps","16a":"Pole, for instance","17a":"Listens to","18a":"\"Candida\" playwright","19a":"Rent","20a":"You're looking at it","23a":"Grow together again","24a":"Savonarola's offense","25a":"Utterly miserable","28a":"Be the victim of a sting?","30a":"Vulgarian","31a":"Meals","32a":"Semi's front","35a":"You're looking at it","39a":"Laertes, to Polonius","40a":"Knocked in, as a putt","41a":"Farm feed","42a":"Admiral Rickover","43a":"\"___ a Small Hotel\" (Rodgers and Hart hit)","45a":"Portuguese colony until 1975","48a":"Just conclusion?","49a":"You're looking at it","55a":"One given to stretchers","56a":"More than a celebrity","57a":"Reddish-brown","58a":"Re","59a":"Schedule position","60a":"Brookhaven Laboratory site","61a":"___ off (began)","62a":"Patroness of the Argonauts","63a":"Hacienda hands","1d":"Granny, e.g.","2d":"Sundowner","3d":"Didn't just pass","4d":"Rapids shooters","5d":"Matched precisely","6d":"Lacks, briefly","7d":"Pine","8d":"Pull in","9d":"Cowboy's music maker","10d":"Suddenly","11d":"Wheelchair accessway","12d":"Bounders","13d":"\"___ Little Movement\" (Dorsey Brothers hit)","21d":"Go unused","22d":"Proust's \"A la Recherche du Temps ___\"","25d":"Essentials","26d":"Bklyn., e.g.","27d":"\"Benny &amp; ___\" (1993 film)","28d":"MTV correspondent Tabitha","29d":"Anti-D.W.I.org.","31d":"Gaucho's weapon","32d":"Basil, e.g.","33d":"Part of an Adenauer epithet","34d":"Catfish Row soprano","36d":"Without confidence","37d":"Feminine","38d":"Animation toy","42d":"Flashy car","43d":"\"___ Waterfowl\" (Bryant poem)","44d":"Minor setback","45d":"Major key","46d":"Bedlam","47d":"Fuel holder","48d":"\"Animal House\" house","50d":"Fruitless","51d":"Hussein's queen","52d":"VIII, to Virgil","53d":"By and by","54d":"Minus"},"answers":{"1a":"KHAKI","6a":"HADJ","10a":"ASHE","14a":"NOCAN","15a":"ACRE","16a":"SLAV","17a":"OBEYS","18a":"SHAW","19a":"TORE","20a":"TODAYSNEWSPAPER","23a":"KNIT","24a":"HERESY","25a":"ABJECT","28a":"SMART","30a":"BOOR","31a":"BOARD","32a":"CAB","35a":"CROSSWORDPUZZLE","39a":"SON","40a":"HOLED","41a":"OATS","42a":"HYMAN","43a":"THERES","45a":"ANGOLA","48a":"DOIT","49a":"FORTYNINEACROSS","55a":"LIAR","56a":"IDOL","57a":"COCOA","58a":"ASTO","59a":"SLOT","60a":"UPTON","61a":"TEED","62a":"HERA","63a":"PEONS","1d":"KNOT","2d":"HOBO","3d":"ACED","4d":"KAYAKERS","5d":"INSYNC","6d":"HASNT","7d":"ACHE","8d":"DRAW","9d":"JEWSHARP","10d":"ASTART","11d":"SLOPE","12d":"HARES","13d":"EVERY","21d":"SIT","22d":"PERDU","25d":"ABCS","26d":"BORO","27d":"JOON","28d":"SOREN","29d":"MADD","31d":"BOLA","32d":"CZAR","33d":"ALTE","34d":"BESS","36d":"SHYLY","37d":"WOMANISH","38d":"ZOETROPE","42d":"HOTROD","43d":"TOA","44d":"HICCUP","45d":"AFLAT","46d":"NOISE","47d":"GRATE","48d":"DELTA","50d":"IDLE","51d":"NOOR","52d":"OCTO","53d":"SOON","54d":"SANS"}}