{"numbers":[["1","2","3","4","5","6","7","8","9","10","-","11","12","13","-"],["14","","","","","","","","","","-","15","","","16"],["17","","","","","","","","","","-","18","","",""],["19","","","","","","","","-","20","21","","","",""],["22","","","","-","23","","","24","-","25","","","",""],["26","","","-","-","-","-","27","","28","","","","",""],["29","","","30","31","32","33","-","34","","","","","","-"],["-","-","-","35","","","","-","36","","","","-","-","-"],["-","37","38","","","","","-","39","","","","40","41","42"],["43","","","","","","","44","-","-","-","-","45","",""],["46","","","","","-","47","","48","49","-","50","","",""],["51","","","","","52","-","53","","","54","","","",""],["55","","","","-","56","57","","","","","","","",""],["58","","","","-","59","","","","","","","","",""],["-","60","","","-","61","","","","","","","","",""]],"clues":{"1a":"Reserve supply","11a":"Toulon's department","14a":"Grilled cheese go-with","15a":"K-6","17a":"It's nothing personal","18a":"Punjab potentate","19a":"Swore","20a":"Sapience","22a":"Mrs. Smith's wares","23a":"Hindu honorifics","25a":"Name at the 1976 Olympics","26a":"Hosp. area","27a":"Stretchy stuff","29a":"Hazardous boating area","34a":"Kind of fir","35a":"Mimic","36a":"Stooge","37a":"Alcohol solvent","39a":"Muse whose symbol is a flute","43a":"Perfumed","45a":"J.F.K. info","46a":"Duvall's \"Godfather\" role","47a":"Perot's Electronic Systems","50a":"Secluded spot","51a":"Code of silence","53a":"Break up","55a":"\"Shadowland\" singer","56a":"Some bills","58a":"Bones","59a":"Setup","60a":"One of Fred's partners","61a":"Rated writing","1d":"Prepare for takeoff","2d":"Virgil's writings","3d":"Dabbler","4d":"Breathing sounds","5d":"Times when ecoles are not in session","6d":"Foreign assignments","7d":"Michaelmas daisy","8d":"Rock tour employee","9d":"\"King ___\" (1978 POP hit)","10d":"Blow one's top","11d":"All-purpose","12d":"Best-selling video of 1993","13d":"Celebrate","16d":"___ boy","21d":"The cool place to be","24d":"Schedule","28d":"Montreal Expos manager","30d":"Came up again","31d":"45-degree sector","32d":"\"Know ___?\"","33d":"Chockablock","37d":"Biblical language","38d":"Persuasiveness","40d":"Court activities?","41d":"Stop","42d":"English poet Dowson and others","43d":"\"Get ___ of yourself!\"","44d":"Midshipmen rivals","48d":"Pageant prop","49d":"Check out","50d":"Early \"Tonight Show\" regular","52d":"To ___ (just right)","54d":"School district C.E.O.","57d":"Infirmary attendants, for short"},"answers":{"1a":"SPAREPARTS","11a":"VAR","14a":"TOMATOSOUP","15a":"ELEM","17a":"REALESTATE","18a":"RAJA","19a":"ATTESTED","20a":"WISDOM","22a":"PIES","23a":"SRIS","25a":"NADIA","26a":"ICU","27a":"ELASTICS","29a":"NARROWS","34a":"ALPINE","35a":"ECHO","36a":"TOOL","37a":"ACETAL","39a":"EUTERPE","43a":"AROMATIC","45a":"ARR","46a":"HAGEN","47a":"DATA","50a":"GLEN","51a":"OMERTA","53a":"DISSOLVE","55a":"LANG","56a":"TREASURIES","58a":"DICE","59a":"ENTRAPMENT","60a":"CYD","61a":"ESSAYTESTS","1d":"STRAPIN","2d":"POETICA","3d":"AMATEUR","4d":"RALES","5d":"ETES","6d":"POSTS","7d":"ASTER","8d":"ROADIE","9d":"TUT","10d":"SPEW","11d":"VERSATILE","12d":"ALADDIN","13d":"REJOICE","16d":"MAMAS","21d":"INSPOT","24d":"SLATE","28d":"ALOU","30d":"REEMERGED","31d":"OCTANT","32d":"WHAT","33d":"SOLID","37d":"ARAMAIC","38d":"COGENCY","40d":"RALLIES","41d":"PREVENT","42d":"ERNESTS","43d":"AHOLD","44d":"CADETS","48d":"TIARA","49d":"ASSAY","50d":"GORME","52d":"ATEE","54d":"SUPT","57d":"RNS"}}