{"numbers":[["-","1","2","3","-","-","4","5","6","-","-","7","8","9","10","-","11","12","13","14","15"],["16","","","","17","-","18","","","19","-","20","","","","-","21","","","",""],["22","","","","","-","23","","","","-","24","","","","-","25","","","",""],["26","","","","","-","27","","","","28","","","","","29","","","","",""],["30","","","","","31","","","","-","32","","","-","33","","","","","",""],["34","","","","-","35","","","-","36","","","-","37","","","","","-","-","-"],["-","-","-","38","39","","","","40","","-","-","41","","","","-","-","42","43","44"],["45","46","47","","","","","-","48","","49","50","","","","","51","52","","",""],["53","","","","","-","54","55","","-","56","","","","-","-","57","","","",""],["58","","","","","59","","","-","60","","","","-","61","62","","","","",""],["-","-","-","63","","","","","-","64","","","-","65","","","","","-","-","-"],["66","67","68","","","","","-","69","","","","-","70","","","","","71","72","73"],["74","","","","","-","-","75","","","","-","76","","","-","77","","","",""],["78","","","","","79","80","","","","","81","","-","82","83","","","","",""],["84","","","-","-","85","","","","-","-","86","","87","","","","","-","-","-"],["-","-","-","88","89","","","","-","90","91","","-","92","","","-","93","94","95","96"],["97","98","99","","","","","-","100","","","-","101","","","","102","","","",""],["103","","","","","","","104","","","","105","","","","-","106","","","",""],["107","","","","","-","108","","","","-","109","","","","-","110","","","",""],["111","","","","","-","112","","","","-","113","","","","-","114","","","",""],["115","","","","","-","116","","","","-","-","117","","","-","-","118","","","-"]],"clues":{"1a":"\"Mayday!\"","4a":"M.Sgt.'s inferior","7a":"D.E.A. worker","11a":"\"#,\" to a proofreader","16a":"Tear to shreds","18a":"Mideast airline","20a":"Expression of trouble","21a":"Natalie played her","22a":"Jean-Jacques Rousseau work","23a":"City on Norton Sound","24a":"Part","25a":"Noble, in a way","26a":"Ibexes","27a":"Simon &amp; Garfunkel's first hit, with \"The\"","30a":"Torn to shreds","32a":"Clear","33a":"Refinery","34a":"Spotted","35a":"___ polloi","36a":"Marvy","37a":"Collect","38a":"Treated unfairly","41a":"First name in fashion","42a":"Wiesbaden, for example","45a":"Answers","48a":"Escapes alive","53a":"Up","54a":"Mess of hair","56a":"Not working","57a":"L'chaim, e.g.","58a":"More plump","60a":"Building block maker","61a":"Encase","63a":"How dogs kiss","64a":"Resident's suffix","65a":"Pricey","66a":"Triple Crown winner War ___","69a":"Female lobsters","70a":"Sites of many brawls","74a":"One-twelfth of a pica","75a":"\"Later\"","76a":"Felix, for one","77a":"More or less vertical, to a sailor","78a":"Book before Isaiah","82a":"With bated breath","84a":"Physics unit","85a":"Workers in Detroit make a dash for it","86a":"Pickled","88a":"Grand Canyon transportation","90a":"Sports club","92a":"Dr Seuss's \"___ Ran the Zoo\"","93a":"Out of the wind","97a":"Orchestrate","100a":"White House brass?","101a":"Value judges","103a":"Military moves carrying a warning","106a":"Travel guide","107a":"Oeuf layer","108a":"Computer symbol","109a":"Kitchen tubful","110a":"Bluffer's ploy","111a":"Stage direction","112a":"Like praseodymium","113a":"Hired soldier, in slang","114a":"Comic Johnson and namesakes","115a":"Sine qua nons","116a":"Oscar's cousin","117a":"\"For shame!\"","118a":"Lugubrious","1d":"Italian painter Martini","2d":"Narcotic","3d":"Dire Straits' first hit","4d":"Dog's gift","5d":"Go all out","6d":"\"Caligula\" author","7d":"Helped get well","8d":"Give ___ (care)","9d":"Place-kicker Benirschke","10d":"Kings and queens","11d":"Says \"cheese\"","12d":"Expert groups","13d":"Isn't for a lot of people?","14d":"Medea's aunt","15d":"Diner","16d":"\"Live\" host","17d":"Nudge","19d":"Football Hall of Famer Dawson","28d":"\"The Selfish Gene\" topic","29d":"Effigy","31d":"Ricky Nelson's \"Sweeter ___ You\"","36d":"Vitamin bottle abbr.","37d":"Hand lotion ingredient","39d":"Until now","40d":"Clairvoyant's skill","41d":"City south of Hamar","42d":"32-card game","43d":"\"Nonsense!\"","44d":"Penny ___","45d":"Battle of Britain grp.","46d":"Wing, perhaps","47d":"Average guy","49d":"Where Caodaism is practiced","50d":"Outlines","51d":"Cheap accommodations","52d":"Susan Lucci and John Beradino, for two","55d":"Jazz's Kid ___","59d":"Link for give and go","60d":"Deceive","61d":"Astounded condition","62d":"She's possessive","65d":"Fed. loan agcy.","66d":"Basilica part","67d":"\"Let's Make a Deal\" option","68d":"Chinese dynasty, 1368-1644","69d":"Nimbus","71d":"Poet's contraction","72d":"Bad, in Barcelona","73d":"Light blue","75d":"Movie pooch","76d":"Arnett's net","79d":"Seat of Cass County","80d":"Unstoppable, as a plan","81d":"Unsafe?","83d":"Character created by Anne Nichols","87d":"TV series about the Reeds","88d":"Boohooed","89d":"Racing brothers","90d":"\"___ Miller\"","91d":"Chop","94d":"Humbert Humbert's passion","95d":"Cleared","96d":"Whistling sounds","97d":"Poplar tree","98d":"River from the Alps","99d":"Paperboy's path","100d":"Assault","101d":"Shoelace tip","102d":"F.D.R.'s mother","104d":"Ponzi scheme","105d":"Michelle, par exemple"},"answers":{"1a":"SOS","4a":"SFC","7a":"NARC","11a":"SPACE","16a":"RIPUP","18a":"ELAL","20a":"UHOH","21a":"MARIA","22a":"EMILE","23a":"NOME","24a":"ROLE","25a":"INERT","26a":"GOATS","27a":"SOUNDSOFSILENCE","30a":"INTATTERS","32a":"NET","33a":"SMELTER","34a":"SEEN","35a":"HOI","36a":"RAD","37a":"AMASS","38a":"SHAFTED","41a":"OLEG","42a":"SPA","45a":"REJOINS","48a":"SAVESONESSKIN","53a":"ALOFT","54a":"MOP","56a":"IDLE","57a":"TOAST","58a":"FLESHIER","60a":"LEGO","61a":"SHEATHE","63a":"WETLY","64a":"ITE","65a":"STEEP","66a":"ADMIRAL","69a":"HENS","70a":"BARROOMS","74a":"POINT","75a":"TATA","76a":"CAT","77a":"APEAK","78a":"SONGOFSOLOMON","82a":"EAGERLY","84a":"ERG","85a":"AUTO","86a":"UNSOBER","88a":"BURRO","90a":"BAT","92a":"IFI","93a":"ALEE","97a":"ARRANGE","100a":"SAX","101a":"ASSESSORS","103a":"SHOWSOFSTRENGTH","106a":"ATLAS","107a":"POULE","108a":"ICON","109a":"OLEO","110a":"RAISE","111a":"ENTER","112a":"RARE","113a":"MERC","114a":"ARTES","115a":"NEEDS","116a":"EMMY","117a":"TSK","118a":"SAD","1d":"SIMONE","2d":"OPIATE","3d":"SULTANSOFSWING","4d":"SENSEOFSMELL","5d":"FLOORIT","6d":"CAMUS","7d":"NURSED","8d":"AHOOT","9d":"ROLF","10d":"CHESSMEN","11d":"SMILES","12d":"PANELS","13d":"ARENT","14d":"CIRCE","15d":"EATER","16d":"REGIS","17d":"PEST","19d":"LEN","28d":"DNA","29d":"IMAGE","31d":"THAN","36d":"RDA","37d":"ALOE","39d":"HITHERTO","40d":"ESP","41d":"OSLO","42d":"SKAT","43d":"PISH","44d":"ANTE","45d":"RAF","46d":"ELL","47d":"JOE","49d":"VIETNAM","50d":"EDGES","51d":"STEERAGE","52d":"SOAPOPERASTARS","55d":"ORY","59d":"ITA","60d":"LIETO","61d":"STATEOFSHOCK","62d":"HER","65d":"SBA","66d":"APSE","67d":"DOOR","68d":"MING","69d":"HALO","71d":"OER","72d":"MAL","73d":"SKY","75d":"TOTO","76d":"CNN","79d":"FARGO","80d":"SUREFIRE","81d":"OUT","83d":"ABIE","87d":"SISTERS","88d":"BAWLED","89d":"UNSERS","90d":"BARNEY","91d":"AXE","94d":"LOLITA","95d":"ERASED","96d":"ESSES","97d":"ASPEN","98d":"RHONE","99d":"ROUTE","100d":"STORM","101d":"AGLET","102d":"SARA","104d":"SCAM","105d":"NOM"}}