{"numbers":[["1","2","3","4","5","-","6","7","8","-","9","10","11","12","13"],["14","","","","","-","15","","","-","16","","","",""],["17","","","","","-","18","","","-","19","","","",""],["20","","","","","21","","","","22","","","","",""],["-","-","-","23","","","","-","24","","","","-","-","-"],["25","26","27","","-","28","","29","-","30","","","31","32","33"],["34","","","-","35","","","","36","-","37","","","",""],["38","","","39","","","","","","40","","","","",""],["41","","","","","-","42","","","","","-","43","",""],["44","","","","","45","-","46","","","-","47","","",""],["-","-","-","48","","","49","-","50","","51","","-","-","-"],["52","53","54","","","","","55","","","","","56","57","58"],["59","","","","","-","60","","","-","61","","","",""],["62","","","","","-","63","","","-","64","","","",""],["65","","","","","-","66","","","-","67","","","",""]],"clues":{"1a":"Masquerades","6a":"\"Fe, fi ,fo, ___!\"","9a":"Batman foe, with \"The\"","14a":"Native Alaskan","15a":"Prince Hirobumi","16a":"Sheeplike","17a":"Irving's \"A Prayer for Owen ___\"","18a":"The lambada, once","19a":"Grand mountain","20a":"Dr. Seuss title","23a":"Actress Skye","24a":"Ho Chi ___","25a":"Car job","28a":"___ Bingle (Crosby)","30a":"God Almighty","34a":"A year in Mexico","35a":"Put to the grindstone","37a":"Studio prop","38a":"Dr. Seuss title","41a":"Plant seeds again","42a":"___-scarum","43a":"Coach Parseghian","44a":"Shakespearean oath","46a":"Smidgen","47a":"Love of Greece?","48a":"Dance or hairstyle","50a":"Calf's meat","52a":"Dr. Seuss title","59a":"One- ___ (short play)","60a":"Crystal ball, e.g.","61a":"Keep busy","62a":"Violinist Isaac","63a":"Part of R.S.V.P.","64a":"Wrestling's ___ the Giant","65a":"Western film title of '75 and '93","66a":"Golf peg","67a":"Relaxes","1d":"Like venison","2d":"Out of the wind","3d":"Carroll contemporary","4d":"Em, e.g.","5d":"Pen, for Pierre","6d":"About mid-month, with \"the\"","7d":"Brigham Young's home","8d":"Computer-phone link","9d":"Norse land of giants","10d":"Make out at a party?","11d":"Songstress Eartha","12d":"Organic compound","13d":"Philosopher Descartes","21d":"Conclude with","22d":"Small bird","25d":"Dens","26d":"Hungry","27d":"Idaho city","29d":"Betty Ford program","31d":"1991 Stallone comedy","32d":"Brain surgeon's prefix","33d":"Columnist Maxwell et al.","35d":"Author from Salem, Mass.","36d":"Inferable","39d":"Dinner chickens","40d":"More like Shirley Temple","45d":"___ Solo of \"Star Wars\"","47d":"Sir Galahad's mother","49d":"Popular word game","51d":"\"___ Is Born\"","52d":"Fastener","53d":"VIII, to Virgil","54d":"Blvds. and rds.","55d":"Toledo's vista","56d":"Hitches","57d":"William of \"The Doctor\"","58d":"Unlocks, in a sonnet"},"answers":{"1a":"GALAS","6a":"FUM","9a":"JOKER","14a":"ALEUT","15a":"ITO","16a":"OVINE","17a":"MEANY","18a":"FAD","19a":"TETON","20a":"YERTLETHETURTLE","23a":"IONE","24a":"MINH","25a":"LUBE","28a":"DER","30a":"THEONE","34a":"ANO","35a":"HONED","37a":"EASEL","38a":"IFIRANTHECIRCUS","41a":"RESOW","42a":"HARUM","43a":"ARA","44a":"SDEATH","46a":"BIT","47a":"EROS","48a":"SHAG","50a":"VEAL","52a":"HORTONHEARSAWHO","59a":"ACTER","60a":"ORB","61a":"TIEUP","62a":"STERN","63a":"SIL","64a":"ANDRE","65a":"POSSE","66a":"TEE","67a":"RESTS","1d":"GAMY","2d":"ALEE","3d":"LEAR","4d":"AUNTIE","5d":"STYLO","6d":"FIFTEENTH","7d":"UTAH","8d":"MODEM","9d":"JOTUNHEIM","10d":"OVERHEAR","11d":"KITT","12d":"ENOL","13d":"RENE","21d":"ENDON","22d":"TIT","25d":"LAIRS","26d":"UNFED","27d":"BOISE","29d":"REHAB","31d":"OSCAR","32d":"NEURO","33d":"ELSAS","35d":"HAWTHORNE","36d":"DERIVABLE","39d":"ROASTERS","40d":"CUTER","45d":"HAN","47d":"ELAINE","49d":"GHOST","51d":"ASTAR","52d":"HASP","53d":"OCTO","54d":"RTES","55d":"ERIE","56d":"WEDS","57d":"HURT","58d":"OPES"}}