{"numbers":[["1","2","3","4","5","6","-","-","7","8","9","-","10","11","12"],["13","","","","","","14","-","15","","","16","","",""],["17","","","","","","","-","18","","","","","",""],["-","19","","","","","","20","","","","","","",""],["-","-","-","-","21","","","","-","22","","","-","-","-"],["23","24","25","26","-","-","27","","28","-","-","29","30","31","32"],["33","","","","34","35","-","36","","37","38","-","39","",""],["40","","","","","","41","","","","","42","","",""],["43","","","-","44","","","","-","45","","","","",""],["46","","","47","-","-","48","","49","-","-","50","","",""],["-","-","-","51","52","53","-","54","","55","56","-","-","-","-"],["57","58","59","","","","60","","","","","61","62","63","-"],["64","","","","","","","-","65","","","","","","66"],["67","","","","","","","-","68","","","","","",""],["69","","","-","70","","","-","-","71","","","","",""]],"clues":{"1a":"Annie, for one","7a":"Sandwich often on toast","10a":"\"___ 'em!\"","13a":"Took refuge","15a":"___ rights (police suspect's entitlement)","17a":"Bomber type","18a":"Noted Richard III portrayer","19a":"Congressional funding?","21a":"Memory unit","22a":"R. E. Lee's land","23a":"Three-time World Cup medalist","27a":"Many a time","29a":"It borders Tenn.","33a":"Declaration","36a":"Taj Mahal, e.g.","39a":"Most-wanted poster letters","40a":"Vatican Museum holdings?","43a":"___ out a living","44a":"First name in game shows","45a":"\"Brace yourself!\"","46a":"He played Fred on \"Sanford and Son\"","48a":"Trading-bloc inits.","50a":"Particles","51a":"Make ___ story (lie)","54a":"Famous sewer","57a":"Vacation slides?","64a":"Tank gas","65a":"Forked over","67a":"Nineveh's nation","68a":"\"Great Expectations\" miss","69a":"Ben in the film \"Ben\"","70a":"O.K.","71a":"Well-___ (rich)","1d":"Cries","2d":"Campus mil. grp.","3d":"___-bargain","4d":"Jalopy","5d":"Make up on the spot","6d":"Harebrained","7d":"Coll. V.I.P.","8d":"Shade of purple","9d":"Stumbles","10d":"Irritated state","11d":"Bit of brainwork","12d":"Baseball's Yastrzemski","14d":"Pic","16d":"Birdy?","20d":"Table scraps","23d":"On ___ (theoretically)","24d":"Call forth","25d":"Ran at an easy pace","26d":"Lamb producer","28d":"Stroller passenger","30d":"Freighter filler","31d":"Ohio city","32d":"Pours","34d":"Provide weapons","35d":"Caustic","37d":"55 letters?","38d":"Fancy neckwear","41d":"Start to dominate","42d":"One at the beginning","47d":"Hardly svelte","49d":"Two-door vehicle","52d":"Admiral in the Arctic","53d":"Nickname in the Senior P.G.A.","55d":"Tennis kill","56d":"Bash, biblically","57d":"Boom or box","58d":"Nocturnal bear","59d":"\"Make the ___ of it\"","60d":"Votes for","61d":"\"Zip- ___ -Doo-Dah\"","62d":"Undulate","63d":"Christmastime","66d":"Itsy bit"},"answers":{"1a":"ORPHAN","7a":"BLT","10a":"SIC","13a":"HOLEDUP","15a":"MIRANDA","17a":"STEALTH","18a":"OLIVIER","19a":"CAPITOLCAPITAL","21a":"BYTE","22a":"CSA","23a":"PELE","27a":"OFT","29a":"NCAR","33a":"AVOWAL","36a":"TOMB","39a":"AKA","40a":"POPERYPOTPOURRI","43a":"EKE","44a":"MERV","45a":"HANGON","46a":"REDD","48a":"EEC","50a":"IONS","51a":"UPA","54a":"ROSS","57a":"SUMMERYSUMMARY","64a":"PROPANE","65a":"PAIDOUT","67a":"ASSYRIA","68a":"ESTELLA","69a":"RAT","70a":"YES","71a":"HEELED","1d":"OHS","2d":"ROTC","3d":"PLEA","4d":"HEAP","5d":"ADLIB","6d":"NUTTY","7d":"BMOC","8d":"LILAC","9d":"TRIPS","10d":"SNIT","11d":"IDEA","12d":"CARL","14d":"PHOTO","16d":"AVIAN","20d":"LEFTOVERS","23d":"PAPER","24d":"EVOKE","25d":"LOPED","26d":"EWE","28d":"TOT","30d":"CARGO","31d":"AKRON","32d":"RAINS","34d":"ARM","35d":"LYE","37d":"MPH","38d":"BOA","41d":"PRE","42d":"UNI","47d":"DUMPY","49d":"COUPE","52d":"PEARY","53d":"ARNIE","55d":"SMASH","56d":"SMITE","57d":"SPAR","58d":"URSA","59d":"MOST","60d":"YEAS","61d":"ADEE","62d":"ROLL","63d":"YULE","66d":"TAD"}}