{"numbers":[["1","2","3","4","5","-","6","7","8","-","9","10","11","12","13"],["14","","","","","-","15","","","-","16","","","",""],["17","","","","","-","18","","","-","19","","","",""],["20","","","","","21","","","","22","","","-","-","-"],["-","-","-","23","","","","","","","","","24","25","26"],["27","28","29","-","30","","","","","","-","31","","",""],["32","","","33","","-","34","","","","-","35","","",""],["36","","","","","37","-","-","-","38","39","","","",""],["40","","","","-","41","42","43","44","-","45","","","",""],["46","","","","-","47","","","","48","","-","49","",""],["50","","","","51","","","","","","","52","-","-","-"],["-","-","-","53","","","","","","","","","54","55","56"],["57","58","59","","","-","60","","","-","61","","","",""],["62","","","","","-","63","","","-","64","","","",""],["65","","","","","-","66","","","-","67","","","",""]],"clues":{"1a":"Gather","6a":"Radar gun reading: Abbr.","9a":"Bend","14a":"Collector's items","15a":"France's ___ d'Yeu","16a":"Throng","17a":"Lewis's Gantry","18a":"\"The Beggar's Opera\" author","19a":"Yeats's ___ Theatre","20a":"Singing sister of old Hollywood","23a":"American skiing medalist at Lillehammer","27a":"Cry of disgust","30a":"Twerp","31a":"Gross-weight deduction","32a":"\"A miss is as good as ___\"","34a":"Toddler","35a":"Where Zeno taught","36a":"Filmdom's Sam Spade","38a":"What's-his-name","40a":"Annealing oven","41a":"High school problem","45a":"In abeyance","46a":"Over, in Essen","47a":"___ et quarante (betting game)","49a":"Posthumous duettist of 1991","50a":"\"The Big Chill\" actress","53a":"\"Cheers\" star","57a":"Shortcoming","60a":"Telephone button","61a":"Actor Reeves","62a":"Spy","63a":"\"Gimme ___!\" (end of a Yale cheer)","64a":"Patti LuPone role","65a":"Kind of bag","66a":"Writer Deighton","67a":"Attack","1d":"Maintain","2d":"Venus's home","3d":"Weaponry","4d":"Expensive","5d":"Thinker","6d":"___ worker","7d":"Magazine since 1953","8d":"\"Lo!\" modern-style","9d":"Music of the Benedictine monks","10d":"Noted televangelist","11d":"Sun, e.g.","12d":"Hafiz work","13d":"Pivotal","21d":"Alas, to Helmut","22d":"Sideways","24d":"Sups at home","25d":"Beethoven's Third","26d":"Reception china","27d":"Trite ideas","28d":"Microscopy subject","29d":"More costly","33d":"CNN personality","37d":"Mongol","39d":"Cornmeal concoctions","42d":"Stemware","43d":"Voyager II subject","44d":"Animate","48d":"___ kwon do (Korean karate)","51d":"Pot","52d":"Student abroad","54d":"Cafe au ___","55d":"Within: Prefix","56d":"China's dollar","57d":"Parent","58d":"Personal pride","59d":"Importune"},"answers":{"1a":"AMASS","6a":"MPH","9a":"CROOK","14a":"VIRTU","15a":"ILE","16a":"HORDE","17a":"ELMER","18a":"GAY","19a":"ABBEY","20a":"ROSEMARYLANE","23a":"PICABOSTREET","27a":"PAH","30a":"SHNOOK","31a":"TARE","32a":"AMILE","34a":"TYKE","35a":"STOA","36a":"BOGART","38a":"WHOSIS","40a":"LEHR","41a":"ACNE","45a":"ONICE","46a":"UBER","47a":"TRENTE","49a":"NAT","50a":"MARYKAYPLACE","53a":"KIRSTIEALLEY","57a":"DEBIT","60a":"TUV","61a":"KEANU","62a":"AGENT","63a":"ANE","64a":"EVITA","65a":"DOGGY","66a":"LEN","67a":"SETON","1d":"AVER","2d":"MILO","3d":"ARMS","4d":"STEEP","5d":"SURMISER","6d":"MIGRANT","7d":"PLAYBOY","8d":"HEYLOOK","9d":"CHANT","10d":"ROBERTSON","11d":"ORB","12d":"ODE","13d":"KEY","21d":"ACH","22d":"ASKEW","24d":"EATSIN","25d":"EROICA","26d":"TEASET","27d":"PABLUM","28d":"AMOEBA","29d":"HIGHER","33d":"LARRYKING","37d":"TATAR","39d":"HOECAKES","42d":"CRYSTAL","43d":"NEPTUNE","44d":"ENLIVEN","48d":"TAE","51d":"KITTY","52d":"ELEVE","54d":"LAIT","55d":"ENTO","56d":"YUAN","57d":"DAD","58d":"EGO","59d":"BEG"}}