{"numbers":[["-","-","1","2","3","4","5","6","7","8","9","10","11","-","-"],["-","12","","","","","","","","","","","","13","-"],["14","","","","","","","","","","","","","","15"],["16","","","","","","","-","-","-","17","","","",""],["18","","","","","","-","19","20","21","-","22","","",""],["-","23","","","","-","-","24","","","25","","","",""],["-","-","-","-","-","26","27","","","","","","","","-"],["-","28","29","30","31","","","","","","","","","","-"],["-","32","","","","","","","","","-","-","-","-","-"],["33","","","","","","","","-","-","34","35","36","37","-"],["38","","","","-","39","","","-","40","","","","","41"],["42","","","","43","-","-","-","44","","","","","",""],["45","","","","","46","47","48","","","","","","",""],["-","49","","","","","","","","","","","","","-"],["-","-","50","","","","","","","","","","","-","-"]],"clues":{"1a":"Juice obstruction","12a":"Calligraphy","14a":"Adds picturesque details (to)","16a":"Canaanite people","17a":"Lower part of the pistil","18a":"Dive","19a":"Belittle, in slang","22a":"Indy winner Luyendyk","23a":"Sidelong look","24a":"Encroaches","26a":"Arnold and others","28a":"Swinging star","32a":"Some bank offerings","33a":"Blood derivatives","34a":"Soil combiner","38a":"Rent--","39a":"Middle grade","40a":"Inguinal parts","42a":"Morrison and Tennille","44a":"Vixen's mate","45a":"Had a big mouth","49a":"Mouth waterer","50a":"Unsanctioned class communicators","1d":"Kind of ring","2d":"Giraudoux play","3d":"Storm from the Pacific","4d":"\"Oklahoma!\" aunt","5d":"Classic cars","6d":"Wall St. initials","7d":"Actress Hagen","8d":"___ Aviv","9d":"With a bow, musically","10d":"John, at the Vatican","11d":"Swells","12d":"Wild","13d":"Bloody to the max","14d":"Fall behind","15d":"Baker's offerings","19d":"Epidemiologist's concern","20d":"\"That is to say...\"","21d":"Yards","25d":"Passbook abbr.","26d":"Archeological find","27d":"Kind of layer","28d":"Phrase after \"Cheese it!\"","29d":"Dracula, e.g.","30d":"Texas town","31d":"Dear one","33d":"Boaters","34d":"Good for growing","35d":"Approach","36d":"Puerto ___ (Caribbean natives)","37d":"Erect","40d":"Golfer Norman and others","41d":"S.A.T. takers","43d":"Skirt feature","44d":"___ ed.","46d":"First lady","47d":"Fish lightly","48d":"La-la lead-in"},"answers":{"1a":"POWEROUTAGE","12a":"FINELETTERING","14a":"LENDSLOCALCOLOR","16a":"ARKITES","17a":"OVARY","18a":"GAINER","19a":"DIS","22a":"ARIE","23a":"LEER","24a":"IMPINGES","26a":"ROSEANNES","28a":"TRAPEZEARTIST","32a":"HOMELOANS","33a":"HEMATINS","34a":"AGRO","38a":"ACAR","39a":"CEE","40a":"GROINS","42a":"TONIS","44a":"PRANCER","45a":"SPILLEDTHEBEANS","49a":"SALIVARYGLAND","50a":"NOTEPASSERS","1d":"PINKIE","2d":"ONDINE","3d":"WESTER","4d":"ELLER","5d":"REOS","6d":"OTC","7d":"UTA","8d":"TEL","9d":"ARCO","10d":"GIOVANNI","11d":"ENLARGES","12d":"FERAL","13d":"GORIEST","14d":"LAG","15d":"RYES","19d":"DISEASE","20d":"IMEAN","21d":"SPARS","25d":"INT","26d":"RELIC","27d":"OZONE","28d":"THECOPS","29d":"ROMANIAN","30d":"AMARILLO","31d":"PET","33d":"HATS","34d":"ARABLE","35d":"GONEAR","36d":"RICANS","37d":"ONEND","40d":"GREGS","41d":"SRS","43d":"SLIT","44d":"PHYS","46d":"EVE","47d":"DAP","48d":"TRA"}}