{"numbers":[["-","1","2","3","4","5","6","-","7","8","9","10","11","12","-"],["-","13","","","","","","-","14","","","","","","-"],["15","","","","","","","16","","","","","","","17"],["18","","","-","19","","","","","","","-","20","",""],["21","","","22","-","23","","","","","-","24","","",""],["25","","","","-","26","","","","-","27","","","",""],["28","","","","29","","-","30","","31","","","","",""],["-","-","-","32","","","33","","","","","","-","-","-"],["34","35","36","","","","","","-","37","","","38","39","40"],["41","","","","","-","42","","43","","-","44","","",""],["45","","","","-","46","","","","","-","47","","",""],["48","","","-","49","","","","","","50","-","51","",""],["52","","","53","","","","","","","","54","","",""],["-","55","","","","","","-","56","","","","","","-"],["-","57","","","","","","-","58","","","","","","-"]],"clues":{"1a":"Babushkas","7a":"Juliet's cousin","13a":"MOMA artist","14a":"Sports car event","15a":"Wheeler-dealer type","18a":"Finsteraahorn, for one","19a":"Material used in making insulation","20a":"Kind of testing","21a":"Hoofbeat","23a":"Disaccustoms","24a":"Year in Ethelred the Unready's reign","25a":"Sub","26a":"Battle song","27a":"Draw toward evening","28a":"Thing","30a":"Willful liars","32a":"Clean, with force","34a":"Like possums and squirrels","37a":"Chico's partner","41a":"Aquatic birds","42a":"Chief Justice in the 1920's","44a":"Zsa Zsa Gabor's real given name","45a":"Little pieces of France","46a":"Groove holding a gem in place","47a":"He played Ponch on \"CHiPs\"","48a":"Grassland","49a":"Expunged","51a":"Winner at Chancellorsville","52a":"Prey of 15 Across","55a":"Colanders","56a":"Stage direction","57a":"\"Communist Manifesto\" coauthor","58a":"Part of Egypt's boundary","1d":"Bulging","2d":"Mustang's shelter","3d":"Noted name in abstract sculpture","4d":"Letters from Greece","5d":"City on the Maumee River","6d":"Assassin","7d":"Ship timber peg","8d":"Fabrications","9d":"Slate-colored, in Scotland","10d":"Heavyweight poet","11d":"Explosive made of picric acid","12d":"More wee","15d":"Secrete","16d":"Daniel Boone, for one","17d":"Soakers","22d":"Contaminates","24d":"Mediterranean language","27d":"Guitarist Phil","29d":"Gobs","31d":"No shrinking violet, she","33d":"Alone","34d":"Inclined","35d":"Unhand","36d":"Watergate, for starters","38d":"Film star's autobiography, 1990","39d":"Shorter version of 26 Across","40d":"Some sportswear","43d":"Chain","46d":"Cut obliquely","49d":"Went headlong","50d":"1856 Stowe novel","53d":"Brain wave readout, for short","54d":"Astronaut Grissom"},"answers":{"1a":"SCARFS","7a":"TYBALT","13a":"WARHOL","14a":"RALLYE","15a":"CORPORATERAIDER","18a":"ALP","19a":"STYRENE","20a":"DNA","21a":"CLOP","23a":"WEANS","24a":"MIII","25a":"HERO","26a":"ARIA","27a":"LATEN","28a":"ENTITY","30a":"LIBELERS","32a":"SANDBLAST","34a":"ARBOREAL","37a":"THEMAN","41a":"TERNS","42a":"TAFT","44a":"SARI","45a":"ILES","46a":"BEZEL","47a":"ERIK","48a":"LEA","49a":"DELETED","51a":"LEE","52a":"TAKEOVERTARGETS","55a":"SIEVES","56a":"EXEUNT","57a":"ENGELS","58a":"REDSEA","1d":"SWOLLEN","2d":"CARPORT","3d":"ARP","4d":"RHOS","5d":"FORTWAYNE","6d":"SLAYER","7d":"TREENAIL","8d":"YARNS","9d":"BLAE","10d":"ALI","11d":"LYDDITE","12d":"TEENIER","15d":"CACHE","16d":"TRAILBLAZER","17d":"RAINS","22d":"POISONS","24d":"MALTESE","27d":"LESH","29d":"TARS","31d":"BATTLEAXE","33d":"DATELESS","34d":"ATILT","35d":"RELEASE","36d":"BREAKIN","38d":"MARLENE","39d":"ARIETTA","40d":"NIKES","43d":"FETTER","46d":"BEVEL","49d":"DOVE","50d":"DRED","53d":"EEG","54d":"GUS"}}