{"numbers":[["1","2","3","4","-","5","6","7","8","-","9","10","11","12","13","-","14","15","16","17","18"],["19","","","","-","20","","","","-","21","","","","","-","22","","","",""],["23","","","","24","","","","","-","25","","","","","26","","","","",""],["27","","","","","","","","-","28","","","","","-","29","","","","","-"],["-","-","-","30","","","","-","31","","","","-","32","33","","","","-","-","-"],["34","35","36","","","","-","-","37","","","","38","-","39","","","","40","41","42"],["43","","","","-","44","45","46","","","","","","47","","-","48","","","",""],["49","","","","-","-","50","","","-","-","-","51","","","52","-","53","","",""],["54","","","-","55","56","","","","57","58","59","","","","","60","-","61","",""],["62","","","63","","","","-","-","64","","","","","-","65","","66","","",""],["-","-","67","","","","","-","68","","","","","-","69","","","","","-","-"],["70","71","","","","","-","72","","","","","-","-","73","","","","","74","75"],["76","","","-","77","","78","","","","","","79","80","","","","-","81","",""],["82","","","83","-","84","","","","-","-","-","85","","","-","-","86","","",""],["87","","","","88","-","89","","","90","91","92","","","","93","-","94","","",""],["95","","","","","96","","-","97","","","","","-","-","98","99","","","",""],["-","-","-","100","","","","101","-","102","","","","-","103","","","","-","-","-"],["-","104","105","","","","-","106","107","","","","-","108","","","","","109","110","111"],["112","","","","","","113","","","","","-","114","","","","","","","",""],["115","","","","","-","116","","","","","-","117","","","","-","118","","",""],["119","","","","","-","120","","","","","-","121","","","","-","122","","",""]],"clues":{"1a":"He was Sonny Corleone in \"The Godfather\"","5a":"Swanky","9a":"Tuscany town","14a":"Vâclav Havel's home","19a":"Official language of Pakistan","20a":"Site of Hickam Air Force Base","21a":"In command","22a":"Kidney-related","23a":"Lazy person's racquet sport?","25a":"Physician in \"Jurassic Park\"?","27a":"Was emphatic","28a":"___-Litovsk Treaty, 1918","29a":"Ewes look up to him","30a":"Precipitate","31a":"Winglike","32a":"Attacked","34a":"Poolside shelter","37a":"___ Wars (Rome-Carthage conflicts)","39a":"Sheer fabric","43a":"Mine entrance","44a":"\"You put up the tent, I'll get the wood\"?","48a":"January, in Juârez","49a":"Parallel to","50a":"Gun moll's gun","51a":"Still-life subject","53a":"Bearded animals","54a":"Malcolm X profiler","55a":"Believer in plant parenthood?","61a":"Angle or pod preceder","62a":"Night sky marvels","64a":"More put-out","65a":"Pier support","67a":"Eau de Paris","68a":"Up","69a":"Hospital supply","70a":"Sierra ___","72a":"Porter's \"___ Kick Out of You\"","73a":"Lunatics","76a":"Exchanged words","77a":"Expert on students' rash behavior?","81a":"Important D.C. lobby","82a":"Take five","84a":"Flash Gordon serial site","85a":"Doublet","86a":"Card catalogue abbr.","87a":"Departments","89a":"Workplace for a short order cook?","94a":"Org. with a mission","95a":"Feeling","97a":"Russian skater Rodnina","98a":"Pitched","100a":"Harvard, Brown, Princeton, etc.","102a":"Epochs","103a":"Ms. Lollobrigida","104a":"Perseus's mother","106a":"Del ___ of the 50's Phillies","108a":"Marks off","112a":"Fruit that's hard as a rock?","114a":"Early meat eater?","115a":"Bearing","116a":"Standout performances","117a":"Wave maker","118a":"Pop singer Brickell","119a":"Outfit","120a":"Ain't polite?","121a":"Dashed","122a":"Major employer in Hawaii","1d":"Where the conga originated","2d":"Lover of Aphrodite","3d":"Supplements","4d":"List in detail","5d":"Ottawa chief","6d":"Grainy","7d":"Did blacksmith's work","8d":"Marauder","9d":"Voice from on high","10d":"Provisional","11d":"Dijon dog days","12d":"Arctic","13d":"Address abbr.","14d":"Apportion, as costs","15d":"Not ad-libbing","16d":"Up-front amount","17d":"___ office (old Hollywood code group)","18d":"Aggregate","24d":"Land on the Caspian","26d":"Some MOMA works","28d":"Obfuscate","31d":"Datebook listings: Abbr.","33d":"Crosswise, nautically","34d":"Greenhouse bloom","35d":"So long","36d":"13 motorcycles?","38d":"Hard-to-read writing","40d":"Doting on shiny coins?","41d":"Cape Cod resort","42d":"Red dye","45d":"Go along (with)","46d":"Tennyson's \"The ___ Queen\"","47d":"Geomancer","52d":"TV western star of the 50's","55d":"Yowled","56d":"Victorian taxi","57d":"Holding","58d":"\"___ worry ...\"","59d":"Balloon, perhaps","60d":"French Revolutionist Jean Paul","63d":"Opposite of neath","66d":"___ Sawyer of the comics","68d":"1992 Wimbledon champ","69d":"Heir or heiress","70d":"Kind of touch","71d":"Idolize","72d":"Hungarian patriot Nagy","74d":"Wipe off","75d":"First course, maybe","78d":"Street show","79d":"Others, on the Orinoco","80d":"D.C. campus","83d":"Facility","86d":"Blew up","88d":"Goths and Vandals","90d":"1776 battle site","91d":"Most open","92d":"Merkel and O'Connor","93d":"Cut slightly","96d":"Level","99d":"\"The ___ Love\" (Al Jolson tune)","101d":"Mister, down south","103d":"Sparkly collectible","104d":"Way out","105d":"Chere woman","107d":"Where Moses rafted","108d":"Faucet fault","109d":"___-China","110d":"Sweat (over)","111d":"Snick-or-___","112d":"Mail-order abbr.","113d":"Botanist Gray","114d":"Coppers: Abbr."},"answers":{"1a":"CAAN","5a":"POSH","9a":"SIENA","14a":"PRAHA","19a":"URDU","20a":"OAHU","21a":"ONTOP","22a":"RENAL","23a":"BEDMINTON","25a":"PTERODOCTYL","27a":"ASSERTED","28a":"BREST","29a":"ARIES","30a":"RAIN","31a":"ALAR","32a":"HADAT","34a":"CABANA","37a":"PUNIC","39a":"BATISTE","43a":"ADIT","44a":"CAMPROMISE","48a":"ENERO","49a":"LIKE","50a":"GAT","51a":"PEAR","53a":"GNUS","54a":"LEE","55a":"CHRYSANTHEMOM","61a":"TRI","62a":"AURORAE","64a":"SORER","65a":"GABION","67a":"SEINE","68a":"ASTIR","69a":"SERUM","70a":"MADRES","72a":"IGETA","73a":"CRAZIES","76a":"IDO","77a":"DORMATOLOGIST","81a":"NRA","82a":"DOZE","84a":"MARS","85a":"TWO","86a":"ETAL","87a":"AREAS","89a":"RESTAURUNT","94a":"NASA","95a":"SENSATE","97a":"IRINA","98a":"ROLLED","100a":"IVIES","102a":"ERAS","103a":"GINA","104a":"DANAE","106a":"ENNIS","108a":"DEMERITS","112a":"POMEGRANITE","114a":"CROMIGNON","115a":"POISE","116a":"SOLOS","117a":"TIDE","118a":"EDIE","119a":"DRESS","120a":"ARENT","121a":"SPED","122a":"DOLE","1d":"CUBA","2d":"ARES","3d":"ADDS","4d":"NUMERATE","5d":"PONTIAC","6d":"OATEN","7d":"SHOD","8d":"HUN","9d":"SOPRANO","10d":"INTERIM","11d":"ETES","12d":"NORTH","13d":"APO","14d":"PRORATE","15d":"RECITING","16d":"ANTE","17d":"HAYS","18d":"ALL","24d":"IRAN","26d":"DADA","28d":"BLUR","31d":"APPTS","33d":"ABEAM","34d":"CALLA","35d":"ADIEU","36d":"BIKERSDOZEN","38d":"CIPHER","40d":"SENTIMINTAL","41d":"TRURO","42d":"EOSIN","45d":"AGREE","46d":"MAY","47d":"SEER","52d":"ROGERS","55d":"CRIED","56d":"HANSOM","57d":"ASSET","58d":"NOTTO","59d":"TRIAL","60d":"MARAT","63d":"OER","66d":"BUZ","68d":"AGASSI","69d":"SCION","70d":"MIDAS","71d":"ADORE","72d":"IMRE","74d":"ERASE","75d":"SALAD","78d":"RAREE","79d":"OTRAS","80d":"GWU","83d":"EASINESS","86d":"ENLARGED","88d":"SAVAGES","90d":"TRENTON","91d":"AIRIEST","92d":"UNAS","93d":"TRIMMED","96d":"TIER","99d":"ONEI","101d":"SENOR","103d":"GEODE","104d":"DOOR","105d":"AMIE","107d":"NILE","108d":"DRIP","109d":"INDO","110d":"TOIL","111d":"SNEE","112d":"PPD","113d":"ASA","114d":"CTS"}}