{"numbers":[["1","2","3","4","5","-","6","7","8","9","10","-","11","12","13"],["14","","","","","-","15","","","","","-","16","",""],["17","","","","","-","18","","","","","19","","",""],["-","-","20","","","21","-","22","","","-","23","","",""],["24","25","","-","26","","27","","","-","28","","","",""],["29","","","30","-","31","","","","32","","","-","-","-"],["33","","","","34","","","-","35","","","-","36","37","38"],["39","","","","","","-","-","-","40","","41","","",""],["42","","","-","43","","44","-","45","","","","","",""],["-","-","-","46","","","","47","","","-","48","","",""],["49","50","51","","","-","52","","","","53","-","54","",""],["55","","","","-","56","","","-","57","","58","","-","-"],["59","","","","60","","","","61","-","62","","","63","64"],["65","","","-","66","","","","","-","67","","","",""],["68","","","-","69","","","","","-","70","","","",""]],"clues":{"1a":"\"___Without a Cause\"","6a":"Musical scale letters","11a":"Joker","14a":"Smell","15a":"Of great scope","16a":"Electric ___","17a":"Proverb","18a":"Old-fashioned picture taker","20a":"Elevator name","22a":"Victory symbol","23a":"Norse Zeus","24a":"Candidate Landon","26a":"Was sore","28a":"Having divergent lines","29a":"Backside","31a":"DNA shapes","33a":"Letter getter","35a":"Seize","36a":"That lady","39a":"Make into a spiral","40a":"Book after Deuteronomy","42a":"Opposite SSW","43a":"___ Mahal","45a":"12, at dice","46a":"Leisurely study","48a":"Eric of \"Monty Python\"","49a":"October gems","52a":"___ Rouge","54a":"Olive ___","55a":"Sushi go-with","56a":"National anthem contraction","57a":"Author Irwin","59a":"Intercom","62a":"Smoldering spark","65a":"Unfashionable","66a":"\"___ a Rainy Night\" (1981 hit)","67a":"On top of","68a":"Formerly named","69a":"One of life's certainties, in a saying","70a":"Deep ___ (discarded)","1d":"Type of computer chip","2d":"Historical time","3d":"Ticket booth","4d":"Discharge","5d":"Keats poem","6d":"Recede","7d":"Beg shamelessly","8d":"Trapped","9d":"European freshwater fish","10d":"Medicine watchdog: Abbr.","11d":"Uncared-for, as a lawn","12d":"Eagle's nest","13d":"Liver or thyroid","19d":"Extinct birds","21d":"Rhodes ___","24d":"Jingle writers","25d":"Greg Evans cartoon","27d":"Use voodoo on","28d":"Crate up again","30d":"___ Jo, of the '88 Olympics","32d":"Coaxes","34d":"Mosquito marks","36d":"Train for the ring","37d":"___ -burly","38d":"Artist's prop","41d":"___ -fi","44d":"Diner music maker","45d":"\"Kapow!\"","46d":"Entreaty","47d":"___ Tuesday","49d":"Director Welles","50d":"Irritate","51d":"Not obtuse","53d":"Three-toed birds","56d":"Neighbor of Ark.","58d":"Both: Prefix","60d":"Acumen","61d":"Illiterates' signatures","63d":"The day before","64d":"Ruby"},"answers":{"1a":"REBEL","6a":"EGBDF","11a":"WAG","14a":"AROMA","15a":"BROAD","16a":"EEL","17a":"MAXIM","18a":"BOXCAMERA","20a":"OTIS","22a":"VEE","23a":"ODIN","24a":"ALF","26a":"ACHED","28a":"RAYED","29a":"DUFF","31a":"HELICES","33a":"MAILBOX","35a":"NAB","36a":"SHE","39a":"ENCOIL","40a":"JOSHUA","42a":"NNE","43a":"TAJ","45a":"BOXCARS","46a":"PERUSAL","48a":"IDLE","49a":"OPALS","52a":"KHMER","54a":"OYL","55a":"RICE","56a":"OER","57a":"SHAW","59a":"SQUAWKBOX","62a":"EMBER","65a":"OUT","66a":"ILOVE","67a":"ABOVE","68a":"NEE","69a":"TAXES","70a":"SIXED","1d":"RAM","2d":"ERA","3d":"BOXOFFICE","4d":"EMIT","5d":"LAMIA","6d":"EBB","7d":"GROVEL","8d":"BOXEDIN","9d":"DACE","10d":"FDA","11d":"WEEDY","12d":"AERIE","13d":"GLAND","19d":"MOAS","21d":"SCHOLAR","24d":"ADMEN","25d":"LUANN","27d":"HEX","28d":"REBOX","30d":"FLO","32d":"CAJOLES","34d":"BITES","36d":"SHADOWBOX","37d":"HURLY","38d":"EASEL","41d":"SCI","44d":"JUKEBOX","45d":"BAM","46d":"PLEA","47d":"SHROVE","49d":"ORSON","50d":"PIQUE","51d":"ACUTE","53d":"RHEAS","56d":"OKLA","58d":"AMBI","60d":"WIT","61d":"XES","63d":"EVE","64d":"RED"}}