{"numbers":[["1","2","3","4","5","6","7","-","8","9","10","11","12","13","14"],["15","","","","","","","-","16","","","","","",""],["17","","","","","","","-","18","","","","","",""],["19","","","-","-","20","","21","","-","22","","","",""],["-","-","-","23","24","","","","-","25","","","-","-","-"],["26","27","28","","","-","29","","30","","-","31","32","33","34"],["35","","","","","-","36","","","","-","37","","",""],["38","","","","","39","","-","40","","41","","","",""],["42","","","","-","43","","44","","-","45","","","",""],["46","","","","-","47","","","","-","48","","","",""],["-","-","-","49","50","","-","51","","52","","","-","-","-"],["53","54","55","","","-","56","","","","-","-","57","58","59"],["60","","","","","61","","-","62","","63","64","","",""],["65","","","","","","","-","66","","","","","",""],["67","","","","","","","-","68","","","","","",""]],"clues":{"1a":"On the ___ (very angry)","8a":"For the well-to-do","15a":"November winner","16a":"Savannah's place","17a":"\"Evil Ways\" band","18a":"Bar members","19a":"Dynamite's kin","20a":"Christian Science founder","22a":"Pope's \"An ___ on Man\"","23a":"___ way (incidentally)","25a":"Murals and the like","26a":"Free-for-all","29a":"Play callers","31a":"Ill-fated sibling rival","35a":"Put on a pedestal","36a":"Ark builder","37a":"Singer Falana","38a":"String player","40a":"\"Hop to it!\"","42a":"Cancer's symbol","43a":"Reds' Rose","45a":"2:1, e.g.","46a":"\"A-one and ___\"","47a":"\"I smell ___\"","48a":"TV pitchman Merlin","49a":"\"A Christmas Carol\" boy","51a":"Student of optometry?","53a":"Edinburgh dwellers","56a":"Aloe ___ (lotion ingredient)","57a":"Retirement kitty, for short","60a":"Evangeline, e.g.","62a":"Last-place finisher, so it's said","65a":"Unyielding","66a":"Fence in","67a":"Reneges","68a":"Quotes poetry","1d":"Frontierward","2d":"Chester Arthur's middle name","3d":"Monthly due","4d":"%: Abbr.","5d":"___ loss for words","6d":"Belief","7d":"Edith + Holly","8d":"Hideous","9d":"Black-eyed one, perhaps","10d":"Farmer, in the spring","11d":"Billy + Lucille","12d":"\"Rock of ___\"","13d":"Italian bread","14d":"Word before come and go","21d":"Car for test-driving","23d":"Alexander + Timothy","24d":"Abominable Snowman","25d":"Tennis's Arthur","26d":"Islamic center","27d":"Bring to bear","28d":"Steven Bochco TV drama","30d":"Patti + Lana","32d":"Boxing matches","33d":"Borden bovine","34d":"Instructions to Macduff","39d":"Lunch meat","41d":"\"Star Trek\" counselor","44d":"Record","50d":"Basketball's Thomas","52d":"\"Common Sense\" author","53d":"\"Saint Joan\" playwright","54d":"Sign over","55d":"Reverend Roberts","56d":"Animal docs","57d":"\"___ You Babe\"","58d":"Misleading move","59d":"Senate votes","61d":"SSW's reverse","63d":"New Deal grp.","64d":"Yale player"},"answers":{"1a":"WARPATH","8a":"UPSCALE","15a":"ELECTEE","16a":"GEORGIA","17a":"SANTANA","18a":"LAWYERS","19a":"TNT","20a":"EDDY","22a":"ESSAY","23a":"BYTHE","25a":"ART","26a":"MELEE","29a":"UMPS","31a":"ABEL","35a":"EXALT","36a":"NOAH","37a":"LOLA","38a":"CELLIST","40a":"GETBUSY","42a":"CRAB","43a":"PETE","45a":"RATIO","46a":"ATWO","47a":"ARAT","48a":"OLSEN","49a":"TIM","51a":"PUPIL","53a":"SCOTS","56a":"VERA","57a":"IRA","60a":"HEROINE","62a":"NICEGUY","65a":"ADAMANT","66a":"ENCLOSE","67a":"WELSHES","68a":"RECITES","1d":"WEST","2d":"ALAN","3d":"RENT","4d":"PCT","5d":"ATA","6d":"TENET","7d":"HEADHUNTER","8d":"UGLY","9d":"PEA","10d":"SOWER","11d":"CRYSTALBALL","12d":"AGES","13d":"LIRA","14d":"EASY","21d":"DEMO","23d":"BELLBOTTOMS","24d":"YETI","25d":"ASHE","26d":"MECCA","27d":"EXERT","28d":"LALAW","30d":"PAGETURNER","32d":"BOUTS","33d":"ELSIE","34d":"LAYON","39d":"SPAM","41d":"TROI","44d":"TAPE","50d":"ISIAH","52d":"PAINE","53d":"SHAW","54d":"CEDE","55d":"ORAL","56d":"VETS","57d":"IGOT","58d":"RUSE","59d":"AYES","61d":"NNE","63d":"CCC","64d":"ELI"}}