{"numbers":[["-","1","2","3","4","5","6","-","7","8","9","10","11","-","-"],["12","","","","","","","-","13","","","","","14","-"],["15","","","","","","","-","16","","","","","","17"],["18","","","","","-","19","20","","","","","","",""],["21","","","","-","22","","","","-","23","","","",""],["24","","","-","25","","","","","-","-","26","","",""],["-","27","","28","","","","","-","-","29","","","",""],["-","-","-","30","","","","","31","32","","","-","-","-"],["33","34","35","","","-","-","36","","","","","37","38","-"],["39","","","","-","-","40","","","","","-","41","","42"],["43","","","","44","-","45","","","","-","46","","",""],["47","","","","","48","","","","-","49","","","",""],["50","","","","","","","-","51","52","","","","",""],["-","53","","","","","","-","54","","","","","",""],["-","-","55","","","","","-","56","","","","","","-"]],"clues":{"1a":"Kind of fair","7a":"10th-century English king","12a":"Walden Pond habitue","13a":"One found in the stacks","15a":"Bandit's cry","16a":"Fine-wooled sheep","18a":"Beehives, for instance","19a":"From 8 to 11","21a":"Venison","22a":"Alda of \"M*A*S*H\"","23a":"\"Cheaper by the ___\"","24a":"Baseballer Maglie","25a":"View","26a":"Antique autos","27a":"Vain","29a":"Temporary hair tinter","30a":"Romance with the past","33a":"Rubberneck","36a":"Linked","39a":"Catamount","40a":"Thumbs through","41a":"___ out (relax)","43a":"Not very competent","45a":"Furry companions","46a":"Allocate","47a":"Leggy one","49a":"Passengers","50a":"Birders' society","51a":"Duds","53a":"___ piece","54a":"Volunteers","55a":"Super buys","56a":"Expunge","1d":"Mademoiselle's hat","2d":"Short poems","3d":"Fire of the mind","4d":"Actor Parker","5d":"Letter after sigma","6d":"Most limber","7d":"King's fur","8d":"Consider","9d":"Rose up, in dialect","10d":"Newspaper part","11d":"Inhabitant","12d":"Dropping sounds","14d":"Lovers","17d":"Sixth ___","20d":"Searched thoroughly","22d":"Old radio favorite \"Easy ___\"","25d":"___ gin","28d":"Delight beyond measure","29d":"Splits","31d":"Dawdled","32d":"Teeth holders","33d":"Bright star in Virgo","34d":"Mechanic's job","35d":"Revised","37d":"Hillary's conquest","38d":"Political thaw","40d":"Shells out","42d":"Hero's exploits","44d":"Shinbone","46d":"Actress Van Doren","48d":"Lifeguard's beat","49d":"Satisfy","52d":"One, in Aberdeen"},"answers":{"1a":"CRAFTS","7a":"EDRED","12a":"THOREAU","13a":"READER","15a":"HANDSUP","16a":"MERINOS","18a":"UPDOS","19a":"PRIMETIME","21a":"DEER","22a":"ALAN","23a":"DOZEN","24a":"SAL","25a":"SCENE","26a":"REOS","27a":"USELESS","29a":"RINSE","30a":"NOSTALGIA","33a":"STARE","36a":"COUPLED","39a":"PUMA","40a":"SKIMS","41a":"VEG","43a":"INEPT","45a":"PETS","46a":"METE","47a":"CENTIPEDE","49a":"FARES","50a":"AUDUBON","51a":"RAIMENT","53a":"PERIOD","54a":"ENLISTS","55a":"DEALS","56a":"DELETE","1d":"CHAPEAU","2d":"RONDELS","3d":"ARDOR","4d":"FESS","5d":"TAU","6d":"SUPPLEST","7d":"ERMINE","8d":"DEEM","9d":"RARED","10d":"EDITORIAL","11d":"DENIZEN","12d":"THUDS","14d":"ROMEOS","17d":"SENSE","20d":"RANSACKED","22d":"ACES","25d":"SLOE","28d":"ENRAPTURE","29d":"RIPS","31d":"LOITERED","32d":"GUMS","33d":"SPICA","34d":"TUNEUP","35d":"AMENDED","37d":"EVEREST","38d":"DETENTE","40d":"SPENDS","42d":"GESTS","44d":"TIBIA","46d":"MAMIE","48d":"POOL","49d":"FILL","52d":"ANE"}}