{"numbers":[["1","2","3","4","5","6","-","7","8","9","10","-","11","12","13"],["14","","","","","","-","15","","","","-","16","",""],["17","","","","","","18","","","","","-","19","",""],["-","-","20","","","-","21","","","","-","22","","",""],["23","24","","-","25","26","","","","-","27","","","",""],["28","","","29","-","30","","","","31","","","","",""],["32","","","","33","","","","-","34","","","-","-","-"],["-","35","","","","","","-","36","","","","37","38","-"],["-","-","-","39","","","-","40","","","","","","","41"],["42","43","44","","","","45","","","","-","46","","",""],["47","","","","","-","48","","","","49","-","50","",""],["51","","","","-","52","","","","-","53","54","","-","-"],["55","","","-","56","","","","","57","","","","58","59"],["60","","","-","61","","","","-","62","","","","",""],["63","","","-","64","","","","-","65","","","","",""]],"clues":{"1a":"Symbol of stiffness","7a":"Brewing ingredient","11a":"Leave it to beavers","14a":"Julia, on \"Seinfeld\"","15a":"Mayberry moppet","16a":"Mistress Braun","17a":"\"Wait 'Til My Bobby Gets Home\" singer","19a":"Marshy area","20a":"Dockworkers' org.","21a":"Four laps, sometimes","22a":"A Sesame Streeter","23a":"X rating?","25a":"Sticker","27a":"Come to a halt","28a":"Patron saint of Norway","30a":"Co-star of \"The Producers\"","32a":"Government health program","34a":"\"Hail, Caesar!\"","35a":"Forge materials","36a":"Where Naxos is","39a":"Hard water?","40a":"Contest entry, perhaps","42a":"The Babe Ruth of Japan","46a":"Science writer Gernsback","47a":"Ease up","48a":"Hymn accompaniment","50a":"Record","51a":"Site of the 1960 Olympics","52a":"Ad writer's honor","53a":"Lend a hand","55a":"Cousin of Fortran","56a":"Former E Street Band member","60a":"Baseball throw","61a":"Working away","62a":"Bar perches","63a":"Journal addendum","64a":"Coolers","65a":"Lake Huron port","1d":"It's seen in anger","2d":"According to","3d":"Tenderizing sauce","4d":"Brook","5d":"Hoopster Shaquille","6d":"Place to relax","7d":"\"The Misanthrope\" author","8d":"Harlem theater","9d":"As it occurs","10d":"Driving need","11d":"Trounce","12d":"Disinclined","13d":"Place for trophies","18d":"Barbecue leftovers","22d":"Implore","23d":"Tabby's mate","24d":"Kind of sch.","26d":"Rhododendron relative","27d":"Break the 10th Commandment","29d":"Impair","31d":"Warfield of \"Night Court\"","33d":"Secret supply","36d":"10<sup>100</sup>","37d":"Witch's vessel","38d":"Therefore","40d":"They go by the book","41d":"Cerberus or Argus, e.g.","42d":"Ranchero's wrap","43d":"Homes","44d":"Vandalize","45d":"Arrive at last","49d":"1993 treaty","52d":"Give as a reference","54d":"Dr. Frankenstein's assistant","56d":"Shut-eye","57d":"C.I.A. forerunner","58d":"\"Boola Boola\" singer","59d":"Hush-hush D.C. grp."},"answers":{"1a":"RAMROD","7a":"MALT","11a":"DAM","14a":"ELAINE","15a":"OPIE","16a":"EVA","17a":"DARLENELOVE","19a":"FEN","20a":"ILA","21a":"MILE","22a":"BERT","23a":"TEN","25a":"LABEL","27a":"CEASE","28a":"OLAV","30a":"ZEROMOSTEL","32a":"MEDICARE","34a":"AVE","35a":"METALS","36a":"GREECE","39a":"ICE","40a":"POSTCARD","42a":"SADAHARUOH","46a":"HUGO","47a":"ABATE","48a":"ORGAN","50a":"LOG","51a":"ROME","52a":"CLIO","53a":"AID","55a":"ADA","56a":"NILSLOFGREN","60a":"PEG","61a":"ATIT","62a":"STOOLS","63a":"ESE","64a":"PENS","65a":"SARNIA","1d":"RED","2d":"ALA","3d":"MARINADE","4d":"RILL","5d":"ONEAL","6d":"DEN","7d":"MOLIERE","8d":"APOLLO","9d":"LIVE","10d":"TEE","11d":"DEFEAT","12d":"AVERSE","13d":"MANTEL","18d":"EMBERS","22d":"BESEECH","23d":"TOM","24d":"ELEM","26d":"AZALEA","27d":"COVET","29d":"VITIATE","31d":"MARSHA","33d":"CACHE","36d":"GOOGOL","37d":"CAULDRON","38d":"ERGO","40d":"PURISTS","41d":"DOG","42d":"SARAPE","43d":"ABODES","44d":"DAMAGE","45d":"ROLLIN","49d":"NAFTA","52d":"CITE","54d":"IGOR","56d":"NAP","57d":"OSS","58d":"ELI","59d":"NSA"}}