{"numbers":[["1","2","3","4","5","-","6","7","8","9","-","10","11","12","13"],["14","","","","","-","15","","","","-","16","","",""],["17","","","","","18","","","","","-","19","","",""],["20","","","-","21","","","","-","22","23","","","",""],["-","-","-","24","","","","","25","-","26","","","",""],["27","28","29","","","","-","30","","31","","","","-","-"],["32","","","","-","-","33","","","","","-","34","35","36"],["37","","","","38","39","","-","40","","","41","","",""],["42","","","-","43","","","44","","-","-","45","","",""],["-","-","46","47","","","","","-","48","49","","","",""],["50","51","","","","-","52","","53","","","","-","-","-"],["54","","","","","55","-","56","","","","-","57","58","59"],["60","","","","-","61","62","","","","","63","","",""],["64","","","","-","65","","","","-","66","","","",""],["67","","","","-","68","","","","-","69","","","",""]],"clues":{"1a":"Outbuildings","6a":"Hobgoblin","10a":"\"___ sesame\"","14a":"Mischievous sprite","15a":"Selves","16a":"Nuclear reactor","17a":"Ahead of the times","19a":"Prefix with marketing","20a":"Sleep stage","21a":"Accurate","22a":"Made an incursion","24a":"Medicine that's not all it's promised to be","26a":"Bewails","27a":"Fictitious","30a":"Trigonometric function","32a":"Sashes","33a":"Oil city of Iran","34a":"Memorable period","37a":"Melts","40a":"It may be penciled in","42a":"Ott or Gibson","43a":"Appraised","45a":"Inland sea east of the Caspian","46a":"Rephrased","48a":"Lord Peter Wimsey's creator","50a":"Caper","52a":"Uproar","54a":"Evades","56a":"___ of arms","57a":"Small amount","60a":"Woodwind instrument","61a":"Restaurant special","64a":"Add-on","65a":"Swearword","66a":"Valletta is its capital","67a":"Not the pictures","68a":"Nautical chains","69a":"Stocking material","1d":"Box","2d":"Busy place","3d":"Word with eye or final","4d":"Gunga ___","5d":"Resolve","6d":"___ Arts","7d":"Monstrously cruel","8d":"The Almighty","9d":"River to the North Sea","10d":"Right to purchase","11d":"Secondary residence","12d":"Actress Burstyn","13d":"Desiderata","18d":"Electric power network","23d":"Astound","24d":"Noted lioness","25d":"Take new vows","27d":"Froth","28d":"French ecclesiastic","29d":"Love letter","31d":"Low island","33d":"Fall bloomer","35d":"Bellow","36d":"Piercing tools","38d":"Instant","39d":"___ one's words","41d":"Reddish-brown horses","44d":"Give a little learning","47d":"Reader's ___","48d":"Miner's nail","49d":"Cooling-off time","50d":"Take as one's own","51d":"Aristocratic","53d":"Closet pests","55d":"Espy","57d":"Kewpie,. e.g.","58d":"Prefix with graph or crat","59d":"Breakfast fiber source","62d":"Ballad","63d":"Blue bird"},"answers":{"1a":"SHEDS","6a":"BOGY","10a":"OPEN","14a":"PIXIE","15a":"EGOS","16a":"PILE","17a":"AVANTGARDE","19a":"TELE","20a":"REM","21a":"TRUE","22a":"RAIDED","24a":"ELIXIR","26a":"MOANS","27a":"FABLED","30a":"SECANT","32a":"OBIS","33a":"AHWAZ","34a":"ERA","37a":"ABLATES","40a":"EYEBROW","42a":"MEL","43a":"RATED","45a":"ARAL","46a":"EDITED","48a":"SAYERS","50a":"ANTIC","52a":"RUMPUS","54a":"DODGES","56a":"COAT","57a":"DAB","60a":"OBOE","61a":"PLATDUJOUR","64a":"PLUS","65a":"OATH","66a":"MALTA","67a":"TEXT","68a":"TYES","69a":"NYLON","1d":"SPAR","2d":"HIVE","3d":"EXAM","4d":"DIN","5d":"SETTLE","6d":"BEAUX","7d":"OGREISH","8d":"GOD","9d":"YSER","10d":"OPTION","11d":"PIEDATERRE","12d":"ELLEN","13d":"NEEDS","18d":"GRID","23d":"AMAZE","24d":"ELSA","25d":"REWED","27d":"FOAM","28d":"ABBE","29d":"BILLETDOUX","31d":"CAY","33d":"ASTER","35d":"ROAR","36d":"AWLS","38d":"TRICE","39d":"EAT","41d":"BAYS","44d":"EDUCATE","47d":"DIGEST","48d":"SPAD","49d":"AUTUMN","50d":"ADOPT","51d":"NOBLE","53d":"MOTHS","55d":"SPOT","57d":"DOLL","58d":"AUTO","59d":"BRAN","62d":"LAY","63d":"JAY"}}