{"numbers":[["-","1","2","3","4","5","6","-","7","8","9","10","11","-","-"],["12","","","","","","","-","13","","","","","14","-"],["15","","","","","","","-","16","","","","","","17"],["18","","","-","19","","","20","","-","21","","","",""],["22","","","23","-","24","","","","25","-","26","","",""],["27","","","","28","-","29","","","","30","-","31","",""],["-","32","","","","33","-","34","","","","35","","",""],["-","-","-","36","","","37","","","","","","-","-","-"],["38","39","40","","","","","","-","41","","","42","43","-"],["44","","","-","45","","","","46","-","47","","","","48"],["49","","","50","-","51","","","","52","-","53","","",""],["54","","","","55","-","56","","","","57","-","58","",""],["59","","","","","60","","-","61","","","62","","",""],["-","63","","","","","","-","64","","","","","",""],["-","-","65","","","","","-","66","","","","","","-"]],"clues":{"1a":"Dries (off)","7a":"The color of honey","12a":"Wining and dining place","13a":"Bob of reggae","15a":"The \"thee\" of \"Of Thee I Sing\"","16a":"Teases","18a":"___ soda","19a":"Napoli night","21a":"Least big","22a":"Football no-no","24a":"Prefix equivalent to -ish","26a":"Way on or off","27a":"He told a hare racing story","29a":"Outlets","31a":"Hemingway novel setting","32a":"Furniture trim","34a":"Property restriction","36a":"Site of a Lewis and Clark stop, 1804","38a":"Inevitable","41a":"Up, in a way","44a":"Glaciate","45a":"Arises (from)","47a":"\"It's ___ never\"","49a":"\"Stuffed Shirts\" author","51a":"Blithe","53a":"Find, with \"out\"","54a":"Wassail flavor enhancer","56a":"Penicillin target, for short","58a":"Sermon subject","59a":"Semisoft Danish cheese","61a":"Approved","63a":"Modern phone option","64a":"Durer and others","65a":"Oboelike in sound","66a":"Rest-less, perhaps","1d":"Wrapped food","2d":"Giant stele","3d":"Disturber of the peace","4d":"Hibernia","5d":"Rimsky-Korsakov opera opener","6d":"Park art","7d":"Definitely not a know-it-all","8d":"Fannie ___","9d":"Steep","10d":"Venerable one","11d":"Legal O.K.","12d":"Abettor of Brutus","14d":"Rubber stamps","17d":"March honoree (with an aptly numbered clue)","20d":"Free of duties","23d":"Balance","25d":"\"___the bag!\"","28d":"Fussbudgets","30d":"\"Dragonwyck\" author","33d":"Nail's companion","35d":"\"Discus Thrower\" sculptor of ancient Greece","37d":"With worry","38d":"Rip off","39d":"Eyepiece, in jargon","40d":"Bounce back","42d":"Ballroom dance","43d":"Nylons","46d":"Toots","48d":"Pulls apart","50d":"Get around","52d":"Streisand title role","55d":"Detroit River's destination","57d":"Runners try to pick it up","60d":"Just a bit","62d":"Amigo of Fidel"},"answers":{"1a":"TOWELS","7a":"AMBER","12a":"CABARET","13a":"MARLEY","15a":"AMERICA","16a":"NEEDLES","18a":"SAL","19a":"NOTTE","21a":"WEEST","22a":"CLIP","24a":"QUASI","26a":"RAMP","27a":"AESOP","29a":"EXITS","31a":"SEA","32a":"SKIRT","34a":"EASEMENT","36a":"SIOUXCITY","38a":"FOREGONE","41a":"NORTH","44a":"ICE","45a":"STEMS","47a":"NOWOR","49a":"LUCE","51a":"HAPPY","53a":"NOSE","54a":"CLOVE","56a":"STREP","58a":"SIN","59a":"HAVARTI","61a":"ENACTED","63a":"REDIAL","64a":"ETCHERS","65a":"REEDY","66a":"SLEEPY","1d":"TAMALES","2d":"OBELISK","3d":"WAR","4d":"ERIN","5d":"LECOQ","6d":"STATUE","7d":"AMNESIAC","8d":"MAE","9d":"BREW","10d":"ELDER","11d":"RELEASE","12d":"CASCA","14d":"YESMEN","17d":"STPAT","20d":"TAXEXEMPT","23d":"POISE","25d":"ITSIN","28d":"PRIGS","30d":"SETON","33d":"TOOTH","35d":"MYRON","37d":"UNEASILY","38d":"FILCH","39d":"OCULAR","40d":"RECOVER","42d":"TWOSTEP","43d":"HOSIERY","46d":"SPREES","48d":"RENDS","50d":"EVADE","52d":"YENTL","55d":"ERIE","57d":"PACE","60d":"TAD","62d":"CHE"}}