{"numbers":[["1","2","3","4","5","6","7","8","9","-","-","-","10","11","12"],["13","","","","","","","","","14","-","15","","",""],["16","","","","","","","","","","-","17","","",""],["18","","","-","19","","","-","-","20","21","","","",""],["22","","","23","-","24","","25","26","-","27","","","",""],["28","","","","29","-","30","","","31","","","","","-"],["32","","","","","33","-","34","","","","","-","-","-"],["35","","","","","","36","-","37","","","","38","39","40"],["-","-","-","41","","","","42","-","43","","","","",""],["-","44","45","","","","","","46","-","47","","","",""],["48","","","","","-","49","","","50","-","51","","",""],["52","","","","","53","-","-","54","","55","-","56","",""],["57","","","","-","58","59","60","","","","61","","",""],["62","","","","-","63","","","","","","","","",""],["64","","","-","-","-","65","","","","","","","",""]],"clues":{"1a":"Leaves in a huff","10a":"Calendar abbr.","13a":"Warning for the inattentive","15a":"Actress Maryam","16a":"Some fast-food offerings","17a":"\"___ do you good!\"","18a":"Prefix with benzene","19a":"___ de veau (sweetbread)","20a":"Outcome","22a":"Rain check","24a":"Designation","27a":"Frigidaire rival","28a":"Matriculate","30a":"\"... ___ to breathe free\" (Statue of Liberty inscription)","32a":"Ropes","34a":"Herders' sticks","35a":"Commercially O.K.","37a":"Pair","41a":"\"... ___ a good night!'","43a":"Armenia's capital: Var.","44a":"Shows glee","47a":"About","48a":"Noted \"Porgy and Bess\" soprano","49a":"Sound","51a":"Actor David of \"Rhoda\"","52a":"Hoodwink","54a":"Rock's ___ Rose","56a":"Actor Gulager","57a":"Kon ___","58a":"More fast-food offerings","62a":"Dripping wet","63a":"Keep going","64a":"Albanian coin","65a":"Inexpensive telegram, once","1d":"Woollies","2d":"Country since 1964","3d":"1881 fight site","4d":"Pre-show show: Abbr.","5d":"___ Woods (California tourist site)","6d":"Bowler's problem","7d":"\"The Plough and the Stars\" playwright","8d":"It goes in one era and out the other","9d":"Ala. neighbor","10d":"Prophet who reprimanded David","11d":"Rectangular","12d":"Pioneer physicist Alessandro","14d":"Baton Rouge coll.","15d":"Letting go","21d":"Curious one","23d":"Crisp","25d":"Polit. label","26d":"Business hub","29d":"Hard hat","31d":"Poet laureate Nicholas","33d":"Part of a blind","36d":"Office workstations, maybe","38d":"Winter wear","39d":"Legendary Spanish matador","40d":"Cheerleader, in a way","42d":"Actress Thompson","44d":"Popular vacation trip","45d":"Name in Western lore","46d":"Rather fashionable","48d":"Labellum","50d":"Remove","53d":"Answer to \"How did you know?\"","55d":"Hydro- or electro- follower","59d":"Organized","60d":"\"...man ___ mouse?\"","61d":"Project"},"answers":{"1a":"STORMSOFF","10a":"NOV","13a":"WAKEUPCALL","15a":"DABO","16a":"ENCHILADAS","17a":"ITLL","18a":"AZO","19a":"RIS","20a":"UPSHOT","22a":"TARP","24a":"TERM","27a":"AMANA","28a":"ENROL","30a":"YEARNING","32a":"RIATAS","34a":"PRODS","35a":"SALABLE","37a":"TWOSOME","41a":"TOALL","43a":"ERIVAN","44a":"CHORTLES","47a":"ANENT","48a":"PRICE","49a":"SANE","51a":"GROH","52a":"EUCHRE","54a":"AXL","56a":"CLU","57a":"TIKI","58a":"SLOPPYJOES","62a":"ASOP","63a":"PERPETUATE","64a":"LEK","65a":"DAYLETTER","1d":"SWEATERS","2d":"TANZANIA","3d":"OKCORRAL","4d":"REH","5d":"MUIR","6d":"SPLIT","7d":"OCASEY","8d":"FAD","9d":"FLA","10d":"NATHAN","11d":"OBLONG","12d":"VOLTA","14d":"LSU","15d":"DISMISSING","21d":"PANDORA","23d":"POTATOCHIP","25d":"REP","26d":"MART","29d":"LABORER","31d":"ROWE","33d":"SLAT","36d":"ELLS","38d":"OVERCOAT","39d":"MANOLETE","40d":"ENTHUSER","42d":"LEA","44d":"CRUISE","45d":"HICKOK","46d":"SNAPPY","48d":"PETAL","50d":"EXPEL","53d":"ESP","55d":"LYTE","59d":"LED","60d":"ORA","61d":"JUT"}}