{"numbers":[["-","1","2","3","4","5","6","7","-","8","9","10","11","12","13","14","15","-","-","16","17","18","19"],["20","","","","","","","","-","21","","","","","","","","-","22","","","",""],["23","","","","","","","","24","","","","","","","","","-","25","","","",""],["26","","","-","-","-","27","","","","-","28","","","","-","-","29","","","","",""],["30","","","31","-","32","","","","","33","-","-","-","34","35","36","","","","","",""],["-","-","37","","38","","","-","-","-","39","40","41","42","-","43","","","-","44","","",""],["-","45","","","","","","46","47","48","","","","","49","","","","50","-","-","-","-"],["51","","","","","-","-","52","","","-","53","","","","","-","54","","55","56","57","-"],["58","","","","-","59","60","","","","61","-","62","","","-","63","","","","","","64"],["65","","","-","66","","","","","","","67","-","68","","69","","","","","","",""],["70","","","71","","","","-","-","72","","","73","-","74","","","","-","75","","",""],["-","-","76","","","","-","77","78","","","","","79","","","-","80","81","","","-","-"],["82","83","","","-","84","85","","","-","86","","","","-","-","87","","","","","88","89"],["90","","","","91","","","","","92","-","93","","","94","95","","","","-","96","",""],["97","","","","","","","-","98","","99","-","100","","","","","","-","101","","",""],["-","102","","","","","-","103","","","","104","-","105","","","-","-","106","","","",""],["-","-","-","-","107","","108","","","","","","109","","","","110","111","","","","","-"],["112","113","114","115","-","116","","","-","117","","","","-","-","-","118","","","","","-","-"],["119","","","","120","","","","121","-","-","-","122","123","124","125","","","-","126","","127","128"],["129","","","","","","-","-","130","131","132","133","-","134","","","","-","-","-","135","",""],["136","","","","","-","137","138","","","","","139","","","","","140","141","142","","",""],["143","","","","","-","144","","","","","","","","-","145","","","","","","",""],["146","","","","-","-","147","","","","","","","","-","148","","","","","","","-"]],"clues":{"1a":"___ Benbow (\"Treasure Island\" film)","8a":"1954 Fellini film","16a":"Kind of money or puppy","20a":"201 or 202, e.g.","21a":"Advocated","22a":"\"___ when?\"","23a":"Morgan's initial occupation?","25a":"Mail","26a":"Winner in Zaire, 10/30/74","27a":"Schoolmarmish","28a":"TV's Ricky","29a":"Produce","30a":"___ Park, N.Y.","32a":"French stories","34a":"Henry Bolingbroke's victim","37a":"Unsuspecting","39a":"\"Oh, very funny\"","43a":"Actress Meyers","44a":"Penn name","45a":"Escher's initial occupation?","51a":"Annie of \"Designing Women\"","52a":"Best-selling Chinese author","53a":"Pen name","54a":"Curled-up","58a":"Son of 41 Down","59a":"Shortage","62a":"Formicary inhabitant","63a":"Provided protection for","65a":"Towel's place","66a":"Implied","68a":"Pays homage","70a":"Improve","72a":"Take off","74a":"Buggy","75a":"Deserving a C","76a":"\"___ It Romantic?\"","77a":"Concerning","80a":"1984 Nobelist","82a":"Tea times, for short","84a":"\"I do\" preceder","86a":"Rolling stock?","87a":"A sir","90a":"They're seen after a shower","93a":"Company once headed by Henry Luce","96a":"Poetic monogram","97a":"Loud fellow","98a":"Clear tables","100a":"___ woe","101a":"They're designed in Hollywood","102a":"Ovid's \"The ___ Love\"","103a":"Literature Nobelist Nelly","105a":"Bar opening","106a":"Michener title","107a":"cummings's initial occupation?","112a":"Initials for a pound","116a":"Rock video award","117a":"Kuwaiti V.I.P.","118a":"A bit of mischievousness","119a":"20th-century events","122a":"Chant","126a":"Clumsy ships","129a":"Mother's kin","130a":"A little night music","134a":"Cooked up stories","135a":"Religious ideal","136a":"Energize","137a":"Barnum's initial occupation?","143a":"\"Politics of Ecstasy\" author","144a":"Honing device","145a":"Fetters","146a":"Heathrow visitors","147a":"Parrots","148a":"Topic in tax law","1d":"As ___ (usually)","2d":"Lawrence's initial occupation?","3d":"Gym protection","4d":"Here, in Le Havre","5d":"Fabulous flyer","6d":"Having more talent","7d":"Mrs. Arrowsmith","8d":"1969 Paul Revere and the Raiders hit","9d":"Silver-gray","10d":"Exceeded the limit","11d":"Binge at the bar","12d":"Ways of Paris","13d":"Light ___","14d":"Winter mo.","15d":"\"Modern Fables\" writer","16d":"Personnel directors","17d":"Like a morning bed","18d":"Nova ___","19d":"Legalistic locator","20d":"Cracked open","22d":"Cakemaker Lee","24d":"Trifling amount","29d":"Lewis's initial occupation?","31d":"Hops are dried in them","32d":"Keat's \"The ___ of St. Agnes\"","33d":"Yonder yacht","35d":"Actors McKellen and Holm","36d":"Dernier ___","38d":"\"___ You I Love\"","40d":"Parabolic path","41d":"Heavenly queen","42d":"Mingling with","45d":"Empty head","46d":"Gulf nation","47d":"Game often played with hexagonal chips","48d":"___ pin","49d":"___ Manifesto (1854 proclamation)","50d":"Bears do it","51d":"Prune","55d":"Connects with","56d":"Housman's initial occupation?","57d":"Tennis calls","59d":"Salinger's initial occupation?","60d":"Compass dir.","61d":"Spellbound","63d":"Take's mate","64d":"Brit. award","66d":"Media initals since 1980","67d":"\"Can you ___?\"","69d":"N N N","71d":"O.K.","73d":"Implied","77d":"G.T.E. rival","78d":"Month before Adar","79d":"Forward","81d":"Press extension","82d":"Early hrs.","83d":"Greek salad topping","85d":"It's inspired","87d":"Brief resume","88d":"To be, in Bogota","89d":"Hardy heroine","91d":"Midwestern tribe","92d":"South American capital","94d":"Choice word","95d":"Prosecutor Jaworski","99d":"Wooden wedge","101d":"\"Now you ___...\"","103d":"Traumatize","104d":"Grade school subj.","106d":"Loaded letters","108d":"NASA walk, for short","109d":"Sleeve","110d":"Where rakes progress","111d":"___ pickle","112d":"Increases","113d":"Polo participants","114d":"Haberdasher's offering","115d":"Lets out","120d":"Gainsay","121d":"Etchers' equipment","123d":"\"Deutschland uber ___\"","124d":"Mar. tourney","125d":"Titter","127d":"Diamond quartet","128d":"They're plowed","131d":"Kind of prof.","132d":"Gyro holder","133d":"Robert Burns, e.g.","137d":"Luau serving","138d":"That guy","139d":"Request of Vanna","140d":"Q-U filler","141d":"Sen. Sessions's state: Abbr.","142d":"How some stand"},"answers":{"1a":"ADMIRAL","8a":"LASTRADA","16a":"HUSH","20a":"AREACODE","21a":"ESPOUSED","22a":"SINCE","23a":"JUSTICEOFTHEPEACE","25a":"ARMOR","26a":"ALI","27a":"PRIM","28a":"DESI","29a":"CREATE","30a":"REGO","32a":"ETAGES","34a":"RICHARDII","37a":"NAIVE","39a":"HAHA","43a":"ARI","44a":"SEAN","45a":"MASTEROFCEREMONIES","51a":"POTTS","52a":"MAO","53a":"CROSS","54a":"FETAL","58a":"ARES","59a":"DEARTH","62a":"ANT","63a":"POLICED","65a":"ROD","66a":"CONNOTED","68a":"GENUFLECTS","70a":"ENHANCE","72a":"EXIT","74a":"NUTS","75a":"SOSO","76a":"ISNT","77a":"ASREGARDS","80a":"TUTU","82a":"AFTS","84a":"OATH","86a":"DICE","87a":"BARONET","90a":"METEORITES","93a":"TIMELIFE","96a":"TSE","97a":"STENTOR","98a":"BUS","100a":"TALEOF","101a":"SETS","102a":"ARTOF","103a":"SACHS","105a":"ISO","106a":"TEXAS","107a":"ELECTRICALENGINEER","112a":"SPCA","116a":"AVA","117a":"EMIR","118a":"ANTIC","119a":"WORLDWARS","122a":"MANTRA","126a":"TUBS","129a":"ENATES","130a":"TAPS","134a":"LIED","135a":"TAO","136a":"LIVEN","137a":"PHYSICALTHERAPIST","143a":"LEARY","144a":"OILSTONE","145a":"ENSLAVES","146a":"SSTS","147a":"IMITATES","148a":"ESTATES","1d":"ARULE","2d":"DESIGNATEDHITTER","3d":"MAT","4d":"ICI","5d":"ROC","6d":"ADEPTER","7d":"LEORA","8d":"LETME","9d":"ASH","10d":"SPED","11d":"TOPE","12d":"RUES","13d":"ASAIR","14d":"DEC","15d":"ADE","16d":"HIRERS","17d":"UNMADE","18d":"SCOTIA","19d":"HEREIN","20d":"AJAR","22d":"SARA","24d":"FIG","29d":"CHIEFOFSTAFF","31d":"OASTS","32d":"EVE","33d":"SHE","35d":"IANS","36d":"CRI","38d":"ITS","40d":"ARC","41d":"HERA","42d":"AMONG","45d":"MORON","46d":"OMAN","47d":"FARO","48d":"COTTER","49d":"OSTEND","50d":"SELL","51d":"PARE","55d":"TIESTO","56d":"ACCOUNTEXECUTIVE","57d":"LETS","59d":"DOCTOROFLAWS","60d":"ENE","61d":"HEXED","63d":"PUT","64d":"DSO","66d":"CNN","67d":"DIGIT","69d":"NUS","71d":"ASSENT","73d":"TACIT","77d":"ATT","78d":"SHEBAT","79d":"REMAIL","81d":"URE","82d":"AMS","83d":"FETA","85d":"AIR","87d":"BIO","88d":"ESTAR","89d":"TESS","91d":"OTOE","92d":"SUCRE","94d":"ELSE","95d":"LEON","99d":"SHIM","101d":"SEEIT","103d":"SCAR","104d":"SCI","106d":"TNT","108d":"EVA","109d":"ARM","110d":"GARDENS","111d":"INA","112d":"SWELLS","113d":"PONIES","114d":"CRAVAT","115d":"ALTERS","120d":"DENY","121d":"STYLI","123d":"ALLES","124d":"NIT","125d":"TEHEE","127d":"BASES","128d":"SOTS","131d":"ASST","132d":"PITA","133d":"SCOT","137d":"POI","138d":"HIM","139d":"ANE","140d":"RST","141d":"ALA","142d":"PAT"}}