{"numbers":[["1","2","3","4","-","-","5","6","7","8","9","-","10","11","12"],["13","","","","14","-","15","","","","","-","16","",""],["17","","","","","18","","","","","","-","19","",""],["20","","","","","","","-","21","","","22","","",""],["-","-","-","-","23","","","-","-","-","24","","","",""],["25","26","27","28","","","","29","30","31","","","-","-","-"],["32","","","","","-","-","33","","","","-","34","35","36"],["37","","","","-","38","39","","","","-","40","","",""],["41","","","-","42","","","","-","-","43","","","",""],["-","-","-","44","","","","","45","46","","","","",""],["47","48","49","","","-","-","-","50","","","-","-","-","-"],["51","","","","","52","53","-","54","","","55","56","57","58"],["59","","","-","60","","","61","","","","","","",""],["62","","","-","63","","","","","-","64","","","",""],["65","","","-","66","","","","","-","-","67","","",""]],"clues":{"1a":"\"... more than one way to skin ___\"","5a":"Supply a party","10a":"Beast of burden","13a":"Fads","15a":"Speak publicly","16a":"Caltech rival","17a":"Cereal \"fruit\"","19a":"\"___ of these days, Alice ...\"","20a":"Outdoor","21a":"Spiritual punishment","23a":"Meadow","24a":"Jockey Cordero","25a":"Civil War flash point","32a":"Nom de crook","33a":"Upset","34a":"Small dog, for short","37a":"Split","38a":"Grew ashen","40a":"Coffee, informally","41a":"Hat-room fixture","42a":"Salon offering","43a":"More painful","44a":"U.S. commodore in Japan, 1853-54","47a":"Letter-shaped metal bar","50a":"Senor Guevara","51a":"Lovebirds' destination, maybe","54a":"Paul of \"Casablanca\"","59a":"___ Altos, Calif.","60a":"County of Northern Ireland","62a":"Had a little lamb?","63a":"First name in cosmetics","64a":"Novelist Francoise","65a":"Roll of bills","66a":"Looks (to be)","67a":"Unattached","1d":"With the bow, in music","2d":"Bellyache","3d":"Malarial symptom","4d":"Part of T.V.A.: Abbr.","5d":"Hooded snakes","6d":"Exist","7d":"Diamond cover","8d":"To be, to Satie","9d":"\"___ the Fox\" (classic fable)","10d":"In the midst of","11d":"From the time of","12d":"Girder material","14d":"___ of justice","18d":"Yesterday: Fr.","22d":"\"___ luck?\"","25d":"David's instrument","26d":"Downwind, nautically","27d":"Wedding sine qua non","28d":"Add to, unnecessarily","29d":"Smut","30d":"Prior to, in poems","31d":"Crimson","34d":"Henry VIII's VIth","35d":"\"Reply completed,\" to a ham operator","36d":"Queen of Scots","38d":"Word before bull or stop","39d":"Grasshopper's rebuker","40d":"Baseball's DiMaggio","42d":"Mexican snacks","43d":"Isn't miserly","44d":"Cosmo, e.g.","45d":"Reverberations","46d":"At what time?","47d":"Wedding acquisition","48d":"Flora and fauna","49d":"Let up","52d":"Type of wine","53d":"Kitty starter","55d":"Kind of estate","56d":"Therefore","57d":"Major rug exporter","58d":"Unit of force","61d":"Rep. foe"},"answers":{"1a":"ACAT","5a":"CATER","10a":"ASS","13a":"RAGES","15a":"ORATE","16a":"MIT","17a":"CRUNCHBERRY","19a":"ONE","20a":"OPENAIR","21a":"PENANCE","23a":"LEA","24a":"ANGEL","25a":"HARPERSFERRY","32a":"ALIAS","33a":"IRED","34a":"POM","37a":"REND","38a":"PALED","40a":"JAVA","41a":"PEG","42a":"TINT","43a":"SORER","44a":"MATTHEWPERRY","47a":"IBEAM","50a":"CHE","51a":"NIAGARA","54a":"HENREID","59a":"LOS","60a":"LONDONDERRY","62a":"ATE","63a":"ESTEE","64a":"SAGAN","65a":"WAD","66a":"SEEMS","67a":"LONE","1d":"ARCO","2d":"CARP","3d":"AGUE","4d":"TENN","5d":"COBRAS","6d":"ARE","7d":"TARP","8d":"ETRE","9d":"REYNARD","10d":"AMONG","11d":"SINCE","12d":"STEEL","14d":"SCALES","18d":"HIER","22d":"ANY","25d":"HARP","26d":"ALEE","27d":"RING","28d":"PAD","29d":"FILTH","30d":"ERE","31d":"RED","34d":"PARR","35d":"OVER","36d":"MARY","38d":"PIT","39d":"ANT","40d":"JOE","42d":"TAMALES","43d":"SPENDS","44d":"MAG","45d":"ECHOES","46d":"WHEN","47d":"INLAW","48d":"BIOTA","49d":"EASED","52d":"ROSE","53d":"ANTE","55d":"REAL","56d":"ERGO","57d":"IRAN","58d":"DYNE","61d":"DEM"}}