{"numbers":[["1","2","3","4","5","-","6","7","8","-","9","10","11","12","13"],["14","","","","","-","15","","","-","16","","","",""],["17","","","","","-","18","","","-","19","","","",""],["20","","","","","21","","","","22","","","","",""],["23","","","","-","24","","","","","-","25","","",""],["-","-","-","26","27","","","-","28","","29","","-","-","-"],["30","31","32","","","","","-","33","","","","34","35","36"],["37","","","","","-","-","-","-","-","38","","","",""],["39","","","","","40","41","-","42","43","","","","",""],["-","-","-","44","","","","-","45","","","","-","-","-"],["46","47","48","","-","49","","50","","","-","51","52","53","54"],["55","","","","56","","","","","","57","","","",""],["58","","","","","-","59","","","-","60","","","",""],["61","","","","","-","62","","","-","63","","","",""],["64","","","","","-","65","","","-","66","","","",""]],"clues":{"1a":"Razor sharpener","6a":"Health resort","9a":"More than a mere success","14a":"Mussolini's notorious son-in-law","15a":"Assist","16a":"With uneven gait","17a":"Mink's poor cousin","18a":"Ushered","19a":"Truism","20a":"Item to cut for dessert","23a":"Late-night star","24a":"President Manuel, ousted by Franco","25a":"TV rooms","26a":"New Rochelle institution","28a":"Game show sound","30a":"Princess Diana's family name","33a":"Bedecked","37a":"Mea ___","38a":"Get repeated value from","39a":"Replaceable shoe parts","42a":"Agrees","44a":"Carry on","45a":"30's and 40's actress Anna","46a":"Porcine cry","49a":"Kind of system","51a":"Weakens","55a":"Popular poultry entree","58a":"___ hiIt (fully)","59a":"\"Le veau ___\" (\"Faust\" aria)","60a":"Roomy dress cut","61a":"Chef's attire","62a":"Consume","63a":"Noted name in Bosnian talks","64a":"Oceans, to Longfellow","65a":"Season on the Riviera","66a":"Lawn tool","1d":"\"Bad mood\" look","2d":"Small obligation","3d":"Snitch about","4d":"Entree for a solitary diner","5d":"Scrutinize, with \"over\"","6d":"Marathoner Alberto","7d":"Michelangelo work","8d":"Afterthoughts","9d":"Bridge desideratum","10d":"Dieter's dish","11d":"A miss's equivalent","12d":"Dish's companion in flight","13d":"Songs of glory","21d":"Diminish","22d":"Foray","27d":"Florida city","29d":"Like Eric the Red","30d":"H.S. subject","31d":"So-called \"lowest form of wit\"","32d":"Bygone trains","34d":"Sally Field TV role","35d":"Erhard's training","36d":"___ Plaines, III.","40d":"Prefer follower","41d":"Latecomer to a theater, maybe","42d":"Ancient fertility goddess","43d":"Suffix with young or old","46d":"Santa's reindeer, e.g.","47d":"\"___ you're happy!\"","48d":"Potassium salt","50d":"Summer ermine","52d":"Geriatric process","53d":"___ de Leon","54d":"Lip curl","56d":"Understands","57d":"Pan's opposite"},"answers":{"1a":"STROP","6a":"SPA","9a":"SMASH","14a":"CIANO","15a":"AID","16a":"LIMPY","17a":"OTTER","18a":"LED","19a":"AXIOM","20a":"WHOLEWATERMELON","23a":"LENO","24a":"AZANA","25a":"DENS","26a":"IONA","28a":"DING","30a":"SPENCER","33a":"ADORNED","37a":"CULPA","38a":"REUSE","39a":"INSOLES","42a":"ASSENTS","44a":"RANT","45a":"STEN","46a":"OINK","49a":"CASTE","51a":"SAPS","55a":"CHICKENTARRAGON","58a":"TOTHE","59a":"DOR","60a":"ALINE","61a":"APRON","62a":"EAT","63a":"VANCE","64a":"DEEPS","65a":"ETE","66a":"EDGER","1d":"SCOWL","2d":"TITHE","3d":"RATON","4d":"ONELOINPORKCHOP","5d":"PORE","6d":"SALAZAR","7d":"PIETA","8d":"ADDENDA","9d":"SLAM","10d":"MIXEDGREENSALAD","11d":"AMILE","12d":"SPOON","13d":"HYMNS","21d":"WANE","22d":"RAID","27d":"OCALA","29d":"NORSE","30d":"SCI","31d":"PUN","32d":"ELS","34d":"NUN","35d":"EST","36d":"DES","40d":"ENCE","41d":"STANDEE","42d":"ASTARTE","43d":"STER","46d":"OCTAD","47d":"IHOPE","48d":"NITRE","50d":"STOAT","52d":"AGING","53d":"PONCE","54d":"SNEER","56d":"KENS","57d":"RAVE"}}