{"numbers":[["1","2","3","4","-","-","5","6","7","8","-","9","10","11","12"],["13","","","","-","14","","","","","-","15","","",""],["16","","","","17","","","","","","18","","","",""],["19","","","","","","","","-","20","","","","",""],["-","-","-","21","","","-","-","22","","","","-","-","-"],["-","23","24","","","","25","26","","","","","27","28","29"],["30","","","","","-","31","","","","-","-","32","",""],["33","","","","-","34","","","","","-","35","","",""],["36","","","-","-","37","","","","-","38","","","",""],["39","","","40","41","","","","","42","","","","","-"],["-","-","-","43","","","","-","-","44","","","-","-","-"],["45","46","47","","","","-","48","49","","","","50","51","52"],["53","","","","","","54","","","","","","","",""],["55","","","","-","56","","","","","-","57","","",""],["58","","","","-","59","","","","-","-","60","","",""]],"clues":{"1a":"___ and hounds (outdoor game)","5a":"Section of the brain","9a":"Palindromic name in pop music","13a":"Mideast carrier","14a":"Flower part","15a":"Regrets","16a":"MANTLE","19a":"Bars","20a":"Kind of bed","21a":"Hubbub","22a":"Olympus queen","23a":"RUTH","30a":"Indian princess","31a":"Offended","32a":"Street sign abbr.","33a":"\"Ars Amatoria\" author","34a":"Manages, as for oneself","35a":"Signaled","36a":"Command to Rover","37a":"Absorbed by","38a":"Prefix with dollars","39a":"AARON","43a":"With eyes and ears open","44a":"Antipollution grp","45a":"St. Francis's home","48a":"Confirming","53a":"JACKSON","55a":"British P.M. ___ Douglas-Home","56a":"Jerks' works","57a":"Westernmost Aleutian","58a":"Ritzy","59a":"Word repeated before \"1, 2, 3\"","60a":"Nikita's no","1d":"Fab Four flick","2d":"Controversial orchard spray","3d":"Zany Martha","4d":"Dignified","5d":"Hightailed it","6d":"___ out (withdraws)","7d":"Cry from Scrooge","8d":"Euclid's grand work","9d":"Ark's terminus","10d":"Pat baby on the back","11d":"One of Alcott's little women","12d":"Sickly, as a complexion","14d":"\"___ a gun!\"","17d":"Color anew","18d":"Prefix with dollars","22d":"___ hearing","23d":"One of a road crew","24d":"Architect Jones","25d":"Pioneer of the twist","26d":"Reach in total","27d":"___ couture","28d":"Tinker-Chance link","29d":"Second draft, informally","30d":"L.B.J. son-in-law","34d":"Most passionate","35d":"___ section","38d":"Easy catch","40d":"Jerk","41d":"Greasy-spoon fare","42d":"Southwestern formations","45d":"P.D.Q.","46d":"One-man band","47d":"Courts","48d":"No ifs, ___ or buts","49d":"Command to Tabby","50d":"___ -bitty","51d":"N.B.A.'s Thurmond","52d":"Flood","54d":"Ebbets Field's Preacher"},"answers":{"1a":"HARE","5a":"LOBE","9a":"ABBA","13a":"ELAL","14a":"SEPAL","15a":"RUES","16a":"LAYEROFTHEEARTH","19a":"PREVENTS","20a":"MURPHY","21a":"ADO","22a":"HERA","23a":"PITYFORANOTHER","30a":"RANEE","31a":"HURT","32a":"AVE","33a":"OVID","34a":"FENDS","35a":"CUED","36a":"BEG","37a":"INTO","38a":"PETRO","39a":"BROTHEROFMOSES","43a":"WARY","44a":"EPA","45a":"ASSISI","48a":"ASSURING","53a":"SOUTHERNCAPITAL","55a":"ALEC","56a":"SODAS","57a":"ATTU","58a":"POSH","59a":"TEST","60a":"NYET","1d":"HELP","2d":"ALAR","3d":"RAYE","4d":"ELEVATED","5d":"LEFT","6d":"OPTS","7d":"BAH","8d":"ELEMENTS","9d":"ARARAT","10d":"BURP","11d":"BETH","12d":"ASHY","14d":"SONOF","17d":"REDYE","18d":"EURO","22d":"HARDOF","23d":"PAVER","24d":"INIGO","25d":"OHENRY","26d":"RUNTO","27d":"HAUTE","28d":"EVERS","29d":"REDO","30d":"ROBB","34d":"FIERIEST","35d":"CESARIAN","38d":"POPUP","40d":"TWITCH","41d":"HASH","42d":"MESAS","45d":"ASAP","46d":"SOLO","47d":"SUES","48d":"ANDS","49d":"SCAT","50d":"ITTY","51d":"NATE","52d":"GLUT","54d":"ROE"}}