{"numbers":[["1","2","3","4","-","5","6","7","8","9","-","10","11","12","13"],["14","","","","-","15","","","","","-","16","","",""],["17","","","","18","","","","","","19","","","",""],["20","","","","","-","21","","","-","22","","","",""],["-","-","-","23","","24","","-","-","25","","","-","-","-"],["-","26","27","","","","","28","29","","","","30","31","32"],["33","","","","","","-","34","","","-","35","","",""],["36","","","-","37","","38","","","","39","-","40","",""],["41","","","42","-","43","","","-","44","","45","","",""],["46","","","","47","","","","48","","","","","","-"],["-","-","-","49","","","-","-","50","","","","-","-","-"],["51","52","53","","","-","54","55","","-","56","","57","58","59"],["60","","","","","61","","","","62","","","","",""],["63","","","","-","64","","","","","-","65","","",""],["66","","","","-","67","","","","","-","68","","",""]],"clues":{"1a":"Use a letter opener","5a":"Dadaist poet Tristan","10a":"Bus. bigwigs","14a":"Bear of \"very little brain\"","15a":"Grant portrayer","16a":"Emerald City princess","17a":"Cogwheel comparison?","20a":"Skewers","21a":"Nuke","22a":"Tool for Bo-Peep","23a":"Focuses","25a":"Emmy winner Arthur","26a":"Totaled car, perhaps?","33a":"Made a touchdown","34a":"Got ruined in the wash","35a":"Manche capital","36a":"Sci-fi regulars","37a":"Quieted with Quaalude","40a":"\"Do ___ say!\"","41a":"Brews","43a":"Palm (off)","44a":"Financial success","46a":"Inflamed toe cause?","49a":"Big Ben?","50a":"Mayberry boy","51a":"Math discovery","54a":"Nameless one","56a":"Nolan Ryan was one","60a":"Mega-marathon?","63a":"Arabic name starter","64a":"Christmas Eve flier","65a":"Eye at the beach","66a":"Botch","67a":"Into pieces","68a":"Source of abundance","1d":"Spring spots","2d":"Dropped, maybe","3d":"Isle near Mull","4d":"Bob Dylan back-up group","5d":"Make lace","6d":"Famed cop slapper","7d":"Anatomical loop","8d":"Glean","9d":"Dadaist painter Hans","10d":"Aiken and Hilton","11d":"Basso Pinza","12d":"\"Typee\" sequel","13d":"Dropped, maybe","18d":"Stage remarks","19d":"Bakery worker","24d":"Words before \"TV\" or \"each other\"","25d":"Crams","26d":"Hat-tipping cartoonist","27d":"Start","28d":"Curmudgeons","29d":"Eliot's \"Jenny-anydots,\" e.g.","30d":"Author Calvino","31d":"The Folger Lady, Mrs. ___","32d":"Jet, at Orly?","33d":"Levi's mother","38d":"Bashes","39d":"Defense mechanism","42d":"Swimming classes?","45d":"Hides","47d":"Dennis the Menace's dog","48d":"Word with baby or schuss","51d":"Surrey carriage","52d":"\"Mike and Ike\" creator Goldberg","53d":"Heavy load","54d":"It's most useful when it's cracked","55d":"Prefix re honeycombs","57d":"Buster Brown's bulldog","58d":"Kaiser, e.g.","59d":"Like Nash's lama","61d":"Public works inits.","62d":"S.&amp; L. accrual"},"answers":{"1a":"SLIT","5a":"TZARA","10a":"CEOS","14a":"POOH","15a":"ASNER","16a":"OZMA","17a":"ASNEATASAPINION","20a":"STABS","21a":"ZAP","22a":"CROOK","23a":"AIMS","25a":"BEA","26a":"HONDAACCORDION","33a":"LANDED","34a":"RAN","35a":"STLO","36a":"ETS","37a":"SEDATED","40a":"ASI","41a":"ALES","43a":"FOB","44a":"SELLER","46a":"HOTCROSSBUNION","49a":"HUR","50a":"OPIE","51a":"PROOF","54a":"WHO","56a":"ASTRO","60a":"RUNOFTHEMILLION","63a":"ABUL","64a":"VIXEN","65a":"OGLE","66a":"MESS","67a":"APART","68a":"WELL","1d":"SPAS","2d":"LOST","3d":"IONA","4d":"THEBAND","5d":"TAT","6d":"ZSAZSA","7d":"ANSA","8d":"REAP","9d":"ARP","10d":"CONRADS","11d":"EZIO","12d":"OMOO","13d":"SANK","18d":"ASIDES","19d":"ICER","24d":"MADEFOR","25d":"BONESUP","26d":"HATLO","27d":"ONSET","28d":"CRABS","29d":"CAT","30d":"ITALO","31d":"OLSEN","32d":"NOIR","33d":"LEAH","38d":"DOS","39d":"DENIAL","42d":"SCHOOLS","45d":"LIESLOW","47d":"RUFF","48d":"BOOMER","51d":"PRAM","52d":"RUBE","53d":"ONUS","54d":"WHIP","55d":"HEXA","57d":"TIGE","58d":"ROLL","59d":"ONEL","61d":"TVA","62d":"INT"}}