{"numbers":[["1","2","3","4","-","5","6","7","8","-","-","9","10","11","12"],["13","","","","-","14","","","","15","-","16","","",""],["17","","","","-","18","","","","","-","19","","",""],["-","-","20","","21","","","","","","22","","","",""],["-","-","-","23","","","","-","-","24","","","-","-","-"],["-","25","26","","","","-","27","28","","","","29","30","31"],["32","","","","","-","33","","","","","-","34","",""],["35","","","","-","36","","","","","-","37","","",""],["38","","","-","39","","","","","-","40","","","",""],["41","","","42","","","","","-","43","","","","","-"],["-","-","-","44","","","-","-","45","","","","-","-","-"],["46","47","48","","","","49","50","","","","","51","-","-"],["52","","","","-","53","","","","","-","54","","55","56"],["57","","","","-","58","","","","","-","59","","",""],["60","","","","-","-","61","","","","-","62","","",""]],"clues":{"1a":"Privy","5a":"U.S. narc","9a":"Egg depository","13a":"Clear (out)","14a":"Sum up","16a":"\"___ any wonder?\"","17a":"Thompson of films","18a":"\"You ___ Beautiful\"","19a":"The Coasters' record label","20a":"Wow everyone","23a":"Self-defense item","24a":"Mer material","25a":"\"I Fall to Pieces\" singer","27a":"Trash pickup spot","32a":"Greenspan and Paton","33a":"Super-growth locales","34a":"___ sequitur","35a":"Summoned, in a way","36a":"Jockey rival","37a":"Transceiver button","38a":"Prefix with literal or lateral","39a":"Does a laundry job","40a":"Party you can't crash","41a":"Family assets","43a":"Dance movement","44a":"Fearful cry","45a":"Enfant terrible","46a":"John Guare play, with \"The\"","52a":"Via Veneto farewell","53a":"St. ___ (London site)","54a":"Amusement park staple","57a":"Trade grp.","58a":"Frontier trophy","59a":"Eye part","60a":"Henri's head","61a":"Orange and lemon, e.g.","62a":"Gatsby portrayer, 1949","1d":"Uncover, poetically","2d":"Site of a Napoleon victory, 1805","3d":"Pyramid, perhaps","4d":"Moving tribute?","5d":"Daze","6d":"Road sign","7d":"Handled perfectly","8d":"Publius Ovidius ___","9d":"Break","10d":"O.T. book","11d":"Decorous","12d":"Kind of search","15d":"Juggernauts","21d":"McKellen and Fleming","22d":"Catches","25d":"Santa ___, Calif.","26d":"Music man Lester","27d":"Short story","28d":"Salt Lake City team","29d":"\"Baby, ___ Your Loving\"","30d":"\"Twicknam Garden\" poet","31d":"Christie's \"Peril at ___\"","32d":"Specialized movie theater","33d":"Detriment","36d":"Circuits","37d":"Nasty","39d":"Cartoonist Silverstein","40d":"Olympic skater Johann ___ Koss","42d":"Filet","43d":"Perceives","45d":"Debutante","46d":"Pest controller of a sort","47d":"French flower","48d":"Express","49d":"Per","50d":"Outdoor feast","51d":"Fiji's capital","55d":"Nancy Drew's beau","56d":"Self-promotional notice in a magazine"},"answers":{"1a":"OUTHOUSE","5a":"TMAN","9a":"HENHOUSE","13a":"PLOW","14a":"RECAP","16a":"ISIT","17a":"EMMA","18a":"ARESO","19a":"ATCO","20a":"BRINGDOWNTHEHOUSE","23a":"MACE","24a":"EAU","25a":"CLINE","27a":"CURBSIDE","32a":"ALANS","33a":"HOTHOUSES","34a":"NON","35a":"RANG","36a":"HANES","37a":"SEND","38a":"TRI","39a":"SORTS","40a":"OPENHOUSE","41a":"HOUSEANDHOME","43a":"GLIDE","44a":"EEK","45a":"BRAT","46a":"HOUSEOFBLUELEAVES","52a":"CIAO","53a":"PAULS","54a":"FUNHOUSE","57a":"ASSN","58a":"SCALP","59a":"UVEA","60a":"TETE","61a":"HUES","62a":"LADD","1d":"OPE","2d":"ULM","3d":"TOMB","4d":"HOUSEWARMING","5d":"TRANCE","6d":"MERGE","7d":"ACED","8d":"NASO","9d":"HIATUS","10d":"ESTH","11d":"NICE","12d":"HOUSETOHOUSE","15d":"POWERHOUSES","21d":"IANS","22d":"NABS","25d":"CLARA","26d":"LANIN","27d":"CONTE","28d":"UTES","29d":"INEED","30d":"DONNE","31d":"ENDHOUSE","32d":"ARTHOUSE","33d":"HARM","36d":"HOOKUPS","37d":"SPITEFUL","39d":"SHEL","40d":"OLAV","42d":"DEBONE","43d":"GRASPS","45d":"BELLE","46d":"HOUSECAT","47d":"OISE","48d":"FAST","49d":"EACH","50d":"LUAU","51d":"SUVA","55d":"NED","56d":"HOUSEAD"}}