{"numbers":[["-","1","2","3","4","5","6","-","7","8","9","10","11","12","13"],["14","","","","","","","-","15","","","","","",""],["16","","","","","","","-","17","","","","","",""],["18","","","-","19","","","20","","-","21","","","",""],["22","","","23","-","24","","","","25","-","26","","",""],["27","","","","28","-","29","","","","30","-","31","",""],["-","32","","","","33","-","34","","","","35","","",""],["-","-","-","36","","","37","","","","","","-","-","-"],["38","39","40","","","","","","-","41","","","42","43","-"],["44","","","-","45","","","","46","-","47","","","","48"],["49","","","50","-","51","","","","52","-","53","","",""],["54","","","","55","-","56","","","","57","-","58","",""],["59","","","","","60","","-","61","","","62","","",""],["63","","","","","","","-","64","","","","","",""],["65","","","","","","","-","66","","","","","","-"]],"clues":{"1a":"Stalwart","7a":"Pinning on","14a":"Hotel ___ (city hall)","15a":"Serf","16a":"Kind of market","17a":"Intimate","18a":"Site of ancient Tyre","19a":"Gumption","21a":"\"La ___ des Nymphes\" (Corot painting)","22a":"Efficiency symbols, in physics","24a":"Suite","26a":"Pitter-patter, perhaps","27a":"\"Rehearsal of a Ballet\" painter","29a":"Runs rampant","31a":"Word from Beaver Cleaver","32a":"Area around the mouth","34a":"Shakespeare's ___ of Rousillon","36a":"Last-place finisher","38a":"Wooer of Isolde","41a":"A raiser of rye?","44a":"Secretariat jockey Turcotte","45a":"Left Bank body","47a":"Spook","49a":"Popular science magazine","51a":"Homes for farrows","53a":"Month after Av","54a":"Sewer connections","56a":"Composer Barraine and others","58a":"Randy's ice partner","59a":"Stickum","61a":"Decorative studs","63a":"Self-contained","64a":"Governmental pact","65a":"Gets cozy","66a":"Troops' stopping points","1d":"Seeming","2d":"Not young enough","3d":"Coffer","4d":"Light-cavalry lancer","5d":"More cunning","6d":"Intolerable imp","7d":"Seldom-seen occurrence","8d":"You can't stand for this","9d":"Opening letters","10d":"Grinder","11d":"Period of antiquity","12d":"Loch monsters","13d":"\"Brighton Rock\" writer and others","14d":"Injected, maybe","20d":"Modern messages","23d":"Gobs","25d":"Review","28d":"Sports page listings","30d":"Old blades","33d":"Rivers in England and France","35d":"Harness strap","37d":"Spelunking equipment","38d":"Enter noisily","39d":"Salad ingredient","40d":"Diamond units","42d":"Chowder go-with","43d":"Little skippers","46d":"Exam taker","48d":"Beethoven girl","50d":"Not active","52d":"New Orleans player","55d":"Convertiplane","57d":"Stiff whisker","60d":"Wow","62d":"Kind of rally"},"answers":{"1a":"ROBUST","7a":"BLAMING","14a":"DEVILLE","15a":"LABORER","16a":"OPENAIR","17a":"UPCLOSE","18a":"SUR","19a":"NERVE","21a":"DANSE","22a":"ETAS","24a":"ROOMS","26a":"RAIN","27a":"DEGAS","29a":"RIOTS","31a":"GEE","32a":"DELTA","34a":"COUNTESS","36a":"TAILENDER","38a":"TRISTRAM","41a":"YEAST","44a":"RON","45a":"SENAT","47a":"SCARE","49a":"OMNI","51a":"STIES","53a":"ELUL","54a":"MAINS","56a":"ELSAS","58a":"TAI","59a":"PINETAR","61a":"TIEPINS","63a":"INGROWN","64a":"ENTENTE","65a":"NESTLES","66a":"ETAPES","1d":"REPUTED","2d":"OVERAGE","3d":"BIN","4d":"ULAN","5d":"SLIER","6d":"TERROR","7d":"BLUEMOON","8d":"LAP","9d":"ABCD","10d":"MOLAR","11d":"IRONAGE","12d":"NESSIES","13d":"GREENES","14d":"DOSED","20d":"VOICEMAIL","23d":"SALTS","25d":"STUDY","28d":"STATS","30d":"SNEES","33d":"AIRES","35d":"TRACE","37d":"LANTERNS","38d":"TROMPIN","39d":"ROMAINE","40d":"INNINGS","42d":"SALTINE","43d":"TRUANTS","46d":"TESTEE","48d":"ELISE","50d":"INERT","52d":"SAINT","55d":"STOL","57d":"SETA","60d":"AWE","62d":"PEP"}}