{"numbers":[["1","2","3","4","5","-","6","7","8","9","-","-","-","10","11","12","13","-","14","15","16"],["17","","","","","-","18","","","","19","-","20","","","","","-","21","",""],["22","","","","","23","","","","","","24","","","","","","-","25","",""],["26","","","","","","","-","27","","","","","-","28","","","29","","",""],["30","","","","-","31","","32","-","33","","","","34","","-","35","","","",""],["-","-","-","-","36","","","","37","-","38","","","","","39","-","40","","",""],["41","42","43","44","","-","45","","","46","","","","","","","47","","","",""],["48","","","","","49","-","50","","","-","-","-","51","","","","","-","-","-"],["52","","","","","","53","-","54","","55","56","57","-","58","","","-","59","60","61"],["62","","","","-","63","","64","-","65","","","","66","-","-","67","68","","",""],["69","","","","70","","","","71","","","","","","72","73","","","","",""],["74","","","","","-","-","75","","","","","-","76","","","-","77","","",""],["78","","","-","79","80","81","-","82","","","","83","-","84","","85","","","",""],["-","-","-","86","","","","87","-","-","-","88","","89","-","90","","","","",""],["91","92","93","","","","","","94","95","96","","","","97","-","98","","","",""],["99","","","","-","100","","","","","","-","101","","","102","","-","-","-","-"],["103","","","","104","-","105","","","","","106","-","107","","","-","108","109","110","111"],["112","","","","","113","","-","114","","","","115","-","116","","117","","","",""],["118","","","-","119","","","120","","","","","","121","","","","","","",""],["122","","","-","123","","","","","-","124","","","","","-","125","","","",""],["126","","","-","127","","","","-","-","-","128","","","","-","129","","","",""]],"clues":{"1a":"Subject of the film \"Sweet Dreams\"","6a":"Nonpoisonous","10a":"Showed contempt","14a":"Move, in a way","17a":"Facilitated","18a":"Encumber","20a":"Colin Dexter's inspector","21a":"Grazing ground","22a":"Why Mr. Martin isn't popular on Memorial Day?","25a":"Fish with long jaws","26a":"Coach","27a":"Drift","28a":"\"Maisie\" star","30a":"Successfully persuade","31a":"Michaels and McGuire","33a":"Hoglike critters","35a":"Mountain home","36a":"Pro","38a":"Plantation homes","40a":"\"Hogwash!\"","41a":"Impolite goodbye","45a":"What the quality control chief did at the Japanese auto plant?","48a":"Allan Folsom's \"___ After Tomorrow\"","50a":"\"The King\" portrayer","51a":"Some cocktails","52a":"___ scale","54a":"Arthur Murray lesson","58a":"Brit. honorary initials","59a":"Where \"Hatikvah\" is sung: Abbr.","62a":"Bonne ___ (clever thought)","63a":"Disparity","65a":"Impends","67a":"Vice President John ___ Garner","69a":"Why Mr. Beatty's fragrant herbs get trampled?","74a":"Esurience","75a":"Vogue","76a":"Jihad","77a":"Dryer residue","78a":"Radiator sound","79a":"\"___ now!\"","82a":"Romance scene","84a":"Pink","86a":"Take in","88a":"W.W. I inits.","90a":"Person in a circle, maybe","91a":"What the tipsy Oscar artist couldn't do?","98a":"Infers","99a":"Ethnic music","100a":"Agnew and others","101a":"City west of Manchester","103a":"Oven brand","105a":"Magnet alloy","107a":"Stowe's Little ___","108a":"Shot","112a":"Shine","114a":"Uneven","116a":"Extra","118a":"\"A Spy in the House of Love\" author","119a":"Why the Burbank train derailed?","122a":"Nav. rank","123a":"\"___ you glad...?\"","124a":"Go smoothly","125a":"Adm. Byrd book","126a":"Eastern holiday","127a":"Soft drink","128a":"Soft drinks","129a":"Arms supplies?","1d":"Signature sites","2d":"Petrol quantity","3d":"Pinnacle","4d":"Novelist Shute","5d":"Old New York tourist site, ___ Musee","6d":"Showing deep embarrassment","7d":"Inlet","8d":"\"Spartacus\" author","9d":"Ant","10d":"Supreme ruler: Abbr.","11d":"Part of the White House","12d":"Regarding","13d":"Seed cover","14d":"Berber's home","15d":"Not as energetic","16d":"Pledge money, at law","19d":"Summer hat","20d":"Fine yarn","23d":"Hindrance for Superman","24d":"Pitchy Steady Eddie","29d":"Subsidizes","32d":"Still active","34d":"Orbison and Rogers","36d":"Latin I verb","37d":"Elementary particles","39d":"Proof of purchase, maybe","41d":"\"Elevator music\" music","42d":"Faultfinders","43d":"Abates","44d":"Stick","46d":"Filofax","47d":"Bout locale","49d":"Old-fashioned criminal","53d":"Actress Charlotte","55d":"A successor to Gompers","56d":"Shop tool","57d":"Biblical lion","59d":"Archeologist Jones","60d":"Like some candles","61d":"Share-croppers","64d":"\"Hey!\"","66d":"Compass dir.","68d":"Actress Francis","70d":"Turkish city","71d":"N.Y.C. subway","72d":"Canal site","73d":"Mushroom","80d":"Hall-of-Famer Hubbard and others","81d":"Used a surgical saw","83d":"Shipbuilder's choice","85d":"King","86d":"Spenser's bird \"of goodly hue\"","87d":"Kind of eye","89d":"Exempt","91d":"Fishing device","92d":"Nautical rope","93d":"Facing","94d":"English poet Dowson","95d":"Nantes's river","96d":"Annual racing events","97d":"Allocates","102d":"Pew locale","104d":"Africa's ___ Mountains","106d":"City known for its puppet theater","108d":"Comical","109d":"Wouldn't stop","110d":"Satellite launcher","111d":"Brawl","113d":"Architect Saarinen","115d":"\"Holy moly!\"","117d":"Genesis name","120d":"Three ___ match","121d":"Had"},"answers":{"1a":"CLINE","6a":"SAFE","10a":"SPAT","14a":"AWE","17a":"AIDED","18a":"CRAMP","20a":"MORSE","21a":"LEA","22a":"STEVELAMSMALEVETS","25a":"GAR","26a":"TRAINER","27a":"TENOR","28a":"SOTHERN","30a":"SELL","31a":"ALS","33a":"TAPIRS","35a":"AERIE","36a":"ADEPT","38a":"MANORS","40a":"LIES","41a":"SCRAM","45a":"TRAPATOYOTAPART","48a":"THEDAY","50a":"YUL","51a":"SOURS","52a":"RICHTER","54a":"SAMBA","58a":"MBE","59a":"ISR","62a":"IDEE","63a":"GAP","65a":"NEARS","67a":"NANCE","69a":"NEDRAGESINANISEGARDEN","74a":"GREED","75a":"TREND","76a":"WAR","77a":"LINT","78a":"SSS","79a":"ACT","82a":"TRYST","84a":"ROSEATE","86a":"SNARE","88a":"AEF","90a":"WINNER","91a":"DRAWALEVELAWARD","98a":"READS","99a":"RAGA","100a":"SPIROS","101a":"KEENE","103a":"AMANA","105a":"ALNICO","107a":"EVA","108a":"DRAM","112a":"GLISTEN","114a":"EROSE","116a":"OVERAGE","118a":"NIN","119a":"LENOSETAGATESONEL","122a":"ENS","123a":"ARENT","124a":"SKATE","125a":"ALONE","126a":"TET","127a":"SODA","128a":"ADES","129a":"ULNAE","1d":"CASTS","2d":"LITRE","3d":"IDEAL","4d":"NEVIL","5d":"EDEN","6d":"SCARLET","7d":"ARM","8d":"FAST","9d":"EMMET","10d":"SOV","11d":"PRESSROOM","12d":"ASTO","13d":"TESTA","14d":"ALGERIA","15d":"WEARIER","16d":"EARNEST","19d":"PANAMA","20d":"MERINO","23d":"LEAD","24d":"LOPAT","29d":"HELPS","32d":"SPRY","34d":"ROYS","36d":"AMAT","37d":"TAUS","39d":"STUB","41d":"STRINGS","42d":"CHIDERS","43d":"RECEDES","44d":"ADHERE","46d":"PLANNER","47d":"ARENA","49d":"YEGG","53d":"RAE","55d":"MEANY","56d":"BANDSAW","57d":"ARI","59d":"INDIANA","60d":"SCENTED","61d":"RENTERS","64d":"PST","66d":"SSW","68d":"ARLENE","70d":"ADANA","71d":"IRT","72d":"EAR","73d":"GROW","80d":"CALS","81d":"TREPANNED","83d":"TEAK","85d":"SIRE","86d":"SWANS","87d":"EVIL","89d":"FREE","91d":"DRAGNET","92d":"RAMLINE","93d":"AGAINST","94d":"ERNEST","95d":"LOIRE","96d":"ASCOTS","97d":"DEVOTES","102d":"NAVE","104d":"ATLAS","106d":"OSAKA","108d":"DROLL","109d":"RANON","110d":"AGENA","111d":"MELEE","113d":"EERO","115d":"EGAD","117d":"ESAU","120d":"ONA","121d":"ATE"}}