{"numbers":[["1","2","3","4","-","5","6","7","8","9","-","10","11","12","13"],["14","","","","-","15","","","","","-","16","","",""],["17","","","","18","","","","","","19","","","",""],["20","","","","","-","-","21","","","","","","","-"],["22","","","","","23","24","-","25","","","","","-","-"],["-","-","-","26","","","","27","-","-","28","","","29","30"],["31","32","33","","-","34","","","35","-","36","","","",""],["37","","","-","38","","","","","39","","-","40","",""],["41","","","42","","-","43","","","","-","44","","",""],["45","","","","","-","-","46","","","47","","-","-","-"],["-","-","48","","","49","50","-","51","","","","52","53","54"],["-","55","","","","","","56","-","-","57","","","",""],["58","","","","","","","","59","60","","","","",""],["61","","","","-","62","","","","","-","63","","",""],["64","","","","-","65","","","","","-","66","","",""]],"clues":{"1a":"Whip end","5a":"Mystery writer's award","10a":"Sassy young 'un","14a":"\"___ silly question ...\"","15a":"Painter Andrea del ___","16a":"Portnoy's creator","17a":"Hmm?","20a":"___ Dame","21a":"Packwood, for one","22a":"Curse","25a":"Purse fastener","26a":"Jeweler's weight","28a":"Some of the Brady bunch","31a":"Eat like a chicken","34a":"Blend","36a":"Utah's Hatch","37a":"D.D.E.'s command","38a":"Hmm...","40a":"Volga tributary","41a":"Writer Terkel","43a":"Requisite","44a":"Porch adjunct","45a":"Arab capital","46a":"Ignoramus","48a":"South African statesman Jan","51a":"Gospel singer Jackson","55a":"Many TV shows","57a":"Cathedral displays","58a":"Hmm!","61a":"Mitch Miller's instrument","62a":"Mountain nymph","63a":"Electricity carrier","64a":"District","65a":"Don Knotts won five","66a":"Actress Young","1d":"Suburban greenery","2d":"Seeing ___ (since)","3d":"Do figure eights","4d":"Where to hang your chapeau","5d":"Biblical verb ending","6d":"\"Zip-a-Dee-Doo- ___\"","7d":"Alum","8d":"Relics collect here","9d":"The \"R\" in H.R.H.","10d":"Pugilistic muscleman","11d":"Famous debater","12d":"Rat chaser?","13d":"Talese's \"Honor ___ Father\"","18d":"Word repeated after \"Que\"","19d":"Speaker","23d":"In a line","24d":"Eagle's nail","27d":"Like Neptune's trident","29d":"Adidas rival","30d":"Break sharply","31d":"Annoyance","32d":"Famous last words","33d":"Camp V.I.P.","35d":"Concert hall","38d":"Debate subjects","39d":"Irish novelist O'Brien","42d":"Like a golf ball","44d":"Manatees","47d":"Word sung twice before \"cheree\"","49d":"Lake near Carson City","50d":"Drang's partner","52d":"DeVito's \"Taxi\" role","53d":"Venous opening","54d":"Gray","55d":"Ms. McEntire","56d":"Cherry leftover","58d":"\"Far out!\"","59d":"Spring time","60d":"Gains for O. J."},"answers":{"1a":"LASH","5a":"EDGAR","10a":"BRAT","14a":"ASKA","15a":"SARTO","16a":"ROTH","17a":"WHATSTHATYOUSAY","20a":"NOTRE","21a":"DIARIST","22a":"SWEARAT","25a":"CLASP","26a":"CARAT","28a":"TEENS","31a":"PECK","34a":"OLIO","36a":"ORRIN","37a":"ETO","38a":"IWONDER","40a":"OKA","41a":"STUDS","43a":"NEED","44a":"STEP","45a":"TUNIS","46a":"DUNCE","48a":"SMUTS","51a":"MAHALIA","55a":"REPEATS","57a":"ICONS","58a":"WELLSHUTMYMOUTH","61a":"OBOE","62a":"OREAD","63a":"WIRE","64a":"WARD","65a":"EMMYS","66a":"SEAN","1d":"LAWNS","2d":"ASHOW","3d":"SKATE","4d":"HATRACK","5d":"EST","6d":"DAH","7d":"GRAD","8d":"ATTIC","9d":"ROYAL","10d":"BRUISER","11d":"ROSSPEROT","12d":"ATAT","13d":"THY","18d":"SERA","19d":"ORATOR","23d":"AROW","24d":"TALON","27d":"TINED","29d":"NIKE","30d":"SNAP","31d":"PEST","32d":"ETTU","33d":"COUNSELOR","35d":"ODEUM","38d":"ISSUES","39d":"EDNA","42d":"DIMPLED","44d":"SEACOWS","47d":"CHIM","49d":"TAHOE","50d":"STURM","52d":"LOUIE","53d":"INTRA","54d":"ASHEN","55d":"REBA","56d":"STEM","58d":"WOW","59d":"MAY","60d":"YDS"}}