{"numbers":[["1","2","3","4","-","-","5","6","7","8","-","9","10","11","12"],["13","","","","14","-","15","","","","-","16","","",""],["17","","","","","18","","","","","19","","","",""],["20","","","","","","-","21","","","","-","22","",""],["-","-","-","23","","","24","-","25","","","-","-","-","-"],["26","27","28","","","","","29","","-","30","31","32","33","34"],["35","","","-","-","36","","","-","-","37","","","",""],["38","","","39","40","-","41","","42","-","43","","","",""],["44","","","","","-","-","45","","46","-","-","47","",""],["48","","","","","-","49","","","","50","51","","",""],["-","-","-","-","52","53","","-","54","","","","-","-","-"],["55","56","57","-","58","","","59","-","60","","","61","62","63"],["64","","","65","","","","","66","","","","","",""],["67","","","","-","68","","","","-","69","","","",""],["70","","","","-","71","","","","-","-","72","","",""]],"clues":{"1a":"Room between rooms","5a":"Handouts","9a":"Farm building","13a":"Opera solos","15a":"West Virginia resource","16a":"Sack starter","17a":"1970 Tommy Roe hit","20a":"Spain's locale","21a":"Leslie Caron role","22a":"Hesitation sounds","23a":"Writer Bombeck","25a":"Swindle","26a":"Sweet treat","30a":"\"Fiddler on the Roof\" fellow","35a":"Literary collection","36a":"Weep loudly","37a":"Arctic, for one","38a":"Recurring theme","41a":"French denial","43a":"Lisboa's sister city","44a":"1985 Kate Nelligan title role","45a":"Big shot","47a":"Calendar ender: Abbr.","48a":"Anglo's partner","49a":"Tentacled sea creature","52a":"Ostrich's cousin","54a":"Author Bellow","55a":"Lemon drink","58a":"Meadow bird","60a":"Drinkers' toasts","64a":"\"Black Bottom Stomp\" performer","67a":"Came down","68a":"Christmas centerpiece","69a":"The elder Judd","70a":"Critic Rex","71a":"Cruising","72a":"Tiff","1d":"Pilgrim to Mecca","2d":"Pilgrim to Mecca","3d":"Citrus flavor","4d":"Emblem of victory","5d":"Item up the sleeve","6d":"Take it easy","7d":"Slander","8d":"With cunning","9d":"Visit Vail, perhaps","10d":"\"Come Back, Little Sheba\" playwright","11d":"Cowardly Lion portrayer","12d":"Chooses","14d":"Helical","18d":"Doorway parts","19d":"Perfect","24d":"Long, long time","26d":"Caan or Cagney","27d":"___ Gay","28d":"Type of rubber","29d":"Superior to","31d":"Author Umberto","32d":"\"Rigoletto\" composer","33d":"Film director Peter","34d":"Tennyson's \"___ Arden\"","39d":"Odysseus's rescuer, in myth","40d":"Exquisitely","42d":"Guitarist Lofgren","46d":"Ecto or proto ending","49d":"Panel of 12","50d":"Alaskan river","51d":"Groups of indigenous plants","53d":"\"I Remember Mama\" mama","55d":"Partly open","56d":"Take out of print","57d":"Nobelist Wiesel","59d":"\"Red Balloon\" painter","61d":"On","62d":"___ Linda, Calif.","63d":"Fit of anger","65d":"Former Ford","66d":"___ &amp; Perrins"},"answers":{"1a":"HALL","5a":"ALMS","9a":"SILO","13a":"ARIAS","15a":"COAL","16a":"KNAP","17a":"JAMUPJELLYTIGHT","20a":"IBERIA","21a":"LILI","22a":"ERS","23a":"ERMA","25a":"GYP","26a":"JELLYBEAN","30a":"TEVYE","35a":"ANA","36a":"SOB","37a":"OCEAN","38a":"MOTIF","41a":"NON","43a":"PORTO","44a":"ELENI","45a":"VIP","47a":"DEC","48a":"SAXON","49a":"JELLYFISH","52a":"EMU","54a":"SAUL","55a":"ADE","58a":"LARK","60a":"SKOALS","64a":"JELLYROLLMORTON","67a":"ALIT","68a":"TREE","69a":"NAOMI","70a":"REED","71a":"ASEA","72a":"SPAT","1d":"HAJI","2d":"ARAB","3d":"LIME","4d":"LAUREL","5d":"ACE","6d":"LOLL","7d":"MALIGN","8d":"SLYLY","9d":"SKI","10d":"INGE","11d":"LAHR","12d":"OPTS","14d":"SPIRY","18d":"JAMBS","19d":"TIPTOP","24d":"AEON","26d":"JAMES","27d":"ENOLA","28d":"LATEX","29d":"ABOVE","31d":"ECO","32d":"VERDI","33d":"YATES","34d":"ENOCH","39d":"INO","40d":"FINELY","42d":"NILS","46d":"PLASM","49d":"JURORS","50d":"YUKON","51d":"FLORAS","53d":"MARTA","55d":"AJAR","56d":"DELE","57d":"ELIE","59d":"KLEE","61d":"ATOP","62d":"LOMA","63d":"SNIT","65d":"LTD","66d":"LEA"}}