{"numbers":[["1","2","3","4","5","-","6","7","8","9","-","10","11","12","13"],["14","","","","","-","15","","","","-","16","","",""],["17","","","","","18","","","","","-","19","","",""],["20","","","-","21","","","","-","22","23","","","",""],["-","-","-","24","","","","-","25","","","","-","-","-"],["26","27","28","","","","-","29","","","","","30","31","32"],["33","","","","","-","34","","","","-","35","","",""],["36","","","","-","37","","","","","-","38","","",""],["39","","","","-","40","","","","-","41","","","",""],["42","","","","43","","","","-","44","","","","",""],["-","-","-","45","","","","-","46","","","","-","-","-"],["47","48","49","","","","-","50","","","","-","51","52","53"],["54","","","","-","55","56","","","","","57","","",""],["58","","","","-","59","","","","-","60","","","",""],["61","","","","-","62","","","","-","63","","","",""]],"clues":{"1a":"Cremona violinmaker","6a":"Henri's squeeze","10a":"Tennis units","14a":"Quarrel","15a":"Stadium protests","16a":"Wynken, BIynken and Nod, e.g.","17a":"Criticize a prizefight?","19a":"Small brook","20a":"Transgression","21a":"Blackmailed","22a":"Cold stick","24a":"Le Sage's \"Gil ___\"","25a":"One way to run","26a":"Instruments for Rostropovich","29a":"Economic hostility","33a":"Poet T.S.","34a":"Trumpeter Al","35a":"___ morgana (mirage)","36a":"Highway caution","37a":"Skater Sonja","38a":"Late king of Norway","39a":"\"I ___ Got Nobody\" (20's hit)","40a":"Mare's feed","41a":"Jacques, in song","42a":"Rings loudly","44a":"Bell's signal","45a":"Itineraries: Abbr.","46a":"Handed-down stories","47a":"Expensive","50a":"Bit","51a":"Word with date or process","54a":"Imitator Little","55a":"Boxing commission?","58a":"Medicinal plant","59a":"Killer whale","60a":"\"Happy Birthday\" medium","61a":"Cravings","62a":"Shade of blue","63a":"Cup of the French","1d":"Clumsy boats","2d":"Actor Paul","3d":"Ever and ___","4d":"Idiosyncrasy","5d":"Imagination tester","6d":"French clergymen","7d":"\"___ Indigo\"","8d":"Chit","9d":"Guesswork","10d":"How hard Riddick Bowe can hit?","11d":"Rock star Clapton","12d":"Cash drawer","13d":"Fileted fish","18d":"\"What a pity!\"","23d":"Delivery letters","24d":"Items used in \"light\" boxing?","25d":"\"Mrs. ___ Goes to Paris\"","26d":"Actor Romero","27d":"\"Dallas\" matriarch Miss ___","28d":"Detroit footballers","29d":"Hues","30d":"Charles's princedom","31d":"Old name in game arcades","32d":"\"Nevermore\" quoter","34d":"Call at a coin flip","37d":"Winnie-the-Pooh receptacle","41d":"Awhile","43d":"Shoshonean","44d":"Humorist Lazlo","46d":"Not an express","47d":"Devoutly wish","48d":"Annoy","49d":"Religious image","50d":"Peruvian Indian","51d":"Speaker's spot","52d":"Coffee dispensers","53d":"Fisher's \"Postcards From the ___\"","56d":"Suffix with fail","57d":"Wood sorrel"},"answers":{"1a":"AMATI","6a":"AMIE","10a":"SETS","14a":"RUNIN","15a":"BOOS","16a":"TRIO","17a":"KNOCKABOUT","19a":"RILL","20a":"SIN","21a":"BLED","22a":"ICICLE","24a":"BLAS","25a":"AMOK","26a":"CELLOS","29a":"TRADEWAR","33a":"ELIOT","34a":"HIRT","35a":"FATA","36a":"SLOW","37a":"HENIE","38a":"OLAV","39a":"AINT","40a":"OATS","41a":"FRERE","42a":"RESOUNDS","44a":"TOCSIN","45a":"RTES","46a":"LORE","47a":"PRICEY","50a":"IOTA","51a":"DUE","54a":"RICH","55a":"PUNCHBOARD","58a":"ALOE","59a":"ORCA","60a":"ICING","61a":"YENS","62a":"TEAL","63a":"TASSE","1d":"ARKS","2d":"MUNI","3d":"ANON","4d":"TIC","5d":"INKBLOT","6d":"ABBES","7d":"MOOD","8d":"IOU","9d":"ESTIMATE","10d":"STRIKEFORCE","11d":"ERIC","12d":"TILL","13d":"SOLE","18d":"ALAS","23d":"COD","24d":"BLOWTORCHES","25d":"ARRIS","26d":"CESAR","27d":"ELLIE","28d":"LIONS","29d":"TINTS","30d":"WALES","31d":"ATARI","32d":"RAVEN","34d":"HEADS","37d":"HONEYPOT","41d":"FORABIT","43d":"UTE","44d":"TOTH","46d":"LOCAL","47d":"PRAY","48d":"RILE","49d":"ICON","50d":"INCA","51d":"DAIS","52d":"URNS","53d":"EDGE","56d":"URE","57d":"OCA"}}