{"numbers":[["1","2","3","-","4","5","6","7","8","-","-","9","10","11","12"],["13","","","-","14","","","","","-","15","","","",""],["16","","","-","17","","","","","-","18","","","",""],["19","","","20","","","","","","21","","","","",""],["22","","","","","","-","-","-","23","","","-","-","-"],["-","-","-","24","","","-","25","26","","","-","27","28","29"],["30","31","32","","-","33","34","","","-","35","36","","",""],["37","","","","38","","","","","39","","","","",""],["40","","","","","-","41","","","","-","42","","",""],["43","","","-","44","45","","","-","46","47","","-","-","-"],["-","-","-","48","","","-","-","-","49","","","50","51","52"],["53","54","55","","","","56","57","58","","","","","",""],["59","","","","","-","60","","","","","-","61","",""],["62","","","","","-","63","","","","","-","64","",""],["65","","","","-","-","66","","","","","-","67","",""]],"clues":{"1a":"Spring runner","4a":"Pole at sea","9a":"Dieter's measure","13a":"Robust drink","14a":"Delete-key function","15a":"TV tease","16a":"Golf ball's position","17a":"Sedaka and Simon","18a":"Play the fink","19a":"\"Falstaff\"","22a":"Marked down","23a":"\"The Woman in the Dunes\" author","24a":"It's big in London","25a":"Hard or soft approach","27a":"Scout's group","30a":"Quatrain's pattern","33a":"Seville snack","35a":"Sister of Charlotte","37a":"\"The Misfits\"","40a":"Barkin of \"Sea of Love\"","41a":"Genealogist's work","42a":"It may be cured","43a":"Monaco cube","44a":"Speech site","46a":"Actress Carrie","48a":"Cobbler's tool","49a":"Imperfect bridge holding","53a":"Homer #521","59a":"Blotter entry","60a":"Waugh and others","61a":"Eunuch's unit","62a":"Disk-shaped marine fish","63a":"Challenger's quest","64a":"Political abbr.","65a":"Hound's quarry","66a":"Semicircular recesses","67a":"Wordsworth's \"We ___ Seven\"","1d":"Military blast","2d":"Refuge seeker","3d":"Duke and earl","4d":"More than forgetful","5d":"Favors","6d":"Tout's post","7d":"___ Mujeres, Mexico","8d":"Chester Gould femme","9d":"Smooth-skinned edible","10d":"Learning method","11d":"It makes the mundus go round","12d":"Actress Washbourne","15d":"Gordian knot, for one","20d":"Show amateurish interest (in)","21d":"Chess's Mikhail","25d":"Works with Riddick Bowe","26d":"Facility","27d":"Belly flop, e.g.","28d":"Lamb of yore","29d":"\"No way, Sergei!\"","30d":"Elderly","31d":"Java neighbor","32d":"Up to snuff","34d":"Choral voices","36d":"Tick of time","38d":"On edge","39d":"Seaquarium arm","45d":"Like","47d":"Swains' requests","48d":"Like Pegasus","50d":"Now, in Nogales","51d":"Autumn beverage","52d":"Marchers' camp","53d":"Wear's partner","54d":"Chase of Tinseltown","55d":"Pre-rehab Pinocchio","56d":"___ Hari","57d":"Underdress","58d":"\"___ Do It\" (Porter tune)"},"answers":{"1a":"SAP","4a":"SPRIT","9a":"GRAM","13a":"ALE","14a":"ERASE","15a":"PROMO","16a":"LIE","17a":"NEILS","18a":"RATON","19a":"VERDISLASTOPERA","22a":"ONSALE","23a":"ABE","24a":"BEN","25a":"SELL","27a":"DEN","30a":"ABAB","33a":"TAPA","35a":"EMILY","37a":"GABLESLASTMOVIE","40a":"ELLEN","41a":"TREE","42a":"MEAT","43a":"DIE","44a":"DAIS","46a":"NYE","48a":"AWL","49a":"TENACE","53a":"WILLIAMSLASTHIT","59a":"ALIAS","60a":"ALECS","61a":"ODA","62a":"SKATE","63a":"TITLE","64a":"REP","65a":"HARE","66a":"APSES","67a":"ARE","1d":"SALVO","2d":"ALIEN","3d":"PEERS","4d":"SENILE","5d":"PRESENTS","6d":"RAIL","7d":"ISLA","8d":"TESS","9d":"GRAPE","10d":"ROTE","11d":"AMOR","12d":"MONA","15d":"PROBLEM","20d":"DABBLE","21d":"TAL","25d":"SPARS","26d":"EASE","27d":"DIVE","28d":"ELIA","29d":"NYET","30d":"AGED","31d":"BALI","32d":"ABLE","34d":"ALTI","36d":"MOMENT","38d":"ENDWISE","39d":"TENTACLE","45d":"ALA","47d":"YESSES","48d":"ALATE","50d":"AHORA","51d":"CIDER","52d":"ETAPE","53d":"WASH","54d":"ILKA","55d":"LIAR","56d":"MATA","57d":"SLIP","58d":"LETS"}}