{"numbers":[["1","2","3","4","-","5","6","7","8","-","9","10","11","12","13"],["14","","","","-","15","","","","-","16","","","",""],["17","","","","-","18","","","","-","19","","","",""],["20","","","","21","","","","","22","","","","","-"],["23","","","","","","-","24","","","","","-","-","-"],["-","-","-","-","25","","26","-","-","27","","","28","29","30"],["31","32","33","34","","-","35","36","37","","-","38","","",""],["39","","","","","40","","","","","41","","","",""],["42","","","","-","43","","","","-","44","","","",""],["45","","","","46","","-","-","47","48","","-","-","-","-"],["-","-","-","49","","","50","51","-","52","","53","54","55","56"],["-","57","58","","","","","","59","","","","","",""],["60","","","","","-","61","","","","-","62","","",""],["63","","","","","-","64","","","","-","65","","",""],["66","","","","","-","67","","","","-","68","","",""]],"clues":{"1a":"He wrote \"The Bronx? No, thonx!\"","5a":"Cramped Mother Goose dwelling","9a":"Renaissance beauty Isabella ___","14a":"Anent","15a":"Follow the game","16a":"Send packing","17a":"\"Dark Lady\" singer","18a":"Tallinn native","19a":"Actor Keach","20a":"Hollywood palmist?","23a":"Make cherished","24a":"Ump's purview","25a":"Roget's entry: Abbr.","27a":"Percussion at a powwow","31a":"Actor Davis","35a":"Well-oiled grp.","38a":"New Rochelle college","39a":"Hollywood quack?","42a":"For takeout","43a":"Ex of 17-Across","44a":"He wrote \"The Proper Bostonians\"","45a":"Available for","47a":"West Point subject","49a":"Yield slightly","52a":"Sports jacket","57a":"Hollywood's leading undertaker?","60a":"Originated","61a":"The last Mrs. Chaplin","62a":"Member of 35-Across","63a":"In accord (with)","64a":"Skidded","65a":"Scottish tongue","66a":"Heavy of old comedies","67a":"Location","68a":"M-G-M co-founder Marcus","1d":"Mother-of-pearl","2d":"Pale-faced","3d":"Bed frame","4d":"Genghis Khan's mass","5d":"Jerez product","6d":"Silence","7d":"Ready if needed","8d":"Word on old gas pumps","9d":"Mississippi discoverer","10d":"Ultra credo","11d":"Minor dispute","12d":"Georgia ___","13d":"TV Tarzan Ron","21d":"Canvas prop","22d":"Do guard duty","26d":"Say ___ (refuse)","28d":"Kansas pooch","29d":"\"___ about...\"","30d":"Lots and lots","31d":"Tetra x 2","32d":"The Old Curiosity, e.g.","33d":"Nestor","34d":"Unyielding","36d":"Review a flop","37d":"Adequate, way back","40d":"Domicile","41d":"Confederate general Jubal","46d":"Dempsey's nemesis","48d":"Scrape","50d":"Luster","51d":"Carlo Levi's \"Christ Stopped at ___\"","53d":"Swiss diarist Henri Frederic","54d":"Man in a mask","55d":"Get rid of","56d":"Freshen","57d":"\"___ smile be...\"","58d":"Borodin's prince","59d":"Singleton","60d":"\"Phooey!\""},"answers":{"1a":"NASH","5a":"SHOE","9a":"DESTE","14a":"ASTO","15a":"HUNT","16a":"EXPEL","17a":"CHER","18a":"ESTH","19a":"STACY","20a":"READERHAYWORTH","23a":"ENDEAR","24a":"PLATE","25a":"SYN","27a":"TOMTOM","31a":"OSSIE","35a":"OPEC","38a":"IONA","39a":"CHARLATANHESTON","42a":"TOGO","43a":"BONO","44a":"AMORY","45a":"OPENTO","47a":"WAR","49a":"BUDGE","52a":"BLAZER","57a":"LIONELBURYMORE","60a":"BEGUN","61a":"OONA","62a":"IRAN","63a":"ATONE","64a":"SLID","65a":"ERSE","66a":"HARDY","67a":"SITE","68a":"LOEW","1d":"NACRE","2d":"ASHEN","3d":"STEAD","4d":"HORDE","5d":"SHERRY","6d":"HUSH","7d":"ONTAP","8d":"ETHYL","9d":"DESOTO","10d":"EXTREMISM","11d":"SPAT","12d":"TECH","13d":"ELY","21d":"EASEL","22d":"WATCH","26d":"NOTO","28d":"TOTO","29d":"ONOR","30d":"MANY","31d":"OCTO","32d":"SHOP","33d":"SAGE","34d":"IRONBOUND","36d":"PAN","37d":"ENOW","40d":"ABODE","41d":"EARLY","46d":"TUNNEY","48d":"ABRADE","50d":"GLOSS","51d":"EBOLI","53d":"AMIEL","54d":"ZORRO","55d":"ERASE","56d":"RENEW","57d":"LETA","58d":"IGOR","59d":"UNIT","60d":"BAH"}}