{"numbers":[["1","2","3","4","5","6","-","7","8","9","10","11","12","13","14"],["15","","","","","","-","16","","","","","","",""],["17","","","","","","-","18","","","","","","",""],["19","","","","","-","20","","","","","-","21","",""],["22","","","-","23","24","","","","","","-","-","-","-"],["-","-","-","-","25","","","","","-","-","26","27","28","29"],["30","31","32","33","","","","","-","34","35","","","",""],["36","","","","","","","","37","","","","","",""],["38","","","","","","-","39","","","","","","",""],["40","","","","-","-","41","","","","","-","-","-","-"],["-","-","-","-","42","43","","","","","","-","44","45","46"],["47","48","49","-","50","","","","","-","51","52","","",""],["53","","","54","","","","","-","55","","","","",""],["56","","","","","","","","-","57","","","","",""],["58","","","","","","","","-","59","","","","",""]],"clues":{"1a":"Book of the Apocrypha","7a":"Apse setting","15a":"Catchall phrase","16a":"Esthete","17a":"Uncompromising","18a":"Swain song","19a":"Doctrinal holding","20a":"French assembly","21a":"Teachers' grp.","22a":"They have namesakes: Abbr.","23a":"Grammy-winning country group","25a":"Results of conks","26a":"Farm building","30a":"Guarding mobilely","34a":"Its fruit is monkey bread","36a":"It's played at the 7-Down","38a":"Rose's home","39a":"Without concern for the future","40a":"Baron in \"Der Rosenkavalier\"","41a":"Wistful one","42a":"Epcot neighbor","44a":"Computer add-on?","47a":"G. &amp; S. princess","50a":"Embarrass","51a":"Strauss's \"Ariadne auf ___\"","53a":"Transportation Secretary Pena","55a":"Theater's Willy, Linda, Happy and Biff","56a":"St. Louis arch designer","57a":"Charlotte ___, Virgin Islands","58a":"Printed, as a quote","59a":"Way with words?","1d":"One-liners","2d":"Complete","3d":"Fills in a hole","4d":"Tennis hothead","5d":"XXX activity","6d":"Derby","7d":"36-Across's site","8d":"Circus locales","9d":"Sportscaster Hank","10d":"\"___ song go...\"","11d":"Mr. Chaney","12d":"A Karamazov","13d":"Part with","14d":"Purlieu","20d":"Southernmost U.S. point","24d":"Michaels of \"Saturday Night Live\"","26d":"___ speak (as it were)","27d":"Footnote abbr.","28d":"Literally, superior one","29d":"Be loyal to","30d":"Knowing","31d":"Pusher's nemesis","32d":"Chief god of Memphis","33d":"Afflicts","34d":"Howled","35d":"Copernican concern","37d":"Lustrous velvet","41d":"Kind of mining","42d":"Umpire for the duel in \"Hamlet\"","43d":"Zoo critter","44d":"Rate highly","45d":"Artist Delaunay","46d":"Car of the 20's","47d":"Conditional words","48d":"College leader","49d":"Month after Shevat","52d":"\"___ for All Seasons\"","54d":"Prior to","55d":"Scale notes"},"answers":{"1a":"JUDITH","7a":"BASILICA","15a":"ETALIA","16a":"ARTLOVER","17a":"STRICT","18a":"SERENADE","19a":"TENET","20a":"SENAT","21a":"NEA","22a":"SRS","23a":"ALABAMA","25a":"COMAS","26a":"SILO","30a":"ONPATROL","34a":"BAOBAB","36a":"NATIONALPASTIME","38a":"TRALEE","39a":"DAYTODAY","40a":"OCHS","41a":"PINER","42a":"ORLANDO","44a":"ESE","47a":"IDA","50a":"SHAME","51a":"NAXOS","53a":"FEDERICO","55a":"LOMANS","56a":"SAARINEN","57a":"AMALIE","58a":"ONRECORD","59a":"SYNTAX","1d":"JESTS","2d":"UTTER","3d":"DARNS","4d":"ILIE","5d":"TICTACTOE","6d":"HAT","7d":"BASEBALLDIAMOND","8d":"ARENAS","9d":"STRAM","10d":"ILETA","11d":"LON","12d":"IVAN","13d":"CEDE","14d":"AREA","20d":"SAMOA","24d":"LORNE","26d":"SOTO","27d":"IBID","28d":"LAMA","29d":"OBEY","30d":"ONTO","31d":"NARC","32d":"PTAH","33d":"AILS","34d":"BAYED","35d":"ASTRONOMY","37d":"PANNE","41d":"PLACER","42d":"OSRIC","43d":"RHINO","44d":"EXALT","45d":"SONIA","46d":"ESSEX","47d":"IFSO","48d":"DEAN","49d":"ADAR","52d":"AMAN","54d":"ERE","55d":"LAS"}}