{"numbers":[["1","2","3","4","-","-","5","6","7","8","9","10","11","12","13"],["14","","","","15","-","16","","","","","","","",""],["17","","","","","-","18","","","","","","","",""],["19","","","","","-","-","20","","","","-","21","",""],["22","","","","-","-","23","","","","-","-","24","",""],["25","","","-","26","27","","","-","-","28","29","","-","-"],["30","","","31","","","","","32","33","","","-","-","-"],["-","34","","","","","","-","35","","","","36","37","-"],["-","-","-","38","","","","39","","","","","","","40"],["-","-","41","","","-","-","42","","","","-","43","",""],["44","45","","-","-","46","47","","","-","-","48","","",""],["49","","","-","50","","","","-","-","51","","","",""],["52","","","53","","","","","54","-","55","","","",""],["56","","","","","","","","","-","57","","","",""],["58","","","","","","","","","-","-","59","","",""]],"clues":{"1a":"Foretell","5a":"Recipe ingredient","14a":"Greedy, in Grenoble","16a":"Backward: Fr.","17a":"Carpenter's aid","18a":"Exiles","19a":"Oil containers","20a":"Child's measures: Abbr.","21a":"Do","22a":"Poet ___ Wheeler Wilcox","23a":"Dress necklines","24a":"Gridiron positions: Abbr.","25a":"Scold","26a":"District in Arabia","28a":"Rock musician ___ Vicious","30a":"Name in detective fiction","34a":"\"Naked Gun\" hero","35a":"___ of troubles (beset on all sides)","38a":"Short race","41a":"Use cross hairs","42a":"1980's TV police comedy","43a":"Hold up","44a":"Postgraduate science deg.","46a":"Comic Gilliam and namesakes","48a":"\"The Godfather\" figure","49a":"\"Mazel ___!\"","50a":"Venetian blind component","51a":"Tropical ray","52a":"Fig marigolds","55a":"Deposit in a tomb","56a":"Wicked one","57a":"Color television inventor","58a":"Bowler merchants","59a":"Damsel","1d":"Nonsense","2d":"Surmounted, as with gold","3d":"Stool pigeon","4d":"Swelling","5d":"Part of Santa's team","6d":"What Bush served","7d":"Like crocodile tears","8d":"Trains, informally","9d":"Parts of joules","10d":"Songstress Zadora","11d":"Firecracker","12d":"Uplift","13d":"Half and whole, e.g.","15d":"Discontinued trains","23d":"Article of food","26d":"Philatelist's need","27d":"Climb a pole","28d":"Sea dog's ropes","29d":"\"___ boy!\"","31d":"Utah town","32d":"Looks","33d":"Skeleton's head","36d":"Free-swimming worms with developed sense organs","37d":"Some parents","39d":"Say again","40d":"Instrument panels","41d":"Quickly, to a grammarian","44d":"Line of poetry","45d":"Hot beverage","46d":"Haphazardly","47d":"\"La Plume de Ma ___\"","48d":"Waterway","50d":"Put-down","51d":"Kid's marble","53d":"Early starter","54d":"Promgoers: Abbr."},"answers":{"1a":"BODE","5a":"DASHOFPEPPER","14a":"AVIDE","16a":"ENARRIERE","17a":"LEVEL","18a":"RELEGATES","19a":"DRUMS","20a":"TSPS","21a":"ACT","22a":"ELLA","23a":"VEES","24a":"RTS","25a":"RAG","26a":"ASIR","28a":"SID","30a":"DASHIELLHAMMETT","34a":"DREBIN","35a":"INASEA","38a":"HUNDREDYARDDASH","41a":"AIM","42a":"ENOS","43a":"ROB","44a":"SCD","46a":"STUS","48a":"CAPO","49a":"TOV","50a":"SLAT","51a":"MANTA","52a":"ICEPLANTS","55a":"INTER","56a":"CORRUPTER","57a":"BAIRD","58a":"HABERDASHERS","59a":"LASS","1d":"BALDERDASH","2d":"OVERLAID","3d":"DIVULGER","4d":"EDEMA","5d":"DASHER","6d":"ONETERM","7d":"FALSE","8d":"PREPS","9d":"ERGS","10d":"PIA","11d":"PETARD","12d":"ERECT","13d":"RESTS","15d":"ELS","23d":"VIAND","26d":"ALBUM","27d":"SHIN","28d":"STAYS","29d":"ITSA","31d":"LEHI","32d":"MIENS","33d":"ENDO","36d":"ERRANTIA","37d":"ADOPTERS","39d":"REUTTER","40d":"DASHBOARDS","41d":"ADVERB","44d":"STICH","45d":"COCOA","46d":"SLAPDASH","47d":"TANTE","48d":"CANAL","50d":"SLUR","51d":"MIB","53d":"PRE","54d":"SRS"}}