{"numbers":[["1","2","3","4","5","6","-","7","8","9","10","11","12","-","13","14","15","16","17","18","19"],["20","","","","","","-","21","","","","","","-","22","","","","","",""],["23","","","","","","24","","","","","","","-","25","","","","","",""],["26","","","","-","27","","","-","28","","","","-","29","","","","","-","-"],["-","-","-","30","31","","","-","32","","","","-","33","","","","","","34","35"],["36","37","38","","","","","39","","","","-","40","","","","","-","41","",""],["42","","","","","-","43","","","-","-","44","","","-","-","-","45","","",""],["46","","","","-","-","-","47","","48","49","","","","50","51","52","","","",""],["53","","","-","54","55","56","-","57","","","","-","58","","","","","-","-","-"],["59","","","-","60","","","-","61","","","-","-","62","","","","","63","64","-"],["65","","","66","","","","67","","","","68","69","","","","","","","","70"],["-","71","","","","","","","-","-","72","","","-","73","","","-","74","",""],["-","-","-","75","","","","","-","76","","","","-","77","","","-","78","",""],["79","80","81","","","","","","82","","","","","83","-","-","-","84","","",""],["85","","","","-","-","-","86","","","-","-","87","","88","-","89","","","",""],["90","","","-","91","92","93","","","-","94","95","","","","96","","","","",""],["97","","","98","","","","","-","99","","","","-","100","","","","-","-","-"],["-","-","101","","","","","-","102","","","","-","103","","","-","104","105","106","107"],["108","109","","","","","","-","110","","","","111","","","","112","","","",""],["113","","","","","","","-","114","","","","","","-","115","","","","",""],["116","","","","","","","-","117","","","","","","-","118","","","","",""]],"clues":{"1a":"Waltzed","7a":"Unrefined petroleums","13a":"Overshadow","20a":"One of the Dionnes","21a":"Famous flight, A.D. 622","22a":"Took turns","23a":"Ashtray emptiers","25a":"Wall Street worries","26a":"Think of it!","27a":"Step 2 for a marksman","28a":"Citizens: Suffix","29a":"Kingdom's worth, to Richard III","30a":"Shaving mishap","32a":"Bassoon, e.g.","33a":"Stopped talking, finally","36a":"Cabalist's caution","40a":"\"From Here to Eternity\" author James","41a":"Steam","42a":"Duelers' equipment","43a":"Dashboard reading, for short","44a":"Kind of cross","45a":"He wrote \"The Postman Always Rings Twice\"","46a":"Actor Beatty and others","47a":"Part of Longfellow's forest primeval","53a":"Magician's name suffix","54a":"Police support org.","57a":"Revolutionary Trotsky","58a":"Kind of geometry","59a":"Byron's \"calculating\" daughter","60a":"Twaddle","61a":"Old Mideast inits.","62a":"Sorry folks","65a":"Beatles lyric of 1964","71a":"Merchants","72a":"Much of \"Deck the Halls\"","73a":"Supreme ruler: Abbr.","74a":"Status follower","75a":"1960 NASA launch","76a":"Microscopic organism","77a":"Baseball's Cobb and others","78a":"Dieci minus nove","79a":"1942 Joe E. Brown comedy","84a":"River isle","85a":"Word before and after \"against\"","86a":"Border","87a":"Colorful moths","89a":"Stop, in Quebec","90a":"Double twist","91a":"Masquerades","94a":"Kitchen contraptions","97a":"Court player","99a":"Loudness unit","100a":"160 square rods","101a":"Calibrate","102a":"Ersatz bankers","103a":"Kind of lamp","104a":"Ethnic music","108a":"Jot","110a":"1955 Graham Greene novel, with \"The\"","113a":"Terrestrial","114a":"Not close, once","115a":"In disgrace","116a":"Nash contemporaries","117a":"Pronto","118a":"Alone","1d":"First name in TV comedy","2d":"During","3d":"\"Cleopatra\" setting","4d":"Scours","5d":"\"A\" as in Aachen","6d":"Separate","7d":"Playmate","8d":"Emeritus: Abbr.","9d":"More hostile","10d":"Followed the Pritikin plan","11d":"Made slips","12d":"Be disrespectful to","13d":"Imp","14d":"Full of tiny holes","15d":"Blasts off","16d":"Cafe order","17d":"Pericles or Socrates","18d":"Right command","19d":"Actor Harris and others","24d":"Hell's Angel","31d":"\"___ So Easy\" ('77 pop hit)","32d":"Wolf boy?","33d":"St. ___ (Missouri native)","34d":"Enemy of the Iroquois","35d":"Libraries","36d":"Servant","37d":"Capsized","38d":"Settle","39d":"Typist's speed: Abbr.","40d":"Cookie ___","44d":"Cask","45d":"It may be hard or sweet","48d":"Bring in","49d":"Sour cherry","50d":"Answer to \"Are we there?\"","51d":"Like Poe settings","52d":"Barracks items","54d":"Heat, of a sort","55d":"Big Apple area","56d":"Pulsating","63d":"Lack","64d":"Stroll","66d":"Photo option","67d":"Clowns around","68d":"Prego competitor","69d":"\"There ___ and place for everything\"","70d":"Sleeping spots","76d":"Bit of gear for a rock tour","79d":"Queens stadium","80d":"Party fellow","81d":"In the brain, so to speak","82d":"Dogfaces","83d":"Play ___ with (make trouble for)","84d":"Major, as a road","88d":"Throng","89d":"Auto option, informally","91d":"Brainy","92d":"Boxing trainer ___ Dundee","93d":"Bruce and others","94d":"One in line for a fall","95d":"Invisible","96d":"Public ___","98d":"\"You're never too ___ learn\"","99d":"Evel Knievel act","102d":"A pastel","103d":"Bern's river","105d":"Ne plus ultra","106d":"Highlander","107d":"Humorist Rooney","108d":"But: Lat.","109d":"Investor's Ginnie ___","111d":"Middle X or O","112d":"Fraternity letter"},"answers":{"1a":"DANCED","7a":"CRUDES","13a":"UPSTAGE","20a":"EMILIE","21a":"HEGIRA","22a":"ROTATED","23a":"SILENTBUTLERS","25a":"CRASHES","26a":"IDEA","27a":"AIM","28a":"ITES","29a":"HORSE","30a":"NICK","32a":"REED","33a":"LISTENED","36a":"MUMSTHEWORD","40a":"JONES","41a":"IRE","42a":"EPEES","43a":"RPM","44a":"TAU","45a":"CAIN","46a":"NEDS","47a":"MURMURINGPINES","53a":"INI","54a":"PBA","57a":"LEON","58a":"SOLID","59a":"ADA","60a":"ROT","61a":"UAR","62a":"ATONERS","65a":"LETMEWHISPERINYOUREAR","71a":"DEALERS","72a":"LAS","73a":"EMP","74a":"QUO","75a":"TIROS","76a":"ALGA","77a":"TYS","78a":"UNO","79a":"SHUTMYBIGMOUTH","84a":"AITS","85a":"HOPE","86a":"LIP","87a":"IOS","89a":"ARRET","90a":"ESS","91a":"BALLS","94a":"DUMBWAITERS","97a":"ATTORNEY","99a":"SONE","100a":"ACRE","101a":"ALIGN","102a":"ATMS","103a":"ARC","104a":"RAGA","108a":"SMIDGEN","110a":"QUIETAMERICAN","113a":"EARTHLY","114a":"UNNEAR","115a":"SHAMED","116a":"DESOTOS","117a":"ATONCE","118a":"SOLELY","1d":"DESI","2d":"AMID","3d":"NILE","4d":"CLEANSES","5d":"EIN","6d":"DETACH","7d":"CHUM","8d":"RET","9d":"UGLIER","10d":"DIETED","11d":"ERRED","12d":"SASS","13d":"URCHIN","14d":"POROSE","15d":"STARTS","16d":"TASSE","17d":"ATHENIAN","18d":"GEE","19d":"EDS","24d":"BIKER","31d":"ITS","32d":"ROMULUS","33d":"LOUISAN","34d":"ERIE","35d":"DENS","36d":"MENIAL","37d":"UPENDED","38d":"MEDIATE","39d":"WPM","40d":"JAR","44d":"TUN","45d":"CIDER","48d":"REAP","49d":"MORELLO","50d":"NOTYET","51d":"GLOOMY","52d":"PINUPS","54d":"PRELIM","55d":"BOWERY","56d":"ATHROB","63d":"REQUIRE","64d":"SAUNTER","66d":"MATTE","67d":"ISSILLY","68d":"RAGU","69d":"ISATIME","70d":"ROOSTS","76d":"AMP","79d":"SHEA","80d":"HOST","81d":"UPSTAIRS","82d":"GIS","83d":"HOB","84d":"ARTERIAL","88d":"SWARM","89d":"AIR","91d":"BRIGHT","92d":"ANGELO","93d":"LENNYS","94d":"DOMINO","95d":"UNSEEN","96d":"ACCESS","98d":"OLDTO","99d":"STUNT","102d":"AQUA","103d":"AARE","105d":"ACME","106d":"GAEL","107d":"ANDY","108d":"SED","109d":"MAE","111d":"TAC","112d":"RHO"}}