{"numbers":[["1","2","3","4","5","-","6","7","8","9","-","-","10","11","12"],["13","","","","","-","14","","","","-","15","","",""],["16","","","","","17","","","","","-","18","","",""],["19","","","-","20","","","","","","-","21","","",""],["-","-","-","-","22","","","","-","-","23","","","",""],["24","25","26","27","","-","28","","29","30","","","","-","-"],["31","","","","-","-","-","32","","","","-","33","34","35"],["36","","","","37","38","39","-","40","","","41","","",""],["42","","","-","43","","","44","-","-","-","45","","",""],["-","-","46","47","","","","","48","-","49","","","",""],["50","51","","","","-","-","52","","53","","-","-","-","-"],["54","","","","-","55","56","","","","","-","57","58","59"],["60","","","","-","61","","","","","","62","","",""],["63","","","","-","64","","","","-","65","","","",""],["66","","","-","-","67","","","","-","68","","","",""]],"clues":{"1a":"Mosque tops","6a":"Lone Ranger attire","10a":"Strike caller","13a":"Dynamic","14a":"\"I cannot tell ___\"","15a":"Mimic","16a":"Chinese principles","18a":"Lavish party","19a":"Tosspot","20a":"Worships","21a":"Freshly","22a":"Life, for one","23a":"Enlarge","24a":"Soup dipper","28a":"Six-stanza poem","31a":"Lily","32a":"Does, for example","33a":"Knot of hair","36a":"Procrastinator","40a":"Relative of the buttercup","42a":"Moral no-no","43a":"Tentmaker of fame","45a":"Kind of camera focus","46a":"Modified","49a":"Mount","50a":"Sighed (for)","52a":"Playboy pie","54a":"Took a taxi","55a":"Sound choice?","57a":"Busy person around Apr. 15","60a":"Smidgen that's smashed","61a":"Occasionally","63a":"Greek letters","64a":"Kurdish home","65a":"Throw out","66a":"N.Y. wintertime","67a":"Trapper's trophy","68a":"Fires","1d":"TV's \"___ of Our Lives\"","2d":"Hodgepodge","3d":"Money maker","4d":"\"Uncle Tom's Cabin\" girl","5d":"Spot for 100","6d":"Giuliani and others","7d":"Equipped with a theft protector","8d":"Trig function","9d":"Barrels","10d":"No longer bedridden","11d":"Fracas","12d":"Shrimp","15d":"Once more","17d":"Successor to H.S.T.","23d":"Telegram","24d":"Lassies' partners","25d":"Jai ___","26d":"Homeless","27d":"Conducted","29d":"Melville novel setting","30d":"Countdown start","34d":"\"Render therefore ___ Caesar...\"","35d":"It's a gas","37d":"Trucker's amount","38d":"Holy Roman, e.g.: Abbr.","39d":"Squealer","41d":"Alluring West","44d":"License extension","47d":"Considers","48d":"\"The Story of Civilization\" author","49d":"Hollow stones","50d":"Jabber","51d":"Specks","53d":"Bear's abode","55d":"Quick cut","56d":"Ripped","57d":"In high style","58d":"Captain Ahab of film","59d":"Busy ones","62d":"Initials of 1933"},"answers":{"1a":"DOMES","6a":"MASK","10a":"UMP","13a":"ALIVE","14a":"ALIE","15a":"APER","16a":"YINANDYANG","18a":"GALA","19a":"SOT","20a":"ADORES","21a":"ANEW","22a":"TERM","23a":"WIDEN","24a":"LADLE","28a":"SESTINA","31a":"ALOE","32a":"DEER","33a":"BUN","36a":"DAWDLER","40a":"ANEMONE","42a":"SIN","43a":"OMAR","45a":"AUTO","46a":"ADAPTED","49a":"GETON","50a":"PINED","52a":"NUDE","54a":"RODE","55a":"STEREO","57a":"CPA","60a":"ATOM","61a":"NOWANDTHEN","63a":"TAUS","64a":"IRAN","65a":"EVICT","66a":"EST","67a":"PELT","68a":"SACKS","1d":"DAYS","2d":"OLIO","3d":"MINT","4d":"EVA","5d":"SENATE","6d":"MAYORS","7d":"ALARMED","8d":"SINE","9d":"KEGS","10d":"UPANDABOUT","11d":"MELEE","12d":"PRAWN","15d":"AGAIN","17d":"DDE","23d":"WIRE","24d":"LADS","25d":"ALAI","26d":"DOWNANDOUT","27d":"LED","29d":"SEA","30d":"TEN","34d":"UNTO","35d":"NEON","37d":"LOAD","38d":"EMP","39d":"RAT","41d":"MAE","44d":"RENEWAL","47d":"DEEMS","48d":"DURANT","49d":"GEODES","50d":"PRATE","51d":"IOTAS","53d":"DEN","55d":"SNIP","56d":"TORE","57d":"CHIC","58d":"PECK","59d":"ANTS","62d":"TVA"}}