{"numbers":[["1","2","3","4","5","-","6","7","8","9","-","10","11","12","13"],["14","","","","","-","15","","","","-","16","","",""],["17","","","","","-","18","","","","19","","","",""],["20","","","","-","21","","","","","","","","",""],["-","-","22","","23","","","-","-","24","","","","","-"],["25","26","","","","","-","27","28","","","","-","-","-"],["29","","","","","-","30","","","","-","31","32","33","34"],["35","","","-","36","37","","","","","38","-","39","",""],["40","","","41","-","42","","","","-","43","44","","",""],["-","-","-","45","46","","","","-","47","","","","",""],["-","48","49","","","","-","-","50","","","","","-","-"],["51","","","","","","52","53","","","-","54","","55","56"],["57","","","","","","","","","-","58","","","",""],["59","","","","-","60","","","","-","61","","","",""],["62","","","","-","63","","","","-","64","","","",""]],"clues":{"1a":"Monopoly purchase","6a":"___ of office","10a":"Singing Beatle","14a":"Maytag rival","15a":"German numeral","16a":"Shade of red","17a":"Kind of dressing","18a":"Boccaccio work, with \"The\"","20a":"Actress Swenson","21a":"GLASGOW: ___:: ...","22a":"E. B. White piece","24a":"Put on ___","25a":"Toulouse tams","27a":"Art ___ (master keyboardist)","29a":"Get up","30a":"1987 Wimbledon winner","31a":"Actor Jannings","35a":"___Tin Tin","36a":"From Novi Sad","39a":"\"___ No Hooks\"","40a":"Boat's backbone","42a":"Geissler tube illuminant","43a":"Winding paths","45a":"Fall flower","47a":"Long-legged shorebird","48a":"Actress June","50a":"Memorable shrine","51a":"MONACO: ___:: ...","54a":"Satan's doing","57a":"LEM driver","58a":"Ballerina Shearer","59a":"Spanish province or capital","60a":"Andrews Sisters, e.g.","61a":"Shenanigan","62a":"Quiet street","63a":"Drains of stamina","64a":"Ninnies","1d":"Mata ___","2d":"Arabian sultanate","3d":"TANGIER: ___:: ...","4d":"Sheathes","5d":"___ -di-dah","6d":"Strange to say","7d":"Kind of rug","8d":"Gumshoes","9d":"Son of the West Wind","10d":"Before kickoff","11d":"Goldfinger's first name","12d":"Convoy chaser","13d":"Boston suburb","19d":"Waiter's handout","21d":"Tums target","23d":"Fr. holy women","25d":"Sergeant's voice","26d":"Canal opened in 1825","27d":"Olden drum","28d":"\"It's ___ to tell a lie\"","30d":"Manitoba Indian","32d":"MOSCOW: ___","33d":"\"Oh, that's what you mean!\"","34d":"Paris's Gare de ___","37d":"Contest responders","38d":"St. Petersburg's river","41d":"Shotz Brewery worker of 70's TV","44d":"Gershwin's \"___ to Watch Over Me\"","46d":"Utah's state flower","47d":"Tankard tipple","48d":"Hebrew prophet","49d":"Writer Chekhov","50d":"Detroit output","51d":"Shopping center","52d":"___ Delano (F.D.R.'s mother)","53d":"Witticism","55d":"Spring flower","56d":"Teddy material","58d":"People or GQ"},"answers":{"1a":"HOTEL","6a":"OATH","10a":"PAUL","14a":"AMANA","15a":"DREI","16a":"RUBY","17a":"RANCH","18a":"DECAMERON","20a":"INGA","21a":"GLASWEGIAN","22a":"ESSAY","24a":"ANACT","25a":"BERETS","27a":"TATUM","29a":"ARISE","30a":"CASH","31a":"EMIL","35a":"RIN","36a":"SERBIAN","39a":"USE","40a":"KEEL","42a":"NEON","43a":"ESSES","45a":"ASTER","47a":"AVOCET","48a":"HAVER","50a":"ALAMO","51a":"MONEGASQUE","54a":"EVIL","57a":"ASTRONAUT","58a":"MOIRA","59a":"LEON","60a":"TRIO","61a":"ANTIC","62a":"LANE","63a":"SAPS","64a":"GEESE","1d":"HARI","2d":"OMAN","3d":"TANGERINE","4d":"ENCASES","5d":"LAH","6d":"ODDLY","7d":"AREA","8d":"TECS","9d":"HIAWATHA","10d":"PREGAME","11d":"AURIC","12d":"UBOAT","13d":"LYNN","19d":"MENU","21d":"GAS","23d":"STES","25d":"BARK","26d":"ERIE","27d":"TABOR","28d":"ASIN","30d":"CREE","32d":"MUSCOVITE","33d":"ISEE","34d":"LEST","37d":"ENTRANTS","38d":"NEVA","41d":"LAVERNE","44d":"SOMEONE","46d":"SEGO","47d":"ALE","48d":"HOSEA","49d":"ANTON","50d":"AUTOS","51d":"MALL","52d":"SARA","53d":"QUIP","55d":"IRIS","56d":"LACE","58d":"MAG"}}