{"numbers":[["1","2","3","-","4","5","6","7","8","9","-","10","11","12","13"],["14","","","-","15","","","","","","-","16","","",""],["17","","","18","","","","","","","-","19","","",""],["20","","","","","-","-","-","21","","22","","","",""],["-","-","-","23","","24","-","25","","","","","","",""],["26","27","28","","","","29","","","-","30","","","",""],["31","","","-","-","32","","","-","33","","","-","-","-"],["34","","","35","36","","","-","37","","","","38","39","40"],["-","-","-","41","","","-","42","","","-","-","43","",""],["44","45","46","","","-","47","","","","48","49","","",""],["50","","","","","51","","","-","52","","","-","-","-"],["53","","","","","","","-","-","-","54","","55","56","57"],["58","","","","-","59","","60","61","62","","","","",""],["63","","","","-","64","","","","","","-","65","",""],["66","","","","-","67","","","","","","-","68","",""]],"clues":{"1a":"Helen Gahagan film role of 1935","4a":"Mirthful","10a":"Guzzle","14a":"Electioneerer, for short","15a":"One-two bet","16a":"Perpetually","17a":"Start of a letter arrangement","19a":"Broadway's Kirk","20a":"Blowout","21a":"They can't be beat","23a":"Mother's charge","25a":"Show eagerness","26a":"More of the arrangement","30a":"Laminated rocks","31a":"Fade in the stretch","32a":"Motorists' org.","33a":"Film maker Craven","34a":"End of the arrangement","37a":"Start of the explanation of the arrangement","41a":"Wide width","42a":"Laurel and Hardy","43a":"Alfonso XIII's queen","44a":"Actress Anne","47a":"More of the explanation","50a":"Pyrenees resident","52a":"Stowe girl","53a":"Wider in scope","54a":"Get out of the way","58a":"Venetian honcho","59a":"End of the explanation","63a":"Men's names meaning \"lion\"","64a":"Receive as a member","65a":"Former","66a":"___ gin","67a":"Perks","68a":"The end (appropriately)","1d":"Initials in ancient Rome","2d":"Six-time N.H.L. M.V.P.","3d":"Mountain road abbr.","4d":"Flying woe","5d":"Acetylene starter","6d":"___ -de-Vire (historic French valley)","7d":"Here, in Tours","8d":"Lacking a key","9d":"Collar extension","10d":"Air","11d":"Egg receptacle","12d":"100 centimes","13d":"Gets the lead out","18d":"Sailing hazard","22d":"Copied","24d":"\"Macbeth\" title","25d":"Jamaican beat","26d":"Finishing tool","27d":"Early evening hour","28d":"Winter mo.","29d":"Tight spot","33d":"Drafted","35d":"Like Shakespeare's Valentine and Proteus","36d":"Goat feature","37d":"At lunch, maybe","38d":"Scale notes","39d":"Pioneer performance artist","40d":"Stir the air","42d":"___ mother","44d":"A Gabor et al.","45d":"Join the party","46d":"Slowly","47d":"Speech source","48d":"Turns outward","49d":"Mr. Shankar","51d":"Get back to even","55d":"The gamut","56d":"Excise","57d":"Mahler's \"Das Lied von der ___\"","60d":"Statistical abbr.","61d":"Suffix with command","62d":"New Deal prog."},"answers":{"1a":"SHE","4a":"JOVIAL","10a":"TOPE","14a":"POL","15a":"EXACTA","16a":"EVER","17a":"QWERTYUIOP","19a":"LISA","20a":"REVEL","21a":"NEMESES","23a":"EAT","25a":"SALIVATE","26a":"ASDFGHJKL","30a":"MICAS","31a":"DIE","32a":"AAA","33a":"WES","34a":"ZXCVBNM","37a":"ORDEROF","41a":"EEE","42a":"DUO","43a":"ENA","44a":"MEARA","47a":"LETTERSON","50a":"ANDORRAN","52a":"EVA","53a":"GRANDER","54a":"EVADE","58a":"DOGE","59a":"TYPEWRITER","63a":"ALIS","64a":"INCEPT","65a":"OLD","66a":"SLOE","67a":"EXTRAS","68a":"ZEE","1d":"SPQR","2d":"HOWE","3d":"ELEV","4d":"JETLAG","5d":"OXY","6d":"VAU","7d":"ICI","8d":"ATONAL","9d":"LAPEL","10d":"TELEVISE","11d":"OVISAC","12d":"PESETA","13d":"ERASES","18d":"REEF","22d":"MIMED","24d":"THANE","25d":"SKA","26d":"ADZ","27d":"SIX","28d":"DEC","29d":"JAM","33d":"WROTE","35d":"VERONESE","36d":"BEARD","37d":"OUT","38d":"RES","39d":"ONO","40d":"FAN","42d":"DEN","44d":"MAGDAS","45d":"ENROLL","46d":"ADAGIO","47d":"LARYNX","48d":"EVERTS","49d":"RAVI","51d":"RETIE","55d":"ATOZ","56d":"DELE","57d":"ERDE","60d":"PCT","61d":"EER","62d":"WPA"}}