{"numbers":[["1","2","3","4","5","6","7","8","9","-","-","10","11","12","13"],["14","","","","","","","","","-","15","","","",""],["16","","","","","","","","","-","17","","","",""],["18","","","","","","","","-","19","","","","",""],["-","-","-","-","20","","","-","21","","","","","",""],["22","23","24","25","","","-","26","","","","","-","-","-"],["27","","","","","-","28","","","","","","29","30","31"],["32","","","","-","33","","","","","-","34","","",""],["35","","","","36","","","","","-","37","","","",""],["-","-","-","38","","","","","-","39","","","","",""],["40","41","42","","","","","-","43","","","-","-","-","-"],["44","","","","","","-","45","","","","46","47","48","49"],["50","","","","","-","51","","","","","","","",""],["52","","","","","-","53","","","","","","","",""],["54","","","","-","-","55","","","","","","","",""]],"clues":{"1a":"Kind of bone","10a":"Movie memento","14a":"Turned off","15a":"When repeated, comforting comment","16a":"Summer Olympics event","17a":"Towns","18a":"Underwater peak","19a":"Buddha sat under it","20a":"Dug in","21a":"Match","22a":"\"Melrose Place\" role","26a":"Flatten","27a":"Ice and dice","28a":"Merry-go-round goal","32a":"Is green around the gills","33a":"Up","34a":"Economic success","35a":"Most elegant","37a":"Unexpected movement","38a":"Gets a check","39a":"Urban bombardier","40a":"Relieved","43a":"Catch some rays","44a":"Passionate plus","45a":"Candy store offering","50a":"Mover with strings","51a":"Kennedy alternative","52a":"Fine porcelain","53a":"Peps up","54a":"Sound","55a":"Grammatical concern","1d":"Bird calls","2d":"Wings","3d":"Girl in a Beatles song","4d":"Burst (with)","5d":"Advances","6d":"Gulliver's flying island","7d":"United","8d":"Moolah","9d":"Shogun's capital","10d":"One who's constantly snapping","11d":"One of les planetes","12d":"Presses","13d":"Hound","15d":"Govt. notes","19d":"Swagger","21d":"Know-how","22d":"Educ. establishment","23d":"Mrs. of TV and film","24d":"Efficient","25d":"Pie or pudding type","26d":"Shipping quantity","28d":"Integrate","29d":"\"The Last Days of Pompeii\" heroine","30d":"Canceled","31d":"James Cagney thriller","33d":"Exposed","36d":"Kind of solution","37d":"Totem pole's story","39d":"Matching set of jewels","40d":"Treasure trove","41d":"1970 film \"Where's ___?\"","42d":"Actor Flynn","43d":"Clemson mascot","45d":"\"White ___\"","46d":"Hat or teacup part","47d":"Cooper's tool","48d":"Legal restriction","49d":"Be steadfast","51d":"Shepherd's locale"},"answers":{"1a":"CARTILAGE","10a":"STUB","14a":"ALIENATED","15a":"THERE","16a":"WATERPOLO","17a":"BURGS","18a":"SEAMOUNT","19a":"BOTREE","20a":"ATE","21a":"CONTEST","22a":"AMANDA","26a":"GRADE","27a":"CUBES","28a":"BRASSRING","32a":"AILS","33a":"ALOFT","34a":"BOOM","35a":"DRESSIEST","37a":"LUNGE","38a":"EARNS","39a":"PIGEON","40a":"SPELLED","43a":"TAN","44a":"TORRID","45a":"FIREBALL","50a":"APRON","51a":"LAGUARDIA","52a":"SPODE","53a":"ENERGIZES","54a":"HALE","55a":"AGREEMENT","1d":"CAWS","2d":"ALAE","3d":"RITA","4d":"TEEM","5d":"INROADS","6d":"LAPUTA","7d":"ATONE","8d":"GELT","9d":"EDO","10d":"SHUTTERBUG","11d":"TERRE","12d":"URGES","13d":"BESET","15d":"TBONDS","19d":"BOAST","21d":"CRAFT","22d":"ACAD","23d":"MUIR","24d":"ABLE","25d":"NESSELRODE","26d":"GROSS","28d":"BLEND","29d":"IONE","30d":"NOGO","31d":"GMEN","33d":"AIRED","36d":"SALINE","37d":"LINEAGE","39d":"PARURE","40d":"STASH","41d":"POPPA","42d":"ERROL","43d":"TIGER","45d":"FANG","46d":"BRIM","47d":"ADZE","48d":"LIEN","49d":"LAST","51d":"LEA"}}