{"numbers":[["1","2","3","4","5","6","-","7","8","9","10","11","12","13","-","-","14","15","16","17","18"],["19","","","","","","-","20","","","","","","","-","21","","","","",""],["22","","","","","","23","","","","","","","","24","","","","","",""],["25","","","","","","","","-","-","26","","","-","27","","","","","",""],["-","-","-","-","28","","","-","29","30","","","","-","31","","","-","-","-","-"],["32","33","34","35","","","-","36","","","","","-","37","","","-","38","39","40","41"],["42","","","","-","-","43","","","","-","-","44","","","","-","45","","",""],["46","","","","47","48","","","","","49","50","","","","","51","","","",""],["52","","","-","53","","","","-","-","54","","","","","-","55","","","",""],["56","","","57","","","","-","58","59","","","","","-","60","","","","",""],["-","-","-","61","","","","62","","","-","63","","","64","","","","-","-","-"],["65","66","67","","","","-","68","","","69","","","-","70","","","","71","72","73"],["74","","","","","-","75","","","","","-","-","76","","","","-","77","",""],["78","","","","","79","","","","","","80","81","","","","","82","","",""],["83","","","","-","84","","","","-","-","85","","","","-","-","86","","",""],["87","","","","-","88","","","-","89","90","","","","-","91","92","","","",""],["-","-","-","-","93","","","-","94","","","","","-","95","","","-","-","-","-"],["96","97","98","99","","","","-","100","","","-","-","101","","","","102","103","104","105"],["106","","","","","","","107","","","","108","109","","","","","","","",""],["110","","","","","","-","111","","","","","","","-","112","","","","",""],["113","","","","","-","-","114","","","","","","","-","115","","","","",""]],"clues":{"1a":"Harass","7a":"A knight to remember","14a":"Celebrated","19a":"Beethoven's Third","20a":"Scrutinize","21a":"Give up occupancy","22a":"Start of a verse","25a":"Certain playing marbles","26a":"Tenor Peerce","27a":"Apollo's twin","28a":"Hall of Famer Mel","29a":"Wear with an air","31a":"Hoop group, for short","32a":"Cozily warm","36a":"Thackeray's \"___ Lyndon\"","37a":"\"To A Skylark,\" e.g.","38a":"Sacred bull of Egypt","42a":"___ Rios (Jamaican resort)","43a":"Swiss river","44a":"Privy to","45a":"Chianti, e.g.","46a":"More of verse","52a":"Comparative suffix","53a":"Sgts. and cpls.","54a":"With full force","55a":"Seafood serving","56a":"Judas","58a":"\"Canterbury Tales\" inn","60a":"Kvetched","61a":"\"___ the Brave\" (1965 Sinatra film)","63a":"Usher's concern","65a":"Quakers","68a":"Stationary","70a":"Assailed","74a":"Language from which \"kiwi\" comes","75a":"___ de Guerre (French award)","76a":"Test giver's call","77a":"Pay dirt","78a":"More of verse","83a":"The \"limp watch\" painter","84a":"Minus","85a":"Busy as ___","86a":"Sister of John-Boy Walton","87a":"Old Greek theaters","88a":"Table scrap","89a":"Trick","91a":"Admiral nicknamed \"Bull\"","93a":"Eastern title","94a":"Wherewithal","95a":"Tufted bird","96a":"Cousins of the guinea pig","100a":"Seine sight","101a":"Football formation","106a":"End of verse","110a":"Decorative band","111a":"Quiet, now","112a":"Belgian ___","113a":"Entreat","114a":"Breviary contents","115a":"Gets smart with","1d":"Haw's partner","2d":"Part of Q.E.D.","3d":"Part of the Earth","4d":"Buster Brown's dog","5d":"Leopardlike cat","6d":"Hen's tooth, e.g.","7d":"They have their settings","8d":"Bad ___, Mich.","9d":"Opposite of long.","10d":"Key of Beethoven's Seventh","11d":"Saint ___ of Poitiers (French bishop)","12d":"Concerning","13d":"RR sta.","14d":"Statements in a legal case","15d":"Yearn","16d":"\"Yes, ___!\"","17d":"Needle case","18d":"Trophy rooms","21d":"Fragrant garden plant","23d":"So soon","24d":"Stopped ticking, as a clock","29d":"Robe","30d":"C.E.O.","32d":"Specifically","33d":"Paint pigment","34d":"Now, in the barrio","35d":"1975 Abba hit","36d":"\"A Christmas Carol\" cries","37d":"New York Indian","38d":"Garden-variety","39d":"Galileo, e.g.","40d":"Worshipful (of)","41d":"Audio","43d":"\"O come, let us ___ Him\" (carol lyric)","44d":"Turkish hospice","47d":"Merchant of Venice","48d":"Emblems","49d":"Apprehend","50d":"Pile up","51d":"Freeloads","57d":"Sluggishness","58d":"Coaches","59d":"Hotel lobbies, often","60d":"Orange Bowl locale","62d":"Smallest in amount","64d":"37 Down, en masse","65d":"Brazilian novelist Jorge","66d":"Word with oil or plate","67d":"Dr. Jekyll's servant","69d":"Not a local: Abbr.","71d":"1991 Val Kilmer film, with \"The\"","72d":"Palmer, to his \"army\"","73d":"Wee","75d":"Cling fondly to","76d":"I.R.S. agents","79d":"One who makes arrangements","80d":"Loll about","81d":"Observe","82d":"Become set","89d":"Pina ___ (rum drink)","90d":"Not round","91d":"Shows disapproval","92d":"Odysseus's adviser","93d":"Silver, for one","94d":"Silas Marner, e.g.","95d":"\"Turandot\" slave girl","96d":"\"Rush!\"","97d":"Miss","98d":"\"This one's ___!\"","99d":"Pac 10 team","101d":"Bankrolls","102d":"Hospital capacity","103d":"Medical suffix","104d":"Where the congregation congregates","105d":"Farm mothers","107d":"Geller's forte, for short","108d":"Summer in Savoie","109d":"Sun. talk"},"answers":{"1a":"HECTOR","7a":"GALAHAD","14a":"FAMED","19a":"EROICA","20a":"EXAMINE","21a":"VACATE","22a":"MARGERYMETALEPRECHAUN","25a":"STEELIES","26a":"JAN","27a":"ARTEMIS","28a":"OTT","29a":"SPORT","31a":"NBA","32a":"TOASTY","36a":"BARRY","37a":"ODE","38a":"APIS","42a":"OCHO","43a":"AARE","44a":"INON","45a":"VINO","46a":"WHOSAIDHISNAMEWASESAU","52a":"IER","53a":"NCOS","54a":"AMAIN","55a":"PRAWN","56a":"TRAITOR","58a":"TABARD","60a":"MOANED","61a":"NONEBUT","63a":"SEATING","65a":"ASPENS","68a":"ATREST","70a":"RAGEDAT","74a":"MAORI","75a":"CROIX","76a":"TIME","77a":"ORE","78a":"ALOTOFHERAPLOMBISGONE","83a":"DALI","84a":"LESS","85a":"ABEE","86a":"ERIN","87a":"ODEA","88a":"ORT","89a":"COZEN","91a":"HALSEY","93a":"SRI","94a":"MONEY","95a":"TIT","96a":"AGOUTIS","100a":"ILE","101a":"WISHBONE","106a":"SINCESHESAWESAUSEESAW","110a":"ARMLET","111a":"SEDATED","112a":"ENDIVE","113a":"PLEAD","114a":"PRAYERS","115a":"SASSES","1d":"HEMS","2d":"ERAT","3d":"CORE","4d":"TIGE","5d":"OCELOT","6d":"RARITY","7d":"GEMS","8d":"AXE","9d":"LAT","10d":"AMAJOR","11d":"HILARY","12d":"ANENT","13d":"DEP","14d":"FACTA","15d":"ACHE","16d":"MAAM","17d":"ETUI","18d":"DENS","21d":"VERBENA","23d":"YET","24d":"RANDOWN","29d":"SARI","30d":"PRES","32d":"TOWIT","33d":"OCHER","34d":"AHORA","35d":"SOS","36d":"BAHS","37d":"ONEIDA","38d":"AVERAGE","39d":"PISAN","40d":"INAWE","41d":"SOUND","43d":"ADORE","44d":"IMARET","47d":"ANTONIO","48d":"ICONS","49d":"NAB","50d":"AMASS","51d":"SPONGES","57d":"INERTIA","58d":"TUTORS","59d":"ATRIA","60d":"MIAMI","62d":"BAREST","64d":"TRIBE","65d":"AMADO","66d":"SALAD","67d":"POOLE","69d":"EXP","71d":"DOORS","72d":"ARNIE","73d":"TEENY","75d":"CHERISH","76d":"TMEN","79d":"FLORIST","80d":"LAZE","81d":"OBEY","82d":"GEL","89d":"COLADA","90d":"ONEWAY","91d":"HISSES","92d":"ATHENA","93d":"STEED","94d":"MISER","95d":"TIU","96d":"ASAP","97d":"GIRL","98d":"ONME","99d":"UCLA","101d":"WADS","102d":"BEDS","103d":"OSIS","104d":"NAVE","105d":"EWES","107d":"ESP","108d":"ETE","109d":"SER"}}