{"numbers":[["1","2","3","4","-","5","6","7","8","-","-","9","10","11","12"],["13","","","","-","14","","","","-","15","","","",""],["16","","","","-","17","","","","-","18","","","",""],["-","19","","","20","","","","","21","","","","",""],["-","-","-","22","","","-","-","-","23","","","","","-"],["24","25","26","","","","27","28","29","","","","-","-","-"],["30","","","","","-","31","","","","","-","32","33","34"],["35","","","","-","-","36","","","-","-","37","","",""],["38","","","-","39","40","","","","-","41","","","",""],["-","-","-","42","","","","","","43","","","","",""],["-","44","45","","","","-","-","-","46","","","-","-","-"],["47","","","","","","48","49","50","","","","51","52","-"],["53","","","","","-","54","","","","-","55","","","56"],["57","","","","","-","58","","","","-","59","","",""],["60","","","","-","-","61","","","","-","62","","",""]],"clues":{"1a":"Fitzgerald's forte","5a":"Shortening","9a":"\"___ little piggy...\"","13a":"Impetuous","14a":"Sunburn remedy","15a":"Rule the ___","16a":"Agitate","17a":"Have on","18a":"Simone's school","19a":"Epithet for a TV set","22a":"Jeanne or Therese: Abbr.","23a":"Believer in God","24a":"Podunk","30a":"Eucharistic plate","31a":"Lascivious looks","32a":"Set-to","35a":"On ___ with (equal to)","36a":"High in pitch","37a":"Mongol monk","38a":"Bandman Brown","39a":"Baseball's Doubleday","41a":"Bank patron","42a":"Fixation","44a":"\"Queenie\" author Michael","46a":"Get a move on","47a":"Gambler's tormentor","53a":"Beau ___","54a":"Flub","55a":"Eye layer","57a":"Take back to the car pound","58a":"Axlike tool","59a":"60's vocalist Vikki","60a":"German river","61a":"\"Let's Make a Deal\" choice","62a":"Make a cable stitch","1d":"Last year's jrs.","2d":"Marcus Porcius","3d":"M ___ Mary","4d":"Farm machine","5d":"Maker of cases","6d":"Not aweather","7d":"Abbey or Tobacco, e.g.","8d":"Suffix for 41-Down","9d":"Alarm bell","10d":"Catcalls","11d":"Wee atoll","12d":"Ending for hip or hoop","15d":"Extends a subscription","20d":"School founded in 1440","21d":"Fragrance","24d":"October birthstone","25d":"Place for a necklace clasp","26d":"Hellenic H's","27d":"Obliqueness","28d":"Moray pursuer","29d":"Aquarium fish","32d":"Sitarist Shankar","33d":"Bodement","34d":"Voting district","37d":"Politician with a limited future","39d":"Hurricane of 1992","40d":"Smile broadly","41d":"Word before deep or dive","42d":"Demosthenes, e.g.","43d":"Impatient one","44d":"Bumped impolitely","45d":"Spanish direction","47d":"Grimm villain","48d":"\"Yipes!\"","49d":"Old fogy","50d":"Dolt","51d":"Netman Lendl","52d":"Garr of \"Tootsie\"","56d":"Trump's \"The ___ of the Deal\""},"answers":{"1a":"SCAT","5a":"LARD","9a":"THIS","13a":"RASH","14a":"ALOE","15a":"ROOST","16a":"STIR","17a":"WEAR","18a":"ECOLE","19a":"ONEEYEDMONSTER","22a":"STE","23a":"DEIST","24a":"ONEHORSETOWN","30a":"PATEN","31a":"LEERS","32a":"ROW","35a":"APAR","36a":"ALT","37a":"LAMA","38a":"LES","39a":"ABNER","41a":"SAVER","42a":"ONETRACKMIND","44a":"KORDA","46a":"HIE","47a":"ONEARMEDBANDIT","53a":"GESTE","54a":"GOOF","55a":"UVEA","57a":"RETOW","58a":"ADZE","59a":"CARR","60a":"EDER","61a":"DOOR","62a":"KNIT","1d":"SRS","2d":"CATO","3d":"ASIN","4d":"THRESHER","5d":"LAWYER","6d":"ALEE","7d":"ROAD","8d":"DERM","9d":"TOCSIN","10d":"HOOTS","11d":"ISLET","12d":"STER","15d":"RENEWS","20d":"ETON","21d":"ODOR","24d":"OPAL","25d":"NAPE","26d":"ETAS","27d":"SLANT","28d":"EELER","29d":"TETRA","32d":"RAVI","33d":"OMEN","34d":"WARD","37d":"LAMEDUCK","39d":"ANDREW","40d":"BEAM","41d":"SKIN","42d":"ORATOR","43d":"CHAFER","44d":"KNEED","45d":"OESTE","47d":"OGRE","48d":"EGAD","49d":"DODO","50d":"BOZO","51d":"IVAN","52d":"TERI","56d":"ART"}}