{"numbers":[["1","2","3","-","4","5","6","7","8","-","9","10","11","12","13"],["14","","","-","15","","","","","-","16","","","",""],["17","","","-","18","","","","","-","19","","","",""],["20","","","21","","","","","","22","","","","-","-"],["-","-","-","23","","","","-","-","24","","","-","-","-"],["-","25","26","","","","-","27","28","","","","29","30","31"],["32","","","","","-","33","","","","-","-","34","",""],["35","","","","","36","","","","","37","38","","",""],["39","","","-","-","40","","","","-","41","","","",""],["42","","","43","44","","","","-","45","","","","","-"],["-","-","-","46","","","-","-","47","","","","-","-","-"],["-","-","48","","","","49","50","","","","","51","52","53"],["54","55","","","","-","56","","","","","-","57","",""],["58","","","","","-","59","","","","","-","60","",""],["61","","","","","-","62","","","","","-","63","",""]],"clues":{"1a":"Mercury or Mars","4a":"Good old boy","9a":"Double-crosser","14a":"1979. film \"Norma ___\"","15a":"W.W.I battle site","16a":"Pomme de ___ (French potato)","17a":"Modern bank \"employee\": Abbr.","18a":"\"___ in Venice\"","19a":"Feeling regret","20a":"Night photographer's work, with \"a\"?","23a":"Common connectors","24a":"Bother","25a":"Wears well","27a":"Kind of budget","32a":"Dustin, in \"Midnight Cowboy\"","33a":"Actress Ward of \"Sisters\"","34a":"Exist","35a":"Like an inept photographer's subject?","39a":"Christina's dad","40a":"Snoop Doggy Dogg songs","41a":"Ploys","42a":"Indy and Daytona","45a":"Classified","46a":"Sleep stage: Abbr.","47a":"Family member","48a":"Photojournalists' choices?","54a":"\"___ Paradiso\" (1966 film)","56a":"Catalyst","57a":"Mining area","58a":"\"___ of robins in her hair\"","59a":"San ___, Calif.","60a":"Chemical suffix","61a":"Mill, to a cent","62a":"Embellish","63a":"___ Guinea","1d":"Fat, in France","2d":"Vow","3d":"Floor model","4d":"Owing to","5d":"Defeats","6d":"Imps","7d":"One of the March sisters","8d":"Netman Arthur","9d":"Road, in Roma","10d":"Reflex messenger","11d":"Composer Satie","12d":"Prince Valiant's son","13d":"Fraternity party staple","21d":"\"Jerusalem Delivered\" poet","22d":"___ Lama","25d":"Author Esquivel","26d":"Greek","27d":"Computer sounds","28d":"Swiss range","29d":"Trigger","30d":"Fumbled","31d":"Grades below the curve","32d":"Surf sound","33d":"Open carriage","36d":"Chaplin persona","37d":"Shadow-y surname?","38d":"___ -frutti","43d":"One of the Gallos","44d":"Affluence","45d":"Spoiler","47d":"Vinegar: Prefix","48d":"British gun","49d":"Lady of Spain","50d":"\"Holy moly!\"","51d":"Unrestricted","52d":"Supreme Court complement","53d":"Brood","54d":"Topper","55d":"Single"},"answers":{"1a":"GOD","4a":"BUBBA","9a":"SNEAK","14a":"RAE","15a":"YPRES","16a":"TERRE","17a":"ATM","18a":"DEATH","19a":"RUING","20a":"SHOTINTHEDARK","23a":"ANDS","24a":"ADO","25a":"LASTS","27a":"BALANCED","32a":"RATSO","33a":"SELA","34a":"ARE","35a":"OUTOFTHEPICTURE","39a":"ARI","40a":"RAPS","41a":"RUSES","42a":"RACEWAYS","45a":"RATED","46a":"REM","47a":"AUNT","48a":"SNAPDECISIONS","54a":"HOTEL","56a":"AGENT","57a":"PIT","58a":"ANEST","59a":"MATEO","60a":"ENE","61a":"TENTH","62a":"ADORN","63a":"NEW","1d":"GRAS","2d":"OATH","3d":"DEMO","4d":"BYDINTOF","5d":"UPENDS","6d":"BRATS","7d":"BETH","8d":"ASHE","9d":"STRADA","10d":"NEURON","11d":"ERIK","12d":"ARN","13d":"KEG","21d":"TASSO","22d":"DALAI","25d":"LAURA","26d":"ATTIC","27d":"BEEPS","28d":"ALPS","29d":"CAUSE","30d":"ERRED","31d":"DEES","32d":"ROAR","33d":"SHAY","36d":"TRAMP","37d":"CRANSTON","38d":"TUTTI","43d":"ERNEST","44d":"WEALTH","45d":"RUINER","47d":"ACETO","48d":"STEN","49d":"DAMA","50d":"EGAD","51d":"OPEN","52d":"NINE","53d":"STEW","54d":"HAT","55d":"ONE"}}