{"numbers":[["-","-","1","2","3","4","5","-","6","7","8","9","10","-","-"],["-","11","","","","","","-","12","","","","","13","-"],["14","","","","","","","-","15","","","","","","16"],["17","","","-","18","","","19","","","","-","20","",""],["21","","","22","-","23","","","","","-","24","","",""],["25","","","","26","-","27","","","-","28","","","",""],["29","","","","","30","-","31","","32","","","","",""],["-","-","33","","","","34","-","35","","","","","-","-"],["36","37","","","","","","38","-","39","","","","40","41"],["42","","","","","-","43","","44","-","45","","","",""],["46","","","","-","47","","","","48","-","49","","",""],["50","","","-","51","","","","","","52","-","53","",""],["54","","","55","","","","-","56","","","57","","",""],["-","58","","","","","","-","59","","","","","","-"],["-","-","60","","","","","-","61","","","","","-","-"]],"clues":{"1a":"Jerk","6a":"Netman Kriek","11a":"Peek","12a":"Even (with)","14a":"Bristles","15a":"Symbol of somberness, in poetry","17a":"Passbook amt.","18a":"Not a winner","20a":"Tell (on)","21a":"Fishes by dangling the bait on the water","23a":"Meadowlands hockey player","24a":"Lasso","25a":"\" ___ or lose it!\"","27a":"June honoree","28a":"Farm worker","29a":"Xerxes ruled here","31a":"Directional sign","33a":"Bank burglars","35a":"Packaging material","36a":"Informational sign","39a":"Topped","42a":"Take ___ at","43a":"Dusseldorf dessert","45a":"White House resignee of 1988","46a":"Team finisher","47a":"Stenos' output","49a":"Dully colored","50a":"Author Kesey","51a":"Indiana town near South Bend","53a":"French city where Henry IV was born","54a":"Diane and Ruth","56a":"Portray, as historical events","58a":"Outbuilding","59a":"More ___","60a":"\"Following the Equator\" author","61a":"Bridge seats","1d":"Cautionary sign","2d":"Not in France","3d":"Theater org.","4d":"Burn","5d":"Interfered (with)","6d":"Spur-of-the-moment trips","7d":"Magic's Shaquille","8d":"\"Bird on a Wire\" actress","9d":"Meet","10d":"Cautionary sign","11d":"Bribe, informally","13d":"\"Grim\" one","14d":"Make sense","16d":"Forever, to Keats","19d":"Race track","22d":"\"Yes, sir,\" in Seville","24d":"Switched according to plan","26d":"Packed closely","28d":"Pluck a uke","30d":"Muslim honorific","32d":"___ Schwarz","34d":"Thinks over","36d":"Difficult matters","37d":"Bony","38d":"Prom night transport","40d":"Stern and Newton","41d":"Coming out","44d":"Juliet's was \"sweet\"","47d":"Cuban patriot Jose","48d":"Metric measure","51d":"Yakutsk's river","52d":"Sigmoid swimmers","55d":"Go off course","57d":"End up with"},"answers":{"1a":"SPASM","6a":"JOHAN","11a":"GLANCE","12a":"ONAPAR","14a":"ARISTAS","15a":"YEWTREE","17a":"DEP","18a":"ALSORAN","20a":"RAT","21a":"DAPS","23a":"DEVIL","24a":"ROPE","25a":"USEIT","27a":"DAD","28a":"SOWER","29a":"PERSIA","31a":"LEFTTURN","33a":"YEGGS","35a":"SARAN","36a":"TOWNHALL","39a":"OUTDID","42a":"ASHOT","43a":"EIS","45a":"MEESE","46a":"STER","47a":"MEMOS","49a":"DRAB","50a":"KEN","51a":"LAPORTE","53a":"PAU","54a":"SAWYERS","56a":"REENACT","58a":"LEANTO","59a":"ORLESS","60a":"TWAIN","61a":"WESTS","1d":"SLIPPERYWHENWET","2d":"PAS","3d":"ANTA","4d":"SCALD","5d":"MESSED","6d":"JOYRIDES","7d":"ONEAL","8d":"HAWN","9d":"APT","10d":"NARROWUNDERPASS","11d":"GREASE","13d":"REAPER","14d":"ADDUP","16d":"ETERN","19d":"OVAL","22d":"SISENOR","24d":"ROTATED","26d":"TIGHT","28d":"STRUM","30d":"AGA","32d":"FAO","34d":"SLEEPSON","36d":"TASKS","37d":"OSTEAL","38d":"LIMO","40d":"ISAACS","41d":"DEBUT","44d":"SORROW","47d":"MARTI","48d":"STERE","51d":"LENA","52d":"EELS","55d":"YAW","57d":"NET"}}