{"numbers":[["1","2","3","4","-","5","6","7","-","-","-","8","9","10","11"],["12","","","","13","","","","-","14","15","","","",""],["16","","","","","","","","17","","","","","",""],["-","-","-","18","","","-","19","","","","","","",""],["-","20","21","","","","-","-","22","","","","-","-","-"],["23","","","","","","-","24","","","","","25","26","-"],["27","","","-","28","","29","","","-","30","","","","31"],["32","","","33","-","34","","","","35","-","36","","",""],["37","","","","38","-","39","","","","40","-","41","",""],["-","42","","","","43","","","-","44","","45","","",""],["-","-","-","46","","","","-","-","47","","","","","-"],["48","49","50","","","","","51","-","52","","","-","-","-"],["53","","","","","","","","54","","","","55","56","57"],["58","","","","","","-","59","","","","","","",""],["60","","","","-","-","-","61","","","-","62","","",""]],"clues":{"1a":"Swit co-star","5a":"Record label abbr.","8a":"___ E. Coyote","12a":"Foreman","14a":"Superdome and Silverdome, e.g.","16a":"Nursery rhyme listeners","18a":"Dig it!","19a":"Puzzlement","20a":"Kind of badge","22a":"\"The Counterfeiters\" author","23a":"___ hound","24a":"Mail client","27a":"Model Carol","28a":"Corn chip topping","30a":"Lacoste and others","32a":"Karl Malone's team","34a":"Pleases","36a":"Large number","37a":"Pave over","39a":"Heroic story","41a":"Actress Farrow","42a":"More retiring","44a":"Outshines","46a":"\"...___ saw Elba\"","47a":"Eniwetok, e.g.","48a":"Brooklyn Bridge designer","52a":"Early TV's Denise","53a":"Pretty Maid's nursery rhyme declaration","58a":"Former Philly mayor Wilson et al.","59a":"Fiddle-faddle","60a":"Toshiba rival","61a":"Band's booking","62a":"Campaign","1d":"Just. dandy","2d":"Year in Nero's reign","3d":"Reading room","4d":"Zeals","5d":"Certain firearms","6d":"Actress Ryan","7d":"Modern site of ancient Kish","8d":"1962 Dion hit, with \"The\"","9d":"\"The very ___!\"","10d":"Line to the Hamptons, for short","11d":"\"Don't overdo it\"","13d":"Subway ___","14d":"Conservative","15d":"Like grade-A meat","17d":"Lively tots","20d":"Soda jerk's drink","21d":"Property","23d":"\"Ironside\" actress Elizabeth","24d":"Basketry twig","25d":"Kind of paint","26d":"Another round","29d":"Coasting at Lillehammer","31d":"Union and others: Abbr.","33d":"Opposite of 8-Down","35d":"Thievery","38d":"1970 0ssie Davis musical","40d":"Lauds","43d":"Holds one's horses?","45d":"First-rate joke","48d":"Fixes","49d":"Novel set on Tahiti","50d":"Designer von Furstenberg","51d":"The Daltons, e.g.","54d":"Miss Piggy word","55d":"___ flash","56d":"Wash. advisory grp.","57d":"Command to a plow horse"},"answers":{"1a":"ALDA","5a":"BMI","8a":"WILE","12a":"OVERSEER","14a":"STADIA","16a":"KINDERGARTENERS","18a":"ORE","19a":"QUANDARY","20a":"MERIT","22a":"GIDE","23a":"BASSET","24a":"ORDERER","27a":"ALT","28a":"SALSA","30a":"RENES","32a":"UTAH","34a":"SUITS","36a":"RAFT","37a":"RETOP","39a":"GESTE","41a":"MIA","42a":"DEMURER","44a":"EXCELS","46a":"EREI","47a":"ATOLL","48a":"ROEBLING","52a":"LOR","53a":"IMGOINGAMILKING","58a":"GOODES","59a":"NONSENSE","60a":"SONY","61a":"GIG","62a":"RACE","1d":"AOK","2d":"LVI","3d":"DEN","4d":"ARDORS","5d":"BERETTAS","6d":"MEG","7d":"IRAQ","8d":"WANDERER","9d":"IDEA","10d":"LIRR","11d":"EASY","13d":"SERIES","14d":"STAID","15d":"TENDER","17d":"RUGRATS","20d":"MALTED","21d":"ESTATE","23d":"BAUR","24d":"OSIER","25d":"ENAMEL","26d":"REFILL","29d":"LUGEING","31d":"STAS","33d":"HOMEBODY","35d":"STEALING","38d":"PURLIE","40d":"EXTOLS","43d":"REINS","45d":"CORKER","48d":"RIGS","49d":"OMOO","50d":"EGON","51d":"GANG","54d":"MOI","55d":"INA","56d":"NSC","57d":"GEE"}}