{"numbers":[["-","-","1","2","3","4","5","-","6","7","8","9","10","-","-"],["11","12","","","","","","-","13","","","","","14","15"],["16","","","","","","","-","17","","","","","",""],["18","","","","-","19","","20","","","-","21","","",""],["22","","","-","23","","","","","","24","-","25","",""],["-","-","26","27","","-","28","","","-","29","30","","-","-"],["31","32","","","","-","33","","","-","34","","","35","36"],["37","","","","","-","-","-","-","-","38","","","",""],["39","","","","","-","40","41","42","-","43","","","",""],["-","-","44","","","-","45","","","-","46","","","-","-"],["47","48","","-","49","50","","","","51","","-","52","53","54"],["55","","","56","-","57","","","","","-","58","","",""],["59","","","","60","","","-","61","","62","","","",""],["63","","","","","","","-","64","","","","","",""],["-","-","65","","","","","-","66","","","","","-","-"]],"clues":{"1a":"Hellenic mathematician","6a":"Hornet or Celtic, e.g.","11a":"Hot pepper","13a":"Having ice cream on top","16a":"Half of a murderous Broadway title","17a":"Headed off again","18a":"Higgins Clark, the novelist","19a":"Holstein part","21a":"\"Half-off\" event","22a":"Hidalgo time period","23a":"Hail, e.g.","25a":"\"Henry &amp; June\" author","26a":"Harden","28a":"Hitler's one","29a":"Home-loan cost amt.","31a":"Hite who writes","33a":"Hades","34a":"Habits of a sort","37a":"Hair dye","38a":"Herman's Hermits' leader","39a":"Higher___ (orbital point)","40a":"Highlands youth","43a":"Hueless","44a":"Hold in view","45a":"Honshu wraparound","46a":"Hundred bani","47a":"\"Have a nice ___!\"","49a":"Hiding places for aces","52a":"Hoop grp.","55a":"Heroine of an Austen novel","57a":"Husband of Patty Duke, once","58a":"Human #1","59a":"Hobos, in a way","61a":"Het-up states","63a":"Hard-news bit, TV-style","64a":"High in rank","65a":"Hours from now","66a":"Holy council","1d":"H","2d":"Hard to pin down","3d":"Heredity unit","4d":"How to enter a scene properly","5d":"Harassed amiably","6d":"Heels over, as a ship","7d":"Highly vigilant","8d":"Helium, e.g.","9d":"Huge birds","10d":"H, once","11d":"Hospitalized condition","12d":"Humorous King","14d":"Hero's place","15d":"\"Harper Valley P.T.A.\" star","20d":"Half of MCIV","23d":"Hits the spot, so to speak","24d":"Heralds","27d":"Hall-of-Famer Banks","30d":"Hangman's need","31d":"Hirohito's temple","32d":"Hardly square","35d":"Houston-to-Chicago dir.","36d":"Hatch, e.g.: Abbr.","40d":"\"Hoop-Dee-Doo\" lyricist","41d":"Help","42d":"Halves","47d":"Hard of hearing","48d":"Howitzer need","50d":"Hulking","51d":"Hatfield, to a McCoy","53d":"Hollywood's Barbara","54d":"He loves: Lat.","56d":"High, in place names","58d":"Hokkaido native","60d":"Have a bite","62d":"Historical Chinese leader ___ Piao"},"answers":{"1a":"HERON","6a":"CAGER","11a":"CAYENNE","13a":"ALAMODE","16a":"OLDLACE","17a":"RESUMED","18a":"MARY","19a":"UDDER","21a":"SALE","22a":"ANO","23a":"PELLETS","25a":"NIN","26a":"GEL","28a":"EIN","29a":"INT","31a":"SHERE","33a":"DIS","34a":"GOWNS","37a":"HENNA","38a":"NOONE","39a":"APSIS","40a":"LAD","43a":"ASHEN","44a":"SEE","45a":"OBI","46a":"LEU","47a":"DAY","49a":"SLEEVES","52a":"NBA","55a":"EMMA","57a":"ASTIN","58a":"ADAM","59a":"AMBLERS","61a":"DELIRIA","63a":"FOOTAGE","64a":"EMINENT","65a":"LATER","66a":"SYNOD","1d":"HYDROGENSSYMBOL","2d":"EELY","3d":"RNA","4d":"ONCUE","5d":"NEEDLED","6d":"CAREENS","7d":"ALERT","8d":"GAS","9d":"EMUS","10d":"ROMANTWOHUNDRED","11d":"COMA","12d":"ALAN","14d":"DELI","15d":"EDEN","20d":"DLII","23d":"PLEASES","24d":"SIGNALS","27d":"ERNIE","30d":"NOOSE","31d":"SHA","32d":"HEP","35d":"NNE","36d":"SEN","40d":"LOESSER","41d":"ABET","42d":"DIVIDES","47d":"DEAF","48d":"AMMO","50d":"LARGE","51d":"ENEMY","53d":"BAIN","54d":"AMAT","56d":"ALTA","58d":"AINO","60d":"EAT","62d":"LIN"}}