{"numbers":[["1","2","3","4","5","6","7","8","-","-","9","10","11","12","13"],["14","","","","","","","","-","15","","","","",""],["16","","","","","","","","-","17","","","","",""],["18","","","","","","-","-","19","","","","","",""],["20","","","","","","-","21","","","-","22","","",""],["23","","","","","-","24","","","","25","","","","-"],["26","","","","-","27","","","","","","","","-","-"],["28","","","-","29","","","","","","","-","30","31","32"],["-","-","33","34","","","","","","","-","35","","",""],["-","36","","","","","","","","-","37","","","",""],["38","","","","-","39","","","-","40","","","","",""],["41","","","","42","","","-","-","43","","","","",""],["44","","","","","","-","45","46","","","","","",""],["47","","","","","","-","48","","","","","","",""],["49","","","","","-","-","50","","","","","","",""]],"clues":{"1a":"Siegfried Line of 1930's Germany","9a":"Lashes","14a":"Cherub","15a":"Gym activity","16a":"Like an uninhabited preserve","17a":"Colorful fish","18a":"___ time","19a":"Teen idol","20a":"Talk incessantly","21a":"Name","22a":"Olympic gymnast's goals","23a":"Clear sky","24a":"Jesus was one","26a":"Tim of \"WKRP in Cincinnati\"","27a":"Woodworking tools","28a":"Nine-digit ID: Abbr.","29a":"Shut up by force","30a":"___ Maria","33a":"Turns gray","35a":"Pith helmet","36a":"At one's wits' end","37a":"Kitchen utensil","38a":"Graceland name","39a":"___ Lingus","40a":"Liberator of Scotland","41a":"Counts","43a":"Bind up","44a":"Detached","45a":"Yeast enzymes","47a":"To-dos","48a":"1969 rock concert site chronicled in \"Gimme Shelter\"","49a":"Cube holders","50a":"Flight finishes","1d":"Mule train drivers","2d":"Issues","3d":"What Hamlet sensed","4d":"Doctored","5d":"Commotion","6d":"On ___ (binging)","7d":"Mil. officers","8d":"Pop music's ___ Lobos","9d":"Fortune 500 abbr.","10d":"Upset","11d":"Is swayed by logic","12d":"Nuts","13d":"Causes of gray hair","15d":"A double, informally","19d":"At sea","21d":"Show-stopper","24d":"Gets cozy","25d":"Far out","27d":"___ Bay (New England site)","29d":"\"Mrs.\" in dialect","31d":"Banker's point","32d":"Smog checks","34d":"Carrying on","35d":"Culpable","36d":"He reigned in Spain","37d":"Cold medicine","38d":"Imperative","40d":"Geom. figures","42d":"Clowns' shoe widths","45d":"Fictional dog","46d":"Pub drink"},"answers":{"1a":"WESTWALL","9a":"CILIA","14a":"AMORETTO","15a":"TONING","16a":"GAMELESS","17a":"WRASSE","18a":"ONEATA","19a":"POPSTAR","20a":"NATTER","21a":"DUB","22a":"TENS","23a":"ETHER","24a":"NAZARENE","26a":"REID","27a":"BUZZSAWS","28a":"SSN","29a":"MUZZLED","30a":"TIA","33a":"GRIZZLES","35a":"TOPI","36a":"FRAZZLED","37a":"CORER","38a":"ARON","39a":"AER","40a":"ROBERT","41a":"MATTERS","43a":"ENLACE","44a":"UNTIED","45a":"LACTASES","47a":"SCENES","48a":"ALTAMONT","49a":"TONGS","50a":"DESCENTS","1d":"WAGONERS","2d":"EMANATES","3d":"SOMETHINGROTTEN","4d":"TREATED","5d":"WELTER","6d":"ATEAR","7d":"LTS","8d":"LOS","9d":"CORP","10d":"INASTEW","11d":"LISTENSTOREASON","12d":"INSANE","13d":"AGERS","15d":"TWOBASES","19d":"PUZZLED","21d":"DAZZLER","24d":"NUZZLES","25d":"RAD","27d":"BUZZARDS","29d":"MIZ","31d":"IPERCENT","32d":"AIRTESTS","34d":"RANTING","35d":"TOBLAME","36d":"FRANCO","37d":"CONTAC","38d":"AMUST","40d":"RECTS","42d":"EEES","45d":"LAD","46d":"ALE"}}