{"numbers":[["1","2","3","4","5","-","6","7","8","9","-","-","10","11","12","13","-","14","15","16","17"],["18","","","","","-","19","","","","-","20","","","","","-","21","","",""],["22","","","","","23","","","","","-","24","","","","","25","","","",""],["26","","","-","-","27","","","","","28","","","","-","29","","","","",""],["-","-","30","31","32","","-","-","-","33","","","","-","34","","","","","",""],["35","36","","","","-","37","38","39","-","40","","","-","41","","","-","42","",""],["43","","","","","-","44","","","45","","","","46","","","","47","-","-","-"],["48","","","","","-","49","","","","","-","50","","","","-","51","52","53","54"],["55","","","","-","56","","","","","-","57","","","-","-","-","58","","",""],["-","-","59","","60","","","-","61","","62","","-","63","64","65","66","","","",""],["67","68","","-","69","","","70","","","","","71","","","","","-","72","",""],["73","","","74","","","","","-","75","","","","-","76","","","77","","-","-"],["78","","","","-","-","-","79","80","","-","81","","82","","","-","83","","84","85"],["86","","","","-","87","88","","","-","89","","","","","-","90","","","",""],["-","-","-","91","92","","","","","93","","","","","","-","94","","","",""],["95","96","97","-","98","","","-","99","","","-","100","","","-","101","","","",""],["102","","","103","","","","-","104","","","105","-","-","-","106","","","","-","-"],["107","","","","","","-","108","","","","","109","110","111","","-","-","112","113","114"],["115","","","","","","116","","","","-","117","","","","","118","119","","",""],["120","","","","-","121","","","","","-","122","","","","-","123","","","",""],["124","","","","-","125","","","","-","-","126","","","","-","127","","","",""]],"clues":{"1a":"Rodeo rope","6a":"City north of Des Moines","10a":"Sch. supporters","14a":"Esau's wife","18a":"Travel section advertiser","19a":"___ wire","20a":"\"Elektra\" baritone","21a":"Army mascot","22a":"ROB'S","24a":"BRIDGET'S","26a":"Neighbor of Scot.","27a":"JOHN'S","29a":"Escapee","30a":"Anarchist Goldman","33a":"Gladly, in olden times","34a":"Night rumblers","35a":"Asia-Africa link","37a":"Org. once headed by Lewis Strauss","40a":"Half of D","41a":"Conceit","42a":"Exaggerator's suffix","43a":"Yucca fiber","44a":"NANCY'S","48a":"They're checked at checkpoints","49a":"Record collections","50a":"Adam was his father","51a":"Yellow-breasted bird","55a":"Pale","56a":"Cockatoo cousin","57a":"Approved model: Abbr.","58a":"Contrary girl","59a":"Seventh Muslim month","61a":"Gershwin's \"___ It a Pity?\"","63a":"Flustered one","67a":"Luau staple","69a":"BRANFORD'S","72a":"Actress Charlotte","73a":"Monotonous","75a":"Organic compound","76a":"\"___ people go\"","78a":"Adolescent","79a":"Engine starter: Abbr.","81a":"Stage actor Edmund and others","83a":"Group with the hit \"Waterloo\"","86a":"Silk wrap","87a":"Vier minus eins","89a":"Jumping-off point?","90a":"Pines","91a":"JEFF'S","94a":"Innisfree and others","95a":"Rain protector","98a":"Be in the red","99a":"UniT of sound","100a":"Road curve","101a":"Liturgical music","102a":"Removes to a distance","104a":"And that's not all","106a":"Fliers' org.","107a":"Behave arrogantly","108a":"LAURA'S","112a":"\"To ___ their golden eyes\": Shakespeare","115a":"JAMIE LEE'S","117a":"CHRISTIE'S","120a":"German donkey","121a":"Shake awake","122a":"Ship to Colchis","123a":"Renaissance instruments","124a":"Give a hand","125a":"Snack","126a":"Longtime New Yorker editor","127a":"Worth of the stage","1d":"\"The Women\" playwright","2d":"Straight ___ arrow","3d":"MARIA'S","4d":"Part of R.S.V.P.","5d":"Bruins great","6d":"Sam Shepard's \"___ of the Mind\"","7d":"Pert lass","8d":"\"Did you ___ !\"","9d":"Typeface line","10d":"Sign up early","11d":"Four: Prefix","12d":"Enzyme suffix","13d":"Muscles","14d":"Jeanne's love","15d":"Firth of Tay port","16d":"Birch-family trees","17d":"Lord of San Simeon","20d":"Study of light","23d":"Due point: Abbr.","25d":"Nonplus","28d":"Changes course, nautically","31d":"Rubber region","32d":"___ van der Rohe","34d":"Provide space for","35d":"Hindu god","36d":"Osiris's wife","37d":"Cordial","38d":"Folk singer Andersen","39d":"Channel port","45d":"Certain reporters","46d":"Canio's wife in \"Pagliacci\"","47d":"Crowning point","52d":"SHARI'S","53d":"Scope","54d":"City in the Crusades","56d":"Neighbor of Algeria","57d":"Caressed","60d":"O.T. bood after Isa.","62d":"Big-band vocalist Wynn","64d":"Hypochondriac's preoccupation","65d":"Gifts for fathers","66d":"Margaret's father's monogram","67d":"Sets","68d":"Militarily fit","70d":"\"I wander'd till ___\": Arnold","71d":"Heavy tool","74d":"Deep blue","77d":"Mason or Norman","80d":"Xjclmzit obwny, e.g.","82d":"Long time","84d":"Stayed","85d":"Office abbr.","87d":"Decline","88d":"Some whiskies","89d":"New Hampshire state flower","90d":"Personal quirks","92d":"Raymond Smullyan topic","93d":"Rounded and notched, as a leaf","95d":"Softened","96d":"Words before cannon or wire","97d":"Pupil's protection","103d":"Pastoral poem","105d":"\"Zigeunerliebe\" composer","106d":"Durham campus: Abbr.","108d":"Heat measures, for short","109d":"Spanish peso","110d":"Quiche ingredients","111d":"Greek letters","113d":"Ball ___","114d":"European tongue","116d":"Kanga's child","118d":"Big name in New Haven","119d":"Soft coat"},"answers":{"1a":"LASSO","6a":"AMES","10a":"PTAS","14a":"ADAH","18a":"USAIR","19a":"LIVE","20a":"OREST","21a":"MULE","22a":"CARLREINER","24a":"PETERFONDA","26a":"ENG","27a":"TEXRITTER","29a":"ELUDER","30a":"EMMA","33a":"FAIN","34a":"SNORERS","35a":"SINAI","37a":"AEC","40a":"CCL","41a":"EGO","42a":"EST","43a":"ISTLE","44a":"FRANKSINATRA","48a":"VISAS","49a":"FILES","50a":"SETH","51a":"CHAT","55a":"ASHY","56a":"MACAW","57a":"STD","58a":"MARY","59a":"RAJAB","61a":"ISNT","63a":"DITHERER","67a":"POI","69a":"ELLISMARSALIS","72a":"RAE","73a":"UNVARIED","75a":"ENOL","76a":"LETMY","78a":"TEEN","79a":"IGN","81a":"KEANS","83a":"ABBA","86a":"SARI","87a":"DREI","89a":"LEDGE","90a":"TREES","91a":"LLOYDBRIDGES","94a":"ISLES","95a":"MAC","98a":"OWE","99a":"BEL","100a":"ESS","101a":"CHANT","102a":"ELOIGNS","104a":"ETAL","106a":"USAF","107a":"LORDIT","108a":"BRUCEDERN","112a":"OPE","115a":"TONYCURTIS","117a":"HUGHHEFNER","120a":"ESEL","121a":"ROUSE","122a":"ARGO","123a":"LUTES","124a":"DEAL","125a":"NOSH","126a":"ROSS","127a":"IRENE","1d":"LUCE","2d":"ASAN","3d":"SARGENTSHRIVER","4d":"SIL","5d":"ORR","6d":"ALIE","7d":"MINX","8d":"EVER","9d":"SERIF","10d":"PREENLIST","11d":"TETR","12d":"ASE","13d":"STRENGTH","14d":"AMOUR","15d":"DUNDEE","16d":"ALDERS","17d":"HEARST","20d":"OPTICS","23d":"ETA","25d":"FLOOR","28d":"TACKS","31d":"MALAYA","32d":"MIES","34d":"SEAT","35d":"SIVA","36d":"ISIS","37d":"AFFABLE","38d":"ERIC","39d":"CALAIS","45d":"NEWSMEN","46d":"NEDDA","47d":"ACME","52d":"HARRYBELAFONTE","53d":"AREA","54d":"TYRE","56d":"MALI","57d":"STROKED","60d":"JER","62d":"NAN","64d":"ILLNESS","65d":"TIES","66d":"HST","67d":"PUTS","68d":"ONEA","70d":"IDIED","71d":"SLEDGE","74d":"ANIL","77d":"MARSHA","80d":"GIBBERISH","82d":"AGES","84d":"BEEN","85d":"ASST","87d":"DOWNTURN","88d":"RYES","89d":"LILAC","90d":"TICS","92d":"LOGIC","93d":"RETUSE","95d":"MELTED","96d":"ALOOSE","97d":"CORNEA","103d":"IDYLL","105d":"LEHAR","106d":"UNH","108d":"BTUS","109d":"DURO","110d":"EGGS","111d":"RHOS","113d":"PEEN","114d":"ERSE","116d":"ROO","118d":"ELI","119d":"FUR"}}