{"numbers":[["1","2","3","4","5","6","-","-","7","8","9","10","11","12","13"],["14","","","","","","15","-","16","","","","","",""],["17","","","","","","","-","18","","","","","",""],["19","","","","","-","20","21","","","","-","22","",""],["23","","","","-","24","","","","","-","25","","",""],["26","","","-","27","","","","","-","28","","","",""],["29","","","30","","","","-","31","32","","","","","-"],["-","-","-","33","","","-","-","-","34","","","-","-","-"],["-","35","36","","","","37","-","38","","","","39","40","41"],["42","","","","","-","43","44","","","","-","45","",""],["46","","","","-","47","","","","","-","48","","",""],["49","","","-","50","","","","","-","51","","","",""],["52","","","53","","","","-","54","55","","","","",""],["56","","","","","","","-","57","","","","","",""],["58","","","","","","","-","-","59","","","","",""]],"clues":{"1a":"Espresso","7a":"Pocketbook material, maybe","14a":"Opens","16a":"Make too many eggs?","17a":"More than dull","18a":"Juicy morsels","19a":"Cabbies","20a":"Valuable deposits","22a":"Gymnast's need","23a":"Ticks off","24a":"Tea type","25a":"Deft","26a":"Zip","27a":"Point count bidding pioneer","28a":"Amaze","29a":"Flips out","31a":"Undiluted","33a":"Cycle starter","34a":"Crowd noise","35a":"Squirrels' sustenance","38a":"Game fad of the 50's","42a":"Shade of white","43a":"Pull strings","45a":"Preschooler","46a":"Standard","47a":"Religious devotion","48a":"\"Star Trek\" Klingon","49a":"Sphere opening","50a":"\"Hans Brinker\" author","51a":"\"Madonna With Saints\" artist","52a":"Comic Dick","54a":"Parasite","56a":"Activist actor","57a":"Clothing, informally","58a":"Lineups","59a":"Idi Amin, e.g.","1d":"Boston cardinal Richard","2d":"Least great Great Lake","3d":"Spot for Howdy Doody","4d":"Y'S","5d":"Crimson rivals","6d":"Expansion wing","7d":"They're up for discussion","8d":"Just like ewe?","9d":"Bolsheviks","10d":"Ball","11d":"Invitation to ride","12d":"Piece of junk mail","13d":"Kind of bar","15d":"Stern","21d":"___ out (just manage)","24d":"Visit unexpectedly","25d":"Islands welcome","27d":"Game-show host Moore","28d":"Blunt","30d":"Gale of \"Oh! Susanna\"","32d":"Cartoon crime-fighter","35d":"It surrounds a pit","36d":"Popular cigars","37d":"Eight-footers","38d":"Most adorable","39d":"Makeshift","40d":"One cursed by Farragut","41d":"Initially","42d":"\"Well,___!\"","44d":"Stocking stuffer","47d":"Logroller, in a way","48d":"Cellar contents","50d":"Unit of force","51d":"Wives' tales","53d":"Clock-resetting abbr.","55d":"Degree of distinction"},"answers":{"1a":"COFFEE","7a":"MOROCCO","14a":"UNROLLS","16a":"OVERLAY","17a":"STERILE","18a":"TIDBITS","19a":"HACKS","20a":"VEINS","22a":"MAT","23a":"IRKS","24a":"PEKOE","25a":"ABLE","26a":"NIL","27a":"GOREN","28a":"FLOOR","29a":"GOESAPE","31a":"STRONG","33a":"TRI","34a":"RAH","35a":"ACORNS","38a":"CANASTA","42a":"IVORY","43a":"PLUCK","45a":"TOT","46a":"NORM","47a":"PIETY","48a":"WORF","49a":"ECO","50a":"DODGE","51a":"LIPPI","52a":"VANDYKE","54a":"SPONGER","56a":"EDASNER","57a":"THREADS","58a":"ROSTERS","59a":"DESPOT","1d":"CUSHING","2d":"ONTARIO","3d":"FRECKLE","4d":"FORKS","5d":"ELIS","6d":"ELL","7d":"MOTIONS","8d":"OVINE","9d":"REDS","10d":"ORB","11d":"CLIMBON","12d":"CATALOG","13d":"OYSTER","15d":"SEVERE","21d":"EKE","24d":"POPIN","25d":"ALOHA","27d":"GARRY","28d":"FRANK","30d":"STORM","32d":"TRACY","35d":"AVOCADO","36d":"CORONAS","37d":"SPIDERS","38d":"CUTEST","39d":"STOPGAP","40d":"TORPEDO","41d":"ATFIRST","42d":"INEVER","44d":"LEG","47d":"POKER","48d":"WINES","50d":"DYNE","51d":"LORE","53d":"DST","55d":"PHD"}}