{"numbers":[["1","2","3","4","-","-","5","6","7","8","-","9","10","11","12"],["13","","","","-","14","","","","","-","15","","",""],["16","","","","17","","","","","","18","","","",""],["19","","","-","20","","","","","-","21","","","",""],["-","-","-","22","","","","-","-","23","","","-","-","-"],["24","25","26","","","","","27","28","","","","29","30","-"],["31","","","","-","-","-","32","","","","-","33","","34"],["35","","","","-","36","37","","","","-","38","","",""],["39","","","-","40","","","","-","-","-","41","","",""],["-","42","","43","","","","","44","45","46","","","",""],["-","-","-","47","","","-","-","48","","","","-","-","-"],["49","50","51","","","-","52","53","","","","-","54","55","56"],["57","","","","","58","","","","","","59","","",""],["60","","","","-","61","","","","","-","62","","",""],["63","","","","-","64","","","","-","-","65","","",""]],"clues":{"1a":"Bend","5a":"Exchange","9a":"Polite form of address","13a":"Actor Calhoun","14a":"Make ___ for (argue in support of)","15a":"Ray of Hollywood","16a":"This puzzle's mystery subject","19a":"\"The Joy Luck Club\" author","20a":"Fuzzy","21a":"Rule","22a":"Yield","23a":"Dubbed one","24a":"1951 movie with 16-Across","31a":"Stumble","32a":"River to the Caspian","33a":"Veterans Day mo.","35a":"Daly of \"Gypsy\"","36a":"Competition for Geraldo","38a":"Trig function","39a":"Wynken, BIynken and ___","40a":"They're sometimes wild","41a":"Earth mover","42a":"1957 movie with 16-Across","47a":"Thumbnail sketch","48a":"16-Across's \"Cat on ___Tin Roof\"","49a":"Etagere piece","52a":"County north of San Francisco","54a":"Neighbor of Ind.","57a":"1946 movie with 16-Across","60a":"\"___ known then what...\"","61a":"Cancel","62a":"\"A\" code word","63a":"Greek portico","64a":"Use epees","65a":"Half a fortnight","1d":"Stew","2d":"\"Damn Yankees\" seductress","3d":"Green land","4d":"___ Affair","5d":"Play's start","6d":"He coined the term \"horsepower\"","7d":"Pallid","8d":"Caress","9d":"M-G-M's. Louis B. and others","10d":"\"___ know is what...\"","11d":"Sick as ___","12d":"Dawn","14d":"Put up with","17d":"Novelist Waugh","18d":"Disney mermaid","22d":"Horn, for one","23d":"Iranian chief, once","24d":"Letter abbr.","25d":"Richard of \"Bustin' Loose\"","26d":"Newswoman Ellerbee","27d":"Tend to","28d":"Refrain syllable","29d":"Confederacy's opponent","30d":"Three trios","34d":"Exceedingly","36d":"Eight: Prefix","37d":"Through","38d":"Latched","40d":"Law professor Hill","43d":"Airline to Spain","44d":"Outpouring of gossip","45d":"Bit of fall weather","46d":"Miss O'Neill","49d":"Publisher Adolph","50d":"Sloop","51d":"Defense means","52d":"Diner's guide","53d":"First-class","54d":"Man or Ely, e.g","55d":"16-Across's \"___ With Father\"","56d":"Plumber's concern","58d":"Travel (about)","59d":"16-Across's \"The Last Time I ___ Paris\""},"answers":{"1a":"FLEX","5a":"SWAP","9a":"MAAM","13a":"RORY","14a":"ACASE","15a":"ALDO","16a":"ELIZABETHTAYLOR","19a":"TAN","20a":"LINTY","21a":"REIGN","22a":"CEDE","23a":"SIR","24a":"APLACEINTHESUN","31a":"TRIP","32a":"URAL","33a":"NOV","35a":"TYNE","36a":"OPRAH","38a":"SINE","39a":"NOD","40a":"ACES","41a":"HOER","42a":"RAINTREECOUNTY","47a":"BIO","48a":"AHOT","49a":"OBJET","52a":"MARIN","54a":"ILL","57a":"COURAGEOFLASSIE","60a":"HADI","61a":"ANNUL","62a":"ALFA","63a":"STOA","64a":"DUEL","65a":"WEEK","1d":"FRET","2d":"LOLA","3d":"ERIN","4d":"XYZ","5d":"SCENEI","6d":"WATT","7d":"ASHY","8d":"PET","9d":"MAYERS","10d":"ALLI","11d":"ADOG","12d":"MORN","14d":"ABIDE","17d":"ALEC","18d":"ARIEL","22d":"CAPE","23d":"SHAH","24d":"ATTN","25d":"PRYOR","26d":"LINDA","27d":"NURSE","28d":"TRA","29d":"UNION","30d":"NONET","34d":"VERY","36d":"OCTO","37d":"PER","38d":"SHUT","40d":"ANITA","43d":"IBERIA","44d":"EARFUL","45d":"CHILL","46d":"OONA","49d":"OCHS","50d":"BOAT","51d":"JUDO","52d":"MENU","53d":"AONE","54d":"ISLE","55d":"LIFE","56d":"LEAK","58d":"GAD","59d":"SAW"}}