{"numbers":[["1","2","3","4","-","5","6","7","8","9","10","-","11","12","13"],["14","","","","-","15","","","","","","16","","",""],["17","","","","18","","","","","","","","","",""],["19","","","-","20","","","","-","-","-","21","","",""],["-","-","-","22","","","","-","23","24","25","","","",""],["26","27","28","","","","-","29","","","","","-","-","-"],["30","","","","-","-","31","","","","","-","32","33","34"],["35","","","","36","37","","","","","","38","","",""],["39","","","-","40","","","","","-","-","41","","",""],["-","-","-","42","","","","","-","43","44","","","",""],["45","46","47","","","","","-","48","","","","-","-","-"],["49","","","","-","-","-","50","","","","-","51","52","53"],["54","","","","55","56","57","","","","","58","","",""],["59","","","","","","","","","","-","60","","",""],["61","","","-","62","","","","","","-","63","","",""]],"clues":{"1a":"Incarcerate","5a":"Wife, in Madrid","11a":"U.S./U.K. divider","14a":"Wearer of an aiguillette","15a":"Warehouse charge","17a":"Start of a quip","19a":"Slippery swimmer","20a":"Axis end","21a":"Lift, as ice or oysters","22a":"Ilk","23a":"Enormous","26a":"Stress","29a":"\"McSorley's Bar\" painter John","30a":"Good earth","31a":"New Zealand native","32a":"Family V.I.P.'s","35a":"Middle of the quip","39a":"Pigpen","40a":"Brainy group","41a":"Something to cop","42a":"Mork's gal","43a":"Like schlock","45a":"Extra leaves","48a":"Ireland's ___ Islands","49a":"Spread for a spread","50a":"Manchurian border river","51a":"Sunny day production","54a":"End of the quip","59a":"Starlet's hope","60a":"Lackawanna's partner in railroads","61a":"Draft agcy.","62a":"Dallas's ___ Plaza","63a":"Become tiresome","1d":"Rib","2d":"Yorkshire river","3d":"Worshiped one","4d":"Rock's ___ Zeppelin","5d":"Police accompaniment","6d":"Clown's prop","7d":"Corn bread","8d":"Assn.","9d":"Writer Rohmer","10d":"Farming: Abbr.","11d":"\"Flow gently, sweet___\": Burns","12d":"Coming-of-age period","13d":"Shelf","16d":"Consumed","18d":"\"___ the Roof\" (1963 hit)","22d":"It's good for the long haul","23d":"Actress Massey","24d":"Filipino","25d":"Hotel housekeeper","26d":"Pauper's cry","27d":"Old feller","28d":"Guinea pig","29d":"Impertinent","31d":"Obeys","32d":"House slipper","33d":"Lincoln and Vigoda","34d":"Dog command","36d":"Head of Abu Dhabi","37d":"Shipped","38d":"Unguarded, as a receiver","42d":"Reagan Attorney General","43d":"Like a curmudgeon","44d":"Mata ___","45d":"Bridge declaration","46d":"D.E.A. workers","47d":"Swizzles","48d":"Provide divertissement","50d":"Soviet spy Rudolf","51d":"Now's partner","52d":"Siberia's site","53d":"River of Flanders","55d":"Proof's ending","56d":"Half of deux","57d":"Seventh Greek letter","58d":"Like a crescent moon"},"answers":{"1a":"JAIL","5a":"ESPOSA","11a":"ATL","14a":"AIDE","15a":"STORAGEFEE","17a":"PRODUCINGXRATED","19a":"EEL","20a":"POLE","21a":"TONG","22a":"SORT","23a":"IMMENSE","26a":"ACCENT","29a":"SLOAN","30a":"LOAM","31a":"MAORI","32a":"MAS","35a":"MOVIESISNODOUBT","39a":"STY","40a":"MENSA","41a":"PLEA","42a":"MINDY","43a":"CHEESY","45a":"INSERTS","48a":"ARAN","49a":"PATE","50a":"AMUR","51a":"HAY","54a":"ARISQUEBUSINESS","59a":"SCREENTEST","60a":"ERIE","61a":"SSS","62a":"DEALEY","63a":"WEAR","1d":"JAPE","2d":"AIRE","3d":"IDOL","4d":"LED","5d":"ESCORT","6d":"STILT","7d":"PONE","8d":"ORG","9d":"SAX","10d":"AGR","11d":"AFTON","12d":"TEENS","13d":"LEDGE","16d":"EATEN","18d":"UPON","22d":"SEMI","23d":"ILONA","24d":"MORO","25d":"MAID","26d":"ALMS","27d":"COOT","28d":"CAVY","29d":"SASSY","31d":"MINDS","32d":"MULE","33d":"ABES","34d":"STAY","36d":"EMIR","37d":"SENT","38d":"OPEN","42d":"MEESE","43d":"CRUSTY","44d":"HARI","45d":"IPASS","46d":"NARCS","47d":"STIRS","48d":"AMUSE","50d":"ABEL","51d":"HERE","52d":"ASIA","53d":"YSER","55d":"QED","56d":"UNE","57d":"ETA","58d":"NEW"}}