{"numbers":[["-","1","2","3","4","5","-","-","6","7","8","9","10","11","-"],["-","12","","","","","13","-","14","","","","","","15"],["-","16","","","","","","-","17","","","","","",""],["18","","","","","-","19","20","","","","-","21","",""],["22","","","-","23","24","","","","","-","25","","",""],["26","","","27","-","28","","","","-","29","","","",""],["30","","","","31","","","","-","32","","","","",""],["-","-","-","33","","","","-","34","","","","-","-","-"],["35","36","37","","","","-","38","","","","","39","40","41"],["42","","","","","-","43","","","","-","44","","",""],["45","","","","-","46","","","","","47","-","48","",""],["49","","","-","50","","","","","-","51","52","","",""],["53","","","54","","","","-","55","56","","","","","-"],["57","","","","","","","-","58","","","","","","-"],["-","59","","","","","","-","-","60","","","","","-"]],"clues":{"1a":"Entertain from house to house","6a":"Sirs' counterparts","12a":"Horse show locales","14a":"Slow musical pieces","16a":"Kind of license or justice","17a":"Measles variety","18a":"W.W. II German bomber","19a":"\"From the___ of Montezuma\"","21a":"Pascal's law","22a":"Part of H.R.H.","23a":"Fixed, as a gauge","25a":"Reposed","26a":"Iris's place","28a":"Chichi","29a":"Place for belt-tightening","30a":"Flooring of marble chips","32a":"Ibsen play","33a":"Singer Laine","34a":"Kind of suit","35a":"Strait of Dover port","38a":"Women's wide-legged pants","42a":"___ -garde","43a":"District","44a":"Orient","45a":"Shower attention (on)","46a":"Jeans","48a":"Third-millennium year","49a":"\"___ Along Little Dogies\"","50a":"Gist","51a":"Drum accompanying a fife","53a":"Academy Award category","55a":"Strainers","57a":"Quietus","58a":"Pluck, as eyebrows","59a":"Juicer","60a":"Iris with a fragrant rootstock","1d":"Prisoner","2d":"Alarm, e.g.","3d":"Stink","4d":"Like some beer","5d":"My ___, Vietnam","6d":"\"A Christmas Carol\" specter","7d":"Not for kiddies","8d":"Small flatfishes","9d":"Questionnaire info","10d":"\"Pizarro Seizing the Inca of Peru\" artist","11d":"Recital singer","13d":"Sonata's third movement, often","15d":"Louisiana 11","18d":"Folded up","20d":"Respecting","24d":"Demolishes","25d":"Founder of Taoism","27d":"Esoteric","29d":"Avast, on land","31d":"Got off","32d":"Robot, in Jewish legend","34d":"Most like the Marx Brothers","35d":"Sponged","36d":"Dodger","37d":"Trellis","38d":"Singer Lily","39d":"Africa's fourth-longest river","40d":"Seeps","41d":"Pen","43d":"Early American publisher Peter","46d":"Stupid","47d":"Beef cattle","50d":"Where Anna Leonowens taught","52d":"Affirm","54d":"Japanese drink","56d":"W.W. II battle site, for short"},"answers":{"1a":"CAROL","6a":"MADAMS","12a":"ARENAS","14a":"ADAGIOS","16a":"POETIC","17a":"RUBELLA","18a":"STUKA","19a":"HALLS","21a":"LOI","22a":"HIS","23a":"PRESET","25a":"LAIN","26a":"UVEA","28a":"ARTY","29a":"WAIST","30a":"TERRAZZO","32a":"GHOSTS","33a":"CLEO","34a":"ZOOT","35a":"CALAIS","38a":"PALAZZOS","42a":"AVANT","43a":"ZONE","44a":"EAST","45a":"DOTE","46a":"DENIMS","48a":"MMI","49a":"GIT","50a":"SENSE","51a":"TABOR","53a":"EDITING","55a":"SIEVES","57a":"DECEASE","58a":"TWEEZE","59a":"REAMER","60a":"ORRIS","1d":"CAPTIVE","2d":"AROUSER","3d":"REEK","4d":"ONTAP","5d":"LAI","6d":"MARLEY","7d":"ADULT","8d":"DABS","9d":"AGE","10d":"MILLAIS","11d":"SOLOIST","13d":"SCHERZO","15d":"SAINTS","18d":"SHUT","20d":"ASTO","24d":"RAZES","25d":"LAOTZE","27d":"ARCANE","29d":"WHOA","31d":"ALIT","32d":"GOLEM","34d":"ZANIEST","35d":"CADGED","36d":"AVOIDER","37d":"LATTICE","38d":"PONS","39d":"ZAMBEZI","40d":"OSMOSES","41d":"STIR","43d":"ZENGER","46d":"DENSE","47d":"STEER","50d":"SIAM","52d":"AVER","54d":"TEA","56d":"IWO"}}