{"numbers":[["1","2","3","4","5","-","6","7","8","9","-","10","11","12","13"],["14","","","","","-","15","","","","-","16","","",""],["17","","","","","18","","","","","19","","","",""],["20","","","-","21","","","","-","22","","","","",""],["-","-","-","23","","","","-","24","","","","-","-","-"],["25","26","27","","","","-","28","","","","-","29","30","31"],["32","","","","","-","33","","","","-","34","","",""],["35","","","","","36","","","","","37","","","",""],["38","","","","-","39","","","","-","40","","","",""],["41","","","-","42","","","","-","43","","","","",""],["-","-","-","44","","","","-","45","","","","-","-","-"],["46","47","48","","","","-","49","","","","-","50","51","52"],["53","","","","","","54","","","","","55","","",""],["56","","","","-","57","","","","-","58","","","",""],["59","","","","-","60","","","","-","61","","","",""]],"clues":{"1a":"Wrought-up","6a":"City near Phoenix","10a":"Melodramatic cry","14a":"Cottonwood, in Spanish","15a":"Burns one up","16a":"Perambulate","17a":"One past his prime","20a":"On the other hand","21a":"Essentials","22a":"Summer top","23a":"Skedaddle","24a":"Wish","25a":"Least significant","28a":"Bluesman Robert","29a":"Coffee-break brake","32a":"Independently","33a":"\"You there!\"","34a":"Relief pitcher's feat","35a":"Hot time","38a":"Makes like","39a":"Man with a lift","40a":"Echecs piece","41a":"N.Y.C. cultural site","42a":"Litigant","43a":"Most fit","44a":"Sir overseas","45a":"Biter","46a":"Plays the zither","49a":"Picked up on","50a":"___ Vicente, Brazil","53a":"It won Hepburn an Oscar","56a":"One of the O'Neills","57a":"Iditarod terminus","58a":"World's largest cobalt exporter","59a":"Attributes","60a":"Gumption","61a":"Register","1d":"Lots","2d":"Tissue addition","3d":"Santa drawer","4d":"Dennis the Menace, e.g.","5d":"Site of a May 1942 battle","6d":"Chop finely","7d":"Work units","8d":"Dry","9d":"Camels' destinations?","10d":"Marquis protagonist","11d":"Hel's father, in myth","12d":"Maintain","13d":"Faxed","18d":"\"Yeah, sure!\"","19d":"Brit's phrase","23d":"Wards (off)","24d":"Instructors, for short","25d":"Mary Stewart's \"___, Will You Talk?\"","26d":"Waive one's rites?","27d":"Physician-turned-wordsmith","28d":"The Mighty Clouds of Joy, e.g.","29d":"Farr of \"M*A*S*H\"","30d":"Hot spots","31d":"Nice topper","33d":"Daisylike bloom","34d":"Silvery fish","36d":"Elton John's first hit","37d":"Make citified","42d":"Penultimate round","43d":"From square one","44d":"Great shakes?","45d":"\"The Maids\" playwright","46d":"Quash","47d":"What you used to be","48d":"Flat rate","49d":"___ Valley, Calif.","50d":"The joint","51d":"Prefix with space or stat","52d":"Mr. Hershiser","54d":"Postal Creed word","55d":"Children's author Agle"},"answers":{"1a":"MANIC","6a":"MESA","10a":"ALAS","14a":"ALAMO","15a":"IRES","16a":"ROVE","17a":"NOSPRINGCHICKEN","20a":"YET","21a":"ABCS","22a":"TSHIRT","23a":"FLEE","24a":"PRAY","25a":"MEREST","28a":"CRAY","29a":"JOB","32a":"ALONE","33a":"AHOY","34a":"SAVE","35a":"DOGDAYSOFSUMMER","38a":"APES","39a":"OTIS","40a":"REINE","41a":"MET","42a":"SUER","43a":"ABLEST","44a":"HERR","45a":"GNAT","46a":"STRUMS","49a":"SEEN","50a":"SAO","53a":"THELIONINWINTER","56a":"OONA","57a":"NOME","58a":"ZAIRE","59a":"PUTS","60a":"GRIT","61a":"ENROL","1d":"MANY","2d":"ALOE","3d":"NAST","4d":"IMP","5d":"CORALSEA","6d":"MINCE","7d":"ERGS","8d":"SEC","9d":"ASHTRAYS","10d":"ARCHY","11d":"LOKI","12d":"AVER","13d":"SENT","18d":"IBET","19d":"ISAY","23d":"FENDS","24d":"PROFS","25d":"MADAM","26d":"ELOPE","27d":"ROGET","28d":"CHOIR","29d":"JAMIE","30d":"OVENS","31d":"BERET","33d":"ASTER","34d":"SMELT","36d":"YOURSONG","37d":"URBANIZE","42d":"SEMI","43d":"ANEW","44d":"HULAS","45d":"GENET","46d":"STOP","47d":"THOU","48d":"RENT","49d":"SIMI","50d":"STIR","51d":"AERO","52d":"OREL","54d":"NOR","55d":"NAN"}}