{"numbers":[["1","2","3","4","5","-","6","7","8","9","-","-","10","11","12"],["13","","","","","-","14","","","","-","15","","",""],["16","","","","","17","","","","","-","18","","",""],["-","19","","","","","-","20","","","21","","","",""],["-","-","-","22","","","23","-","24","","","","","",""],["25","26","27","","","","","28","-","29","","","","-","-"],["30","","","","","-","31","","32","","","-","33","34","35"],["36","","","","-","37","","","","","-","38","","",""],["39","","","-","40","","","","","-","41","","","",""],["-","-","42","43","","","-","44","","45","","","","",""],["46","47","","","","","48","-","49","","","","-","-","-"],["50","","","","","","","51","-","52","","","53","54","-"],["55","","","","-","56","","","57","","","","","","58"],["59","","","","-","60","","","","-","61","","","",""],["62","","","-","-","63","","","","-","64","","","",""]],"clues":{"1a":"Jubilate or Miserere","6a":"\"Paradise Lost,\" for one","10a":"Wee bit","13a":"Standard","14a":"Pane holder","15a":"Kind of pen","16a":"Cause of a good belly laugh?","18a":"Peter Gunn's girlfriend ___ Hart","19a":"Mona Lisa attribute","20a":"Optimism","22a":"Flowers for floats","24a":"Souvenir shop items","25a":"Sacrifices","29a":"Mideast capital","30a":"W.W.I battle site","31a":"Attacked vigorously","33a":"Multipurpose truck","36a":"\"Ricochet\" co-star","37a":"Flash","38a":"Lordly one","39a":"Start of a hole","40a":"70's singer Freda","41a":"De ___ (actual)","42a":"Appear","44a":"Annual Labor Day event","46a":"Combined, in a way","49a":"\"Tuna-Fishing\" artist","50a":"Idée fixe, for example","52a":"Mussolini's air marshal Balbo","55a":"Mount, north of Catania","56a":"Hindquarters?","59a":"Cunning","60a":"Tale opener","61a":"Western airline","62a":"T, to Morse","63a":"Going-away party?","64a":"Iron Mike","1d":"Zing","2d":"Termini: Abbr.","3d":"Like a beehive","4d":"Embrocation","5d":"News syndicate founder Samuel","6d":"Night school subject: Abbr.","7d":"Modest hand","8d":"Ain't right?","9d":"Knights' group","10d":"Where Howard Stern rides horses?","11d":"The elite","12d":"Wish the best for","15d":"Nigeria neighbor","17d":"Takes up","21d":"\"If ___ a Hammer\"","23d":"Hardly polite","25d":"Drop","26d":"Die feature","27d":"What there's no such thing as at NASA?","28d":"Put on a coat","32d":"Struck a low blow","34d":"Barker of filmdom","35d":"Dark, poetically","37d":"\"Wheel\" or \"Pyramid\"","38d":"In a pleased way","40d":"Famed traveler","41d":"Homburg","43d":"Chicago-based TV show","45d":"Of the flock","46d":"All-time P.G.A. tour leader","47d":"Exotic fish","48d":"Book subtitled \"Her True Story\"","51d":"Use a straw","53d":"Plain of Jars locale","54d":"Cuatro y cuatro","57d":"Society page word","58d":"Colo. neighbor"},"answers":{"1a":"PSALM","6a":"EPIC","10a":"DAB","13a":"ETHIC","14a":"SASH","15a":"BULL","16a":"PAUNCHLINE","18a":"EDIE","19a":"SMILE","20a":"ROSINESS","22a":"MUMS","24a":"TSHIRTS","25a":"OFFERSUP","29a":"SANA","30a":"MARNE","31a":"RAKED","33a":"UTE","36a":"ICET","37a":"GLINT","38a":"SNOB","39a":"TEE","40a":"PAYNE","41a":"FACTO","42a":"LOOM","44a":"TELETHON","46a":"STAPLED","49a":"DALI","50a":"NEUROSIS","52a":"ITALO","55a":"ETNA","56a":"HAUNCHBACK","59a":"ARCH","60a":"ONCE","61a":"ALOHA","62a":"DAH","63a":"WAKE","64a":"TYSON","1d":"PEP","2d":"STAS","3d":"AHUM","4d":"LINIMENT","5d":"MCCLURE","6d":"ESL","7d":"PAIR","8d":"ISNOT","9d":"CHESSSET","10d":"DUDERAUNCH","11d":"ALIST","12d":"BLESS","15d":"BENIN","17d":"HEMS","21d":"IHAD","23d":"SURLY","25d":"OMIT","26d":"FACE","27d":"FREELAUNCH","28d":"PAINT","32d":"KNEED","34d":"TOTO","35d":"EBON","37d":"GAMESHOW","38d":"SATIABLY","40d":"POLO","41d":"FELTHAT","43d":"OPRAH","45d":"LAIC","46d":"SNEAD","47d":"TETRA","48d":"DIANA","51d":"SUCK","53d":"LAOS","54d":"OCHO","57d":"NEE","58d":"KAN"}}