{"numbers":[["1","2","3","4","5","6","7","-","8","9","10","11","12","13","14"],["15","","","","","","","-","16","","","","","",""],["17","","","","","","","-","18","","","","","",""],["19","","","-","20","","","21","","","","-","22","",""],["23","","","24","-","25","","","","","-","26","","",""],["27","","","","28","-","29","","","-","30","","","",""],["-","-","-","31","","32","","","-","33","","","","","-"],["-","34","35","","","","","","36","","","","","","-"],["-","37","","","","","-","38","","","","","-","-","-"],["39","","","","","-","40","","","-","41","","42","43","44"],["45","","","","-","46","","","","47","-","48","","",""],["49","","","-","50","","","","","","51","-","52","",""],["53","","","54","","","","-","55","","","56","","",""],["57","","","","","","","-","58","","","","","",""],["59","","","","","","","-","60","","","","","",""]],"clues":{"1a":"Fuel source","8a":"Cracked","15a":"Serious lapse","16a":"Intended for those of means","17a":"Camerieri","18a":"Letter from St. Paul","19a":"Companions' separator","20a":"Missions of mercy","22a":"Breakfast company?","23a":"March time","25a":"Marked for exclusion","26a":"Study","27a":"Undercover agent, in slang","29a":"Carried out","30a":"Perscrutation","31a":"Old \"Matter of Fact\" columnist","33a":"Deserted","34a":"5O's bash?","37a":"Back matter","38a":"Low bridge bid, informally","39a":"Extraordinary","40a":"Korean War flier","41a":"Deli turnover","45a":"Covered up","46a":"Welcome surprise","48a":"Lead-in for jail or pot","49a":"Slow down the mus.","50a":"Play mainly for defense","52a":"Northernmost city of ancient Palestine","53a":"It may hang by the neck","55a":"Kind of Emmy","57a":"Names, officially","58a":"Noble clothing, once","59a":"Most temperate","60a":"Rappelling","1d":"Arthurian knight","2d":"Mother in \"The Glass Menagerie\"","3d":"Duke of the old Dodgers","4d":"Fit of pique","5d":"Druggie","6d":"In a rut","7d":"Relayed","8d":"In a line","9d":"Hiked","10d":"Keb and Nut's daughter","11d":"AT's XT's etc.","12d":"\"Ain't That a Shame\" singer, 1955","13d":"Newswoman born in Bryan, Tex.","14d":"Clinton press secretary Myers","21d":"Place to be taken","24d":"Burned","26d":"Drag out","28d":"Anterior","30d":"Shoot at casually","32d":"Survey checkoff","33d":"See 44 Down","34d":"Big Apple V.I.P.","35d":"Doing recon","36d":"Without much to go on","39d":"Thigh-slapper","40d":"Shared by, to Shakespeare","42d":"First-aid kit item","43d":"Bee's target","44d":"With 33 Down, Presidential epithet","46d":"Some sacrificial offerings","47d":"It's a trap","50d":"Lonesome one","51d":"Aerobics habitats","54d":"Clear","56d":"Oddity"},"answers":{"1a":"GASPUMP","8a":"QUIPPED","15a":"AMNESIA","16a":"UPSCALE","17a":"WAITERS","18a":"EPISTLE","19a":"AND","20a":"RESCUES","22a":"BED","23a":"IDES","25a":"DELED","26a":"PORE","27a":"NARCO","29a":"DID","30a":"PROBE","31a":"ALSOP","33a":"ALONE","34a":"GOLDENJUBILEE","37a":"INDEX","38a":"ONENO","39a":"SUPER","40a":"MIG","41a":"KNISH","45a":"CLAD","46a":"BONUS","48a":"GOTO","49a":"RIT","50a":"PUNTING","52a":"DAN","53a":"EARRING","55a":"DAYTIME","57a":"ANOINTS","58a":"ERMINES","59a":"MILDEST","60a":"DESCENT","1d":"GAWAIN","2d":"AMANDA","3d":"SNIDER","4d":"PET","5d":"USER","6d":"MIRED","7d":"PASSEDON","8d":"QUEUED","9d":"UPPED","10d":"ISIS","11d":"PCS","12d":"PATBOONE","13d":"ELLERBEE","14d":"DEEDEE","21d":"CLIPJOINT","24d":"SCALDED","26d":"PROLONG","28d":"OLDER","30d":"PLINK","32d":"SEX","33d":"ABE","34d":"GIULIANI","35d":"ONPATROL","36d":"UNGUIDED","39d":"SCREAM","40d":"MONGST","42d":"IODINE","43d":"STAMEN","44d":"HONEST","46d":"BUNTS","47d":"SNARE","50d":"PINE","51d":"GYMS","54d":"RID","56d":"TIC"}}