{"numbers":[["1","2","3","4","5","-","-","6","7","8","9","10","11","-","-","12","13","14","15","16","17"],["18","","","","","-","19","","","","","","","20","-","21","","","","",""],["22","","","","","23","","","","","","","","","-","24","","","","",""],["25","","","","-","26","","","-","-","27","","","","28","-","29","","","",""],["30","","","","31","","","-","32","33","","-","-","-","34","35","","","","-","-"],["-","-","-","-","36","","","37","","","-","38","39","40","","","-","-","41","42","43"],["44","45","46","47","","","-","48","","","49","","","","-","50","51","52","","",""],["53","","","","","-","54","","","-","55","","","","56","-","57","","","",""],["58","","","","-","59","","","","60","","-","61","","","-","62","","","",""],["63","","","","64","","","-","65","","","66","-","67","","68","","-","69","",""],["-","-","-","-","70","","","71","","","-","72","73","","","","","-","-","-","-"],["74","75","76","-","77","","","","-","78","79","","","-","80","","","81","82","83","84"],["85","","","86","","-","87","","88","-","89","","","90","","","-","91","","",""],["92","","","","","-","93","","","94","","-","95","","","-","96","","","",""],["97","","","","","98","-","99","","","","100","","","-","101","","","","",""],["102","","","-","-","103","104","","","","-","105","","","106","","","-","-","-","-"],["-","-","107","108","109","","","-","-","-","110","","","-","111","","","112","113","114","115"],["116","117","","","","-","118","119","120","121","","-","-","122","","","-","123","","",""],["124","","","","","125","-","126","","","","127","128","","","","129","","","",""],["130","","","","","","-","131","","","","","","","","-","132","","","",""],["133","","","","","","-","-","134","","","","","","-","-","135","","","",""]],"clues":{"1a":"One who pitches","6a":"Dickens's Defarge","12a":"Like every other book page","18a":"Break off","19a":"Kind of insurance program","21a":"Makeshift abode","22a":"What egotists want to be","24a":"\"No\"","25a":"Pennsylvania city","26a":"Not his or hers","27a":"\" ___Dream\" (\"Lohengrin\" soliloquy)","29a":"Impenetrable","30a":"Tooth layer","32a":"Kind of sack","34a":"\"Steppenwolf\" author","36a":"Thinness","38a":"Yawned","41a":"Hero follower","44a":"Worldwide","48a":"Actors' agents","50a":"Tibetan mountain people","53a":"Site of ancient Sheba","54a":"Blue expanse in France","55a":"False handle","57a":"To have, in Le Havre","58a":"\"Buddenbrooks\" author","59a":"Comic's necessity","61a":"Map abbr.","62a":"Fran Drescher TV role","63a":"These are hardly modern art","65a":"Bottom of the barrel","67a":"Hodgepodge","69a":"Protested grp. of the 60's","70a":"Kind of camera","72a":"Windsor, e.g.","74a":"Diane to Woody, often","77a":"Newswoman Magnus","78a":"Alexander or Peter","80a":"\"Liberty\" locale","85a":"Bean, for one","87a":"Stinker","89a":"Absolutely pristine","91a":"Settled, as a deal","92a":"Idi Amin, e.g.","93a":"Corrigendum","95a":"Actor Chaney","96a":"Brazilian state","97a":"Fusilli and ziti","99a":"Confounds","101a":"Kind of charge","102a":"Tolkien forest giant","103a":"Preference","105a":"Novelist Allende","107a":"O.K.","110a":"Hospital workers, for short","111a":"Recovers","116a":"Snail's trail","118a":"Grounds","122a":"Bluster","123a":"Peace Nobelist Myrdal","124a":"One in a pool, perhaps","126a":"Big Apple landmark, informally","130a":"1969 Indy winner","131a":"Places for studs","132a":"Dairy Queen order","133a":"Serves with sauce?","134a":"Nonexperts","135a":"Wine-drinking occasion","1d":"Heightened","2d":"Name in lawn equipment","3d":"Cheech of Cheech and Chong","4d":"Advantage","5d":"Classic opening","6d":"Sports team since 1962","7d":"Drink made from a packet","8d":"Racket","9d":"Not genuine","10d":"Knightwear?","11d":"Piccadilly Circus statue","12d":"Well-worn","13d":"Mr. of film","14d":"Folketing assemblers","15d":"Niblicks","16d":"Olympic marks","17d":"Charity","19d":"Have significance","20d":"Bambi's aunt","23d":"Newspaper edition","28d":"\"___Bop\" (1984 hit)","31d":"Tabriz locale","32d":"More than clean","33d":"Novelist Rand","35d":"Publisher's staff for short","37d":"Gossip bit","38d":"Hair-care article","39d":"Lover of Apollo","40d":"Job follower","42d":"Interpretations","43d":"St. ___River (Superior-Huron link)","44d":"Jock's favorite school time","45d":"Spring","46d":"Former Dodge model","47d":"Part of N.B.","49d":"Proportion","51d":"Grimm fellow","52d":"\"The Loco-Motion\" singer Little ___","54d":"Failed intention","56d":"Fancy headgear","59d":"Began, with \"off\"","60d":"Contiguous","64d":"Actor Richard","66d":"Electronic reading","68d":"Eased gently","71d":"Ascertains","73d":"Unaffected","74d":"Two-door","75d":"Club newsletter","76d":"Old Glory","79d":"Excess","81d":"Medicine container","82d":"Sonar blip","83d":"Curb","84d":"Merchandising event","86d":"Horse's bit","88d":"Pompano event","90d":"Sub ___","94d":"Murder___","96d":"Campanile feature","98d":"Véronique, e.g.: Abbr.","100d":"Zola's \"The ___ of Father Mouret\"","101d":"Luau","104d":"Rainbow, for one","106d":"Joint Chiefs, e.g.","108d":"Skips","109d":"Beau ___ \"","110d":"Of late","112d":"Shop fixture","113d":"Ancient yarn","114d":"Call up","115d":"Less cracked","116d":"Spectators' spots","117d":"Vega's constellation","119d":"Antiquate","120d":"___ Mountains","121d":"First name on the Supreme Court","122d":"Kind of plaid","125d":"Third word of \"America\"","127d":"CD ___","128d":"Actor Vigoda","129d":"Clod"},"answers":{"1a":"ADMAN","6a":"MADAME","12a":"ODDNUMBERED","18a":"CEASE","19a":"MEDICARE","21a":"LEANTO","22a":"CENTERSOFATTENTION","24a":"DENIAL","25a":"ERIE","26a":"ITS","27a":"ELSAS","29a":"DENSE","30a":"DENTINE","32a":"SAD","34a":"HESSE","36a":"RARITY","38a":"GAPED","41a":"ISM","44a":"GLOBAL","48a":"TENPERCENTERS","50a":"SHERPA","53a":"YEMEN","54a":"MER","55a":"ALIAS","57a":"AVOIR","58a":"MANN","59a":"TIMING","61a":"ALT","62a":"NANNY","63a":"PERIODPIECES","65a":"LEES","67a":"MESS","69a":"SSS","70a":"REFLEX","72a":"CASTLE","74a":"COSTAR","77a":"EDIE","78a":"TSAR","80a":"SILVERDOLLAR","85a":"ORSON","87a":"RAT","89a":"UNTROD","91a":"ICED","92a":"UGANDAN","93a":"ERROR","95a":"LON","96a":"BAHIA","97a":"PASTAS","99a":"NONPLUSSES","101a":"FELONY","102a":"ENT","103a":"TASTE","105a":"ISABEL","107a":"ROGER","110a":"RNS","111a":"RALLIES","116a":"SLIME","118a":"CAUSE","122a":"GAS","123a":"ALVA","124a":"TYPIST","126a":"GRANDCENTRALSTATION","130a":"ANDRETTI","131a":"EARLOBES","132a":"SHAKE","133a":"SASSES","134a":"LAYMEN","135a":"SEDER","1d":"ACCENTED","2d":"DEERE","3d":"MARIN","4d":"ASSET","5d":"NEO","6d":"METS","7d":"ADE","8d":"DIN","9d":"ACTED","10d":"MAIL","11d":"EROS","12d":"OLD","13d":"DEEDS","14d":"DANES","15d":"NUMBERNINEIRONS","16d":"ETAS","17d":"DOLE","19d":"MATTER","20d":"ENA","23d":"FINAL","28d":"SHE","31d":"IRAN","32d":"STERILE","33d":"AYN","35d":"EDS","37d":"ITEM","38d":"GEL","39d":"ARIA","40d":"PSALMS","42d":"SPINS","43d":"MARYS","44d":"GYMPERIOD","45d":"LEAP","46d":"OMNI","47d":"BENE","49d":"PERCENTAGE","51d":"HANSEL","52d":"EVA","54d":"MISFIRE","56d":"STETSON","59d":"TEED","60d":"NEXT","64d":"CRENNA","66d":"SCAN","68d":"SLID","71d":"LEARNS","73d":"ARTLESS","74d":"COUPE","75d":"ORGAN","76d":"STARSANDSTRIPES","79d":"SURPLUS","81d":"VIAL","82d":"ECHO","83d":"REIN","84d":"DOLLARDAY","86d":"OAT","88d":"TROT","90d":"ROSA","94d":"ONE","96d":"BELL","98d":"STE","100d":"SIN","101d":"FEAST","104d":"ARC","106d":"BRASS","108d":"OMITS","109d":"GESTE","110d":"RECENTLY","112d":"LATHE","113d":"ILIAD","114d":"EVOKE","115d":"SANER","116d":"STANDS","117d":"LYRA","119d":"AGE","120d":"URAL","121d":"SANDRA","122d":"GLEN","125d":"TIS","127d":"ROM","128d":"ABE","129d":"ASS"}}