{"numbers":[["1","2","3","4","5","-","6","7","8","9","10","-","11","12","13"],["14","","","","","-","15","","","","","-","16","",""],["17","","","","","18","","","","","","-","19","",""],["-","-","-","-","20","","","","-","-","21","22","","",""],["23","24","25","26","","","","-","27","28","","","","",""],["29","","","","","","-","30","","","","","","-","-"],["31","","","","","-","32","","","","","-","33","34","35"],["36","","","","-","37","","","","","-","38","","",""],["39","","","-","40","","","","","-","41","","","",""],["-","-","42","43","","","","","-","44","","","","",""],["45","46","","","","","","-","47","","","","","",""],["48","","","","","-","-","49","","","","-","-","-","-"],["50","","","-","51","52","53","","","","","54","55","56","57"],["58","","","-","59","","","","","-","60","","","",""],["61","","","-","62","","","","","-","63","","","",""]],"clues":{"1a":"Interlaced","6a":"Canadian tree","11a":"Unit of chewing tobacco","14a":"Idiotic","15a":"Relieve","16a":"One of Frank's exes","17a":"Motion picture award","19a":"___ Kippur","20a":"___ ex machina","21a":"Red Square figure","23a":"Spacecraft sections","27a":"Tentative forays","29a":"Gone from the program","30a":"Shoulders-to-hips areas","31a":"\"___ Irish Rose\"","32a":"Paper purchases","33a":"Once existed","36a":"Guitarist Lofgren","37a":"See 30-Down","38a":"___ fide","39a":"Farm enclosure","40a":"Crude characters","41a":"Gershwin hero","42a":"Jai alai ball","44a":"\"Ode to ___ Joe\"","45a":"Votes","47a":"Hamlet, at times","48a":"Shrine to remember","49a":"Spotted","50a":"Reunion-goers","51a":"Nature personified","58a":"First lady","59a":"\"Middlemarch\" author","60a":"Inventor Howe","61a":"Matched grouping","62a":"Tears","63a":"Show shock, e.g.","1d":"Store-bought hair","2d":"Musician Yoko","3d":"Actor Kilmer","4d":"Football lineman","5d":"Tries to rile","6d":"John Fowles novel, with \"The\"","7d":"\"___ Well That Ends Well\"","8d":"Hebron grp.","9d":"Big, friendly dog, for short","10d":"Huxley's \"___ in Gaza\"","11d":"Teen film hit of 1992","12d":"To have, to Heloise","13d":"Curses","18d":"Require","22d":"\"Xanadu\" musical grp.","23d":"Signifies","24d":"Pluto's path","25d":"Perry's paper","26d":"Functions","27d":"Bubble masses","28d":"Columnist Bombeck","30d":"With 37-Across, the ground","32d":"Wild times","34d":"1973 Rolling Stones hit","35d":"Word with nay or sooth","37d":"Bit of poetry","38d":"Manila machete","40d":"Early feminist","41d":"Avant-gardist","43d":"Slippery ___","44d":"Rabbit's title","45d":"Hardens, as clay","46d":"Breathing","47d":"Borscht ingredients","49d":"Bullet-riddled","52d":"Cheer","53d":"Malleable metal","54d":"Pale or Newcastle brown","55d":"Narrow inlet","56d":"Middle X or O","57d":"Presidential initials"},"answers":{"1a":"WOVEN","6a":"MAPLE","11a":"WAD","14a":"INANE","15a":"ALLAY","16a":"AVA","17a":"GOLDENGLOBE","19a":"YOM","20a":"DEUS","21a":"LENIN","23a":"MODULES","27a":"FEELERS","29a":"ERASED","30a":"TORSOS","31a":"ABIES","32a":"REAMS","33a":"WAS","36a":"NILS","37a":"FIRMA","38a":"BONA","39a":"STY","40a":"BOORS","41a":"PORGY","42a":"PELOTA","44a":"BILLIE","45a":"BALLOTS","47a":"BROODER","48a":"ALAMO","49a":"SEEN","50a":"KIN","51a":"MOTHEREARTH","58a":"EVE","59a":"ELIOT","60a":"ELIAS","61a":"SET","62a":"RENTS","63a":"REACT","1d":"WIG","2d":"ONO","3d":"VAL","4d":"END","5d":"NEEDLES","6d":"MAGUS","7d":"ALLS","8d":"PLO","9d":"LAB","10d":"EYELESS","11d":"WAYNESWORLD","12d":"AVOIR","13d":"DAMNS","18d":"NEED","22d":"ELO","23d":"MEANS","24d":"ORBIT","25d":"DAILYPLANET","26d":"USES","27d":"FOAMS","28d":"ERMA","30d":"TERRA","32d":"RIOTS","34d":"ANGIE","35d":"SAYER","37d":"FOOT","38d":"BOLO","40d":"BLOOMER","41d":"PIONEER","43d":"ELM","44d":"BRER","45d":"BAKES","46d":"ALIVE","47d":"BEETS","49d":"SHOT","52d":"OLE","53d":"TIN","54d":"ALE","55d":"RIA","56d":"TAC","57d":"HST"}}