{"numbers":[["1","2","3","4","-","5","6","7","8","9","-","10","11","12","13"],["14","","","","-","15","","","","","-","16","","",""],["17","","","","-","18","","","","","19","","","",""],["-","20","","","21","","","","-","22","","","","",""],["-","-","-","23","","","-","-","24","","","","-","-","-"],["25","26","27","","","-","28","29","","","","","30","31","32"],["33","","","","","-","34","","","","-","-","35","",""],["36","","","","-","37","","","","","-","38","","",""],["39","","","-","-","40","","","","-","41","","","",""],["42","","","43","44","","","","","-","45","","","",""],["-","-","-","46","","","","-","-","47","","","-","-","-"],["48","49","50","","","","-","51","52","","","","53","54","-"],["55","","","","","","56","","","","-","57","","","58"],["59","","","","-","60","","","","","-","61","","",""],["62","","","","-","63","","","","","-","64","","",""]],"clues":{"1a":"Send a Dear John letter","5a":"Antarctica's ___ Coast","10a":"Stain on Santa","14a":"Medicinal herb","15a":"\"Golden\" song","16a":"Transportation Secretary Federico","17a":"Prefix with bucks or bytes","18a":"Ad: Part 1","20a":"Ad: Part 2","22a":"And others","23a":"Lennon's lady","24a":"Clinches","25a":"Ad: Part 3","28a":"Ad: Part 4","33a":"Beats","34a":"Judge","35a":"Dogpatch diminutive","36a":"Cabbies' credentials: Abbr.","37a":"Jabbed","38a":"Radio knob","39a":"And so forth, for short","40a":"Singular person","41a":"Gladiator's place","42a":"Medium in which this puzzle's ad appeared","45a":"Furnishes for a time","46a":"Twilights, poetically","47a":"Richmond was its cap.","48a":"Queen Victoria's husband","51a":"Ad: Part 5","55a":"Sponsor of the ad","57a":"Snead and Spade","59a":"15 miles of song","60a":"Floor pieces","61a":"Wasatch Range state","62a":"Prepared to drive","63a":"Unclogs","64a":"Glazier's section","1d":"Predicament","2d":"\"___ a song go...\"","3d":"CBS's eye, e.g.","4d":"Genteel snack spots","5d":"Topper's first name","6d":"Wings","7d":"Peculiar: Prefix","8d":"Clear","9d":"Downcast","10d":"Quite an impression","11d":"Trompe l' ___","12d":"\"Dedicated to the ___ Love\"","13d":"Noted Chaplin follower","19d":"Shoshoneans","21d":"Responsibility","24d":"Buries","25d":"Shiftless one","26d":"___ Bandito of commercials","27d":"New Mexico's state flower","28d":"Offenses","29d":"\"The Old ___ Bucket\"","30d":"Martian or Venusian","31d":"Article of food","32d":"Actress Raines and others","37d":"Indicates","38d":"Concocts","41d":"In addition","43d":"Adjudged","44d":"\"Buona ___\" (Italian greeting)","47d":"Judit Polgar's game","48d":"Help a crook","49d":"Bait","50d":"Spreadable cheese","51d":"Tempest","52d":"Browning locale","53d":"\"Do I dare to ___ peach?\": Eliot","54d":"Muscat's land","56d":"Fashionable","58d":"That girl"},"answers":{"1a":"JILT","5a":"CAIRD","10a":"SOOT","14a":"ALOE","15a":"OLDIE","16a":"PENA","17a":"MEGA","18a":"SAIDJULIET","20a":"TOROMEO","22a":"ETALII","23a":"ONO","24a":"ICES","25a":"IFYOU","28a":"WONTSHAVE","33a":"DRUMS","34a":"RATE","35a":"LIL","36a":"LICS","37a":"POKED","38a":"DIAL","39a":"ETC","40a":"ONER","41a":"ARENA","42a":"ROADSIGNS","45a":"LENDS","46a":"EENS","47a":"CSA","48a":"ALBERT","51a":"GOHOMEO","55a":"BURMASHAVE","57a":"SAMS","59a":"ERIE","60a":"TILES","61a":"UTAH","62a":"TEED","63a":"OPENS","64a":"PANE","1d":"JAM","2d":"ILET","3d":"LOGO","4d":"TEAROOMS","5d":"COSMO","6d":"ALAE","7d":"IDIO","8d":"RID","9d":"DEJECTED","10d":"SPLASH","11d":"OEIL","12d":"ONEI","13d":"TATI","19d":"UTES","21d":"ONUS","24d":"INTERS","25d":"IDLER","26d":"FRITO","27d":"YUCCA","28d":"WRONGS","29d":"OAKEN","30d":"ALIEN","31d":"VIAND","32d":"ELLAS","37d":"POINTSTO","38d":"DREAMSUP","41d":"ALSO","43d":"DEEMED","44d":"SERA","47d":"CHESS","48d":"ABET","49d":"LURE","50d":"BRIE","51d":"GALE","52d":"OVEN","53d":"EATA","54d":"OMAN","56d":"HIP","58d":"SHE"}}