{"numbers":[["1","2","3","4","5","6","-","7","8","9","10","11","12","13","-"],["14","","","","","","-","15","","","","","","","-"],["16","","","","","","-","17","","","","","","","18"],["19","","","","","-","20","","","","-","21","","",""],["22","","","","-","23","","","","","-","24","","",""],["25","","","-","26","","","","","-","-","-","27","",""],["-","-","28","29","","","","","-","-","30","31","","",""],["-","-","-","32","","","","-","33","34","","","-","-","-"],["35","36","37","","","-","-","38","","","","","39","-","-"],["40","","","-","-","-","41","","","","","-","42","43","44"],["45","","","46","-","47","","","","","-","48","","",""],["49","","","","-","50","","","","-","51","","","",""],["52","","","","53","","","","-","54","","","","",""],["-","55","","","","","","","-","56","","","","",""],["-","57","","","","","","","-","58","","","","",""]],"clues":{"1a":"Twain character","7a":"To the extent that","14a":"Lacking nothing","15a":"Closet","16a":"Blinker","17a":"Art of arguing","19a":"Traditional areas of knowledge","20a":"Defraud","21a":"High-paying easy job","22a":"Geraint's love","23a":"\"___ Johnny!\"","24a":"Part of an equine family tree","25a":"Room with an easy chair","26a":"Become entrenched","27a":"___ Aviv","28a":"Football team","30a":"Part of elopement plans","32a":"Egg on","33a":"Fuzzy fruit","35a":"Holds back","38a":"Accolade","40a":"Conflict","41a":"Negotiations","42a":"D.C. summer time","45a":"Flag","47a":"Wall decoration","48a":"Blackthorn fruit","49a":"Derive (from)","50a":"Thin","51a":"Sign of life","52a":"Table","54a":"Rodeo rope","55a":"One on a walkout","56a":"Repay","57a":"Hobo's garb","58a":"Business news","1d":"Prepared potatoes","2d":"\"Who'll volunteer?\"","3d":"Of the same mother","4d":"Stacked","5d":"Goddess of discord","6d":"Danger signal","7d":"Unlined tablet","8d":"Hot","9d":"Kith and kin","10d":"Live","11d":"On/off routes","12d":"Nimbleness","13d":"Ties down","18d":"Refine","20d":"Procreate","23d":"Busy place","26d":"Socialist Eugene","29d":"Amateur","30d":"Terrible ___","31d":"Fit out","33d":"Czar-era bourgeois","34d":"Sorts","35d":"Food that's hole-some?","36d":"Most acidic","37d":"Short melody","38d":"Breadwinners","39d":"Commotion","41d":"Merchant","43d":"Medicinal amount","44d":"Be indecisive","46d":"Brainy","47d":"Much the same","48d":"More confident","51d":"Blacktop","53d":"Be in session","54d":"Escape"},"answers":{"1a":"PAUPER","7a":"ASFARAS","14a":"ENTIRE","15a":"STORAGE","16a":"EYELID","17a":"POLEMICS","19a":"LORES","20a":"BILK","21a":"PLUM","22a":"ENID","23a":"HERES","24a":"SIRE","25a":"DEN","26a":"DIGIN","27a":"TEL","28a":"ELEVEN","30a":"TRYST","32a":"ABET","33a":"KIWI","35a":"STAYS","38a":"EULOGY","40a":"WAR","41a":"TALKS","42a":"EDT","45a":"IRIS","47a":"ARRAS","48a":"SLOE","49a":"STEM","50a":"LANK","51a":"PULSE","52a":"SETASIDE","54a":"LARIAT","55a":"STRIKER","56a":"AVENGE","57a":"TATTERS","58a":"MERGER","1d":"PEELED","2d":"ANYONE","3d":"UTERINE","4d":"PILED","5d":"ERIS","6d":"RED","7d":"ASPIRIN","8d":"STOLEN","9d":"FOLKS","10d":"ARE","11d":"RAMPS","12d":"AGILITY","13d":"SECURES","18d":"SMELT","20d":"BEGET","23d":"HIVE","26d":"DEBS","29d":"LAY","30d":"TWOS","31d":"RIG","33d":"KULAK","34d":"ILKS","35d":"SWISS","36d":"TARTEST","37d":"ARIETTA","38d":"EARNERS","39d":"YELLING","41d":"TRADER","43d":"DOSAGE","44d":"TEETER","46d":"SMART","47d":"ALIKE","48d":"SURER","51d":"PAVE","53d":"SIT","54d":"LAM"}}