{"numbers":[["1","2","3","4","-","5","6","7","8","9","-","-","10","11","12"],["13","","","","-","14","","","","","-","15","","",""],["16","","","","-","17","","","","","-","18","","",""],["19","","","","20","","","-","-","21","22","","","",""],["-","-","-","23","","","","-","24","","","","-","-","-"],["-","25","26","","","","","27","","","","","28","29","-"],["30","","","","","","-","31","","","-","32","","","33"],["34","","","","","-","35","","","-","36","","","",""],["37","","","","-","38","","","-","39","","","","",""],["-","40","","","41","","","","42","","","","","","-"],["-","-","-","43","","","","-","44","","","","-","-","-"],["45","46","47","","","","-","-","48","","","","49","50","51"],["52","","","","-","53","54","55","","","-","56","","",""],["57","","","","-","58","","","","","-","59","","",""],["60","","","-","-","61","","","","","-","62","","",""]],"clues":{"1a":"Spring weather forecast","5a":"Grey and others","10a":"Docs","13a":"Personal prefix","14a":"\"Simon Boccanegra,\" e.g.","15a":"Defense mechanism","16a":"Tramp","17a":"Motherly type","18a":"Seep","19a":"Plant holder","21a":"Quickened pace","23a":"Coin on the Spanish Main","24a":"Can","25a":"1995, 2005 and 2003, in China","30a":"Vowel sounds in \"melee\"","31a":"Wheel part","32a":"Cry out","34a":"Released felon","35a":"Spoon","36a":"High-minded","37a":"Adolescent","38a":"Multitude","39a":"Dresden's location","40a":"1996, 2001 and 2002, in China","43a":"Road to Roma","44a":"Lee or Teasdale","45a":"Elastic cord","48a":"Used a pony","52a":"Parrier's equipment","53a":"Its capital is Kinshasa","56a":"Western necktie","57a":"Fighter of 1899-1902","58a":"Dreaded computer word","59a":"Nation on the Strait of Hormuz","60a":"Remnant","61a":"Slumgullion and pepper pot","62a":"Decimal system","1d":"Spray","2d":"Lay off","3d":"Important person","4d":"1994, 2000 and 1998, in China","5d":"They have many signs","6d":"\"Rocky\" villain ___ Creed","7d":"Bottom line","8d":"Before, before","9d":"Unbecoming wit","10d":"Debatable","11d":"Stun","12d":"Road ending","15d":"2004,1997 and 1999, in China","20d":"Encored, in a way","22d":"\"___du lieber!\"","24d":"Blackout","25d":"Onetime Chinese rebel","26d":"___ year (annually)","27d":"Haunted house sound","28d":"Saarinen namesakes","29d":"Nonelectric shaver","30d":"Court call","33d":"Layer","35d":"Seckel or Anjou","36d":"Austronesian language","38d":"Blessed events?","39d":"Philanthropists","41d":"Genevieve, e.g.: Abbr.","42d":"Place in trust","45d":"Actress Daniels of the silents","46d":"Over","47d":"Shortfall","49d":"Endured","50d":"Panache","51d":"Grandees","54d":"High school class","55d":"Sharp feeling"},"answers":{"1a":"MILD","5a":"ZANES","10a":"MDS","13a":"IDIO","14a":"OPERA","15a":"MOAT","16a":"SLOG","17a":"DOTER","18a":"OOZE","19a":"TENDRIL","21a":"CANTER","23a":"REAL","24a":"SACK","25a":"BOARCOCKSHEEP","30a":"LONGAS","31a":"RIM","32a":"YELP","34a":"EXCON","35a":"PET","36a":"MORAL","37a":"TEEN","38a":"SEA","39a":"SAXONY","40a":"RATSNAKEHORSE","43a":"ITER","44a":"SARA","45a":"BUNGEE","48a":"CRIBBED","52a":"EPEE","53a":"ZAIRE","56a":"BOLO","57a":"BOER","58a":"ERROR","59a":"IRAN","60a":"END","61a":"STEWS","62a":"TENS","1d":"MIST","2d":"IDLE","3d":"LION","4d":"DOGDRAGONTIGER","5d":"ZODIACS","6d":"APOLLO","7d":"NET","8d":"ERE","9d":"SARCASM","10d":"MOOT","11d":"DAZE","12d":"STER","15d":"MONKEYOXRABBIT","20d":"RERAN","22d":"ACH","24d":"SKIT","25d":"BOXER","26d":"ONCEA","27d":"CREAK","28d":"EEROS","29d":"PLANE","30d":"LET","33d":"PLY","35d":"PEAR","36d":"MAORI","38d":"SNEEZES","39d":"SHARERS","41d":"STE","42d":"ESCROW","45d":"BEBE","46d":"UPON","47d":"NEED","49d":"BORE","50d":"ELAN","51d":"DONS","54d":"ART","55d":"IRE"}}