{"numbers":[["1","2","3","4","5","6","-","-","7","8","9","10","11","12","-"],["13","","","","","","14","-","15","","","","","","16"],["17","","","","","","","-","18","","","","","",""],["19","","","","","-","20","21","","-","22","","","",""],["23","","","","-","24","","","","25","-","26","","",""],["27","","","-","28","","","","","","29","-","30","",""],["31","","","32","","","","","-","33","","34","","",""],["-","-","-","35","","","","-","36","","","","-","-","-"],["37","38","39","","","","-","40","","","","","41","42","43"],["44","","","-","45","","46","","","","","-","47","",""],["48","","","49","-","50","","","","","-","51","","",""],["52","","","","53","-","54","","","-","55","","","",""],["56","","","","","57","","-","58","59","","","","",""],["60","","","","","","","-","61","","","","","",""],["-","62","","","","","","-","-","63","","","","",""]],"clues":{"1a":"\"Star Wars\" group","7a":"___ card (wallet item)","13a":"\"Walk on the Wild Side\" singer","15a":"Puget Sound city","17a":"Feeler","18a":"\"L'Ecole des Femmes\" writer","19a":"Retard","20a":"\"Make ___ double!\"","22a":"Introvert","23a":"Sticky strip","24a":"Static ___","26a":"Thurmond of hoops","27a":"___ flash","28a":"Hang on the line","30a":"Medicine amounts: Abbr.","31a":"Some shooters","33a":"Singer Kitt","35a":"Subject of the book \"Perjury\"","36a":"Open-weave fabric","37a":"Examine again","40a":"We're all in this together","44a":"Addison's \"___ to Creation\"","45a":"Leathernecks","47a":"___ anemone","48a":"High time?","50a":"Tar from the Thames","51a":"Italian bread","52a":"___ Park, Colo.","54a":"Masc. alternative","55a":"Niamey's country","56a":"Lucky, like sesame seeds?","58a":"Shiite leader","60a":"Loose","61a":"Double negative follower","62a":"Not worn out","63a":"Ran the show","1d":"Adjustable","2d":"Four-time Super Bowl QB","3d":"Housed in","4d":"\"The Forsyte Saga\" lady","5d":"Overhead expense","6d":"Poet's adverb","7d":"On ___ (when wanted)","8d":"Ab ___ (from the start)","9d":"Dudley Do-Right's love","10d":"M-G-M or TriStar rival","11d":"Show historically","12d":"Seventh-inning activity","14d":"Newspapers","16d":"Mother of Calcutta","21d":"Advice","24d":"Glassware","25d":"Grant's opponent, 1872","28d":"Jeffersonian belief","29d":"1979 Richard Gere film","32d":"Any miss","34d":"Artist Lichtenstein","36d":"Center, for one","37d":"Beaus","38d":"Six-time Emmy-winning actor","39d":"With a will","40d":"Quiet, expressive one","41d":"Pioneer pilots","42d":"Golden","43d":"Long in the past","46d":"Rummaged in an arsenal?","49d":"Vassals","51d":"Digs","53d":"Alphabetize","55d":"Second starter","57d":"Majors in acting","59d":"Chew the fat"},"answers":{"1a":"EMPIRE","7a":"DONORS","13a":"LOUREED","15a":"EVERETT","17a":"ANTENNA","18a":"MOLIERE","19a":"STUNT","20a":"ITA","22a":"LONER","23a":"TAPE","24a":"CLING","26a":"NATE","27a":"INA","28a":"DRIPDRY","30a":"CCS","31a":"CATSEYES","33a":"EARTHA","35a":"HISS","36a":"LENO","37a":"RETEST","40a":"MILKYWAY","44a":"ODE","45a":"MARINES","47a":"RUE","48a":"MASS","50a":"LIMEY","51a":"LIRA","52a":"ESTES","54a":"FEM","55a":"NIGER","56a":"ONAROLL","58a":"AGAKHAN","60a":"SETFREE","61a":"NANETTE","62a":"RESTED","63a":"BOSSED","1d":"ELASTIC","2d":"MONTANA","3d":"PUTUPAT","4d":"IRENE","5d":"RENT","6d":"EEN","7d":"DEMAND","8d":"OVO","9d":"NELL","10d":"ORION","11d":"REENACT","12d":"STRETCH","14d":"DAILIES","16d":"TERESA","21d":"TIPS","24d":"CRYSTAL","25d":"GREELEY","28d":"DEISM","29d":"YANKS","32d":"SHE","34d":"ROY","36d":"LINEMAN","37d":"ROMEOS","38d":"EDASNER","39d":"TESTATE","40d":"MIME","41d":"WRIGHTS","42d":"AUREATE","43d":"YEARNED","46d":"RIFLED","49d":"SERFS","51d":"LIKES","53d":"SORT","55d":"NANO","57d":"LEE","59d":"GAB"}}