{"numbers":[["1","2","3","4","5","6","7","8","9","-","10","11","12","13","14"],["15","","","","","","","","","-","16","","","",""],["17","","","","","","","","","-","18","","","",""],["19","","","","","","","","-","20","","","","",""],["-","-","-","-","21","","","-","22","","","","","",""],["23","24","25","26","","","-","27","","","","","-","-","-"],["28","","","","","-","29","","","","","","30","31","-"],["32","","","","-","33","","","","","-","34","","","35"],["-","36","","","37","","","","","-","38","","","",""],["-","-","-","39","","","","","-","40","","","","",""],["41","42","43","","","","","-","44","","","-","-","-","-"],["45","","","","","","-","46","","","","47","48","49","50"],["51","","","","","-","52","","","","","","","",""],["53","","","","","-","54","","","","","","","",""],["55","","","","","-","56","","","","","","","",""]],"clues":{"1a":"Not quite tithes","10a":"Miles Archer's partner of fiction","15a":"Friml operetta of 1924","16a":"Advance rudely","17a":"Lifeless","18a":"Wide-eyed","19a":"Noncombatant group","20a":"Bust maker","21a":"___ loss for words","22a":"Testifier","23a":"Greatest extent","27a":"Word with golf or grass","28a":"\"Payment ___\"","29a":"Broad-minded","32a":"Actor Morales","33a":"Plant bulbs","34a":"Southwestern Indians","36a":"1943 Agnes de Mille work","38a":"Palermo party","39a":"Some coll. tests","40a":"Outer layer","41a":"Germane","44a":"Try","45a":"Whips","46a":"Heliolater","51a":"Second cranial nerve","52a":"Singer born Clara Ann Fowler","53a":"Brag","54a":"Commemorating","55a":"Fairy tale figures","56a":"Stealthy","1d":"William Drennan poem of 1795","2d":"Kind of wolf","3d":"Birthright seller","4d":"Air out","5d":"Mideast princedom","6d":"1969 Super Bowl M.V.P.","7d":"Skipping sounds","8d":"Slugs","9d":"Get the point","10d":"One in 100","11d":"Bourbon cutter","12d":"\"___ with Me\" (old hymn)","13d":"Antiwar group","14d":"Rose holders, maybe","20d":"Midway sights","22d":"Role for Elizabeth Perkins","23d":"It's usually white when it's little","24d":"Bygone motoring brand","25d":"Minn. neighbor","26d":"Bourbon cutter?","27d":"Payoff for early birds","29d":"Sweetums","30d":"Tweed's thorn","31d":"Carry-along","33d":"Most ancient of Greek gods","35d":"Alto ___","37d":"Features","38d":"Sly","40d":"Pound measures?","41d":"Foregoing","42d":"Kind of cross","43d":"Block of rows toward the back","44d":"Flavor start","46d":"Healthy: lt.","47d":"Auto import from Europe","48d":"Farm pointer?","49d":"Conceits","50d":"Arbiters of plays","52d":"Immobilize"},"answers":{"1a":"ELEVENTHS","10a":"SPADE","15a":"ROSEMARIE","16a":"ELBOW","17a":"INANIMATE","18a":"NAIVE","19a":"NEUTRALS","20a":"RAIDER","21a":"ATA","22a":"WITNESS","23a":"LENGTH","27a":"WIDOW","28a":"ISDUE","29a":"TOLERANT","32a":"ESAI","33a":"CORMS","34a":"TAOS","36a":"OKLAHOMA","38a":"FESTA","39a":"LSATS","40a":"CORTEX","41a":"APROPOS","44a":"TAX","45a":"BASTES","46a":"SUNLOVER","51a":"OPTIC","52a":"PATTIPAGE","53a":"VAUNT","54a":"INTOKENOF","55a":"ELVES","56a":"NOISELESS","1d":"ERIN","2d":"LONE","3d":"ESAU","4d":"VENT","5d":"EMIRATE","6d":"NAMATH","7d":"TRALA","8d":"HITS","9d":"SEE","10d":"SENATOR","11d":"PLAINWATER","12d":"ABIDE","13d":"DOVES","14d":"EWERS","20d":"RIDES","22d":"WILMA","23d":"LIE","24d":"ESSO","25d":"NDAK","26d":"GUILLOTINE","27d":"WORMS","29d":"TOOTS","30d":"NAST","31d":"TOTE","33d":"CHAOS","35d":"SAX","37d":"ASPECTS","38d":"FOXLIKE","40d":"CANTOS","41d":"ABOVE","42d":"PAPAL","43d":"RSTUV","44d":"TUTTI","46d":"SANO","47d":"OPEL","48d":"VANE","49d":"EGOS","50d":"REFS","52d":"PIN"}}