{"numbers":[["1","2","3","4","5","6","7","-","8","9","10","11","12","13","-","14","15","16","17","18","19"],["20","","","","","","","-","21","","","","","","-","22","","","","",""],["23","","","","","","","24","","","","","","","-","25","","","","",""],["26","","","-","27","","","","","-","28","","","","29","","","-","30","",""],["31","","","32","-","33","","","","34","","-","35","","","","-","36","","",""],["37","","","","38","-","39","","","","-","40","","","","-","41","","","",""],["42","","","","","43","","","-","44","45","","","","-","46","","","","",""],["-","-","-","47","","","","-","48","","","","-","49","50","","","","","-","-"],["51","52","53","","","","-","54","","","","","55","-","56","","","","","57","58"],["59","","","","","-","60","","","","-","61","","62","","","","-","63","",""],["64","","","","-","65","","","","","-","66","","","","","-","67","","",""],["68","","","-","69","","","","","","-","70","","","","-","71","","","",""],["72","","","73","","","","-","74","","75","","","","-","76","","","","",""],["-","-","77","","","","","78","-","79","","","","-","80","","","","-","-","-"],["81","82","","","","","-","83","84","","","","-","85","","","","","86","87","88"],["89","","","","","-","90","","","","-","91","92","","","-","93","","","",""],["94","","","","-","95","","","","-","96","","","","","97","-","98","","",""],["99","","","-","100","","","","","101","","-","102","","","","103","-","104","",""],["105","","","106","","","-","107","","","","108","","","","","","109","","",""],["110","","","","","","-","111","","","","","","-","112","","","","","",""],["113","","","","","","-","114","","","","","","-","115","","","","","",""]],"clues":{"1a":"Soprano Teresa","8a":"Relieves","14a":"Jalopies","20a":"Get along peacefully","21a":"Common sweetener","22a":"Oust","23a":"Trattoria serving","25a":"Choice word","26a":"Stephen of \"The Crying Game\"","27a":"Pied-a-___","28a":"Die ___ (German elite)","30a":"Bambi's aunt","31a":"\"___ right with the world\"","33a":"At least R-rated","35a":"Inoperative","36a":"Kind of joint","37a":"Nightclub","39a":"1955 Disney dog","40a":"Cheviot sounds","41a":"\"When We Were Very Young\" writer","42a":"Shaped roughly, as stone","44a":"Laws-to-be","46a":"Prison camps","47a":"Out for the night","48a":"Ballet move","49a":"___ the saddle (proud)","51a":"Site of the Piltdown man hoax","54a":"Cliche-in-the-making","56a":"Chinese porcelain","59a":"Highlanders pattern","60a":"Word among Friends","61a":"Waistbands","63a":"Buddy","64a":"Part of I.L.G.W.U.: Abbr.","65a":"Everglade","66a":"Novel conclusions","67a":"Hustler from Minnesota","68a":"Dept. of Transportation agcy.","69a":"Stand for","70a":"Things to pay","71a":"Java flavoring","72a":"Olympics event since 1896","74a":"John Wayne productions","76a":"Starter of a sort","77a":"Brutalize","79a":"On the qui ___","80a":"Outfit","81a":"Vehicle stickers, e.g.","83a":"Tractor name","85a":"Certain acid salts","89a":"Widely sighted figure","90a":"\"___ for All Seasons\"","91a":"Sports org.","93a":"Shumagin islander","94a":"Part of A.F.L.-C.I.O.: Abbr.","95a":"Sorority letters","96a":"Kind of humor","98a":"To be, to Babette","99a":"June bug","100a":"Railroad mechanism","102a":"TV workers' union, for short","104a":"Step on the gas","105a":"Store fodder","107a":"Popular dessert","110a":"Help around the office","111a":"Ogata Korin painting","112a":"Tutsi or Hutu national","113a":"One who's quizzed","114a":"Tardy arriving","115a":"Man-becomes-cobra flick of 1973","1d":"Egyptian symbols","2d":"\"Wild Thing\" rapper","3d":"Royal duds","4d":"Jack's tool","5d":"Pinball goof","6d":"Residue","7d":"All shook up","8d":"Difference between prices bid and asked","9d":"High point","10d":"60's tripper Timothy","11d":"Amphora","12d":"Summery","13d":"Littoral","14d":"Something to believe in","15d":"Harness part","16d":"Quantity: Abbr.","17d":"1955 Audie Murphy flick","18d":"Prime-time time","19d":"Shawls","24d":"\"___ the news today, oh boy\" (Beatles lyric)","29d":"Welcome words","32d":"Fourth-century church father","34d":"Gene Austin's five-million seller","36d":"Eyelashes","38d":"Fell off","40d":"Birth, so to speak","41d":"Meditates","43d":"Superman foe Luthor","45d":"Three, of a kind","46d":"Chorus songs","48d":"\"Shazam!\"","50d":"Feels (for)","51d":"Neaten, with \"up\"","52d":"Forearm bones","53d":"1989 best seller, with \"The\"","54d":"\"Comin' ___ the Rye\"","55d":"Full-fledged","57d":"One ___ other","58d":"Have ___ in the matter","60d":"Strong flavors","62d":"Starts of many Quebec place names","65d":"Screen lists","67d":"Moving words","69d":"Particular pickles","71d":"Source of igneous rock","73d":"Filmmaker Rene ___","75d":"French shooting match","76d":"Whisper sweet nothings","78d":"English king called Ironside","80d":"Quislings","81d":"Least exciting","82d":"Los Angeles suburb","84d":"American rival, once","85d":"Rocky Mountains park","86d":"Double duos","87d":"Some vacuum cleaners","88d":"Ginsburg colleague","90d":"Sports org.","92d":"Gliding step","95d":"\"___ Dreams\" (1986 pop hit)","96d":"1974 pension provision: Abbr.","97d":"Plains people","100d":"___-eyed","101d":"Infamy","103d":"Nabokov heroine et al.","106d":"Savings acct. abbr.","108d":"Permit","109d":"Brain and spinal cord: Abbr."},"answers":{"1a":"STRATAS","8a":"SALVES","14a":"CRATES","20a":"COEXIST","21a":"PLEASE","22a":"REMOVE","23a":"ANGELHAIRPASTA","25a":"EITHER","26a":"REA","27a":"TERRE","28a":"REICHEN","30a":"ENA","31a":"ALLS","33a":"STEAMY","35a":"VOID","36a":"CLIP","37a":"BOITE","39a":"LADY","40a":"BAAS","41a":"MILNE","42a":"SCABBLED","44a":"BILLS","46a":"GULAGS","47a":"ABED","48a":"PLIE","49a":"TALLIN","51a":"SUSSEX","54a":"TRUISM","56a":"CELADON","59a":"PLAID","60a":"THEE","61a":"SASHES","63a":"BRO","64a":"INTL","65a":"MARSH","66a":"ETTES","67a":"FATS","68a":"FAA","69a":"DENOTE","70a":"DUES","71a":"MOCHA","72a":"FENCING","74a":"OATERS","76a":"CARKEY","77a":"ILLUSE","79a":"VIVE","80a":"TOGS","81a":"DECALS","83a":"DEERE","85a":"BROMATES","89a":"ELVIS","90a":"AMAN","91a":"NCAA","93a":"ALEUT","94a":"AMER","95a":"TAUS","96a":"ETHNIC","98a":"ETRE","99a":"DOR","100a":"SHUNTER","102a":"AFTRA","104a":"REV","105a":"ENSILE","107a":"DEVILSFOODCAKE","110a":"STENOS","111a":"IRISES","112a":"RWANDAN","113a":"TESTEE","114a":"INLATE","115a":"SSSSSSS","1d":"SCARABS","2d":"TONELOC","3d":"REGALIA","4d":"AXE","5d":"TILT","6d":"ASHES","7d":"STARTLED","8d":"SPREAD","9d":"ALP","10d":"LEARY","11d":"VASE","12d":"ESTIVAL","13d":"SEACOAST","14d":"CREED","15d":"REIN","16d":"AMT","17d":"TOHELLANDBACK","18d":"EVENING","19d":"SERAPES","24d":"IREAD","29d":"HIS","32d":"STBASIL","34d":"MYBLUEHEAVEN","36d":"CILIA","38d":"EBBED","40d":"BLESSEDEVENT","41d":"MULLS","43d":"LEX","45d":"III","46d":"GLEES","48d":"PRESTO","50d":"ACHES","51d":"SPIFF","52d":"ULNAE","53d":"SATANICVERSES","54d":"THRO","55d":"MATURE","57d":"ORTHE","58d":"NOSAY","60d":"TANGS","62d":"STES","65d":"MENUS","67d":"FORSALE","69d":"DILLS","71d":"MAGMA","73d":"CLAIR","75d":"TIR","76d":"COO","78d":"EDMUNDII","80d":"TRAITORS","81d":"DEADEST","82d":"ELMONTE","84d":"EASTERN","85d":"BANFF","86d":"TETRADS","87d":"EUREKAS","88d":"STEVENS","90d":"AAU","92d":"CHASSE","95d":"THESE","96d":"ERISA","97d":"CROWS","100d":"SLOE","101d":"EVIL","103d":"ADAS","106d":"INT","108d":"LET","109d":"CNS"}}