{"numbers":[["1","2","3","-","4","5","6","7","8","9","-","10","11","12","13"],["14","","","-","15","","","","","","-","16","","",""],["17","","","-","18","","","","","","19","","","",""],["20","","","21","","","","","-","22","","","","",""],["-","-","23","","","","","-","24","","","","-","-","-"],["25","26","","","","","-","27","","","","","28","29","30"],["31","","","","","-","32","","","","-","33","","",""],["34","","","-","35","36","","","","","37","-","38","",""],["39","","","40","-","41","","","","-","42","43","","",""],["44","","","","45","","","","-","46","","","","",""],["-","-","-","47","","","","-","48","","","","","-","-"],["49","50","51","","","","-","52","","","","","","53","54"],["55","","","","","","56","","","","","-","57","",""],["58","","","","-","59","","","","","","-","60","",""],["61","","","","-","62","","","","","","-","63","",""]],"clues":{"1a":"Gregory Hines specialty","4a":"Take for granted","10a":"Colorless","14a":"Actress Gardner","15a":"Stay-at-home","16a":"Roof overhang","17a":"House member: Abbr.","18a":"Interior decorator's hiree","20a":"Wields the gavel","22a":"Swear (to)","23a":"Pinker inside","24a":"Opponent","25a":"Greek geometer","27a":"Premolar","31a":"Pallid","32a":"Secrete","33a":"Poi ingredient","34a":"Fed. power agcy.","35a":"Diffidence","38a":"Sword's superior, in saying","39a":"Craving","41a":"Ends' partner","42a":"More than fat","44a":"Stereo components","46a":"32-card card game","47a":"Effect a makeover","48a":"Napoleon's cavalry commander","49a":"Slow, in music","52a":"Bring an issue home","55a":"Pet rock, maybe","57a":"Hair application","58a":"Formerly","59a":"Mother ___","60a":"The 90's, e.g.","61a":"Goes out with regularly","62a":"Archeological finds","63a":"Director Howard","1d":"Canvas cover","2d":"Declare positively","3d":"Houseman TV series, with \"The\"","4d":"Two are often prescribed","5d":"Under the elms","6d":"\"Great!\"","7d":"Salt Lake City team","8d":"Russian for \"peace\"","9d":"Makes more valuable","10d":"Person who's feeling down in the mouth?","11d":"Fad","12d":"Lexington and Madison: Abbr.","13d":"Lahr or Parks","19d":"One of the Aleutians","21d":"Shopper's lure","24d":"Adjutants","25d":"Noblemen","26d":"Exhaust","27d":"Ties","28d":"Toothless threat","29d":"\"___ my case\"","30d":"Gift recipient","32d":"Kind of power","36d":"Barn dances","37d":"Legendary hemlock drinker","40d":"Sidewinder lock-ons","43d":"False god","45d":"Actor Dullea","46d":"A form of 46-Across","48d":"Tycoon","49d":"Primates","50d":"Madonna's \"Truth or ___\"","51d":"Church area","52d":"Lo-cal","53d":"Mr. Mostel","54d":"Flair","56d":"Chow down"},"answers":{"1a":"TAP","4a":"ASSUME","10a":"DRAB","14a":"AVA","15a":"SHUTIN","16a":"EAVE","17a":"REP","18a":"PAPERHANGER","20a":"PRESIDES","22a":"ATTEST","23a":"RARER","24a":"ANTI","25a":"EUCLID","27a":"BICUSPID","31a":"ASHEN","32a":"HIDE","33a":"TARO","34a":"REA","35a":"SHYNESS","38a":"PEN","39a":"LUST","41a":"ODDS","42a":"OBESE","44a":"SPEAKERS","46a":"ECARTE","47a":"REDO","48a":"MURAT","49a":"ADAGIO","52a":"LOCALIZE","55a":"PAPERWEIGHT","57a":"GEL","58a":"ERST","59a":"NATURE","60a":"ERA","61a":"SEES","62a":"STELES","63a":"RON","1d":"TARP","2d":"AVER","3d":"PAPERCHASE","4d":"ASPIRINS","5d":"SHADED","6d":"SUPER","7d":"UTES","8d":"MIR","9d":"ENHANCES","10d":"DENTIST","11d":"RAGE","12d":"AVES","13d":"BERT","19d":"ATTU","21d":"SALE","24d":"AIDES","25d":"EARLS","26d":"USEUP","27d":"BINDS","28d":"PAPERTIGER","29d":"IREST","30d":"DONEE","32d":"HYDRO","36d":"HOEDOWNS","37d":"SOCRATES","40d":"TARGETS","43d":"BAAL","45d":"KEIR","46d":"EUCHRE","48d":"MOGUL","49d":"APES","50d":"DARE","51d":"APSE","52d":"LITE","53d":"ZERO","54d":"ELAN","56d":"EAT"}}