{"numbers":[["1","2","3","4","-","5","6","7","8","-","9","10","11","12","13"],["14","","","","-","15","","","","-","16","","","",""],["17","","","","-","18","","","","-","19","","","",""],["20","","","","21","","","","-","22","","","","",""],["-","-","23","","","-","-","24","25","","","","","",""],["26","27","","","","28","-","29","","","","","-","-","-"],["30","","","","","","-","31","","","-","32","33","34","35"],["36","","","-","37","","38","-","39","","40","-","41","",""],["42","","","43","-","44","","45","-","46","","47","","",""],["-","-","-","48","49","","","","-","50","","","","",""],["51","52","53","","","","","","-","-","54","","","-","-"],["55","","","","","","-","56","57","58","","","","59","60"],["61","","","","","-","62","","","","-","63","","",""],["64","","","","","-","65","","","","-","66","","",""],["67","","","","","-","68","","","","-","69","","",""]],"clues":{"1a":"Dogpatch's creator","5a":"Palindromic term of address","9a":"Talked, old-style","14a":"Nose tweaker","15a":"Willa Cather's \"One of ___\"","16a":"With sickly pallor","17a":"Dream","18a":"Till's bills","19a":"Rags-to-riches writer","20a":"Start of an old motto","22a":"List ender","23a":"Shooter ammo","24a":"Part 2 of motto","26a":"Take- ___ (accompaniers)","29a":"___ of one's own medicine","30a":"Part 3 of motto","31a":"Bulldog","32a":"Twosome","36a":"Martinique, e.g.","37a":"Environmentally minded, for short","39a":"Hook shape","41a":"\"Don't Bring Me Down\" rock group","42a":"Miami's county","44a":"Blanche in \"The Golden Girls\"","46a":"Part 4 of motto","48a":"Particle","50a":"Conquering hero","51a":"Part 5 of motto","54a":"Aerialist's safeguard","55a":"Theater people","56a":"End of motto","61a":"Sightseeing sight","62a":"Golfer Isao ___","63a":"Singleton","64a":"Ball","65a":"A night in Paris","66a":"Exterior: Prefix","67a":"Blackthorn shrubs","68a":"1949 erupter","69a":"Creep through the cracks","1d":"Search thoroughly","2d":"Together, musically","3d":"On hold","4d":"Make believe","5d":"Heath","6d":"Godmother, often","7d":"Rings of color","8d":"Orig. texts","9d":"Mower's trails","10d":"Mouth parts","11d":"White, informally","12d":"Last name in fashion","13d":"Nest for 21-Down: Var.","21d":"See 13-Down","22d":"\"Me\" types","25d":"Thumb-twiddling","26d":"Fatty ___","27d":"Refrain part","28d":"1985 Danielle Steel best seller","33d":"Regretfulness","34d":"Choir voice","35d":"Koh-i- ___ (famed diamond)","38d":"Pinch reaction","40d":"Cut of meat","43d":"Nitty-gritty","45d":"Just managed","47d":"Streets","49d":"Medea's ill-fated uncle","51d":"Miss Muffet edible","52d":"Business as ___","53d":"Zoo heavyweight","57d":"Related","58d":"Comic Rudner","59d":"Spot","60d":"\"Avast!\"","62d":"Actress Sue ___ Langdon"},"answers":{"1a":"CAPP","5a":"MAAM","9a":"SPAKE","14a":"ODOR","15a":"OURS","16a":"WANLY","17a":"MUSE","18a":"ONES","19a":"ALGER","20a":"BETTERTO","22a":"ETALII","23a":"PEA","24a":"LIGHTONE","26a":"ALONGS","29a":"ADOSE","30a":"CANDLE","31a":"ELI","32a":"SPAN","36a":"ILE","37a":"ECO","39a":"ESS","41a":"ELO","42a":"DADE","44a":"RUE","46a":"THANTO","48a":"SPECK","50a":"SAVIOR","51a":"CURSETHE","54a":"NET","55a":"USHERS","56a":"DARKNESS","61a":"RUINS","62a":"AOKI","63a":"UNIT","64a":"DANCE","65a":"NUIT","66a":"ECTO","67a":"SLOES","68a":"ETNA","69a":"SEEP","1d":"COMB","2d":"ADUE","3d":"POSTPONED","4d":"PRETEND","5d":"MOOR","6d":"AUNT","7d":"AREOLAE","8d":"MSS","9d":"SWATHS","10d":"PALATES","11d":"ANGLO","12d":"KLEIN","13d":"EYRIE","21d":"EAGLE","22d":"EGOISTS","25d":"IDLE","26d":"ACID","27d":"LALA","28d":"SECRETS","33d":"PENITENCE","34d":"ALTO","35d":"NOOR","38d":"OUCH","40d":"SHANK","43d":"ESSENCE","45d":"EKEDOUT","47d":"AVENUES","49d":"PERSES","51d":"CURDS","52d":"USUAL","53d":"RHINO","57d":"AKIN","58d":"RITA","59d":"SITE","60d":"STOP","62d":"ANE"}}