{"numbers":[["1","2","3","4","5","-","6","7","8","-","9","10","11","12","13"],["14","","","","","-","15","","","-","16","","","",""],["17","","","","","-","18","","","-","19","","","",""],["-","-","20","","","21","","","","22","","","","-","-"],["23","24","","","","","","","","","","","","25","26"],["27","","","","","","-","28","","","-","29","","",""],["30","","","-","31","","32","","","-","-","33","","",""],["-","-","-","34","","","","-","35","36","37","","-","-","-"],["38","39","40","","-","-","41","42","","","","-","43","44","45"],["46","","","","-","47","","","-","48","","49","","",""],["50","","","","51","","","","52","","","","","",""],["-","-","53","","","","","","","","","","","-","-"],["54","55","","","","-","56","","","-","57","","","58","59"],["60","","","","","-","61","","","-","62","","","",""],["63","","","","","-","64","","","-","65","","","",""]],"clues":{"1a":"Rustic lodging, informally","6a":"The Fighting Tigers: Abbr.","9a":"Bust","14a":"Make ___ out of (contradict)","15a":"Rustic lodging","16a":"\"... partridge in ___ tree\"","17a":"\"Alone\" composer Brown","18a":"To catch a thief","19a":"Yo-Yo string?","20a":"With 53-Across, 1940 Reagan film","23a":"Reagan TV series","27a":"Singer Tucker and others","28a":"Language suffix","29a":"On the Baltic","30a":"Opposite of nord","31a":"Courage","33a":"Ultrasound is one","34a":"Part of NASA: Abbr.","35a":"___ homo","38a":"Part of The Shadow's attire","41a":"Yellowish red","43a":"Old hand","46a":"Colorado Indians","47a":"TV frequency","48a":"Used a blender","50a":"Much-maligned Reagan flick","53a":"See 20-Across","54a":"Contradict","56a":"Certain savings, for short","57a":"Oil-well capper Red ___","60a":"With no letup","61a":"French seasoning","62a":"One of the Fab Four","63a":"Piece of pie","64a":"N.F.L. scores","65a":"___ Hall (South Orange school)","1d":"Prohibit","2d":"___ carte","3d":"___ Nora Charles (\"Thin Man\" pair)","4d":"Delicate","5d":"Uproar","6d":"Start of a tax form","7d":"Angry dog","8d":"Dim the spirits of","9d":"Exuding kitsch","10d":"Scheduling break","11d":"Dismissal","12d":"\"My gal\"","13d":"Spanish gold","21d":"Family room piece","22d":"Middling mark","23d":"Drunk's affliction","24d":"___ Claire. Wis.","25d":"Affirmation","26d":"Took a load off","32d":"Scientific charlatan","34d":"A little bird","36d":"Isle of song","37d":"Pullman units","38d":"___ games (Reagan announcing job)","39d":"Lunched","40d":"Biked","42d":"Put up for sale","43d":"Kind of race","44d":"___ -de- chaussee (street level)","45d":"Prefix with meter","47d":"Thurman of \"Johnny Be Good\"","49d":"Tour assistant","51d":"___ France","52d":"Some exams","54d":"Arc","55d":"Opposite WSW","58d":"Goodman's \"When ___ A-Dreamin'\"","59d":"Diminutive Reagan"},"answers":{"1a":"BANDB","6a":"LSU","9a":"TORSO","14a":"ALIAR","15a":"INN","16a":"APEAR","17a":"NACIO","18a":"NAB","19a":"CELLO","20a":"KNUTEROCKNE","23a":"DEATHVALLEYDAYS","27a":"TANYAS","28a":"ESE","29a":"ASEA","30a":"SUD","31a":"HEART","33a":"TEST","34a":"NATL","35a":"ECCE","38a":"CAPE","41a":"CORAL","43a":"PRO","46a":"UTES","47a":"UHF","48a":"PUREED","50a":"BEDTIMEFORBONZO","53a":"ALLAMERICAN","54a":"BELIE","56a":"IRA","57a":"ADAIR","60a":"ONEND","61a":"SEL","62a":"RINGO","63a":"WEDGE","64a":"TDS","65a":"SETON","1d":"BAN","2d":"ALA","3d":"NICKAND","4d":"DAINTY","5d":"BROUHAHA","6d":"LINEA","7d":"SNARLER","8d":"UNBOLSTER","9d":"TACKY","10d":"OPENDATE","11d":"RELEASE","12d":"SAL","13d":"ORO","21d":"TVSET","22d":"CEE","23d":"DTS","24d":"EAU","25d":"YES","26d":"SAT","32d":"ALCHEMIST","34d":"NESTLING","36d":"CAPRI","37d":"CLUBCARS","38d":"CUB","39d":"ATE","40d":"PEDALED","42d":"OFFERED","43d":"PENNANT","44d":"REZ","45d":"ODO","47d":"UMA","49d":"ROADIE","51d":"ILEDE","52d":"ORALS","54d":"BOW","55d":"ENE","58d":"IGO","59d":"RON"}}