{"numbers":[["1","2","3","4","5","-","-","6","7","8","9","-","10","11","12"],["13","","","","","-","14","","","","","-","15","",""],["16","","","","","17","","","","","","-","18","",""],["-","-","-","19","","","","-","-","20","","21","","",""],["22","23","24","","-","25","","26","27","","","","","-","-"],["28","","","","-","-","-","29","","","","","","30","31"],["32","","","","33","-","34","","","","","-","35","",""],["36","","","","","-","37","","","-","38","39","","",""],["40","","","-","41","42","","","","-","43","","","",""],["44","","","45","","","","","-","-","-","46","","",""],["-","-","47","","","","","","48","49","-","50","","",""],["51","52","","","","","-","-","53","","54","","-","-","-"],["55","","","-","56","","57","58","","","","","59","60","61"],["62","","","-","63","","","","","-","64","","","",""],["65","","","-","66","","","","-","-","67","","","",""]],"clues":{"1a":"Rear","6a":"Edible rodent","10a":"Address abbr.","13a":"Historic earldom","14a":"Jambalaya locale","15a":"Perrier, par exemple","16a":"Smog?","18a":"More than aloofness","19a":"Yves's eve","20a":"Write off","22a":"Belly laugh","25a":"Like Desmond Tutu","28a":"Synge's \"___ Island\"","29a":"Fred Harman's comics cowboy","32a":"Of ecological stages","34a":"Athlete's foot","35a":"Hack","36a":"Ownership","37a":"U.N. arm","38a":"Firms (up)","40a":"Bambi's aunt","41a":"Rings","43a":"Mountain capital","44a":"Freedom","46a":"Head overseas","47a":"Showed indecision","50a":"Sound of a live wire","51a":"Belle and others","53a":"Appear ahead","55a":"Comics interjection","56a":"How a young lady succeeds?","62a":"Sign","63a":"Goodbye","64a":"___ Fountain","65a":"Dance step","66a":"Almost up","67a":"Indians whose name means \"lovers of sexual pleasure\"","1d":"Actor Stephen","2d":"\"Do ___ say!\"","3d":"Medit. nation","4d":"At some times of the year","5d":"Fair","6d":"Something to be up to","7d":"One vote","8d":"Tell secretly","9d":"Overlords","10d":"Inaugural balls?","11d":"Confront","12d":"\"Parigi, ocara,\" in \"La Traviata\"","14d":"Old dance site","17d":"Airline to Karachi","21d":"Bit of light","22d":"Low-priced lodging","23d":"___ million","24d":"Results of deer hunting?","26d":"Cross-examiner","27d":"Jay and family","30d":"Uses force","31d":"Has a second meeting with","33d":"Ed Sullivan Theater host","34d":"Cañon feature","39d":"Hornswoggle","42d":"Diamond call","45d":"Comparative suffix","48d":"Tennyson's \"doves in immemorial ___\"","49d":"___ good turn","51d":"She at sea","52d":"One of the Sinatras","54d":"Aware of","57d":"MNO, on a phone","58d":"Tippler","59d":"Storm producer","60d":"Time before","61d":"Family member"},"answers":{"1a":"RAISE","6a":"PACA","10a":"RFD","13a":"ESSEX","14a":"BAYOU","15a":"EAU","16a":"AIRAPPARENT","18a":"ICE","19a":"SOIR","20a":"FORGET","22a":"HOHO","25a":"ANGLICAN","28a":"ONAN","29a":"REDRYDER","32a":"SERAL","34a":"TINEA","35a":"AXE","36a":"TITLE","37a":"ILO","38a":"TONES","40a":"ENA","41a":"TOLLS","43a":"SUCRE","44a":"LATITUDE","46a":"TETE","47a":"TEETERED","50a":"SSSS","51a":"STARRS","53a":"LOOM","55a":"HIC","56a":"MISSMANAGES","62a":"INK","63a":"ADIOS","64a":"TREVI","65a":"PAS","66a":"NEXT","67a":"OTOES","1d":"REA","2d":"ASI","3d":"ISR","4d":"SEASONAL","5d":"EXPO","6d":"PAR","7d":"AYE","8d":"CONFIDE","9d":"AUTOCRATS","10d":"REIGNDANCES","11d":"FACE","12d":"DUET","14d":"BARN","17d":"PIA","21d":"RAY","22d":"HOSTEL","23d":"ONEINA","24d":"HARTATTACKS","26d":"GRILLER","27d":"LENOS","30d":"EXERTS","31d":"RESEES","33d":"LETTERMAN","34d":"TILDE","39d":"OUTSMART","42d":"OUTSIDE","45d":"IER","48d":"ELMS","49d":"DOA","51d":"SHIP","52d":"TINA","54d":"ONTO","57d":"SIX","58d":"SOT","59d":"GEO","60d":"EVE","61d":"SIS"}}