{"numbers":[["1","2","3","4","5","-","6","7","8","9","-","10","11","12","13"],["14","","","","","-","15","","","","-","16","","",""],["17","","","","","-","18","","","","19","","","",""],["20","","","","","21","","","","","","","-","-","-"],["-","22","","","","","","-","-","-","23","","24","25","26"],["-","-","-","27","","","-","28","29","30","","","","",""],["31","32","33","-","-","34","35","","","","-","36","","",""],["37","","","38","-","39","","","","","-","40","","",""],["41","","","","-","42","","","","","-","-","43","",""],["44","","","","45","","","","-","46","47","48","-","-","-"],["49","","","","","-","-","-","50","","","","51","52","-"],["-","-","-","53","","54","55","56","","","","","","","57"],["58","59","60","","","","","","","-","61","","","",""],["62","","","","-","63","","","","-","64","","","",""],["65","","","","-","66","","","","-","67","","","",""]],"clues":{"1a":"Ezio Pinza, e.g.","6a":"Leak","10a":"Mention publicly","14a":"Mythological figure","15a":"It's found on the end of a string","16a":"Hogarth depiction","17a":"Texas A &amp; M student","18a":"Untimely arrival","20a":"National anthem?","22a":"907 kilograms","23a":"Sip","27a":"Houston, for one","28a":"\"To ___\" (with 44-Across, tune to which U.S. anthem was set)","31a":"Belli's bailiwick","34a":"Gold Cup Day site","36a":"\"Holy cow!\"","37a":"Cross to bear","39a":"Not by a long shot","40a":"Lay by","41a":"Straight prefix","42a":"Yemeni's neighbor","43a":"Took the van","44a":"See 28-Across","46a":"Pourboire","49a":"Direct","50a":"Obsolescent occupation","53a":"National anthem?","58a":"Whoop it up","61a":"Nick of \"Cape Fear\"","62a":"Impersonator","63a":"Hold overseas","64a":"Grenoble's river","65a":"Shadows","66a":"More than cheerfulness","67a":"Relinquished","1d":"Whilom airline inits.","2d":"About 1% of the atmosphere","3d":"Transition","4d":"Louis and Paul, e.g.","5d":"Folk singer from Birmingham","6d":"Most populous N.Y.C. boro","7d":"Former Irish Prime Minister Cosgrave","8d":"Alaskan wildlife refuge site","9d":"Killer ___","10d":"Gains","11d":"Beat it","12d":"Maui strings","13d":"Neighbor of Pol.","19d":"U.S. Pres., militarily","21d":"Peter I, II or III","24d":"Splendid","25d":"Italian white wine","26d":"Ran its course","28d":"Israelite stoned for stealing at Jericho","29d":"Twelve","30d":"Moving jerkily","31d":"Bulgarian king, 1918-43","32d":"As to","33d":"Pleated trimming","35d":"A number of","38d":"Four-time Super Bowl champs","45d":"Ancient Syria","47d":"Peaceful","48d":"Hirsute","50d":"Distinctive manner","51d":"In bundles","52d":"Among: Fr.","54d":"Burglar","55d":"Rigorous test","56d":"Cleaving tool","57d":"Actual performance","58d":"Touched","59d":"Mail abbr.","60d":"Tapster's unit"},"answers":{"1a":"BASSO","6a":"BLAB","10a":"PLUG","14a":"OREAD","15a":"KITE","16a":"RAKE","17a":"AGGIE","18a":"LATECOMER","20a":"COUNTRYMUSIC","22a":"NETTON","23a":"NURSE","27a":"SAM","28a":"ANACREON","31a":"BAR","34a":"ASCOT","36a":"EGAD","37a":"ONUS","39a":"NOHOW","40a":"SAVE","41a":"RECT","42a":"OMANI","43a":"LED","44a":"INHEAVEN","46a":"TIP","49a":"STEER","50a":"SCRIBE","53a":"LAYOFTHELAND","58a":"MAKEMERRY","61a":"NOLTE","62a":"APER","63a":"GAOL","64a":"ISERE","65a":"DOGS","66a":"GLEE","67a":"CEDED","1d":"BOAC","2d":"ARGON","3d":"SEGUE","4d":"SAINTS","5d":"ODETTA","6d":"BKLYN","7d":"LIAM","8d":"ATTU","9d":"BEES","10d":"PROCURES","11d":"LAM","12d":"UKE","13d":"GER","19d":"CINC","21d":"ROMANOV","24d":"REGAL","25d":"SOAVE","26d":"ENDED","28d":"ACHAN","29d":"NOON","30d":"ATWITCH","31d":"BORIS","32d":"ANENT","33d":"RUCHE","35d":"SOME","38d":"STEELERS","45d":"ARAM","47d":"IRENIC","48d":"PILOSE","50d":"STYLE","51d":"BALED","52d":"ENTRE","54d":"YEGG","55d":"ORAL","56d":"FROE","57d":"DEED","58d":"MAD","59d":"APO","60d":"KEG"}}