{"numbers":[["1","2","3","4","-","-","5","6","7","8","9","10","11","12","13","-","-","14","15","16","17"],["18","","","","19","-","20","","","","","","","","","-","21","","","",""],["22","","","","","-","23","","","","","","","","","-","24","","","",""],["25","","","","","26","-","27","","","","","-","-","-","28","","","","",""],["29","","","-","30","","31","","-","32","","","33","34","35","","","","","",""],["-","36","","37","","","","-","-","-","38","","","","","","","","-","-","-"],["-","-","-","39","","","","40","41","-","-","-","42","","","","-","-","43","44","45"],["46","47","48","","-","49","","","","50","51","-","52","","","-","53","54","","",""],["55","","","-","-","-","56","","","","","-","57","","","58","","","","",""],["59","","","60","61","62","-","63","","","","64","-","65","","","","","-","-","-"],["66","","","","","","67","-","68","","","","69","-","70","","","","71","72","73"],["-","-","-","74","","","","75","-","76","","","","77","-","78","","","","",""],["79","80","81","","","","","","82","-","83","","","","84","-","-","-","85","",""],["86","","","","","-","87","","","-","88","","","","","89","-","90","","",""],["91","","","-","-","92","","","","-","-","-","93","","","","94","","-","-","-"],["-","-","-","95","96","","","","","97","98","-","-","-","99","","","","100","101","-"],["102","103","104","","","","","","","","","105","-","106","","","","-","107","","108"],["109","","","","","","-","-","-","110","","","111","","-","112","","113","","",""],["114","","","","","-","115","116","117","","","","","","118","-","119","","","",""],["120","","","","","-","121","","","","","","","","","-","122","","","",""],["123","","","","-","-","124","","","","","","","","","-","-","125","","",""]],"clues":{"1a":"Put in piles","5a":"Feudal status","14a":"Enervates","18a":"Bend","20a":"Roman title of honor","21a":"Not portbound","22a":"Of base eight","23a":"Crossing lines","24a":"Alex Haley epic","25a":"Start of stepquote","27a":"Threefold","28a":"Compensates","29a":"Blotto","30a":"Group of quail","32a":"Author of the stepquote","36a":"Lower","38a":"Snobbish ones","39a":"Demand","42a":"Boy who takes a bow?","43a":"1988 Tom Hanks comedy","46a":"\"My People\" author","49a":"More of stepquote","52a":"A.M.A. members","53a":"City south of Gainesville","55a":"Test site","56a":"___ Muslims","57a":"Federal farm subsidy plans","59a":"Reagan Secretary of State","63a":"Rational belief in God","65a":"Church of St. Maclou's site","66a":"Star in Scorpius","68a":"Messy abodes","70a":"Stanzas and Pathfinders","74a":"Sound equipment","76a":"Singer-actress Susan","78a":"Establishes","79a":"Old West transports","83a":"Titian's \"___ and Cupid\"","85a":"___ du Diable","86a":"Out of the way","87a":"James Woolsey's org.","88a":"More of stepquote","90a":"Bathroom sprinkle","91a":"She has a ball","92a":"Statuesque","93a":"Without any changes","95a":"Thin tangles of cell chromatin","99a":"Conk out","102a":"Source of the stepquote, with \"The\"","106a":"Refrigerate","107a":"Show appreciation for","109a":"Habituated","110a":"Plant with arrow-shaped leaves","112a":"End of stepquote","114a":"Courtyards","115a":"Photo equipment","119a":"Hearsay","120a":"Computer command","121a":"Racecar, usually","122a":"Has meter, as poetry","123a":"Spiritual, e.g.","124a":"Stinking vermin","125a":"Kind of cap or jerk","1d":"Scrooge's look","2d":"Light purple","3d":"Go through cycles","4d":"Perfectly","5d":"Kid-___ (TV for children)","6d":"Peace","7d":"Mineral name ending","8d":"Playoff rounds","9d":"McNichols and Market Square, e.g.","10d":"___ the day (near evening)","11d":"Nibbled","12d":"\"By ___!\" (minced oath)","13d":"Hesitation sounds","14d":"Condescends","15d":"Unanimously","16d":"Playwright Shaffer","17d":"Fresh","19d":"Noted name in cat caricature","21d":"Conductor Rodzinski","26d":"More of stepquote","28d":"x, y and z","31d":"Phlebotomists' targets","33d":"Privations","34d":"Hitchcock forte","35d":"Gradual deterioration","37d":"Hamper","40d":"Betting game, informally","41d":"Fork prongs","43d":"Secret rival","44d":"Genre","45d":"Tankful","46d":"Wagner girl","47d":"Road to the Rhein","48d":"Stand side by side","50d":"Soul singer Baker","51d":"More of stepquote","53d":"With lots of rolls?","54d":"Biblical verb","58d":"Pitcher Tiant","60d":"Limping, perhaps","61d":"Overdone","62d":"Cowardly Lion's name","64d":"Is parsimonious, with \"out\"","67d":"Australian food fish","69d":"Actress Braga","71d":"30% of the world's land","72d":"Zero","73d":"Investor's work, for short","75d":"Happy sort","77d":"Gists","79d":"Worked up","80d":"\"It's no ___!\"","81d":"Women's ___","82d":"Ragout of partially roasted game","84d":"Northwest Irish port","89d":"More of stepquote","90d":"Lao-___","92d":"Even","94d":"Clock watchers","95d":"Necklace","96d":"Double fold","97d":"Box","98d":"Bogeyman","100d":"Tarzan","101d":"Popular TV news magazine","102d":"Performs entrechats","103d":"Start","104d":"City on the Po","105d":"\"The Dream of Geronitus\" composer","106d":"Inverted V","108d":"Elliptical","111d":"\"___ smile be...\"","113d":"Vacuum (up)","115d":"Daughter of Hyperion","116d":"Vane reading","117d":"Author Wallace","118d":"Some name suffixes"},"answers":{"1a":"SORT","5a":"VASSALAGE","14a":"SAPS","18a":"CROOK","20a":"IMPERATOR","21a":"ATSEA","22a":"OCTAL","23a":"DIAMETERS","24a":"ROOTS","25a":"WHATIS","27a":"TRINE","28a":"ATONES","29a":"LIT","30a":"BEVY","32a":"SAINTEXUPERY","36a":"DEBASE","38a":"SNEERERS","39a":"INSIST","42a":"EROS","43a":"BIG","46a":"EBAN","49a":"ENTIAL","52a":"DRS","53a":"OCALA","55a":"LAB","56a":"SUNNI","57a":"SOILBANKS","59a":"SHULTZ","63a":"DEISM","65a":"ROUEN","66a":"ANTARES","68a":"STIES","70a":"NISSANS","74a":"MIKES","76a":"ANTON","78a":"SETSUP","79a":"MULETEAMS","83a":"VENUS","85a":"ILE","86a":"ASIDE","87a":"CIA","88a":"ISIBLE","90a":"TALC","91a":"DEB","92a":"TALL","93a":"ASITIS","95a":"SPIREMES","99a":"GODEAD","102a":"LITTLEPRINCE","106a":"COOL","107a":"PAT","109a":"ENURED","110a":"CALLA","112a":"NESEYE","114a":"ATRIA","115a":"ENLARGERS","119a":"RUMOR","120a":"PRINT","121a":"ONESEATER","122a":"SCANS","123a":"SONG","124a":"SEWERRATS","125a":"KNEE","1d":"SCOWL","2d":"ORCHID","3d":"ROTATE","4d":"TOAT","5d":"VID","6d":"AMITY","7d":"SPAR","8d":"SEMIS","9d":"ARENAS","10d":"LATEIN","11d":"ATE","12d":"GOR","13d":"ERS","14d":"STOOPS","15d":"ASONE","16d":"PETER","17d":"SASSY","19d":"KLIBAN","21d":"ARTUR","26d":"SESSE","28d":"AXES","31d":"VEINS","33d":"NEEDS","34d":"TERROR","35d":"EROSION","37d":"BIN","40d":"STUD","41d":"TINES","43d":"BAN","44d":"ILK","45d":"GAS","46d":"ELSA","47d":"BAHN","48d":"ABUT","50d":"ANITA","51d":"LISINVI","53d":"OBESE","54d":"CANST","58d":"LUIS","60d":"LAMED","61d":"TRITE","62d":"ZEKE","64d":"METES","67d":"SEACARP","69d":"SONIA","71d":"ASIA","72d":"NULL","73d":"SPEC","75d":"SMILER","77d":"NUBS","79d":"MAD","80d":"USE","81d":"LIB","82d":"SALMI","84d":"SLIGO","89d":"ETOON","90d":"TSE","92d":"TIED","94d":"IDLERS","95d":"STRING","96d":"PLEAT","97d":"ENCASE","98d":"SCARER","100d":"APEMAN","101d":"DAYONE","102d":"LEAPS","103d":"INTRO","104d":"TURIN","105d":"ELGAR","106d":"CARET","108d":"TERSE","111d":"LETA","113d":"SUCK","115d":"EOS","116d":"NNE","117d":"LEW","118d":"SRS"}}