{"numbers":[["1","2","3","4","5","-","6","7","8","9","-","10","11","12","13"],["14","","","","","-","15","","","","-","16","","",""],["17","","","","","18","","","","","-","19","","",""],["20","","","","-","21","","","","","-","22","","",""],["-","-","-","-","23","","","","-","-","24","","","",""],["25","26","27","28","","","-","29","30","31","","","","-","-"],["32","","","","","-","-","-","33","","","-","34","35","36"],["37","","","","","38","39","-","40","","","41","","",""],["42","","","-","43","","","-","-","-","44","","","",""],["-","-","45","46","","","","47","-","48","","","","",""],["49","50","","","","-","-","51","52","","","-","-","-","-"],["53","","","","-","54","55","","","","-","56","57","58","59"],["60","","","","-","61","","","","","62","","","",""],["63","","","","-","64","","","","-","65","","","",""],["66","","","","-","67","","","","-","68","","","",""]],"clues":{"1a":"High rung on the evolutionary ladder","6a":"Alternative to a shower","10a":"Quatrain rhyme scheme","14a":"Like ___ from the blue","15a":"Environs","16a":"Wise guy","17a":"Popular chocolate snack","19a":"On the level","20a":"River through Florence","21a":"Mother ___","22a":"Help in crime","23a":"Quad number","24a":"Lock","25a":"Torah readers","29a":"Forgiving one","32a":"Oscar, e.g.","33a":"Prefix with cycle","34a":"Draft org.","37a":"March events?","40a":"Lolita","42a":"Phony prefix","43a":"Fond du ___, Wis.","44a":"New Zealand native","45a":"Where Spain and Portugal are","48a":"Seasoning","49a":"Afterward","51a":"Kind of show","53a":"Singer Minnelli","54a":"Kick locale","56a":"Dumb ___","60a":"Paid promotion: Abbr.","61a":"Give up hard drink?","63a":"Vegetarian's no-no","64a":"Sheltered","65a":"Similar","66a":"Wan","67a":"Lease","68a":"Little ones","1d":"It's a laugh","2d":"\"Deutschland ___ Alles\"","3d":"Daybreak","4d":"What's more","5d":"To the ___ degree","6d":"Louisiana waterway","7d":"Bowers","8d":"Socials","9d":"Tortoise's competitor","10d":"Glaring","11d":"Place to have one's head examined","12d":"Bouts of chills","13d":"Borscht ingredients","18d":"Selves","23d":"Hoedown musician","24d":"Shortened","25d":"Criticizes","26d":"Not at home","27d":"Coming-of-age event","28d":"Cross-one's-heart garment","30d":"Play on words","31d":"Some","35d":"Dried","36d":"Agitate","38d":"Unit of corn","39d":"Phys. or chem.","41d":"Baby food","46d":"\"Reds\" star","47d":"Out of bed","48d":"Bygone","49d":"Andean animal","50d":"Gofers","52d":"Commencement","54d":"Box lightly","55d":"Patriot Nathan","56d":"It's full of baloney","57d":"Final notice","58d":"Roue","59d":"War deity","62d":"Hardly an underperformer"},"answers":{"1a":"HUMAN","6a":"BATH","10a":"ABAB","14a":"ABOLT","15a":"AREA","16a":"SAGE","17a":"HERSHEYBAR","19a":"TRUE","20a":"ARNO","21a":"GOOSE","22a":"ABET","23a":"FOUR","24a":"TRESS","25a":"RABBIS","29a":"SPARER","32a":"AWARD","33a":"UNI","34a":"SSS","37a":"PARADES","40a":"NYMPHET","42a":"SYM","43a":"LAC","44a":"MAORI","45a":"IBERIA","48a":"PEPPER","49a":"LATER","51a":"ROAD","53a":"LIZA","54a":"SHINS","56a":"DORA","60a":"ADVT","61a":"PASSTHEBAR","63a":"MEAT","64a":"ALEE","65a":"ALIKE","66a":"ASHY","67a":"RENT","68a":"MITES","1d":"HAHA","2d":"UBER","3d":"MORN","4d":"ALSO","5d":"NTH","6d":"BAYOU","7d":"ARBORS","8d":"TEAS","9d":"HARE","10d":"ASTARE","11d":"BARBERSHOP","12d":"AGUES","13d":"BEETS","18d":"EGOS","23d":"FIDDLER","24d":"TRIMMED","25d":"RAPS","26d":"AWAY","27d":"BARMITZVAH","28d":"BRA","30d":"PUN","31d":"ANY","35d":"SERE","36d":"STIR","38d":"EAR","39d":"SCI","41d":"PAP","46d":"BEATTY","47d":"ARISEN","48d":"PAST","49d":"LLAMA","50d":"AIDES","52d":"ONSET","54d":"SPAR","55d":"HALE","56d":"DELI","57d":"OBIT","58d":"RAKE","59d":"ARES","62d":"HAM"}}