{"numbers":[["1","2","3","4","5","6","-","7","8","9","10","-","11","12","13"],["14","","","","","","-","15","","","","-","16","",""],["17","","","","","","-","18","","","","-","19","",""],["-","-","-","-","20","","21","","","","","22","","",""],["23","24","25","26","-","27","","","","-","28","","","",""],["29","","","","30","","","","-","31","","","-","-","-"],["32","","","","","-","33","","34","","","-","35","36","37"],["38","","","","","39","","-","40","","","41","","",""],["42","","","-","43","","","44","","-","45","","","",""],["-","-","-","46","","","-","47","","48","","","","",""],["49","50","51","","","-","52","","","","-","53","","",""],["54","","","","","55","","","","","56","-","-","-","-"],["57","","","-","58","","","","-","59","","60","61","62","63"],["64","","","-","65","","","","-","66","","","","",""],["67","","","-","68","","","","-","69","","","","",""]],"clues":{"1a":"Guzzles","7a":"Bebop","11a":"Certain muscles, informally","14a":"Dislocate","15a":"Woodwind","16a":"Varnish resin","17a":"Ancient ascetic","18a":"Letter writing: Abbr.","19a":"Japanese admiral Yuko","20a":"Battleship","23a":"Mesmerized","27a":"\"Or___!\" (veiled threat)","28a":"\"Torero Saluting\" painter","29a":"Rioting","31a":"Despicable","32a":"Greek market","33a":"Mitigates","35a":"Actor Matheson or Allen","38a":"Dictionary","40a":"Rogers's partner","42a":"Wily","43a":"Topple","45a":"Fudd of cartoondom","46a":"Director's cry","47a":"Bee activity","49a":"___ Downs (English race track)","52a":"Contented sound","53a":"___ fixe","54a":"Bluff, with a gun","57a":"Nuclear defense grp.","58a":"Russia's ___ Mountains","59a":"Slanted","64a":"Petition","65a":"Scoop (out)","66a":"To wit","67a":"\"___! We Have No Bananas\"","68a":"Whirlpool","69a":"Like Parmesan","1d":"Neighbor of Ont.","2d":"Raises","3d":"\"___ Gratis Artis\" (M-G-M motto)","4d":"Enemy","5d":"Dear, as memories","6d":"Two-track","7d":"Oedipus's mother","8d":"Lodging","9d":"Swedish painter of \"At the Granary Door\"","10d":"\"Fiddler on the Roof\" star","11d":"Straighten","12d":"Wash up","13d":"\"Waverley\" novelist","21d":"Burstyn and Barkin","22d":"Labor org.","23d":"Iranian dollars","24d":"Theater backer","25d":"Stand-in","26d":"Actress Garr","30d":"Transistor predecessor","31d":"\"___ Miserables\"","34d":"Cronus, to Romans","35d":"Meek","36d":"\"The woman\" for Sherlock","37d":"Traffic sign","39d":"Choose","41d":"Prefix with meter","44d":"Just as much","46d":"Bill's partner","48d":"Vexing","49d":"Emerson piece","50d":"Aspect","51d":"Noted White House resident","52d":"Multicolored pattern","55d":"Slender nail","56d":"Sirius, e.g.","60d":"Drs.' org.","61d":"Tennis call","62d":"___ de France","63d":"Dancer Charisse"},"answers":{"1a":"QUAFFS","7a":"JAZZ","11a":"ABS","14a":"UPROOT","15a":"OBOE","16a":"LAC","17a":"ESSENE","18a":"CORR","19a":"ITO","20a":"DREADNOUGHT","23a":"RAPT","27a":"ELSE","28a":"MANET","29a":"INREVOLT","31a":"LOW","32a":"AGORA","33a":"EASES","35a":"TIM","38a":"LEXICON","40a":"ASTAIRE","42a":"SLY","43a":"UPSET","45a":"ELMER","46a":"CUT","47a":"QUILTING","49a":"EPSOM","52a":"PURR","53a":"IDEE","54a":"SHOOTBLANKS","57a":"SAC","58a":"URAL","59a":"ITALIC","64a":"ASK","65a":"BAIL","66a":"NAMELY","67a":"YES","68a":"EDDY","69a":"GRATED","1d":"QUE","2d":"UPS","3d":"ARS","4d":"FOE","5d":"FOND","6d":"STEREO","7d":"JOCASTA","8d":"ABODE","9d":"ZORN","10d":"ZEROMOSTEL","11d":"ALIGN","12d":"BATHE","13d":"SCOTT","21d":"ELLENS","22d":"UAW","23d":"RIALS","24d":"ANGEL","25d":"PROXY","26d":"TERI","30d":"VACUUMTUBE","31d":"LES","34d":"SATURN","35d":"TIMID","36d":"IRENE","37d":"MERGE","39d":"OPT","41d":"ALTI","44d":"EQUALLY","46d":"COO","48d":"IRKING","49d":"ESSAY","50d":"PHASE","51d":"SOCKS","52d":"PLAID","55d":"BRAD","56d":"STAR","60d":"AMA","61d":"LET","62d":"ILE","63d":"CYD"}}