{"numbers":[["1","2","3","4","-","5","6","7","8","9","-","10","11","12","13"],["14","","","","-","15","","","","","-","16","","",""],["17","","","","18","","","","","","-","19","","",""],["20","","","-","21","","","-","-","-","22","","","",""],["-","-","-","23","","","","24","25","26","","","","",""],["27","28","29","","","-","30","","","","","-","-","-","-"],["31","","","","-","-","-","32","","","","33","34","35","-"],["36","","","","-","37","38","","","","-","39","","","40"],["-","41","","","42","","","","-","-","-","43","","",""],["-","-","-","-","44","","","","45","-","46","","","",""],["47","48","49","50","","","","","","51","","","-","-","-"],["52","","","","","-","-","-","53","","","-","54","55","56"],["57","","","","-","58","59","60","","","","61","","",""],["62","","","","-","63","","","","","-","64","","",""],["65","","","","-","66","","","","","-","67","","",""]],"clues":{"1a":"Symbol of suburbia","5a":"Author Grey et al.","10a":"Joyful cries","14a":"Hand cream additive","15a":"Sommelier's stock","16a":"Crow's-nest spot","17a":"Storage spot in a Brooklyn home","19a":"Word with sound or dog","20a":"Jargon suffix","21a":"Hurry","22a":"Petrol amount","23a":"What a Brooklyn guy blames today's problems on","27a":"It's stuck on Brooklyn theater floors","30a":"Place that Lot fled","31a":"Eager","32a":"What Brooklyn students hate to take","36a":"Half of Mork's sign-off","37a":"Serra's title","39a":"Ages","41a":"What a Brooklynite catches at J.F.K.","43a":"Creeper","44a":"Too-too","46a":"Where a Brooklynite tipples","47a":"Body that busted a Brooklyn gangster","52a":"Anchor position","53a":"Three, to Gina","54a":"Job's lot","57a":"Role for Oland","58a":"Laundry chore in Brooklyn","62a":"Annoyed interjection","63a":"Liver, e.g.","64a":"Conception","65a":"Clumsy craft","66a":"Author Zora ___ Hurston","67a":"Shore flier","1d":"Forced (to)","2d":"Pub brews","3d":"Hoop's locale, perhaps","4d":"Pastoral spot","5d":"Austrian-born writer Stefan","6d":"Anouk, et al.","7d":"Wind dir.","8d":"Bard's twilight","9d":"Jet set's jet","10d":"Sphere of operation","11d":"Cole Porter's \"Katie Went to ___\"","12d":"Type of turf","13d":"Dutch artist Jan","18d":"Noah's eldest","22d":"Hamstrung","23d":"Unearthed","24d":"Sleepy ones","25d":"Fulda feeder","26d":"Repetition","27d":"Comic Aykroyd","28d":"\"Heavens!\"","29d":"Missing","33d":"Little Foys number","34d":"Newspaper nickname","35d":"Mens___ in corpore sano","37d":"___ Springs","38d":"One against","40d":"Sunday speech: Abbr.","42d":"Unit of sugar or coal","45d":"Star-shaped","46d":"Bunnies' mummies","47d":"Russian villa","48d":"Old anesthetic","49d":"China flaw","50d":"Sty sounds","51d":"\"Forsyte Saga\" heroine","54d":"Broad","55d":"Singular person","56d":"Actor Eddie","58d":"Slip into","59d":"Before, to Burns","60d":"Links grp.","61d":"Dog command"},"answers":{"1a":"MALL","5a":"ZANES","10a":"AHAS","14a":"ALOE","15a":"WINES","16a":"MAST","17a":"DEBASEMENT","19a":"BITE","20a":"ESE","21a":"HIE","22a":"LITRE","23a":"DEGENERATION","27a":"DEGUM","30a":"SODOM","31a":"AGOG","32a":"DETESTS","36a":"NANU","37a":"PADRE","39a":"ERAS","41a":"DEPLANE","43a":"VINE","44a":"ULTRA","46a":"DEBAR","47a":"DECOMMISSION","52a":"ATRIP","53a":"TRE","54a":"WOE","57a":"CHAN","58a":"DEPRESSING","62a":"HECK","63a":"ORGAN","64a":"IDEA","65a":"ARKS","66a":"NEALE","67a":"TERN","1d":"MADE","2d":"ALES","3d":"LOBE","4d":"LEA","5d":"ZWEIG","6d":"AIMEES","7d":"NNE","8d":"EEN","9d":"SST","10d":"AMBIT","11d":"HAITI","12d":"ASTRO","13d":"STEEN","18d":"SHEM","22d":"LAME","23d":"DUGUP","24d":"NODDERS","25d":"EDER","26d":"ROTE","27d":"DAN","28d":"EGAD","29d":"GONE","33d":"SEVEN","34d":"TRIB","35d":"SANA","37d":"PALM","38d":"ANTI","40d":"SER","42d":"LUMP","45d":"ASTRAL","46d":"DOES","47d":"DACHA","48d":"ETHER","49d":"CRACK","50d":"OINKS","51d":"IRENE","54d":"WIDE","55d":"ONER","56d":"EGAN","58d":"DON","59d":"ERE","60d":"PGA","61d":"SIT"}}