{"numbers":[["1","2","3","4","5","6","7","8","9","-","-","10","11","12","13"],["14","","","","","","","","","-","15","","","",""],["16","","","","","","","","","-","17","","","",""],["18","","","","","","","","-","19","","","","",""],["-","-","-","-","20","","","-","21","","","","","",""],["22","23","24","25","","","-","26","","","","","-","-","-"],["27","","","","","-","28","","","","","","29","30","31"],["32","","","","-","33","","","","","-","34","","",""],["35","","","","36","","","","","-","37","","","",""],["-","-","-","38","","","","","-","39","","","","",""],["40","41","42","","","","","-","43","","","-","-","-","-"],["44","","","","","","-","45","","","","46","47","48","49"],["50","","","","","-","51","","","","","","","",""],["52","","","","","-","53","","","","","","","",""],["54","","","","-","-","55","","","","","","","",""]],"clues":{"1a":"It's no loss","10a":"Grouch","14a":"Where Croesus' kingdom was","15a":"Cellular ___","16a":"Rabelais's amiable giant","17a":"Monks' hour when psalms are recited","18a":"One skilled in match play","19a":"Kind of jumper","20a":"\"Brooklyn Bridge\" actress Aquino","21a":"Hint","22a":"Calls upon","26a":"One of the Dionnes","27a":"Skirt style","28a":"Bossed","32a":"Rembrandt's \"The Noble ___\"","33a":"Bridge marker","34a":"Thin necktie","35a":"Quasimodo's love","37a":"Answer a charge","38a":"\"I, Claudius\" attire","39a":"Cal State branch site","40a":"Alley Oop and Fred Flintstone","43a":"Hefner's color?","44a":"\"O tempora! ___!\": Cicero","45a":"Inclined","50a":"Port near Hong Kong","51a":"Plantation crop","52a":"1985 film \"___ Dancing!\"","53a":"Assume","54a":"Popular fashion magazine","55a":"Dostoyevsky novel, with \"The\"","1d":"Hero's tale","2d":"Peter or Nicholas","3d":"Melodies","4d":"Titicaca, por ejemplo","5d":"Flow (from)","6d":"Pharmacists' measures","7d":"Overeager","8d":"Race track figure","9d":"Baseball stat","10d":"Fickle","11d":"It makes you blush","12d":"Inca empire locale","13d":"Assail","15d":"Connect","19d":"Marble worker's tool","21d":"Site of a Margaret Mead study","22d":"Flower holder","23d":"Troubles","24d":"\"Anna and the King of ___\"","25d":"Dyed-in-the-wool","26d":"Cheese coatings","28d":"\"Blowin' in the Wind\" singer","29d":"Digits","30d":"Dash","31d":"Extinct bird","33d":"Leafs","36d":"Lover boys","37d":"Take steps","39d":"Railroad flares","40d":"Monte Cristo title","41d":"Menotti's \"___ and the Night Visitors\"","42d":"Outspoken","43d":"Does","45d":"Producer De Laurentiis","46d":"Picks, with \"for\"","47d":"Hot springs","48d":"Actress Sommer","49d":"Act","51d":"Kind of tent"},"answers":{"1a":"STALEMATE","10a":"CRAB","14a":"ASIAMINOR","15a":"PHONE","16a":"GARGANTUA","17a":"LAUDS","18a":"ARSONIST","19a":"BUNGEE","20a":"AMY","21a":"SUGGEST","22a":"VISITS","26a":"MARIE","27a":"ALINE","28a":"DOMINATED","32a":"SLAV","33a":"PYLON","34a":"BOLO","35a":"ESMERALDA","37a":"PLEAD","38a":"TOGAS","39a":"FRESNO","40a":"CAVEMEN","43a":"HUE","44a":"OMORES","45a":"DISPOSED","50a":"MACAO","51a":"PINEAPPLE","52a":"THATS","53a":"UNDERTAKE","54a":"ELLE","55a":"POSSESSED","1d":"SAGA","2d":"TSAR","3d":"AIRS","4d":"LAGO","5d":"EMANATE","6d":"MINIMS","7d":"ANTSY","8d":"TOUT","9d":"ERA","10d":"CHANGEABLE","11d":"ROUGE","12d":"ANDES","13d":"BESET","15d":"PLUGIN","19d":"BURIN","21d":"SAMOA","22d":"VASE","23d":"ILLS","24d":"SIAM","25d":"INVETERATE","26d":"MOLDS","28d":"DYLAN","29d":"TOES","30d":"ELAN","31d":"DODO","33d":"PAGES","36d":"ROMEOS","37d":"PREPARE","39d":"FUSEES","40d":"COMTE","41d":"AMAHL","42d":"VOCAL","43d":"HINDS","45d":"DINO","46d":"OPTS","47d":"SPAS","48d":"ELKE","49d":"DEED","51d":"PUP"}}