{"numbers":[["-","1","2","3","4","5","-","6","7","8","9","10","11","12","13"],["14","","","","","","-","15","","","","","","",""],["16","","","","","","-","17","","","","","","",""],["18","","","","","","19","","-","20","","","-","-","-"],["-","-","-","21","","","","-","22","","","","23","24","25"],["-","-","26","","","-","27","28","","-","-","29","","",""],["-","30","","","","31","","","","32","33","","","",""],["34","","","-","35","","","","","","","-","36","",""],["37","","","38","","","","","","","","39","","","-"],["40","","","","-","-","41","","","-","42","","","-","-"],["43","","","","44","45","","-","46","47","","","-","-","-"],["-","-","-","48","","","-","49","","","","","50","51","52"],["53","54","55","","","","56","","-","57","","","","",""],["58","","","","","","","","-","59","","","","",""],["60","","","","","","","","-","61","","","","","-"]],"clues":{"1a":"1965 disturbance site","6a":"Reserved","14a":"Flog","15a":"Booker T. Washington, e.g.","16a":"Fallaci of \"If the Sun Dies\"","17a":"Overshadow","18a":"Half man, half goat of myth","20a":"Got together","21a":"Part of 46-Across: Abbr.","22a":"Rhapsodic","26a":"Itinerary word","27a":"Hag's cry","29a":"Zilch","30a":"J.F.K. portraitist","34a":"Spike","35a":"Eagerly expectant","36a":"Variety","37a":"J.F.K. biographer","40a":"Group shop","41a":"___ Fail (ancient Irish stone)","42a":"British actress Bartok","43a":"Where runs are made","46a":"\"Sweet-16\" org.","48a":"Cow","49a":"Decking out","53a":"In the background","57a":"\"G.W.T.W.\" role","58a":"Permit","59a":"Beijing belief","60a":"Followers","61a":"Driving hazard","1d":"Guarded","2d":"Seed covering","3d":"Drudgery","4d":"Deli order","5d":"Bestrides","6d":"Cold-war forces","7d":"Conductor de Waart","8d":"Breadbasket","9d":"Less hospitable","10d":"Bar","11d":"Correlation ratio symbol in statistics","12d":"Nullifier","13d":"Trevi coin count","14d":"___ Alamitos, Calif.","19d":"One way to get the blame","22d":"Sinister part?","23d":"Heads of ancient Rome","24d":"Designer Simpson","25d":"Escapade","26d":"Red-eyed birds","28d":"J.F.K. Library architect","30d":"Rodeo yell","31d":"Marquis Hirobumi ___","32d":"Average name","33d":"Trial","34d":"Delineate","38d":"Anodynes","39d":"Son of Cedric the Saxon","44d":"William ___ Gladstone","45d":"Grand","47d":"Overlays","49d":"Lime finishes","50d":"Opponent of Jimmy and Arthur","51d":"Vespiary","52d":"Campus facility","53d":"Actress Hagen","54d":"Ice cream ___","55d":"Traffic caution","56d":"Time abroad"},"answers":{"1a":"WATTS","6a":"RETICENT","14a":"LARRUP","15a":"EDUCATOR","16a":"ORIANA","17a":"DOMINATE","18a":"SYLVANUS","20a":"MET","21a":"ASSN","22a":"LYRICAL","26a":"VIA","27a":"FIE","29a":"NADA","30a":"WILLIAMFDRAPER","34a":"EAR","35a":"ATIPTOE","36a":"ILK","37a":"THEODOREHWHITE","40a":"COOP","41a":"LIA","42a":"EVA","43a":"HOSIERY","46a":"NCAA","48a":"AWE","49a":"ADORNING","53a":"UPSTAGED","57a":"ASHLEY","58a":"TOLERATE","59a":"TAOISM","60a":"APOSTLES","61a":"SLEET","1d":"WARY","2d":"ARIL","3d":"TRAVAIL","4d":"TUNASALAD","5d":"SPANS","6d":"REDS","7d":"EDO","8d":"TUMMY","9d":"ICIER","10d":"CANTINA","11d":"ETA","12d":"NOT","13d":"TRE","14d":"LOS","19d":"UNFAIRLY","22d":"LEFTHAND","23d":"CAPITA","24d":"ADELE","25d":"LARK","26d":"VIREOS","28d":"IMPEI","30d":"WAHOO","31d":"ITO","32d":"DOW","33d":"REHEARSAL","34d":"ETCH","38d":"OPIATES","39d":"IVANHOE","44d":"EWART","45d":"REGAL","47d":"COATS","49d":"ADES","50d":"ILIE","51d":"NEST","52d":"GYM","53d":"UTA","54d":"POP","55d":"SLO","56d":"ETE"}}