{"numbers":[["1","2","3","4","5","-","-","6","7","8","-","-","9","10","11"],["12","","","","","-","13","","","","-","14","","",""],["15","","","","","16","","","","","17","","","",""],["18","","","-","19","","","","-","20","","","","-","-"],["21","","","22","-","23","","","24","","","","","25","26"],["27","","","","28","-","29","","","-","-","30","","",""],["-","-","31","","","32","-","33","","34","35","-","36","",""],["37","38","","","","","39","","","","","40","","",""],["41","","","-","42","","","","-","43","","","","-","-"],["44","","","45","-","-","46","","47","-","48","","","49","50"],["51","","","","52","53","","","","54","-","55","","",""],["-","-","56","","","","-","57","","","58","-","59","",""],["60","61","","","","","62","","","","","63","","",""],["64","","","","-","65","","","","-","66","","","",""],["67","","","-","-","68","","","-","-","69","","","",""]],"clues":{"1a":"Longtime first name in the Senate","6a":"F.D.R. had three","9a":"Tone-up center","12a":"Single-named nightclub star","13a":"See 7 Down","14a":"Sidetrack","15a":"Salad bar offerings","18a":"\"Exodus\" hero","19a":"Exam answer","20a":"Put into words","21a":"Covenant","23a":"Salad bar offerings","27a":"Billy Crystal, at times","29a":"9000 in \"2001\"","30a":"River transport","31a":"Mother of Hephaestus","33a":"Difficulties","36a":"Sweetie pie","37a":"Salad bar offerings","41a":"1972 sci-fi TV series","42a":"Some famous last words","43a":"Get-up-and-go","44a":"Apple purchases","46a":"Common Market money","48a":"Bridge unit","51a":"Salad bar offerings","55a":"Race track feature","56a":"Race track feature","57a":"Certain bond, informally","59a":"James Whitcomb Riley's \"___ I Went Mad\"","60a":"Salad bar offerings","64a":"\"Here comes trouble!\"","65a":"Flatten by pounding","66a":"Constellation next to Taurus","67a":"Hoodlum's heater","68a":"Punish publicly","69a":"\"The Prince of Tides\" costar","1d":"Tight situation","2d":"Aries","3d":"Salad bar offerings","4d":"Codas quest","5d":"Blanc, for one","6d":"Salad bar offerings","7d":"With 13 Across, daily","8d":"Young salmon","9d":"Salad bar offerings","10d":"Groaner","11d":"Metric unit","13d":"Moolah","14d":"\"Dynasty\" actress","16d":"Tick off","17d":"Sole follower of song","22d":"Driving needs","24d":"Bit of mudslinging","25d":"Roger or Jessica Rabbit","26d":"Has control over","28d":"View from Ashtabula","32d":"Tidbit for the formicivorous","34d":"Literary pseudonym","35d":"Tallow source","37d":"Type of roast","38d":"Not in the area","39d":"Tommy gun?","40d":"Tropical starch","45d":"Bravado","47d":"Roadway maneuver","49d":"Site of many deals","50d":"Little: Ger.","52d":"Zip","53d":"Lay dormant","54d":"___-Cone","58d":"PC directory feature","60d":"Dog with a wrinkly face","61d":"\"Gotcha!\"","62d":"Pro choice?","63d":"___-Magnon"},"answers":{"1a":"STROM","6a":"VPS","9a":"SPA","12a":"CHARO","13a":"DIEM","14a":"SPUR","15a":"REDONIONROMAINE","18a":"ARI","19a":"TRUE","20a":"LIMN","21a":"PACT","23a":"EGGSTOMATO","27a":"EMCEE","29a":"HAL","30a":"SCOW","31a":"HERA","33a":"RUBS","36a":"HON","37a":"RAISINSCROUTONS","41a":"UFO","42a":"ETTU","43a":"ZEAL","44a":"MACS","46a":"ECU","48a":"TRICK","51a":"PRAWNSNUTS","55a":"OVAL","56a":"RAIL","57a":"MUNI","59a":"ERE","60a":"PARSLEYBROCCOLI","64a":"UHOH","65a":"PEEN","66a":"ORION","67a":"GAT","68a":"TAR","69a":"NOLTE","1d":"SCRAPE","2d":"THERAM","3d":"RADICCHIOCARROT","4d":"ORO","5d":"MONT","6d":"VINEGARCUCUMBER","7d":"PER","8d":"SMOLT","9d":"SPINACHOLIVEOIL","10d":"PUN","11d":"ARE","13d":"DOUGH","14d":"SAMMS","16d":"IRE","17d":"MIO","22d":"TEES","24d":"SLUR","25d":"TOON","26d":"OWNS","28d":"ERIE","32d":"ANT","34d":"BOZ","35d":"SUET","37d":"RUMP","38d":"AFAR","39d":"STEN","40d":"TARO","45d":"SWASH","47d":"UTURN","49d":"CARLOT","50d":"KLEINE","52d":"NIL","53d":"SLEPT","54d":"SNO","58d":"ICON","60d":"PUG","61d":"AHA","62d":"YEA","63d":"CRO"}}