{"numbers":[["1","2","3","4","5","-","6","7","8","9","10","-","11","12","13","14","-","-","15","16","17"],["18","","","","","-","19","","","","","-","20","","","","21","-","22","",""],["23","","","","","24","","","","","","25","","","","","","-","26","",""],["27","","","","-","28","","","","-","-","29","","","","-","30","31","","",""],["32","","","-","-","33","","","","34","35","","","","","36","","","","",""],["37","","","38","39","","","-","-","40","","","","-","-","41","","","","",""],["-","42","","","","-","-","43","44","","","-","-","45","46","","-","-","47","",""],["-","-","-","48","","49","50","","","","","51","52","","","","53","54","-","-","-"],["55","56","57","-","-","58","","","","-","-","59","","","","-","60","","61","62","63"],["64","","","65","66","","","","","67","68","","","","","-","69","","","",""],["70","","","","","","-","-","-","71","","","-","-","-","72","","","","",""],["73","","","","","-","74","75","76","","","","77","78","79","","","","","",""],["80","","","","","-","81","","","","-","-","82","","","","-","-","83","",""],["-","-","-","84","","85","","","","","86","87","","","","","88","89","-","-","-"],["90","91","92","-","-","93","","","-","-","94","","","","-","-","95","","96","97","-"],["98","","","99","100","","-","-","101","102","","","-","-","103","104","","","","","105"],["106","","","","","","107","108","","","","","109","110","","","-","-","111","",""],["112","","","","","-","113","","","","-","-","114","","","","-","115","","",""],["116","","","-","117","118","","","","","119","120","","","","","121","","","",""],["122","","","-","123","","","","","-","124","","","","","-","125","","","",""],["126","","","-","-","127","","","","-","128","","","","","-","129","","","",""]],"clues":{"1a":"Declined","6a":"Sound of sawing wood","11a":"This isn't it","15a":"Part of the second qtr.","18a":"Conger's cousin","19a":"Caught congers","20a":"Land of ancient Ephesus","22a":"Rap's Dr. ___","23a":"At the office Mr. Ridder ___","26a":"Fondue, for one","27a":"Shady bunch","28a":"Razor brand","29a":"To be, to Balzac","30a":"Marx born Leonard","32a":"\"Agnus ___\"","33a":"At the bank Mr. Ridder ___","37a":"Woe","40a":"Windward's opposite","41a":"Dwarfish","42a":"Kempt","43a":"Gudrun's victim","45a":"Tours \"Sure!\"","47a":"Procedure: Abbr.","48a":"In the gym Mr. Ridder ___","55a":"LXVII x III","58a":"Court king Arthur","59a":"Deco artist's pseudonym","60a":"Bungle","64a":"Back at work Mr. Ridder ___","69a":"Wax-and-tint art form","70a":"Alchemical, astrological, etc.","71a":"HBO alternative","72a":"Home of Proteus and Valentine","73a":"Bobsledding track","74a":"In the parking lot Mr. Ridder ___","80a":"Type of twill","81a":"Rembrandt's \"The ___ of Europa\"","82a":"Where leopards get spotted","83a":"Interjections","84a":"At the restaurant Mr. Ridder ___","90a":"Case makers, for short","93a":"Inlet","94a":"Turturro of \"Angie\"","95a":"Like gentlemen's agreements","98a":"Inventor Otis","101a":"Broker's tip, perhaps","103a":"Lined, as a furnace hearth","106a":"At the dessert bar Mr. Ridder ___","111a":"Arctic explorer John","112a":"Black cats and others","113a":"Best Picture of '58","114a":"Locale of Shakespeare's \"fiery portal\"","115a":"Stolen item that's often returned","116a":"Lt. Columbo, e.g.","117a":"In his bedroom Mr. Ridder ___","122a":"Writer Leshan","123a":"Some are gray","124a":"Astronomer Tycho","125a":"Brand X","126a":"Patriotic women's org.","127a":"Swallow hole?","128a":"Pioneer in calculus notation","129a":"Sweet girl of old song","1d":"Fixes firmly","2d":"Kind of algebra","3d":"Cliche","4d":"Grub","5d":"Give a new hue","6d":"Rows","7d":"\"Toward Freedom\" autobiographer","8d":"City on the Allegheny","9d":"Short play?","10d":"Tokugawa shogunate capital","11d":"___ balance (have a decisive effect)","12d":"Muslim nymph","13d":"Kitties need them","14d":"Make equal","15d":"More than devotees","16d":"Tingling","17d":"Calmly lies","21d":"Primitive: Prefix","24d":"Applies with cotton balls","25d":"Ancient Iranian","31d":"Worked (up)","34d":"Colombian city","35d":"Whiffenpoof Society members","36d":"Commercial award","38d":"Ernie Bilko creator Hiken","39d":"Ordinal number ender","43d":"Seuss's \"Horton Hears ___\"","44d":"1969 Oates novel","45d":"Half of sedecim","46d":"\"Under Hawaiian Skies\" accompanists","49d":"Toast, in diner slang","50d":"Figure-eight half","51d":"Tree good for carving on","52d":"Supply","53d":"It's burnt or raw","54d":"Princess's need","55d":"Swamp critters, for short","56d":"Stash","57d":"Acquire","61d":"Simon Legree's creator","62d":"\"Alice in Wonderland\" cat","63d":"Initials, maybe","65d":"Expenditure","66d":"Topps rival, to baseball card collectors","67d":"Like some roofs","68d":"Sra., across the Pyrenees","72d":"Glass: Sp.","74d":"Vier preceded","75d":"___ avis","76d":"Unveil, in poetry","77d":"Alligator logo name","78d":"Ice cream ___","79d":"Narrow berth","85d":"Visually blah","86d":"F.D.R.'s dog","87d":"Some are essential","88d":"Was awarded","89d":"Mere morsel","90d":"Downgraded","91d":"San Francisco Bay city","92d":"Brandy-Cointreau concoction","96d":"Acceptable, in some books","97d":"Reins cats and dogs?","99d":"Hill V.I.P.: Abbr.","100d":"\"___ luego!\"","101d":"Most discerning","102d":"Markey who played Tarzan's Jane","103d":"\"Mutt and Jeff\" cartoonist Bud","104d":"Little on the end","105d":"Movie title rider","107d":"Share a view","108d":"Girls of Spain","109d":"Float decoration","110d":"Cousin of a potter's wheel","115d":"Graceful bird","118d":"Coffee container","119d":"Brit. award","120d":"Land on the Rio de la Plata: Abbr.","121d":"Stroke for Seles"},"answers":{"1a":"EBBED","6a":"SNORE","11a":"THAT","15a":"APR","18a":"MORAY","19a":"EELED","20a":"IONIA","22a":"DRE","23a":"BOOTEDTHECOMPUTER","26a":"DIP","27a":"ELMS","28a":"ATRA","29a":"ETRE","30a":"CHICO","32a":"DEI","33a":"BOUNCEDHISCHECKS","37a":"SADNESS","40a":"ALEE","41a":"LITTLE","42a":"NEAT","43a":"ATLI","45a":"OUI","47a":"SYS","48a":"THREWHISBACKOUT","55a":"CCI","58a":"ASHE","59a":"ERTE","60a":"MISDO","64a":"RANOFFSOMEMEMOS","69a":"BATIK","70a":"OCCULT","71a":"AMC","72a":"VERONA","73a":"CHUTE","74a":"DROVEHISCARAWAY","80a":"SERGE","81a":"RAPE","82a":"ZOOS","83a":"EHS","84a":"ORDEREDFOODTOGO","90a":"DAS","93a":"RIA","94a":"AIDA","95a":"ORAL","98a":"ELISHA","101a":"SELL","103a":"FETTLED","106a":"MADEABANANASPLIT","111a":"RAE","112a":"OMENS","113a":"GIGI","114a":"EAST","115a":"KISS","116a":"TEC","117a":"TURNEDOUTTHELIGHT","122a":"EDA","123a":"AREAS","124a":"BRAHE","125a":"OTHER","126a":"DAR","127a":"NEST","128a":"EULER","129a":"BETSY","1d":"EMBEDS","2d":"BOOLEAN","3d":"BROMIDE","4d":"EATS","5d":"DYE","6d":"SETTOS","7d":"NEHRU","8d":"OLEAN","9d":"REC","10d":"EDO","11d":"TIPTHE","12d":"HOURI","13d":"ANTES","14d":"TIE","15d":"ADDICTS","16d":"PRICKLY","17d":"REPOSES","21d":"ARCHI","24d":"DABS","25d":"MEDE","31d":"HET","34d":"CALI","35d":"ELIS","36d":"CLIO","38d":"NAT","39d":"ETH","43d":"AWHO","44d":"THEM","45d":"OCTO","46d":"UKES","49d":"RAFT","50d":"ESS","51d":"BEECH","52d":"ARM","53d":"UMBER","54d":"TIARA","55d":"CROCS","56d":"CACHE","57d":"INCUR","61d":"STOWE","62d":"DINAH","63d":"OKAYS","65d":"OUTGO","66d":"FLEER","67d":"EAVED","68d":"MME","72d":"VASO","74d":"DREI","75d":"RARA","76d":"OPE","77d":"IZOD","78d":"SODA","79d":"COT","85d":"DRAB","86d":"FALA","87d":"OILS","88d":"GOT","89d":"ORT","90d":"DEMOTED","91d":"ALAMEDA","92d":"SIDECAR","96d":"ALRIGHT","97d":"LEASHES","99d":"SEN","100d":"HASTA","101d":"SAGEST","102d":"ENID","103d":"FISHER","104d":"ETTE","105d":"DESTRY","107d":"AGREE","108d":"NINAS","109d":"PETAL","110d":"LATHE","115d":"KITE","118d":"URN","119d":"OBE","120d":"URU","121d":"LOB"}}