{"numbers":[["1","2","3","4","-","5","6","7","8","-","9","10","11","12","13"],["14","","","","-","15","","","","-","16","","","",""],["17","","","","-","18","","","","19","","","","",""],["20","","","","21","","","","-","22","","","-","-","-"],["-","-","23","","","","","-","24","","","","25","26","27"],["28","29","","","","","-","30","","","","-","31","",""],["32","","","","-","-","33","","","","","-","34","",""],["35","","","-","36","37","","","","","","-","38","",""],["39","","","-","40","","","","","-","-","41","","",""],["42","","","-","43","","","","-","44","45","","","",""],["46","","","47","","","","-","48","","","","","-","-"],["-","-","-","49","","","-","50","","","","","","51","52"],["53","54","55","","","","56","","","","-","57","","",""],["58","","","","","-","59","","","","-","60","","",""],["61","","","","","-","62","","","","-","63","","",""]],"clues":{"1a":"Comic Martha","5a":"Bamboozle","9a":"Stoppers","14a":"Height: Abbr.","15a":"Face-to-face exam","16a":"Beau at the balcony","17a":"Town near Caen","18a":"Chockablock","20a":"Headlong","22a":"Resident's suffix","23a":"Race tracks","24a":"Dormitory din","28a":"New York's Twin ___","30a":"Offspring, genealogically: Abbr.","31a":"Celtic Neptune","32a":"Centers","33a":"Walk-on","34a":"Chancellorsville victor","35a":"Western Indian","36a":"Enmity","38a":"Sugar suffix","39a":"Singer Tillis","40a":"Word after many or honey","41a":"Conflict in Greek drama","42a":"French dance","43a":"A.L. or N.L. honorees","44a":"\"Phedre\" dramatist","46a":"Flummoxes","48a":"Spring fragrance","49a":"Picture blowup: Abbr.","50a":"Head count","53a":"Game of digs and spikes","57a":"Parts of pelvises","58a":"Greek poet saved by a dolphin","59a":"Fit","60a":"Oodles","61a":"Mississippi Senator ___ Lott","62a":"Branch headquarters?","63a":"\"Auld Lang ___\"","1d":"Answer: Abbr.","2d":"Der ___ (Adenauer moniker)","3d":"Cowardly one","4d":"Changes with the times","5d":"Carpentry pins","6d":"Europe/Asia separator","7d":"Dark shadow","8d":"Building wing","9d":"1984 Goldie Hawn movie","10d":"Look threatening","11d":"Actress Thurman","12d":"Solidify","13d":"Our sun","19d":"Xmas tree trimming","21d":"Spoil","24d":"Interstate trucks","25d":"Without rhyme or reason","26d":"\"Schindler's List\" star Liam","27d":"Novelist Graham","28d":"Hitches, as a ride","29d":"Surpass at the dinner table","30d":"Natural alarm clocks","33d":"Hoofbeats","36d":"About to occur","37d":"Pulchritudinous","41d":"Gum arabic trees","44d":"Garden brook","45d":"Completely","47d":"Juicy fruit","48d":"Takes it easy","50d":"Contemporary dramatist David","51d":"King of the beasts","52d":"Deceased","53d":"Large tub","54d":"Hockey's Bobby","55d":"Golf-ball position","56d":"Prohibit"},"answers":{"1a":"RAYE","5a":"DUPE","9a":"PLUGS","14a":"ELEV","15a":"ORAL","16a":"ROMEO","17a":"STLO","18a":"WALLTOWALL","20a":"PELLMELL","22a":"ITE","23a":"OVALS","24a":"SNORING","28a":"TOWERS","30a":"DESC","31a":"LER","32a":"HUBS","33a":"CAMEO","34a":"LEE","35a":"UTE","36a":"ILLWILL","38a":"OSE","39a":"MEL","40a":"MOONS","41a":"AGON","42a":"BAL","43a":"MVPS","44a":"RACINE","46a":"STYMIES","48a":"LILAC","49a":"ENL","50a":"ROLLCALL","53a":"VOLLEYBALL","57a":"ILIA","58a":"ARION","59a":"ABLE","60a":"ALOT","61a":"TRENT","62a":"NEST","63a":"SYNE","1d":"RESP","2d":"ALTE","3d":"YELLOWBELLY","4d":"EVOLVES","5d":"DOWELS","6d":"URALS","7d":"PALL","8d":"ELL","9d":"PROTOCOL","10d":"LOWER","11d":"UMA","12d":"GEL","13d":"SOL","19d":"TINSEL","21d":"MAR","24d":"SEMIS","25d":"ILLOGICALLY","26d":"NEESON","27d":"GREENE","28d":"THUMBS","29d":"OUTEAT","30d":"DAWNS","33d":"CLOPS","36d":"IMMINENT","37d":"LOVELY","41d":"ACACIAS","44d":"RILLET","45d":"ALL","47d":"MELON","48d":"LOLLS","50d":"RABE","51d":"LION","52d":"LATE","53d":"VAT","54d":"ORR","55d":"LIE","56d":"BAN"}}