{"numbers":[["1","2","3","4","-","-","-","5","6","7","-","8","9","10","11"],["12","","","","13","14","-","15","","","-","16","","",""],["17","","","","","","-","18","","","19","","","",""],["20","","","","","","21","-","22","","","","","",""],["-","-","-","23","","","","24","-","25","","","","-","-"],["26","27","28","","","-","29","","30","-","31","","","32","33"],["34","","","","","35","-","36","","37","","-","38","",""],["39","","","-","40","","41","","","","","-","42","",""],["43","","","-","44","","","","-","45","","46","","",""],["47","","","48","","-","49","","50","-","51","","","",""],["-","-","52","","","53","-","54","","55","","","-","-","-"],["56","57","","","","","58","-","59","","","","60","61","62"],["63","","","","","","","64","-","65","","","","",""],["66","","","","-","67","","","-","68","","","","",""],["69","","","","-","70","","","-","-","-","71","","",""]],"clues":{"1a":"Greatly impressed","5a":"Chairman ___","8a":"Poet Mandelstam","12a":"Charming","15a":"Viper","16a":"Moore of \"A Few Good Men\"","17a":"Sagan's \"___ Brain\"","18a":"40-Across's beloved 11","20a":"Shifty shoe?","22a":"African nation since 1993","23a":"Danger","25a":"Reps.","26a":"Close, as friends","29a":"Musician's job","31a":"Composer of \"Socrate\"","34a":"National park in Maine","36a":"Shem's father","38a":"Getting on","39a":"Indian writer Santha Rama ___","40a":"Theme of this puzzle","42a":"End up ahead","43a":"Frank Baum's initial initial","44a":"Angel's headgear","45a":"California's motto","47a":"Hebrew master","49a":"Dutch airline","51a":"Spinners, e.g.","52a":"Brain tests, for short","54a":"Essentials","56a":"Common speech","59a":"Bureau","63a":"Locale of 40-Across","65a":"Mourn","66a":"Prolific \"author\"","67a":"___ pro nobis","68a":"Plains Indians","69a":"Items in a code","70a":"___ Luthor","71a":"Boss Tweed lampooner","1d":"Liturgical robes","2d":"Eroded","3d":"Bacchanalian cry","4d":"Crab, e.g.","5d":"Small rug","6d":"Late tennis great","7d":"It may be seria or buffa","8d":"Single-named folk singer","9d":"40-Across landmark","10d":"Hungary's Nagy","11d":"Galileo's home","13d":"40-Across's eastern border","14d":"Belgian river","19d":"Feature of 40-Across, according to Sandburg","21d":"Get-up","24d":"1860 nominee in 40-Across","26d":"Less cluttered","27d":"Florida city","28d":"1976 Nobel Prize winner from 40-Across","30d":"Indian district","32d":"\"___ Ike\" (50's slogan)","33d":"Millay and Ferber","35d":"Cry of discovery","37d":"Ripen","41d":"Kind","46d":"Type of roulette","48d":"Sets sail","50d":"Avg.","53d":"Pub perch","55d":"Therefore","56d":"Perfume holder","57d":"Humerus neighbor","58d":"Mary Robinson's land","60d":"Nintendo rival","61d":"Impending times","62d":"\"Give it a ___\"","64d":"Wailing instrument"},"answers":{"1a":"AWED","5a":"MAO","8a":"OSIP","12a":"LOVELY","15a":"ASP","16a":"DEMI","17a":"BROCAS","18a":"THEBEARS","20a":"SNEAKER","22a":"ERITREA","23a":"PERIL","25a":"AGTS","26a":"BOSOM","29a":"GIG","31a":"SATIE","34a":"ACADIA","36a":"NOAH","38a":"OLD","39a":"RAU","40a":"CHICAGO","42a":"WIN","43a":"ELL","44a":"HALO","45a":"EUREKA","47a":"RABBI","49a":"KLM","51a":"LURES","52a":"EEGS","54a":"NEEDS","56a":"VULGATE","59a":"DRESSER","63a":"ILLINOIS","65a":"GRIEVE","66a":"ANON","67a":"ORA","68a":"OSAGES","69a":"LAWS","70a":"LEX","71a":"NAST","1d":"ALBS","2d":"WORN","3d":"EVOE","4d":"DECAPOD","5d":"MAT","6d":"ASHE","7d":"OPERA","8d":"ODETTA","9d":"SEARSTOWER","10d":"IMRE","11d":"PISA","13d":"LAKEMICHIGAN","14d":"YSER","19d":"BIGSHOULDERS","21d":"RIG","24d":"LINCOLN","26d":"BARER","27d":"OCALA","28d":"SAULBELLOW","30d":"GOA","32d":"ILIKE","33d":"EDNAS","35d":"AHA","37d":"AGE","41d":"ILK","46d":"RUSSIAN","48d":"BEGINS","50d":"MED","53d":"STOOL","55d":"ERGO","56d":"VIAL","57d":"ULNA","58d":"EIRE","60d":"SEGA","61d":"EVES","62d":"REST","64d":"SAX"}}