{"numbers":[["1","2","3","-","4","5","6","7","8","-","9","10","11","12","13"],["14","","","-","15","","","","","-","16","","","",""],["17","","","-","18","","","","","19","","","","",""],["20","","","21","","-","-","-","-","22","","","","",""],["23","","","","","24","-","25","26","","-","-","27","",""],["28","","","","","","29","","","","30","31","","-","-"],["32","","","-","-","33","","","","-","34","","","-","-"],["-","-","-","35","36","","","","","37","","","-","-","-"],["-","-","38","","","-","39","","","","-","-","40","41","42"],["-","-","43","","","44","","","","","45","46","","",""],["47","48","","-","-","49","","","-","50","","","","",""],["51","","","52","53","","-","-","-","-","54","","","",""],["55","","","","","","56","57","58","59","","-","60","",""],["61","","","","","-","62","","","","","-","63","",""],["64","","","","","-","65","","","","","-","66","",""]],"clues":{"1a":"Handel's \"___ Galatea e Polifemo\"","4a":"Pale purple","9a":"Stone: Lat.","14a":"Center square in a game","15a":"Architect Jones","16a":"Stand","17a":"Italian crowd?","18a":"Miss at the movies","20a":"Route near Bear Creek Pass","22a":"Trial","23a":"Lost enthusiasm","25a":"Limo figure, maybe","27a":"Papers for eds.","28a":"Shelter for troops","32a":"Actor Byrnes","33a":"Rivals","34a":"Thunder","35a":"This puzzle's theme","38a":"Service ___","39a":"\"The Camp Meeting\" composer","40a":"1949 Edmond O'Brien movie","43a":"Magnitude","47a":"Name part meaning \"father\"","49a":"Sweep","50a":"Archer's need","51a":"Physics topic","54a":"Fairy bluebird genus","55a":"Bakery purchases","60a":"Gaseous prefix","61a":"With all one's might","62a":"Black Bears' home","63a":"Alphabet trio","64a":"Slow","65a":"Massenet opera","66a":"Compass dir.","1d":"State Department employee","2d":"Shipping unit","3d":"Freezing","4d":"Drew","5d":"Daughter of Cadmus","6d":"Historical Chinese name","7d":"Auden's \"The ___ of Anxiety\"","8d":"Reserved","9d":"Covert","10d":"Start of a children's rhyme","11d":"Soldiers of yore","12d":"Flashes","13d":"Hoaxes: Sl.","19d":"Hussein's queen","21d":"ET on TV","24d":"Flip one's lid?","25d":"Long bladed hatchet","26d":"South Pacific island","29d":"Actress Davidovich","30d":"Hubbub","31d":"Orange blossom ingredient","35d":"Hosp. ward","36d":"Educ. group","37d":"\"It ___ Fair\" (Sammy Kaye hit)","38d":"Arthur Curry's superhero identity","40d":"Some corners","41d":"Concord","42d":"Ancient goddess of fertility","44d":"Thunder","45d":"Hiver, e.g.","46d":"Sale item Abbr.","47d":"Petrify","48d":"\"Superfudge\" author","52d":"Kabob thingamabob","53d":"Month: Prefix","56d":"Yankee Clipper's brother","57d":"Keogh plan relative","58d":"\"___ Dieu!\"","59d":"\"Music for Airports\" composer"},"answers":{"1a":"ACI","4a":"LILAC","9a":"LAPIS","14a":"TAC","15a":"INIGO","16a":"ABIDE","17a":"TRE","18a":"MONEYNICKEL","20a":"ALCAN","22a":"ORDEAL","23a":"COOLED","25a":"CEO","27a":"MSS","28a":"HALFDOLLARAGE","32a":"EDD","33a":"FOES","34a":"DIN","35a":"INFLATION","38a":"ACE","39a":"IVES","40a":"DOA","43a":"QUARTERNSIONS","47a":"ABU","49a":"OAR","50a":"TARGET","51a":"PLASMA","54a":"IRENA","55a":"PUMPERDIMES","60a":"AER","61a":"AMAIN","62a":"ORONO","63a":"RST","64a":"LENTO","65a":"MANON","66a":"SSE","1d":"ATTACHE","2d":"CARLOAD","3d":"ICECOLD","4d":"LIMNED","5d":"INO","6d":"LIN","7d":"AGE","8d":"COY","9d":"LAIR","10d":"ABCD","11d":"PIKEMEN","12d":"IDEAS","13d":"SELLS","19d":"NOOR","21d":"ALF","24d":"DOFF","25d":"CLEAVER","26d":"EASTER","29d":"LOLITA","30d":"ADO","31d":"GIN","35d":"ICU","36d":"NEA","37d":"ISNT","38d":"AQUAMAN","40d":"DOGEARS","41d":"ONENESS","42d":"ASTARTE","44d":"ROAR","45d":"SAISON","46d":"IRR","47d":"APPAL","48d":"BLUME","52d":"SPIT","53d":"MENO","56d":"DOM","57d":"IRA","58d":"MON","59d":"ENO"}}