{"numbers":[["1","2","3","4","-","5","6","7","8","9","-","10","11","12","13"],["14","","","","-","15","","","","","-","16","","",""],["17","","","","-","18","","","","","-","19","","",""],["20","","","","21","","","","","","22","","","-","-"],["23","","","-","24","","","-","-","25","","","","26","27"],["28","","","29","","-","30","31","32","-","33","","","",""],["-","-","-","34","","35","-","36","","37","-","38","","",""],["-","39","40","","","","41","","","","42","","","","-"],["43","","","","-","44","","","-","45","","","-","-","-"],["46","","","","47","-","48","","49","-","50","","51","52","53"],["54","","","","","55","-","-","56","57","","-","58","",""],["-","-","59","","","","60","61","","","","62","","",""],["63","64","","","-","65","","","","","-","66","","",""],["67","","","","-","68","","","","","-","69","","",""],["70","","","","-","71","","","","","-","72","","",""]],"clues":{"1a":"It goes from stem to stern","5a":"Ten Commandments word","10a":"Companion of Ollie","14a":"Dancer Pavlova","15a":"Champing at the bit","16a":"A billion years","17a":"Con game","18a":"Vacant","19a":"Soap unit","20a":"Stoves that don't work?","23a":"\"Diamonds ___ a girl's ...\"","24a":"\"Gidget\" star","25a":"Perform perfectly","28a":"Hagar the Horrible's honey","30a":"It was banned in 1973","33a":"Beatniks beat it","34a":"Interjections","36a":"___ in apple","38a":"lamb and dactyl","39a":"Filming actors?","43a":"Pasture sounds","44a":"Carl of baseball, informally","45a":"Tic-toe bridge","46a":"Lady ___, founder of the Girl Guides","48a":"Trouble in France","50a":"Frame","54a":"Itch initiator","56a":"Partake of","58a":"Calendar abbr.","59a":"Arson?","63a":"West of Gotham City","65a":"\"I'm ___ duck\"","66a":"___ hemp (fiber plant)","67a":"\"I Spy\" star","68a":"List of candidates","69a":"It may come with points","70a":"Grown-up grigs","71a":"Biblical king with 10 wives","72a":"Muffs","1d":"North African fortress","2d":"Concert cry","3d":"Filling surrounder","4d":"\"Mrs. Battle's Opinions on Whist\" writer","5d":"Ile de la Cite site","6d":"The ___ Man (tarot card)","7d":"Actor John","8d":"First name in supper club entertainment","9d":"Drift","10d":"Not at a distance","11d":"Logician","12d":"Flight approval","13d":"22° 30'","21d":"Baking potato","22d":"Lump","26d":"\"Rock of ___\"","27d":"Young 'un","29d":"Thrilled response","31d":"Tony of \"Who's the Boss?\"","32d":"License","35d":"Pen","37d":"Trans-Atlantic flier","39d":"Emerson, The ___ of Concord","40d":"Game originally called \"fives\"","41d":"Descartes conclusion","42d":"Fashion","43d":"Sot's spot","47d":"Big ___, Calif.","49d":"Not staccato","51d":"A sew-and-sew?","52d":"Hubbub","53d":"Is foppish","55d":"Grind","57d":"Kind of attraction","60d":"Run in place","61d":"About","62d":"No___ (register button)","63d":"Plane downer","64d":"Like threatening bills"},"answers":{"1a":"KEEL","5a":"SHALT","10a":"FRAN","14a":"ANNA","15a":"EAGER","16a":"AEON","17a":"SCAM","18a":"INANE","19a":"CAKE","20a":"BOMBINGRANGES","23a":"ARE","24a":"DEE","25a":"DOTOAT","28a":"HELGA","30a":"DDT","33a":"BONGO","34a":"OHS","36a":"AAS","38a":"FEET","39a":"SHOOTINGSTARS","43a":"BAAS","44a":"YAZ","45a":"TAC","46a":"AGNES","48a":"MAL","50a":"SETUP","54a":"REDBUG","56a":"EAT","58a":"APR","59a":"BURNINGDESIRE","63a":"ADAM","65a":"ADEAD","66a":"ALOE","67a":"CULP","68a":"SLATE","69a":"LOAN","70a":"EELS","71a":"HEROD","72a":"ERRS","1d":"KASBAH","2d":"ENCORE","3d":"ENAMEL","4d":"LAMB","5d":"SEINE","6d":"HANGED","7d":"AGAR","8d":"LENA","9d":"TREND","10d":"FACETOFACE","11d":"REASONER","12d":"AOK","13d":"NNE","21d":"IDAHO","22d":"GOB","26d":"AGES","27d":"TOT","29d":"GOOSEBUMPS","31d":"DANZA","32d":"TAG","35d":"STY","37d":"SST","39d":"SAGE","40d":"HANDBALL","41d":"IAM","42d":"TASTE","43d":"BAR","47d":"SUR","49d":"LEGATO","51d":"TAILOR","52d":"UPROAR","53d":"PREENS","55d":"GNASH","57d":"ADDED","60d":"IDLE","61d":"NEAR","62d":"SALE","63d":"ACE","64d":"DUE"}}