{"numbers":[["1","2","3","4","-","5","6","7","8","9","-","-","10","11","12"],["13","","","","-","14","","","","","-","15","","",""],["16","","","","17","","","","","","18","","","",""],["19","","","-","20","","","","-","-","21","","","",""],["-","-","-","22","","","","-","23","24","","","","",""],["25","26","27","","","","-","28","","","","","-","-","-"],["29","","","","-","-","30","","","","","-","31","32","33"],["34","","","","35","36","","","","","","37","","",""],["38","","","-","39","","","","","-","-","40","","",""],["-","-","-","41","","","","","-","42","43","","","",""],["44","45","46","","","","","-","47","","","","-","-","-"],["48","","","","","-","-","49","","","","-","50","51","52"],["53","","","","","54","55","","","","","56","","",""],["57","","","","-","58","","","","","-","59","","",""],["60","","","-","-","61","","","","","-","62","","",""]],"clues":{"1a":"Enjoys at leisure","5a":"Lucifer","10a":"Likely","13a":"\"Flower Song,\" e.g.","14a":"Harden","15a":"A Guthrie","16a":"Start of a quip","19a":"Part of a flick?","20a":"French holy women: Abbr.","21a":"First","22a":"Egg : oval :: ___ : pyriform","23a":"Supports","25a":"1973 Elton John hit","28a":"Burnt, in cooking","29a":"Environmentalism: Abbr.","30a":"Large: Prefix","31a":"\"The Conqueror Worm\" writer","34a":"Middle of the quip","38a":"Foreign exchange listing","39a":"Come to ___","40a":"O.K. Corral figure","41a":"Unstable","42a":"Elegant","44a":"Know-it-alls","47a":"Highlander","48a":"Treasured violin","49a":"Repugnance","50a":"\"Whiffenpoof\" syllable","53a":"End of the quip","57a":"Rotunda resting place","58a":"Prospero's sprite","59a":"Kind of ox","60a":"TV \"clutter\"","61a":"Curt","62a":"Arguments for","1d":"\"Volsunga ___\"","2d":"Infuriates","3d":"Material for a topi","4d":"Had a session","5d":"Kind of anguish","6d":"Choler","7d":"Wash sites","8d":"Dernier ___","9d":"That girl","10d":"Spinning","11d":"Argue","12d":"Lincoln's in-laws","15d":"\"For want of ___ the horse was lost\"","17d":"Understanding words","18d":"Black___ (sensational 1947 murder case)","22d":"Tiresome one","23d":"Coaxes","24d":"Boxlike sleigh","25d":"Slightly wet","26d":"Be heartsick","27d":"Time for mad dogs and Englishmen","28d":"Nuts","30d":"Grades","31d":"Vegetables","32d":"Not just mine","33d":"Glimpse","35d":"Kind of food","36d":"Capital","37d":"Kind of cutlet","41d":"Lecher","42d":"Kine","43d":"Lascivious look","44d":"Brazilian dance","45d":"\"The way of a man with ___\": Proverbs","46d":"Windmill arms","47d":"Rubbernecks","49d":"He's got it coming","50d":"Smudge","51d":"To boot","52d":"Bids","54d":"Topper","55d":"Long start","56d":"Little dickens"},"answers":{"1a":"SIPS","5a":"MATCH","10a":"APT","13a":"ARIA","14a":"ENURE","15a":"ARLO","16a":"GETTINGBIRDSEED","19a":"ASH","20a":"STES","21a":"AHEAD","22a":"PEAR","23a":"UPHOLDS","25a":"DANIEL","28a":"BRULE","29a":"ECOL","30a":"MAGNI","31a":"POE","34a":"WHOLESALEGAVEUS","38a":"YEN","39a":"TERMS","40a":"EARP","41a":"SHAKY","42a":"CLASSY","44a":"SAVANTS","47a":"GAEL","48a":"AMATI","49a":"HATE","50a":"BAA","53a":"MANYCHEEPTRILLS","57a":"BIER","58a":"ARIEL","59a":"MUSK","60a":"ADS","61a":"TERSE","62a":"PROS","1d":"SAGA","2d":"IRES","3d":"PITH","4d":"SAT","5d":"MENTAL","6d":"ANGER","7d":"TUBS","8d":"CRI","9d":"HER","10d":"AREEL","11d":"PLEAD","12d":"TODDS","15d":"ASHOE","17d":"ISEE","18d":"DAHLIA","22d":"PILL","23d":"URGES","24d":"PUNG","25d":"DEWY","26d":"ACHE","27d":"NOON","28d":"BALMY","30d":"MARKS","31d":"PEAS","32d":"OURS","33d":"ESPY","35d":"ETHNIC","36d":"SEAT","37d":"VEAL","41d":"SATYR","42d":"CATTLE","43d":"LEER","44d":"SAMBA","45d":"AMAID","46d":"VANES","47d":"GAPES","49d":"HEIR","50d":"BLUR","51d":"ALSO","52d":"ASKS","54d":"HAT","55d":"ERE","56d":"IMP"}}