{"numbers":[["1","2","3","4","5","6","7","8","9","10","-","11","12","13","14"],["15","","","","","","","","","","-","16","","",""],["17","","","","","","","","","","-","18","","",""],["19","","","-","20","","","","-","-","21","","","",""],["22","","","23","-","24","","","25","26","","-","27","",""],["28","","","","29","-","30","","","","","31","","",""],["-","-","-","32","","33","-","34","","","","","","",""],["-","35","36","","","","37","-","38","","","","","","-"],["39","","","","","","","40","-","41","","","-","-","-"],["42","","","","","","","","43","-","44","","45","46","47"],["48","","","-","49","","","","","50","-","51","","",""],["52","","","53","","-","-","54","","","55","-","56","",""],["57","","","","-","58","59","","","","","60","","",""],["61","","","","-","62","","","","","","","","",""],["63","","","","-","64","","","","","","","","",""]],"clues":{"1a":"Grinder","11a":"Magistrate in Dryden's \"Absalom and Achitophel\"","15a":"Sultry star of \"A Man and a Woman\"","16a":"Western wolf","17a":"Copying, with \"after\"","18a":"Shake, in away","19a":"911 abbr.","20a":"Splinter group","21a":"Brown baggers?","22a":"Old Portuguese coins","24a":"Pet nickname","27a":"Dockworkers' grp.","28a":"Postman's challenge","30a":"1981. Rolling Stones hit","32a":"Short-bodied dog","34a":"Franck detective ___ Clovis Desire Pel","35a":"It won't go along for the ride","38a":"Make balance","39a":"Reflecting reality as a single unit","41a":"Prefix with metrics","42a":"Shelf coverings","44a":"1961 fad, with \"the\"","48a":"Messenger ___","49a":"Lauder et al.","51a":"Unescorted","52a":"Brand advertised as \"two mints in one\"","54a":"Proceedings","56a":"Ruckus","57a":"Sharpen, as a knife","58a":"Would-be journeyman","61a":"Actor Mischa","62a":"Sponge","63a":"Passe hairstyle","64a":"Not the reigning champs","1d":"Print media","2d":"Canine's coat","3d":"Richie's TV buddy","4d":"Shot or well follower","5d":"Squeezes (out)","6d":"Stood up, in dialect","7d":"Walks primly","8d":"Look like","9d":"Dawson of football","10d":"Part of a journey","11d":"1973 hit \"___ Know\"","12d":"Most thuggish","13d":"Sheer","14d":"Gets overexcited","21d":"Half a coin motto","23d":"Type of tank","25d":"Like some reviews","26d":"Kirkuk denizen","29d":"Scraps","31d":"Cat cries","33d":"Los ___, Calif.","35d":"Enlisted","36d":"Swollen","37d":"Chef's protector","39d":"Passage of poetry or music","40d":"Depreciate","43d":"Like some identities","45d":"Silver ___ (cloud seed)","46d":"Kitchen gadget","47d":"Cosmetic preparations","50d":"Stone marker","53d":"Mr. T's real name","55d":"Pretty soon","58d":"Half the N.F.L.: Abbr.","59d":"Turn ___ (start making money)","60d":"Tiny bit"},"answers":{"1a":"PEPPERMILL","11a":"AGAG","15a":"ANOUKAIMEE","16a":"LOBO","17a":"PATTERNING","18a":"LOSE","19a":"EMS","20a":"SECT","21a":"WINOS","22a":"REIS","24a":"DEARIE","27a":"ILA","28a":"SLEET","30a":"STARTMEUP","32a":"PUG","34a":"EVARISTE","35a":"JETSAM","38a":"EQUATE","39a":"MONISTIC","41a":"ISO","42a":"OILCLOTHS","44a":"TWIST","48a":"RNA","49a":"ESTEES","51a":"SOLO","52a":"CERTS","54a":"ACTA","56a":"DIN","57a":"EDGE","58a":"APPRENTICE","61a":"AUER","62a":"FREELOADER","63a":"UPDO","64a":"CONTENDERS","1d":"PAPERS","2d":"ENAMEL","3d":"POTSIE","4d":"PUT","5d":"EKES","6d":"RARED","7d":"MINCES","8d":"IMITATE","9d":"LEN","10d":"LEG","11d":"ALLI","12d":"GOONIEST","13d":"ABSOLUTE","14d":"GOESAPE","21d":"WETRUST","23d":"SEPTIC","25d":"RAVE","26d":"IRAQI","29d":"TUSSLES","31d":"MIAOWS","33d":"GATOS","35d":"JOINEDUP","36d":"ENLARGED","37d":"MITT","39d":"MORCEAU","40d":"CHEAPEN","43d":"SECRET","45d":"IODIDE","46d":"SLICER","47d":"TONERS","50d":"STELE","53d":"TERO","55d":"ANON","58d":"AFC","59d":"PRO","60d":"TAD"}}