{"numbers":[["1","2","3","4","5","6","7","8","9","10","11","-","12","13","14"],["15","","","","","","","","","","","-","16","",""],["17","","","","","","","","","","","-","18","",""],["-","-","-","19","","","","-","20","","","-","21","",""],["22","23","24","-","25","","","26","-","-","-","27","","",""],["28","","","29","-","30","","","31","32","-","33","","",""],["34","","","","35","-","-","36","","","37","","","",""],["38","","","","","39","40","","","","","","","",""],["41","","","","","","","","-","-","42","","","",""],["43","","","","-","44","","","45","46","-","47","","",""],["48","","","","-","-","-","49","","","50","-","51","",""],["52","","","-","53","54","55","-","56","","","57","-","-","-"],["58","","","-","59","","","60","","","","","61","62","63"],["64","","","-","65","","","","","","","","","",""],["66","","","-","67","","","","","","","","","",""]],"clues":{"1a":"Sauce ingredient","12a":"Old spy novel grp.","15a":"Eden event","16a":"Trendy","17a":"Grew back","18a":"Verdi aria \"___ tu\"","19a":"Count, in a manner of speaking","20a":"S.A.T. takers","21a":"Police findings, for short","22a":"Lift giver","25a":"Arthur Miller's \"All My ___\"","27a":"Dear ones?","28a":"Golf-cartlike vehicles","30a":"Damask rose product","33a":"Pen brand","34a":"Main","36a":"Exchange for something precious","38a":"Deli order","41a":"Some woolens","42a":"Day's march","43a":"Indian name meaning \"ruler\"","44a":"Smart guy","47a":"H.S. requirements","48a":"In order","49a":"A few bucks","51a":"Pilot's heading","52a":"Philosopher ___ Yutang","53a":"Overseas pen pal?","56a":"Track components","58a":"Philippine native","59a":"Soap opera of 1954-74, with \"The\"","64a":"Its ZIP codes start 89-: Abbr.","65a":"Lucid","66a":"Describing some wines","67a":"Kind of sandwich","1d":"Peak","2d":"Bank deposit","3d":"Onetime enemy plane","4d":"Song composer Milton","5d":"Off Broadway's \"Tony n'___ Wedding\"","6d":"___ customer","7d":"Raise a family","8d":"Like","9d":"Jets","10d":"Rank","11d":"QB targets","12d":"Track event","13d":"Piece of college jewelry","14d":"Ham companion","22d":"Summer resort south of Narragansett Pier","23d":"Scout out","24d":"Virginia creeper","26d":"Operated, in a way","27d":"Lily and rose, e.g.","29d":"Seasonal workers","31d":"Yes","32d":"Third man in a ring","35d":"Just out","37d":"It's stubbed","39d":"Narc's org.","40d":"Passbook info: Abbr.","45d":"Singer Peter","46d":"Carradine and others","50d":"VCR button","53d":"\"The Apostle\" novelist","54d":"Dramatic beginning","55d":"Specialist in 60 Down","57d":"Reward for merit","60d":"Modern music","61d":"Harem quarters","62d":"Ad ___","63d":"Year in Henry VII's reign"},"answers":{"1a":"TOMATOPASTE","12a":"OSS","15a":"ORIGINALSIN","16a":"NOW","17a":"REGENERATED","18a":"ERI","19a":"RATE","20a":"SRS","21a":"MOS","22a":"BRA","25a":"SONS","27a":"SIRS","28a":"LEMS","30a":"ATTAR","33a":"CLIC","34a":"OCEAN","36a":"EYETEETH","38a":"CORNEDBEEFONRYE","41a":"KNITWEAR","42a":"ETAPE","43a":"INCA","44a":"ALECK","47a":"SCIS","48a":"SOAS","49a":"DEER","51a":"ENE","52a":"LIN","53a":"AMI","56a":"TIES","58a":"ATI","59a":"SECRETSTORM","64a":"NEV","65a":"CLEARHEADED","66a":"DRY","67a":"HOTPASTRAMI","1d":"TOR","2d":"ORE","3d":"MIG","4d":"AGER","5d":"TINAS","6d":"ONETOA","7d":"PARENT","8d":"ALA","9d":"SSTS","10d":"TIER","11d":"ENDS","12d":"ONEMILERACE","13d":"SORORITYPIN","14d":"SWISSCHEESE","22d":"BLOCKISLAND","23d":"RECONNOITER","24d":"AMERICANIVY","26d":"STEERED","27d":"SCENTS","29d":"SANTAS","31d":"AYE","32d":"REF","35d":"NEW","37d":"TOE","39d":"DEA","40d":"BAL","45d":"CETERA","46d":"KEITHS","50d":"RESET","53d":"ASCH","54d":"MELO","55d":"ICET","57d":"STAR","60d":"RAP","61d":"ODA","62d":"REM","63d":"MDI"}}