{"numbers":[["1","2","3","4","5","6","-","7","8","9","10","11","12","-","-","13","14","15","16","17","18"],["19","","","","","","-","20","","","","","","21","-","22","","","","",""],["23","","","","","","-","24","","","","","","","25","","","","","",""],["26","","","","","-","27","","","","-","-","-","28","","","","","","",""],["29","","","","","30","","-","31","","32","33","34","-","35","","","","-","-","-"],["-","-","36","","","","","-","-","37","","","","38","","-","-","39","40","41","42"],["43","44","","-","45","","","46","47","-","48","","","","","49","50","","","",""],["51","","","52","-","-","-","53","","54","-","55","","","","","","-","56","",""],["57","","","","-","-","58","","","","59","-","-","60","","","","-","61","",""],["62","","","","-","63","","","","","","64","65","-","-","66","","67","","",""],["-","-","-","68","69","","","","","","","","","70","71","","","","-","-","-"],["72","73","74","","","","-","-","75","","","","","","","","-","76","77","78","79"],["80","","","-","81","","82","83","-","-","84","","","","","-","-","85","","",""],["86","","","-","87","","","","88","89","-","90","","","-","-","-","91","","",""],["92","","","93","","","","","","","94","-","95","","96","97","98","-","99","",""],["100","","","","-","-","101","","","","","102","-","-","103","","","104","","-","-"],["-","-","-","105","106","107","","-","108","","","","109","-","110","","","","","111","112"],["113","114","115","","","","","116","-","-","-","117","","118","","-","119","","","",""],["120","","","","","","","","121","122","123","","","","-","124","","","","",""],["125","","","","","","-","126","","","","","","","-","127","","","","",""],["128","","","","","","-","-","129","","","","","","-","130","","","","",""]],"clues":{"1a":"Yacht spot","7a":"Greenspan's domain","13a":"Haifa hi","19a":"Coordinates","20a":"Eastern European nation","22a":"Mexican state south of Jalisco","23a":"Get a grip on","24a":"Dieting Supreme Court Justice","26a":"Telly on the telly","27a":"Aesir member","28a":"Springfield family, with \"The\"","29a":"Radio choice","31a":"Teach","35a":"Damage, so to speak","36a":"Add aroma to","37a":"Hardly art","39a":"River through Leeds","43a":"Set the price","45a":"Gaps to be bridged","48a":"Dieting comic","51a":"Not too badly","53a":"Physicist Georg","55a":"April mailing","56a":"Word with ad or gay","57a":"Pedestal figure","58a":"Festival of deliverance","60a":"On ___ with","61a":"Nationality suffix","62a":"Amandine Dupin's pen name","63a":"Mother of Salome","66a":"No good","68a":"Dieting industrialist","72a":"Sucker seeker","75a":"Officially, Alcatraz had none","76a":"Cubemeister Rubik","80a":"Live","81a":"1935 Cagney film","84a":"Miss Webb of \"Our Town\"","85a":"Speaking role for Rocky Lane","86a":"Fisher's gear","87a":"Virgil hero","90a":"Manuscript encl.","91a":"Big rig","92a":"Dieting actor","95a":"March honoree, for short","99a":"Part of Italy","100a":"Individual","101a":"Recorded","103a":"Greek god's blood","105a":"Wear out","108a":"Some type: Abbr.","110a":"Winter Olympics sight","113a":"Overwhelms","117a":"Actress Swenson","119a":"Cassette top","120a":"Dieting Founding Father","124a":"With 114 Down, ship of song","125a":"A hairline can do it","126a":"\"Happy Hooker\" Hollander","127a":"One way to lie","128a":"Ross and others","129a":"Socialites","130a":"Miss Universe, e.g.","1d":"McLarty and the Knife","2d":"Dispense carefully","3d":"Dieting baseball player","4d":"Born","5d":"Bit of romance","6d":"Refuse","7d":"Like taken paths","8d":"Denzel \"St. Elsewhere\" co-star","9d":"Touches up","10d":"Cool off","11d":"Word before and after \"to\"","12d":"Do alternative","13d":"Jerk","14d":"Basketball, slangily","15d":"Selected athlete","16d":"Fancy wheels","17d":"Dodona message","18d":"Physics calculation","21d":"Michaels and Martino","25d":"Laps","27d":"Scott Turow book","30d":"Midwest megacampus: Abbr.","32d":"German pronoun","33d":"\"Dona ___ and Her Two Husbands\"","34d":"Knight time","38d":"Govt. program for the unemployed","40d":"Unemployed","41d":"Hike","42d":"Lay (in)","43d":"Sale condition","44d":"Kind of water","46d":"Quartets","47d":"Tuesday type","49d":"Heartthroub singer Randy","50d":"Matriculate","52d":"Former","54d":"Touchy one","58d":"Little: Fr.","59d":"Kind of meat","63d":"Where Gott resides","64d":"\"Careless Love\" novelist Alice","65d":"Art photos","67d":"New couples","69d":"Indiana Senator Richard","70d":"Got a new roomer","71d":"Bygone notable","72d":"Start of a Victor Herbert title","73d":"Revolted","74d":"Revolter","77d":"Dieting Prime Minister","78d":"Nobody, in ancient Rome","79d":"Garfield's pal","82d":"Benefited from","83d":"Bright, colorwise","88d":"Nay sayer","89d":"Pants part","93d":"Adds on","94d":"Karlovy Vary is one","96d":"City north of Livorno","97d":"Cry of horror, in the comics","98d":"1989 Paul McCartney song","102d":"Ruling groups","104d":"Algonquin language","106d":"Set","107d":"\"___ of God\"","109d":"Insomnia cause","111d":"Kind of system","112d":"Barbecued item","113d":"Biting comment","114d":"See 124 Across","115d":"Branch","116d":"Driver's license info","118d":"Relative of the midge","121d":"Onetime Indian government","122d":"\"___ got it!\"","123d":"Aflame","124d":"Kid"},"answers":{"1a":"MARINA","7a":"THEFED","13a":"SHALOM","19a":"ALINES","20a":"ROMANIA","22a":"COLIMA","23a":"CLENCH","24a":"OWENDELLHOLMES","26a":"KOJAK","27a":"ODIN","28a":"SIMPSONS","29a":"STATION","31a":"EDIFY","35a":"COST","36a":"CENSE","37a":"SHLOCK","39a":"AIRE","43a":"ASK","45a":"GULFS","48a":"MORESTERDAM","51a":"SOSO","53a":"OHM","55a":"RETURN","56a":"LIB","57a":"IDOL","58a":"PURIM","60a":"APAR","61a":"ESE","62a":"SAND","63a":"HERODIAS","66a":"VOIDED","68a":"ELIUSVANDERBILT","72a":"BARNUM","75a":"ESCAPEES","76a":"ERNO","80a":"ARE","81a":"GMEN","84a":"EMILY","85a":"MRED","86a":"BOB","87a":"AENEAS","90a":"SAE","91a":"SEMI","92a":"ESEARLJONES","95a":"STPAT","99a":"TOE","100a":"SELF","101a":"ONTAPE","103a":"ICHOR","105a":"FRAY","108a":"ITALS","110a":"SKIJUMP","113a":"BESIEGES","117a":"INGA","119a":"SIDEA","120a":"ALEXANDERILTON","124a":"ROBERT","125a":"RECEDE","126a":"XAVIERA","127a":"INWAIT","128a":"BETSYS","129a":"JETSET","130a":"BEAUTY","1d":"MACKS","2d":"ALLOT","3d":"RIEJACKSON","4d":"INNATE","5d":"NECKING","6d":"ASH","7d":"TROD","8d":"HOWIE","9d":"EMENDS","10d":"FAN","11d":"END","12d":"DIE","13d":"SCHMO","14d":"HOOPS","15d":"ALLSTAR","16d":"LIMO","17d":"OMEN","18d":"MASS","21d":"ALS","25d":"LICKSUP","27d":"ONEL","30d":"OSU","32d":"IHM","33d":"FLOR","34d":"YORE","38d":"CETA","40d":"IDLED","41d":"RAISE","42d":"EMBED","43d":"ASIS","44d":"SODA","46d":"FOURS","47d":"SHROVE","49d":"TRAVIS","50d":"ENROL","52d":"OLDEN","54d":"MIDAS","58d":"PEU","59d":"MINCE","63d":"HIMMEL","64d":"ADAMS","65d":"SEPIAS","67d":"ITEMS","69d":"LUGAR","70d":"RELET","71d":"BEY","72d":"BABES","73d":"AROSE","74d":"REBEL","77d":"RRETRUDEAU","78d":"NEMO","79d":"ODIE","82d":"ENJOYED","83d":"NEON","88d":"ANTI","89d":"SEAT","93d":"AFFIXES","94d":"SPA","96d":"PISA","97d":"ACK","98d":"THISONE","102d":"ELITES","104d":"OJIBWA","106d":"READY","107d":"AGNES","109d":"SNORE","111d":"MERIT","112d":"PATTY","113d":"BARB","114d":"ELEE","115d":"SECT","116d":"SEX","118d":"GNAT","121d":"RAJ","122d":"IVE","123d":"LIT","124d":"RIB"}}