{"numbers":[["1","2","3","4","-","5","6","7","8","9","-","10","11","12","13"],["14","","","","-","15","","","","","-","16","","",""],["17","","","","-","18","","","","","19","","","",""],["20","","","","21","","","-","-","22","","","","",""],["-","-","-","23","","","-","-","24","","","","-","-","-"],["25","26","27","","","-","28","29","","-","30","","31","32","33"],["34","","","","-","35","","","","36","","-","37","",""],["38","","","","39","","","","","","","40","","",""],["41","","","-","42","","","","","","-","43","","",""],["44","","","45","","-","46","","","-","47","","","",""],["-","-","-","48","","49","","-","-","50","","","-","-","-"],["51","52","53","","","","-","-","54","","","","55","56","57"],["58","","","","","","59","60","","","-","61","","",""],["62","","","","-","63","","","","","-","64","","",""],["65","","","","-","66","","","","","-","67","","",""]],"clues":{"1a":"\"Woe is me!\"","5a":"Inn, informally","10a":"Dollop","14a":"Frolic","15a":"Title holder","16a":"Burl's ex","17a":"Jai ___","18a":"Former auto executive","20a":"Two-pointers","22a":"Differs","23a":"Saucer occupants, for short","24a":"Mozart's \"___ fan tutte\"","25a":"Ball girl","28a":"Vacation spot","30a":"\"Jerusalem Delivered\" poet","34a":"Border lake","35a":"Car in a procession","37a":"Spring mo.","38a":"West Point salutatorian, 1829","41a":"Language ending","42a":"Off course","43a":"City two hours south of Lillehammer","44a":"Spreads the word","46a":"Bit of voodoo","47a":"Grueling tests","48a":"Sword with a guard","50a":"Louis Freeh's org.","51a":"Rubbed","54a":"Ascendant","58a":"Two-time U.S. Open golf champion","61a":"Kind of shark","62a":"Suffix with buck","63a":"Pentax rival","64a":"Sicilian rumbler","65a":"Poet Robert ___ Warren","66a":"Exhausted","67a":"Sunup direction","1d":"Bedouin","2d":"She gets what she wants","3d":"Amo, ___, amat","4d":"Modern film maker","5d":"Leaves in a hurry","6d":"Wows","7d":"Jet's heading","8d":"Mercury and Jupiter, e.g.","9d":"\"Well done!\"","10d":"Actress DeHaven","11d":"Places","12d":"___ over lightly","13d":"Kind of crime","19d":"Mobile unit?","21d":"Season of I'annee","24d":"Polish producer","25d":"Cap","26d":"Having an irregular edge","27d":"Defame","28d":"Boil","29d":"Military chaplain","31d":"Hot sauce","32d":"Word with cold or breathing","33d":"Chocolate snacks","35d":"Elevations: Abbr.","36d":"Remark","39d":"Hardly one with a lilting voice","40d":"Neoprimitive American artist","45d":"Unextinguished","47d":"Kimono sash","49d":"Paradises","50d":"Weather line","51d":"Keep time manually","52d":"\"You are ___\"","53d":"Ages and ages","54d":"Soon","55d":"Ninth Greek letter","56d":"Actress Woods and others","57d":"Pest","59d":"One who gets special treatment","60d":"W.W. II hero"},"answers":{"1a":"ALAS","5a":"BANDB","10a":"GLOB","14a":"ROMP","15a":"OWNER","16a":"LONI","17a":"ALAI","18a":"LEEIACOCCA","20a":"BASKETS","22a":"VARIES","23a":"ETS","24a":"COSI","25a":"BELLE","28a":"SPA","30a":"TASSO","34a":"ERIE","35a":"HEARSE","37a":"APR","38a":"ROBERTEDWARDLEE","41a":"ESE","42a":"ASTRAY","43a":"OSLO","44a":"TELLS","46a":"HEX","47a":"ORALS","48a":"EPEE","50a":"FBI","51a":"CHAFED","54a":"ARISING","58a":"LEETREVINO","61a":"LOAN","62a":"AROO","63a":"NIKON","64a":"ETNA","65a":"PENN","66a":"SPENT","67a":"EAST","1d":"ARAB","2d":"LOLA","3d":"AMAS","4d":"SPIKELEE","5d":"BOLTS","6d":"AWES","7d":"NNE","8d":"DEI","9d":"BRAVO","10d":"GLORIA","11d":"LOCI","12d":"ONCE","13d":"BIAS","19d":"CASTER","21d":"ETE","24d":"CARWAX","25d":"BERET","26d":"EROSE","27d":"LIBEL","28d":"SEETHE","29d":"PADRE","31d":"SALSA","32d":"SPELL","33d":"OREOS","35d":"HTS","36d":"SAY","39d":"RASPER","40d":"DORISLEE","45d":"LEFTON","47d":"OBI","49d":"EDENS","50d":"FRONT","51d":"CLAP","52d":"HERE","53d":"AEON","54d":"ANON","55d":"IOTA","56d":"NANS","57d":"GNAT","59d":"VIP","60d":"IKE"}}