{"numbers":[["1","2","3","4","-","5","6","7","8","-","9","10","11","12","13"],["14","","","","-","15","","","","-","16","","","",""],["17","","","","18","","","","","-","19","","","",""],["-","-","-","-","20","","","","-","-","21","","","",""],["-","22","23","24","","","","-","25","26","","","","-","-"],["27","","","","","","-","28","","","","","","29","-"],["30","","","","","-","31","","","","","-","32","","33"],["34","","","","-","35","","","","","-","36","","",""],["37","","","-","38","","","","","-","39","","","",""],["-","40","","41","","","","","-","42","","","","",""],["-","-","43","","","","","-","44","","","","","","-"],["45","46","","","","-","-","47","","","","-","-","-","-"],["48","","","","","-","49","","","","","50","51","52","53"],["54","","","","","-","55","","","","-","56","","",""],["57","","","","","-","58","","","","-","59","","",""]],"clues":{"1a":"Petite or jumbo","5a":"Gobs","9a":"Final Four rounds","14a":"Composer Satie","15a":"___ avail","16a":"Gather into folds","17a":"Fashionable African land?","19a":"Chain of hills","20a":"Till compartment","21a":"Tartarus captive, in myth","22a":"Military encounter","25a":"___ projection (map system)","27a":"Escargots","28a":"Embarrassment","30a":"Accede (to)","31a":"Places of refuge","32a":"Neither's partner","34a":"\"The Twilight of the ___\"","35a":"Unites","36a":"Deal (out)","37a":"___ Lanka","38a":"Birdie beater","39a":"\"Give My Regards to Broadway\" composer","40a":"Meeting musts","42a":"\"Canterbury Tales\" inn","43a":"Gabriel, e.g.","44a":"Curmudgeon-like","45a":"Composer Duparc","47a":"Courts","48a":"\"___ Cowboy\"","49a":"Fashionable state?","54a":"Enact","55a":"Zone","56a":"Arched recess","57a":"\"Flowers for Algernon\" author Daniel","58a":"\"... leave no ___ unstoned\"","59a":"Haydn's \"Nelson,\" for one","1d":"Wine description","2d":"George's lyricist brother","3d":"Address part","4d":"___ out a living","5d":"Some temps","6d":"\"Two Women\" Oscar winner","7d":"Remnants","8d":"Tale of ___","9d":"Naiads' homes","10d":"Donizetti's \"The ___ of Love\"","11d":"Fashionable Canadian city?","12d":"\"Othello\" villain","13d":"Actress Anna","18d":"Curtain fabric","22d":"Silky-haired cat","23d":"Fashionable Welsh body of water?","24d":"Bonds","25d":"Scold","26d":"Rest on one's ___","27d":"Is weary","28d":"Summons","29d":"Person with a seal","31d":"Kind of tender","33d":"Rip","35d":"1977 Wimbledon champ","36d":"Crowds around","38d":"Turbojet and others","39d":"Movement","41d":"Infuriate","42d":"Paris or Hector","44d":"Cringe","45d":"Corn covering","46d":"Russian-born designer","47d":"\"___ off to see...\"","49d":"King Cole","50d":"Computer capacity, for short","51d":"Site of rejuvenation","52d":"Double twist","53d":"\"You bet!\""},"answers":{"1a":"SIZE","5a":"SLEW","9a":"SEMIS","14a":"ERIK","15a":"TONO","16a":"PLEAT","17a":"CAPEVERDE","19a":"RIDGE","20a":"ONES","21a":"IXION","22a":"ACTION","25a":"CONIC","27a":"SNAILS","28a":"CHAGRIN","30a":"AGREE","31a":"LAIRS","32a":"NOR","34a":"GODS","35a":"WELDS","36a":"METE","37a":"SRI","38a":"EAGLE","39a":"COHAN","40a":"AGENDAS","42a":"TABARD","43a":"ANGEL","44a":"CRUSTY","45a":"HENRI","47a":"WOOS","48a":"URBAN","49a":"NEWJERSEY","54a":"STAGE","55a":"AREA","56a":"APSE","57a":"KEYES","58a":"TERN","59a":"MASS","1d":"SEC","2d":"IRA","3d":"ZIP","4d":"EKE","5d":"STENOS","6d":"LOREN","7d":"ENDS","8d":"WOE","9d":"SPRINGS","10d":"ELIXIR","11d":"MEDICINEHAT","12d":"IAGO","13d":"STEN","18d":"VOILE","22d":"ANGORA","23d":"CARDIGANBAY","24d":"TIES","25d":"CHIDE","26d":"OARS","27d":"SAGS","28d":"CALLS","29d":"NOTARY","31d":"LEGAL","33d":"REND","35d":"WADE","36d":"MOBS","38d":"ENGINES","39d":"CAUSE","41d":"ENRAGE","42d":"TROJAN","44d":"COWER","45d":"HUSK","46d":"ERTE","47d":"WERE","49d":"NAT","50d":"RAM","51d":"SPA","52d":"ESS","53d":"YES"}}