{"numbers":[["-","-","1","2","3","4","5","-","-","6","7","8","9","10","11"],["-","12","","","","","","-","13","","","","","",""],["14","","","","","","","-","15","","","","","",""],["16","","","","","","","17","","-","18","","","",""],["19","","","-","-","-","20","","","21","-","22","","",""],["23","","","24","25","-","26","","","","27","-","28","",""],["29","","","","","30","-","31","","","","32","","","-"],["-","-","-","33","","","34","-","35","","","","-","-","-"],["-","36","37","","","","","38","-","39","","","40","41","42"],["43","","","-","44","","","","45","-","46","","","",""],["47","","","48","-","49","","","","-","-","-","50","",""],["51","","","","52","-","53","","","54","55","56","","",""],["57","","","","","58","","-","59","","","","","",""],["60","","","","","","","-","61","","","","","","-"],["62","","","","","","-","-","63","","","","","-","-"]],"clues":{"1a":"Some swabs","6a":"Ski champ McKinney","12a":"1964 Hitchcock film","13a":"Renders drug-free","14a":"Logical thinker","15a":"Praises: Var.","16a":"Lovable","18a":"Assent","19a":"River inlet","20a":"Swiss river","22a":"Sequel to Buck's \"The Good Earth\"","23a":"Group of gangs","26a":"Bank claims","28a":"Geo. and Thos., e.g.","29a":"Adjusts","31a":"Belles -___","33a":"\"Ars Amatoria\" author","35a":"Word repeated in a Doris Day song","36a":"Brownies","39a":"Meal","43a":"Balkans map abbr.","44a":"Some boxing jabs","46a":"Pasta variety","47a":"Latin I word","49a":"Drying method","50a":"\"___ the ramparts...\"","51a":"Barbara follows it","53a":"Numbers in parentheses","57a":"Tough guy of filmdom","59a":"Break down","60a":"Oil and water, e.g.","61a":"Mend a coat","62a":"Emulated an oenophile","63a":"Boar or boor","1d":"Libyan strongman","2d":"Word with blue or believer","3d":"Atahualpa,. e.g.","4d":"Loading/unloading locale","5d":"\"Flash Gordon,\" once","6d":"___ -Mex","7d":"\"___ boy!\"","8d":"Electronic synthesizers","9d":"Guns N' Roses leader","10d":"Softens","11d":"Evaluate","12d":"Not grandiose","13d":"Master's and others","14d":"Skin","17d":"One that gets hit on the head","21d":"Stage direction","24d":"Mr. Sikorsky","25d":"Smith's need","27d":"Kind of throat","30d":"Located","32d":"Shakespeare's \"The ___ of Lucrece\"","34d":"Pays part of","36d":"Mogadishu's locale","37d":"Manners","38d":"The slammer","40d":"Pain reliever","41d":"Dismiss lightly, with \"at\"","42d":"Blunt","43d":"Volcanic rock","45d":"Asparagus servings","48d":"Publican's offering","52d":"Indy champ Luyendyk","54d":"Once more","55d":"City southwest of Bogota","56d":"Actor Ken or actress Lena","58d":"Append"},"answers":{"1a":"QTIPS","6a":"TAMARA","12a":"MARNIE","13a":"DETOXES","14a":"DEDUCER","15a":"EXTOLLS","16a":"ENDEARING","18a":"AGREE","19a":"RIA","20a":"AARE","22a":"SONS","23a":"MAFIA","26a":"LIENS","28a":"STS","29a":"ALIGNS","31a":"LETTRES","33a":"OVID","35a":"SERA","36a":"SPRITES","39a":"REPAST","43a":"BOS","44a":"LEFTS","46a":"PENNE","47a":"AMAS","49a":"DRIP","50a":"OER","51a":"SANTA","53a":"AREACODES","57a":"ALDORAY","59a":"ANALYZE","60a":"LIQUIDS","61a":"RELINE","62a":"TASTED","63a":"SWINE","1d":"QADDAFI","2d":"TRUE","3d":"INCA","4d":"PIER","5d":"SERIAL","6d":"TEX","7d":"ATTA","8d":"MOOGS","9d":"AXLROSE","10d":"RELENTS","11d":"ASSESS","12d":"MENIAL","13d":"DEGREES","14d":"DERMA","17d":"NAIL","21d":"ENTER","24d":"IGOR","25d":"ANVIL","27d":"STREP","30d":"SITED","32d":"RAPE","34d":"DEFRAYS","36d":"SOMALIA","37d":"PSANDQS","38d":"STIR","40d":"ANODYNE","41d":"SNEEZE","42d":"TERSE","43d":"BASALT","45d":"SPEARS","48d":"STOUT","52d":"ARIE","54d":"ANEW","55d":"CALI","56d":"OLIN","58d":"ADD"}}