{"numbers":[["1","2","3","4","5","-","6","7","8","-","9","10","11","12","13"],["14","","","","","15","","","","-","16","","","",""],["17","","","","","","","","","18","","","","",""],["19","","","","-","20","","","","","-","-","21","",""],["22","","","-","-","-","-","-","23","","24","-","25","",""],["-","26","","27","-","28","29","30","","-","31","32","","",""],["-","-","-","33","34","","","","-","35","","","","","-"],["-","-","36","","","","","","37","","","","","-","-"],["-","38","","","","","-","39","","","","","-","-","-"],["40","","","","","-","41","","","","-","42","43","44","-"],["45","","","-","46","47","","-","-","-","-","-","48","","49"],["50","","","-","-","51","","52","53","54","-","55","","",""],["56","","","57","58","","","","","","59","","","",""],["60","","","","","-","61","","","","","","","",""],["62","","","","","-","63","","","-","64","","","",""]],"clues":{"1a":"Beelike","6a":"Longtime record label","9a":"Funny Anne","14a":"Popovich or Gagarin, e.g.","16a":"Michaelmas daisy","17a":"Sandwich devotees?","19a":"Greek vowels","20a":"Expressed wonder","21a":"Singapore's Kuan Yew ___","22a":"Cube with 21 spots","23a":"Passeport info","25a":"Du Maurier's \"Jamaica ___\"","26a":"Year in the reign of Pius I","28a":"Perfect","31a":"Sum of one's virtues, to the Greeks","33a":"Palmer of \"Twin Peaks\"","35a":"Stravinsky and others","36a":"Sandwich fit for royalty?","38a":"British P.M., 1970-74","39a":"\"Aminta\" poet","40a":"Is left undecided","41a":"Hemingway moniker","42a":"In ___ (following)","45a":"Shaver","46a":"One vote","48a":"Grosbeak's beak","50a":"Fred Astaire's daughter","51a":"Laundromat appliance","55a":"To ___","56a":"Chicken sandwich?","60a":"Mounted lancer","61a":"Synthetic rubber","62a":"Hypothesize","63a":"Lion's ___","64a":"They're more than rare","1d":"Hurt","2d":"Graceful, in a way","3d":"Acre's acres?","4d":"Freeman Gosden radio role","5d":"\"Move it!\"","6d":"___ avis","7d":"Astrological point","8d":"Villa Albani statue in Rome","9d":"Plan","10d":"It's psychic","11d":"Painting locales","12d":"Sublets","13d":"Lupin of detective fiction","15d":"Eggy quaff","18d":"Familiar vow","24d":"Balthazar,. e.g.","27d":"Work translated by Chapman","28d":"The \"H\" of W.H. Auden","29d":"Spanish Main cargo","30d":"Issue of 1993","32d":"Obedient helper","34d":"Nervous","35d":"Ingrid in \"Casablanca\"","36d":"Actresses Kay and Suzy","37d":"Shako, for one","38d":"Final throw","40d":"Emphasize","41d":"Diagrammed","43d":"Punctual","44d":"Freud, e.g.","47d":"Relative of Geo. or Chas.","49d":"Parts of boilermakers","52d":"Kind of tide","53d":"Statesman of 3-Down","54d":"Want ad abbr.","55d":"Elvis ___ Presley","57d":"My ___","58d":"Minn. neighbor","59d":"From ___ izzard"},"answers":{"1a":"APIAN","6a":"RCA","9a":"MEARA","14a":"COSMONAUT","16a":"ASTER","17a":"HEROWORSHIPPERS","19a":"ETAS","20a":"GAPED","21a":"LEE","22a":"DIE","23a":"NOM","25a":"INN","26a":"CLI","28a":"HONE","31a":"ARETE","33a":"LAURA","35a":"IGORS","36a":"KINGOFCLUBS","38a":"HEATH","39a":"TASSO","40a":"PENDS","41a":"PAPA","42a":"TOW","45a":"LAD","46a":"YEA","48a":"NIB","50a":"AVA","51a":"DRYER","55a":"ATEE","56a":"YELLOWSUBMARINE","60a":"UHLAN","61a":"ELASTOMER","62a":"POSIT","63a":"DEN","64a":"ONERS","1d":"ACHED","2d":"POETIC","3d":"ISRAEL","4d":"AMOS","5d":"NOW","6d":"RARA","7d":"CUSP","8d":"ATHENE","9d":"MAP","10d":"ESP","11d":"ATELIERS","12d":"RERENTS","13d":"ARSENE","15d":"NOG","18d":"IDO","24d":"MAGUS","27d":"ILIAD","28d":"HUGH","29d":"ORO","30d":"NAFTA","32d":"ROBOT","34d":"ANTSY","35d":"ILSA","36d":"KENDALLS","37d":"CAP","38d":"HEAVEHO","40d":"PLAYUP","41d":"PARSED","43d":"ONTIME","44d":"WIENER","47d":"EDW","49d":"BEERS","52d":"YULE","53d":"EBAN","54d":"RMS","55d":"ARON","57d":"LAI","58d":"ONT","59d":"ATO"}}