{"numbers":[["1","2","3","4","5","-","6","7","8","9","-","10","11","12","13"],["14","","","","","-","15","","","","-","16","","",""],["17","","","","","-","18","","","","-","19","","",""],["-","-","-","20","","21","","","","-","22","","","",""],["23","24","25","","-","26","","","","27","","","","",""],["28","","","","-","29","","","","","","","-","-","-"],["30","","","","31","-","32","","","","","-","33","34","35"],["36","","","","","37","-","-","-","38","","39","","",""],["40","","","-","41","","42","43","44","-","45","","","",""],["-","-","-","46","","","","","","47","-","48","","",""],["49","50","51","","","","","","","","-","52","","",""],["53","","","","","-","54","","","","55","","-","-","-"],["56","","","","-","57","","","","-","58","","59","60","61"],["62","","","","-","63","","","","-","64","","","",""],["65","","","","-","66","","","","-","67","","","",""]],"clues":{"1a":"Reactors","6a":"Ballet prop","10a":"Word with face or place","14a":"Cat-___-tails","15a":"German virtuoso Karl","16a":"Dog of the comics","17a":"Enclosed","18a":"Glutinous","19a":"Beam","20a":"\"So's your old man,\" e.g.","22a":"Tense","23a":"Make-believe","26a":"Litter","28a":"Crate, so to speak","29a":"Direct course","30a":"Celebrated","32a":"Not late-breaking news","33a":"Russian space station","36a":"Salon jobs","38a":"City south of Salem","40a":"Chemical suffix","41a":"This puzzle's theme","45a":"Shade","46a":"Strength","48a":"Colliery","49a":"Self-control","52a":"Strasbourg summers","53a":"\"Burnt Norton\" poet","54a":"Charters","56a":"Grinder","57a":"Turkish generals","58a":"Bygone birds","62a":"Pub order","63a":"Stuff","64a":"Friend in Firenze","65a":"Western Electric co-founder Barton","66a":"Like many tests","67a":"Kind of attitude","1d":"Baked, fermented dish","2d":"Wayside, for one","3d":"Noted resort","4d":"Titanic","5d":"Unwatered","6d":"Certain sir","7d":"Launch stopper","8d":"Herpetologist's study","9d":"Count","10d":"Math figure","11d":"Esteem","12d":"Vexes","13d":"Knight jobs","21d":"Firkin","22d":"Get ready to start--or finish","23d":"1956 Mature-Leigh film","24d":"Tropical, in a way","25d":"Offset, with \"for\"","27d":"Feast","31d":"Sonnet part","33d":"Have coming","34d":"Amphigoric","35d":"Cobbles","37d":"Disfigure","39d":"Playful","42d":"Combination","43d":"Striped","44d":"Hidden","46d":"Kind of casting","47d":"Money of ancient Rome","49d":"Site of Arizona State","50d":"Remove to a distance","51d":"Piazza del Duomo site","55d":"Ball-shaped cheese","57d":"Wine capital","59d":"1969 Jerry Rubin book","60d":"Prefix with system or sphere","61d":"___ Vicente, Brazil"},"answers":{"1a":"PILES","6a":"BARRE","10a":"CARD","14a":"ONINE","15a":"ABEL","16a":"ODIE","17a":"INDOOR","18a":"ROPY","19a":"SMILE","20a":"RETORT","22a":"WIRED","23a":"SHAM","26a":"UNTIDINESS","28a":"AUTO","29a":"BEELINE","30a":"FAMOUS","32a":"TREND","33a":"MIR","36a":"RINSES","38a":"EUGENE","40a":"IDE","41a":"SCALE","45a":"PARASOL","46a":"STAMINA","48a":"MINE","49a":"TEMPERANCE","52a":"ETES","53a":"ELIOT","54a":"LEASES","56a":"MOLAR","57a":"AGAS","58a":"DODOES","62a":"PINT","63a":"SATE","64a":"AMICA","65a":"ENOS","66a":"TIMED","67a":"METOO","1d":"POI","2d":"INN","3d":"LIDO","4d":"ENORMOUS","5d":"SERE","6d":"BARONET","7d":"ABORTER","8d":"REPTILE","9d":"RELY","10d":"COSINE","11d":"ADMIRE","12d":"RILES","13d":"DEEDS","21d":"TUB","22d":"WINDUP","23d":"SAFARI","24d":"HUMID","25d":"ATONE","27d":"DINE","31d":"SESTET","33d":"MERIT","34d":"INANE","35d":"RESOLES","37d":"SCAR","39d":"GAMESOME","42d":"AMALGAM","43d":"LINEATE","44d":"ENCASED","46d":"SPORTS","47d":"AES","49d":"TEMPE","50d":"ELOIN","51d":"MILANO","55d":"EDAM","57d":"ASTI","59d":"DOIT","60d":"ECO","61d":"SAO"}}