{"numbers":[["-","1","2","3","4","-","5","6","7","8","-","-","9","10","11","12","13","14","-","15","16","17","18"],["19","","","","","-","20","","","","21","-","22","","","","","","-","23","","",""],["24","","","","","-","25","","","","","-","26","","","","","","27","","","",""],["28","","","","","29","","","","","","30","","","","","","-","31","","","",""],["-","32","","","-","33","","","","-","34","","","","","-","-","35","","","","",""],["36","","","","-","37","","","-","38","","","","-","-","39","40","","","","","-","-"],["41","","","","42","","","-","43","","","","-","44","45","","","","-","46","","47","48"],["49","","","","","-","50","51","","","","","52","","","","","","53","-","54","",""],["-","-","-","55","","56","-","57","","","","-","58","","","","","-","59","60","","",""],["61","62","63","","-","64","65","","","","-","66","","","","","-","67","","","","",""],["68","","","","-","69","","","","-","70","","","","-","-","71","","","","","",""],["72","","","-","73","","","","","74","","","","","75","76","","","","-","77","",""],["78","","","79","","","","-","-","80","","","","-","81","","","","-","82","","",""],["83","","","","","","-","84","85","","","","-","86","","","","","-","87","","",""],["88","","","","","-","89","","","","","-","90","","","","-","91","92","","-","-","-"],["93","","","-","94","95","","","","","","96","","","","","97","-","98","","99","100","101"],["102","","","103","-","104","","","","","-","105","","","","-","106","107","","","","",""],["-","-","108","","109","","","","-","-","110","","","","-","111","","","-","112","","",""],["113","114","","","","","-","-","115","116","","","","-","117","","","","-","118","","","-"],["119","","","","","-","120","121","","","","","","122","","","","","123","","","","124"],["125","","","","","126","","","","","","-","127","","","","","-","128","","","",""],["129","","","","-","130","","","","","","-","131","","","","","-","132","","","",""],["133","","","","-","134","","","","","","-","-","135","","","","-","136","","","","-"]],"clues":{"1a":"500, e.g.","5a":"Hubby, in Paris","9a":"Mountain in Turkey","15a":"Rifle peephole","19a":"21 or over, liquorwise","20a":"Revises","22a":"Dress part","23a":"Mr. Penzler of mystery fiction","24a":"Actress Massey","25a":"Leave","26a":"Newsman in the Sahara?","28a":"Canal Zone film favorites?","31a":"Answer to \"Who's there?\"","32a":"Thrice a day, on prescriptions: Abbr.","33a":"Nastase of tennis","34a":"Oscar nominee for \"Exodus\"","35a":"Apportions","36a":"TV's \"___ with a 'Z'\"","37a":"Scale syllables","38a":"Fuzz","39a":"\"Silkwood\" actress","41a":"It was first conquered in 1953","43a":"Used up","44a":"Dart","46a":"Ink","49a":"Harass","50a":"Actor who craved goulash?","54a":"Boxing legend","55a":"Holds","57a":"Winter air","58a":"Sister of Euterpe","59a":"Feminist Bella","61a":"19th-century sea novelist","64a":"Prunes","66a":"Dining table decoration","67a":"Pilot","68a":"North Carolina college","69a":"Aries or Taurus, e.g.","70a":"Workers' ___","71a":"Revisionist","72a":"See 88 Across","73a":"Singer on a South American gig?","77a":"1-___ (way to guard)","78a":"Withdraws","80a":"Soon after","81a":"Yearn","82a":"Melody","83a":"Dodged","84a":"Bush Secretary of State","86a":"Title holder","87a":"\"Confessions of Felix Krull\" author","88a":"Band instrument, with 72 Across","89a":"Hawthorne locale","90a":"Vaunt","91a":"Match, in poker","93a":"Suffix with dull or drunk","94a":"Actress with an arty affectation?","98a":"Take out","102a":"Tolkein's \"The ___ of Beleriand\"","104a":"Clear of vermin","105a":"Uninspiring","106a":"Does a brake job","108a":"The Windsors, e.g.","110a":"Fr. holy women","111a":"Parenthetical comment","112a":"\"Jellicle Ball\" musical","113a":"Pat and Debby","115a":"Ex-Met Rusty","117a":"Finely appointed","118a":"Some PC's","119a":"In with","120a":"Singer with a Latin beat?","125a":"Washington V.I.P. in Dakar?","127a":"Assayer's container","128a":"Sportscaster's details","129a":"\"___ the picture\"","130a":"Frog","131a":"First name in college football","132a":"Santa ___","133a":"The opposition","134a":"Wool garments","135a":"Recognize","136a":"Angora notables","1d":"Proportionate","2d":"Struggles (over)","3d":"\"The Country Girl\" up north?","4d":"Susa's country","5d":"Building block","6d":"Hunk","7d":"___ Janeiro","8d":"Live ___ (enjoy the good life)","9d":"Without","10d":"Way to go","11d":"Supplement","12d":"Irani money","13d":"Benzoyl peroxide target","14d":"Artist Gerard ___ Borch","15d":"Carboys","16d":"Singer / actress in Africa?","17d":"1946 Bikini event","18d":"L.B.J. chronicler Kearns","19d":"Edge","21d":"Lasting","27d":"French wing","29d":"Intentions","30d":"Home run hitter of the 40's","35d":"Commedia dell'___","36d":"Neighbor of Isr.","38d":"Boxes","39d":"Blackish","40d":"___ Gigio (\"Ed Sullivan Show\" regular)","42d":"Touchdown abbr.","43d":"Early astronomical instrument","44d":"Screenplay","45d":"Ember","47d":"Protein in Wheaties","48d":"Hakeem Olajuwon, e.g.","51d":"Weld","52d":"___ of the guard","53d":"Lunatic","56d":"Looked wide-eyed","60d":"Hopper","61d":"Papal letter","62d":"Lotion ingredient","63d":"\"60 Minutes\" D-Day reporter?","65d":"Toupees","66d":"Red Cross hero","67d":"Dubai leaders","70d":"Flicks","71d":"Novelist Tyler","73d":"\"God is ___\": Fuller","74d":"Absorb abuse","75d":"Acclivitous","76d":"1964 Lorne Greene song hit","79d":"\"___ you know the muffin man\" (children's lyric)","82d":"Reluctant flier at home?","84d":"Bugs and Buddy","85d":"___ mater","86d":"Gold braid","89d":"Artist / author Silverstein","90d":"Dramatic fashion look","92d":"Long fish","95d":"Sultanas' rooms","96d":"Ignes ___ (marsh lights)","97d":"Handcuff, in slang","99d":"Asiatic Turkey","100d":"Two-handed hoop attempts","101d":"Double twist","103d":"Browning works","107d":"Come back","109d":"Peterman","110d":"People of interest?","111d":"1976 rebellion site","113d":"Sink","114d":"The end","115d":"Hillside","116d":"Trite","117d":"Enliven","120d":"Muffed","121d":"Arch molding","122d":"Superior ones?","123d":"Final Four org.","124d":"Washington power grp.","126d":"Inclined (to)"},"answers":{"1a":"RACE","5a":"MARI","9a":"ARARAT","15a":"BEAD","19a":"LEGAL","20a":"EDITS","22a":"BODICE","23a":"OTTO","24a":"ILONA","25a":"GOOUT","26a":"SUDANRATHER","28a":"PANAMAANDPAKETTLE","31a":"ITISI","32a":"TID","33a":"ILIE","34a":"MINEO","35a":"ALLOTS","36a":"LIZA","37a":"MIS","38a":"LINT","39a":"STREEP","41a":"EVEREST","43a":"GONE","44a":"SCOOT","46a":"SIGN","49a":"BESET","50a":"HUNGARYCOOPER","54a":"ALI","55a":"HAS","57a":"NOEL","58a":"ERATO","59a":"ABZUG","61a":"DANA","64a":"TRIMS","66a":"DOILY","67a":"AVIATE","68a":"ELON","69a":"AUTO","70a":"COMP","71a":"AMENDER","72a":"COR","73a":"ARGENTINATURNER","77a":"ONI","78a":"REMOVES","80a":"ANON","81a":"PINE","82a":"ARIA","83a":"EVADED","84a":"BAKER","86a":"OWNER","87a":"MANN","88a":"TENOR","89a":"SALEM","90a":"BRAG","91a":"SEE","93a":"ARD","94a":"BOHEMIAFARROW","98a":"ERASE","102a":"LAYS","104a":"DERAT","105a":"ARID","106a":"RELINES","108a":"ROYALS","110a":"STES","111a":"SIC","112a":"CATS","113a":"BOONES","115a":"STAUB","117a":"POSH","118a":"ATS","119a":"AMONG","120a":"BOLIVIANEWTONJOHN","125a":"SENEGALGORE","127a":"CUPEL","128a":"COLOR","129a":"IGET","130a":"PEEPER","131a":"KNUTE","132a":"ANITA","133a":"NAYS","134a":"TWEEDS","135a":"SPOT","136a":"AGAS","1d":"RELATIVE","2d":"AGONIZES","3d":"CANADAREHAN","4d":"ELAM","5d":"MEGALITH","6d":"ADONIS","7d":"RIODE","8d":"ITUP","9d":"ABSENT","10d":"ROUTE","11d":"ADDTO","12d":"RIAL","13d":"ACNE","14d":"TER","15d":"BOTTLES","16d":"ETHIOPIAZADORA","17d":"ATEST","18d":"DORIS","19d":"LIP","21d":"STAMINAL","27d":"AILE","29d":"AIMS","30d":"KINER","35d":"ARTE","36d":"LEB","38d":"LOGES","39d":"SOOTY","40d":"TOPO","42d":"ETA","43d":"GNOMON","44d":"SCRIPT","45d":"COAL","47d":"GLUTENIN","48d":"NIGERIAN","51d":"UNITE","52d":"YEOMAN","53d":"RAVER","56d":"STARED","60d":"BIN","61d":"DECRETAL","62d":"ALOEVERA","63d":"NORMANDYROONEY","65d":"RUGS","66d":"DONOR","67d":"AMEERS","70d":"CINEMA","71d":"ANNE","73d":"AVERB","74d":"TAKEIT","75d":"UPWARD","76d":"RINGO","79d":"ODO","82d":"AMERICAJONG","84d":"BAERS","85d":"ALMA","86d":"ORRIS","89d":"SHEL","90d":"BAREBACK","92d":"EEL","95d":"ODAS","96d":"FATUI","97d":"WRISTLET","99d":"ANATOLIA","100d":"SETSHOTS","101d":"ESS","103d":"SONNETS","107d":"ECHO","109d":"YEGG","110d":"SAVERS","111d":"SOWETO","113d":"BASIN","114d":"OMEGA","115d":"SLOPE","116d":"TIRED","117d":"PEPUP","120d":"BLEW","121d":"OGEE","122d":"NUNS","123d":"NCAA","124d":"NRA","126d":"APT"}}