{"numbers":[["1","2","3","4","5","6","7","8","9","-","10","11","12","13","14"],["15","","","","","","","","","-","16","","","",""],["17","","","","","","","","","-","18","","","",""],["19","","","","","-","20","","","21","-","22","","",""],["23","","","","-","24","","","-","25","26","","","",""],["27","","","","28","","","-","29","","","","","",""],["30","","","","","","-","31","","","","","-","-","-"],["32","","","-","33","","34","","","","","-","35","36","37"],["-","-","-","38","","","","","-","39","","40","","",""],["41","42","43","","","","","-","44","","","","","",""],["45","","","","","","-","46","","","-","47","","",""],["48","","","","-","49","50","","","-","51","","","",""],["52","","","","53","-","54","","","55","","","","",""],["56","","","","","-","57","","","","","","","",""],["58","","","","","-","59","","","","","","","",""]],"clues":{"1a":"Travelogue technique","10a":"Steady ___ goes","15a":"Owing","16a":"Ink dispenser","17a":"Sheet metal producer","18a":"Court activity","19a":"Pants preference","20a":"Has an egg","22a":"This senora","23a":"Minced oath of old","24a":"Legal matter","25a":"Radio-wave emitter","27a":"Extra costs in movie making","29a":"Trips","30a":"Hit ___ (aggravate a 57 Across)","31a":"Like Esau","32a":"French-Belgian border river","33a":"Do reporter's work for a certain tabloid?","35a":"Course average","38a":"Rusty on the diamond","39a":"Free again","41a":"Hassan II's land","44a":"X's","45a":"Properly","46a":"Set","47a":"Cartoonist Peter","48a":"Certain measurement: Abbr.","49a":"Popular dog name","51a":"Collimate","52a":"Museum piece","54a":"\"Falcon Crest\" actress","56a":"Ngaio Marsh's \"___ a Murderer\"","57a":"Where it hurts","58a":"Excuse","59a":"Sponsorship","1d":"Unthinking","2d":"Development of an organism","3d":"Goes over again","4d":"It can be extra sharp","5d":"Sushi fare","6d":"Unit of electrical resistance","7d":"Summer dress fabrics","8d":"Fitzgerald and others","9d":"Bank","10d":"Balaam's beast","11d":"Kind of clean","12d":"From Geneve","13d":"Suggest","14d":"Awards since 1947","21d":"Stockpile, with \"away\"","24d":"Shows the court how the crime was done","26d":"Let out line","28d":"Complain","29d":"Basque \"game\"","31d":"Center piece","34d":"___ warranto (legal proceeding)","35d":"Grace Kelly's middle name","36d":"Repaying","37d":"Strike a chord","38d":"More like mush","40d":"Pacific Coast critter","41d":"Sierra (Mexican mountains)","42d":"Acclimatize","43d":"Bridge of 1590","44d":"Split, so to speak","46d":"Columbus's birthplace","50d":"It's a lock","51d":"Pick of the litter?","53d":"1951 Johnnie Ray hit","55d":"Meteorological prefix"},"answers":{"1a":"VOICEOVER","10a":"ASSHE","15a":"INTHEHOLE","16a":"SQUID","17a":"STEELMILL","18a":"SUING","19a":"CORDS","20a":"LAYS","22a":"ESTA","23a":"EGAD","24a":"RES","25a":"QUASAR","27a":"RETAKES","29a":"JUNKETS","30a":"ANERVE","31a":"HAIRY","32a":"LYS","33a":"ENQUIRE","35a":"PAR","38a":"STAUB","39a":"RESAVE","41a":"MOROCCO","44a":"DELETES","45a":"ARIGHT","46a":"GEL","47a":"ARNO","48a":"DIAG","49a":"SHEP","51a":"ALIGN","52a":"RELIC","54a":"ANAALICIA","56a":"ENTER","57a":"SOREPOINT","58a":"STORY","59a":"PATRONAGE","1d":"VISCERAL","2d":"ONTOGENY","3d":"ITERATES","4d":"CHEDDAR","5d":"EELS","6d":"OHM","7d":"VOILES","8d":"ELLAS","9d":"RELY","10d":"ASS","11d":"SQUEAKY","12d":"SUISSE","13d":"HINTAT","14d":"EDGARS","21d":"SQUIRREL","24d":"REENACTS","26d":"UNREEL","28d":"KVETCH","29d":"JAI","31d":"HUB","34d":"QUO","35d":"PATRICIA","36d":"AVENGING","37d":"RESONATE","38d":"SOGGIER","40d":"SEALION","41d":"MADRES","42d":"ORIENT","43d":"RIALTO","44d":"DEPART","46d":"GENOA","50d":"HASP","51d":"ALPO","53d":"CRY","55d":"AER"}}