{"numbers":[["1","2","3","-","4","5","6","-","7","8","9","10","11","-","-","12","13","14","15","16","17"],["18","","","19","","","","-","20","","","","","-","21","","","","","",""],["22","","","","","","","-","23","","","","","-","24","","","","","",""],["25","","","","","","","26","","","-","-","27","28","","","-","29","","",""],["30","","","","","-","31","","","-","32","33","","","","","34","-","35","",""],["36","","","-","-","37","","","","38","","","","","","-","39","40","","",""],["-","-","-","41","42","","","","-","43","","","","","-","44","","","","-","-"],["45","46","47","","","","","-","48","","","","","-","49","","","","","50","51"],["52","","","","","","-","53","","","","","-","54","","","","","","",""],["55","","","","","-","-","56","","","","","57","","","","","-","58","",""],["-","59","","","-","60","61","","","-","-","-","62","","","","-","63","","","-"],["64","","","-","65","","","","","66","67","68","","","-","-","69","","","","70"],["71","","","72","","","","","-","73","","","","","-","74","","","","",""],["75","","","","","","","-","76","","","","","-","77","","","","","",""],["-","-","78","","","","-","79","","","","","-","80","","","","","-","-","-"],["81","82","","","","-","83","","","","","","84","","","","-","-","85","86","87"],["88","","","-","89","90","","","","","","-","91","","","-","92","93","","",""],["94","","","95","-","96","","","","-","-","97","","","","98","","","","",""],["99","","","","100","","","-","101","102","103","","","-","104","","","","","",""],["105","","","","","","","-","106","","","","","-","107","","","","","",""],["108","","","","","","-","-","109","","","","","-","110","","","-","111","",""]],"clues":{"1a":"Key state: Abbr.","4a":"Ending for mom or dada","7a":"Calculates astrologically","12a":"Keeps expenses low","18a":"Take another sip","20a":"Intense dislike","21a":"Indy problem","22a":"One more","23a":"It's hit on the head","24a":"Sophisticated","25a":"Why crows band together?","27a":"Nabisco treat","29a":"Rebel follower","30a":"Running amok","31a":"Charlemagne's dom.","32a":"Bugs","35a":"Female ruff","36a":"Instant","37a":"Sheep-shearing spot?","39a":"Has a yen for","41a":"Lost one's balance?","43a":"Items in a march?","44a":"Trodden way","45a":"Heartfelt","48a":"Swamp critter","49a":"Filling fellow","52a":"Swells","53a":"Units of loudness","54a":"Maneuvered","55a":"\"In Cold Blood\" star","56a":"Pigeon-killing blow?","58a":"Airline to Oslo","59a":"Script addition","60a":"Bakery product","62a":"___ - majesté","63a":"North and south: Abbr.","64a":"Spots on TV","65a":"Cat on the stage?","69a":"Sunday singers","71a":"Talks","73a":"Leave off","74a":"Beehive, for one","75a":"Sticks","76a":"Laurel and Lee","77a":"Put off","78a":"Opposite of flunked","79a":"A lot","80a":"The Little Mermaid","81a":"Bank robber's secret","83a":"Hollywood cow?","85a":"Chest protector","88a":"German I","89a":"Strudel kin","91a":"Bit of work","92a":"Early mall","94a":"Precious","96a":"TV's \"___Three Lives\"","97a":"Negative horse?","99a":"Enduring","101a":"Conclude","104a":"Private's privy","105a":"They often lie","106a":"Leader of Herman's Hermits","107a":"Goes by","108a":"Spanish philosopher ___ y Gasset","109a":"Von Stroheim epic","110a":"Cry out loud","111a":"T.E.D. defeater","1d":"Scrap","2d":"\"Raven\" maiden","3d":"Minute","4d":"1974 hit \"___the Sheriff\"","5d":"British gun","6d":"Shopkeeper","7d":"Bit of haunted-house décor","8d":"Flaps","9d":"Sermon subject","10d":"Drawer of ships","11d":"Less bumpy","12d":"Animal trail","13d":"White wine aperitif","14d":"Deeply","15d":"The story of snakes, updated?","16d":"Coop youngster","17d":"Coifs","19d":"Sphere starter","21d":"Lottery, for short","26d":"What the suspicious smell","28d":"Platonic P's","32d":"Badgered","33d":"Absorb gradually","34d":"Jolson song","37d":"Mamie's predecessor","38d":"Hersey locale","40d":"A.B.A. members","41d":"Moccasin without laces","42d":"Sneaky guy?","44d":"Change at Oxford","45d":"A drop in the ocean?","46d":"Referred indirectly","47d":"Inkblots for lions?","48d":"Explode","49d":"\"Buenos ___\"","50d":"Tidewater","51d":"N.F.L. scores","53d":"Marks for life","54d":"Jacques, in the round","57d":"Daly's onetime co-star","60d":"Drew","61d":"Rock group","63d":"Medicine bottle","64d":"In the manner of","65d":"Uses the blender","66d":"Do to do","67d":"Enter data","68d":"Parson's home","69d":"Rock musician John","70d":"Staff associate","72d":"Georgia ___","74d":"He succeeds","76d":"Chewing out","77d":"Trails along","79d":"Boot bottom","80d":"Longfellow's bell town","81d":"Roman orator","82d":"More critical","83d":"Gangland gals","84d":"Get mad","85d":"Engagingly innocent","86d":"Cara and Ryan","87d":"Least cluttered","90d":"Pageant prize","92d":"Take ___at","93d":"Irving hero","95d":"Art Deco illustrator","97d":"Hawaiian honker","98d":"Light headwear?","100d":"Pos. canceler","102d":"Hide-hair connector","103d":"Adversary"},"answers":{"1a":"FLA","4a":"ISM","7a":"CASTS","12a":"SKIMPS","18a":"RETASTE","20a":"ODIUM","21a":"SPINOUT","22a":"ANOTHER","23a":"BONGO","24a":"WORLDLY","25a":"COMMONCAWS","27a":"OREO","29a":"YELL","30a":"ARIOT","31a":"HRE","32a":"BOTHERS","35a":"REE","36a":"SEC","37a":"BAABAASHOP","39a":"WANTS","41a":"SPENT","43a":"DIMES","44a":"PATH","45a":"EARNEST","48a":"GATOR","49a":"DENTIST","52a":"BLOATS","53a":"SONES","54a":"FINESSED","55a":"BLAKE","56a":"COODEGRACE","58a":"SAS","59a":"URE","60a":"LOAF","62a":"LESE","63a":"PTS","64a":"ADS","65a":"PURRFORMER","69a":"CHOIR","71a":"LECTURES","73a":"CEASE","74a":"HAIRDO","75a":"ADHERES","76a":"STANS","77a":"DELAYED","78a":"ACED","79a":"SCADS","80a":"ARIEL","81a":"CACHE","83a":"MOOVIESTAR","85a":"BIB","88a":"ICH","89a":"STOLLEN","91a":"ERG","92a":"AGORA","94a":"CUTE","96a":"ILED","97a":"NEIGHSAYER","99a":"ETERNAL","101a":"INFER","104a":"LATRINE","105a":"RESTERS","106a":"NOONE","107a":"ELAPSES","108a":"ORTEGA","109a":"GREED","110a":"SOB","111a":"HST","1d":"FRACAS","2d":"LENORE","3d":"ATOMIC","4d":"ISHOT","5d":"STEN","6d":"MERCHANT","7d":"COBWEB","8d":"ADOS","9d":"SIN","10d":"TUG","11d":"SMOOTHER","12d":"SPOOR","13d":"KIR","14d":"INLY","15d":"MODERNHISSTORY","16d":"PULLET","17d":"STYLES","19d":"ATMO","21d":"SWEEP","26d":"ARAT","28d":"RHOS","32d":"BAITED","33d":"OSMOSE","34d":"SWANEE","37d":"BESS","38d":"ADANO","40d":"ATTS","41d":"SNAKE","42d":"PETE","44d":"PENCE","45d":"EBB","46d":"ALLUDED","47d":"ROARSCHACHTEST","48d":"GOOFF","49d":"DIAS","50d":"SEASIDE","51d":"TDS","53d":"SCARS","54d":"FRERE","57d":"GLESS","60d":"LURED","61d":"ORES","63d":"PHIAL","64d":"ALA","65d":"PUREES","66d":"OCTAVE","67d":"READIN","68d":"MANSE","69d":"CALE","70d":"ROD","72d":"TECH","74d":"HEIR","76d":"SCOLDING","77d":"DRAGGLES","79d":"SOLE","80d":"ATRI","81d":"CICERO","82d":"ACUTER","83d":"MOLLS","84d":"SEERED","85d":"BOYISH","86d":"IRENES","87d":"BAREST","90d":"TIARA","92d":"ASTAB","93d":"GARP","95d":"ERTE","97d":"NENE","98d":"HALO","100d":"NEG","102d":"NOR","103d":"FOE"}}