{"numbers":[["1","2","3","4","-","5","6","7","8","9","-","10","11","12","13"],["14","","","","-","15","","","","","-","16","","",""],["17","","","","18","","","","","","19","","","",""],["20","","","","","","","","-","21","","","","",""],["-","-","-","22","","","","-","23","","","","-","-","-"],["24","25","26","","","","-","27","","","","-","28","29","30"],["31","","","","","-","32","","","","-","33","","",""],["34","","","","","35","","","","","36","","","",""],["37","","","","-","38","","","","-","39","","","",""],["40","","","-","41","","","","-","42","","","","",""],["-","-","-","43","","","","-","44","","","","-","-","-"],["45","46","47","","","","-","48","","","","","49","50","51"],["52","","","","","","53","","","","","","","",""],["54","","","","-","55","","","","","-","56","","",""],["57","","","","-","58","","","","","-","59","","",""]],"clues":{"1a":"Unhappy","5a":"Man with the world on his shoulders","10a":"Israeli carrier","14a":"\"Mona ___\"","15a":"Scarlett's love","16a":"Comic Rudner","17a":"What we celebrate on July 4","20a":"Honor, with \"to\"","21a":"Form 1040 amount","22a":"Buntline and Rorem","23a":"Sean Connery, e.g.","24a":"Duke's home","27a":"Fifth Avenue name","28a":"Catch in the act","31a":"Gaucho's rope","32a":"Golfer Ballesteros","33a":"Old Russian assembly","34a":"What we observe on July 4","37a":"Bronze and Iron","38a":"Some intersections","39a":"Think","40a":"Stag party attendees","41a":"Scorch","42a":"Ranch","43a":"Tools locale","44a":"___ de foie gras","45a":"Book after Nehemiah","48a":"Fortification","52a":"What we watch on July 4","54a":"A lulu","55a":"Miss Brooks portrayer","56a":"Muck","57a":"Witnessed","58a":"Stocking material","59a":"Some whiskeys","1d":"Happy","2d":"Green shade","3d":"Employed","4d":"Seasons, as meat","5d":"Teen hangout","6d":"Dean Martin's \"___ Amore\"","7d":"___ -majeste","8d":"Arm of the Treasury Dept.","9d":"Ill","10d":"Construct","11d":"Island near Venice","12d":"Mighty mite","13d":"Costly cloth","18d":"Hangover soother?","19d":"Son of Seth","23d":"Baseball and hockey stats","24d":"Father of Hector and Paris","25d":"Danny of the N.B.A.","26d":"Weighed down","27d":"Passover feast","28d":"Blue entertainment","29d":"Hotpoint rival","30d":"Sang to the moon","32d":"Golf legend Sam","33d":"Doctor's instrument","35d":"Intangible","36d":"Egypt's___ Church","41d":"\"Good night, ___\" (old TV phrase)","42d":"Briny","43d":"Like Samson, once","44d":"Kind of truck","45d":"Heroic poetry","46d":"\"Auld Lang ___\"","47d":"It's better known for its bark than its bite","48d":"Third degrees, usually","49d":"Seaman's shout","50d":"Nod off","51d":"Rams' dams","53d":"Dernier ___"},"answers":{"1a":"GLUM","5a":"ATLAS","10a":"ELAL","14a":"LISA","15a":"RHETT","16a":"RITA","17a":"AMERICASFREEDOM","20a":"DEDICATE","21a":"INCOME","22a":"NEDS","23a":"SCOT","24a":"PALACE","27a":"SAKS","28a":"NAB","31a":"RIATA","32a":"SEVE","33a":"DUMA","34a":"INDEPENDENCEDAY","37a":"AGES","38a":"TEES","39a":"OPINE","40a":"MEN","41a":"CHAR","42a":"SPREAD","43a":"SHED","44a":"PATE","45a":"ESTHER","48a":"PALISADE","52a":"PYROTECHNICSHOW","54a":"ONER","55a":"ARDEN","56a":"OOZE","57a":"SEEN","58a":"LISLE","59a":"RYES","1d":"GLAD","2d":"LIME","3d":"USED","4d":"MARINATES","5d":"ARCADE","6d":"THATS","7d":"LESE","8d":"ATF","9d":"STRICKEN","10d":"ERECT","11d":"LIDO","12d":"ATOM","13d":"LAME","18d":"ICECAP","19d":"ENOS","23d":"SAVES","24d":"PRIAM","25d":"AINGE","26d":"LADEN","27d":"SEDER","28d":"NUDIE","29d":"AMANA","30d":"BAYED","32d":"SNEAD","33d":"DEPRESSOR","35d":"ETHEREAL","36d":"COPTIC","41d":"CHET","42d":"SALINE","43d":"SHORN","44d":"PANEL","45d":"EPOS","46d":"SYNE","47d":"TREE","48d":"PHDS","49d":"AHOY","50d":"DOZE","51d":"EWES","53d":"CRI"}}