{"numbers":[["1","2","3","4","-","5","6","7","8","-","-","9","10","11","12"],["13","","","","-","14","","","","-","15","","","",""],["16","","","","17","","","","","-","18","","","",""],["-","-","-","-","19","","","","","-","20","","","",""],["21","22","23","24","","","-","-","25","26","","","-","-","-"],["27","","","","","","28","29","-","30","","","31","32","33"],["34","","","","","-","35","","36","","-","37","","",""],["38","","","","-","39","","","","","-","40","","",""],["41","","","","-","42","","","","-","43","","","",""],["44","","","","45","","-","46","","47","","","","",""],["-","-","-","48","","","49","-","-","50","","","","",""],["51","52","53","","","-","54","55","56","","","-","-","-","-"],["57","","","","","-","58","","","","","59","60","61","62"],["63","","","","","-","64","","","","-","65","","",""],["66","","","","-","-","67","","","","-","68","","",""]],"clues":{"1a":"\"St. John Passion\" composer","5a":"In vogue","9a":"Carpet variety","13a":"Nepal's location","14a":"Leftovers dish","15a":"Prowess","16a":"\"Lost Horizon\" paradise","18a":"Public sentiment","19a":"\"Message received\"","20a":"Songwriter John","21a":"Long, deep bow","25a":"More than a snack","27a":"First look","30a":"1901 Churchill novel, with \"The\"","34a":"With masts fully extended","35a":"Imprint on glass","37a":"Posted","38a":"Puny pup","39a":"Dweller in Gulliver's Houyhnhnmland","40a":"Wash","41a":"Deuce topper","42a":"Skater Heiden","43a":"Idolater","44a":"Snow remover?","46a":"Seven Cities of Cibola seeker","48a":"George Takei TV/movie role","50a":"Confuses","51a":"Shore bird","54a":"Soprano Nixon","57a":"Dik Browne Viking","58a":"Town visited by Tommy Albright","63a":"Subtle twist","64a":"Like elbowing, e.g.","65a":"Paris landing site","66a":"Aromatic herb","67a":"Prepared brandy","68a":"Start for \"of honor\" or \"of silence\"","1d":"___ -relief","2d":"Ski wood","3d":"\"The Company\"","4d":"Solo of \"Star Wars\"","5d":"Plating material","6d":"Nixon chief of staff","7d":"Sunny vacation spot","8d":"Mojo","9d":"King Kong's home","10d":"Saber handle","11d":"To boot","12d":"___ Burnie, Md.","15d":"Aborigine's weapon","17d":"Woodworker's concern","21d":"City attacked by Cleon","22d":"Fabric with a raised pattern","23d":"Near ringer","24d":"\"Jaws\" locale","26d":"Canyon sound","28d":"Bring up","29d":"Work ___","31d":"Action star Steven","32d":"Blitz","33d":"Typing pool members","36d":"Designer Chanel","39d":"Make oneself heard in the din","43d":"Lecterns","45d":"\"Tumbling Tumbleweeds\" singer, 1935","47d":"Traveled far and wide","49d":"Eclipse shadow","51d":"Kind of splints","52d":"Butler's quarters?","53d":"Operatic prince","55d":"\".... as a bug in ___\"","56d":"Sally of NASA","59d":"Medic","60d":"Spanish gold","61d":"Timeworn","62d":"TV comic Louis"},"answers":{"1a":"BACH","5a":"CHIC","9a":"SHAG","13a":"ASIA","14a":"HASH","15a":"SKILL","16a":"SHANGRILA","18a":"PULSE","19a":"ROGER","20a":"ELTON","21a":"SALAAM","25a":"MEAL","27a":"PREMIERE","30a":"CRISIS","34a":"AMAIN","35a":"ETCH","37a":"SENT","38a":"RUNT","39a":"YAHOO","40a":"LAVE","41a":"TREY","42a":"ERIC","43a":"PAGAN","44a":"AERIAL","46a":"CORONADO","48a":"SULU","50a":"ADDLES","51a":"STILT","54a":"MARNI","57a":"HAGAR","58a":"BRIGADOON","63a":"IRONY","64a":"RUDE","65a":"ORLY","66a":"NARD","67a":"AGED","68a":"CODE","1d":"BAS","2d":"ASH","3d":"CIA","4d":"HAN","5d":"CHROME","6d":"HAIG","7d":"ISLE","8d":"CHARM","9d":"SKULLISLAND","10d":"HILT","11d":"ALSO","12d":"GLEN","15d":"SPEAR","17d":"GRAIN","21d":"SPARTA","22d":"ARMURE","23d":"LEANER","24d":"AMITYISLAND","26d":"ECHO","28d":"REAR","29d":"ETHIC","31d":"SEAGAL","32d":"INVADE","33d":"STENOS","36d":"COCO","39d":"YELL","43d":"PODIA","45d":"AUTRY","47d":"RANGED","49d":"UMBRA","51d":"SHIN","52d":"TARA","53d":"IGOR","55d":"ARUG","56d":"RIDE","59d":"DOC","60d":"ORO","61d":"OLD","62d":"NYE"}}