{"numbers":[["1","2","3","4","-","5","6","7","8","9","-","10","11","12","13"],["14","","","","-","15","","","","","-","16","","",""],["17","","","","-","18","","","","","-","19","","",""],["20","","","","21","","","","-","22","23","","","",""],["-","-","-","24","","","","-","25","","","","-","-","-"],["26","27","28","","","","-","29","","","","","30","31","-"],["32","","","","","-","33","","","","","-","34","","35"],["36","","","","-","37","","","","","-","38","","",""],["39","","","-","40","","","","","-","41","","","",""],["-","42","","43","","","","","-","44","","","","",""],["-","-","-","45","","","","-","46","","","","-","-","-"],["47","48","49","","","","-","50","","","","","51","52","53"],["54","","","","-","55","56","","","","-","57","","",""],["58","","","","-","59","","","","","-","60","","",""],["61","","","","-","62","","","","","-","63","","",""]],"clues":{"1a":"From","5a":"Win every match","10a":"Former Iranian president Bani ___","14a":"Comely","15a":"Spaghetti sauce","16a":"Draft status","17a":"First name in mystery writing","18a":"Cartoon sign \"___ Joe's\"","19a":"Minn. neighbor","20a":"Know-it-all","22a":"Auto racer Geoff","24a":"Speaker of fame","25a":"Sweetie","26a":"___ Corps","29a":"Seedless raisin","32a":"Part of Caesar's declaration","33a":"Platforms, e.g.","34a":"Stray","36a":"Leather add-on","37a":"Miss Boop","38a":"David of \"Rhoda\"","39a":"Not accept abuse?","40a":"Lays it on thick","41a":"Hotsy-___","42a":"Before","44a":"Prejudices","45a":"60's British teens","46a":"Phi ___ (frat brother)","47a":"Binder","50a":"Winter Olympics event","54a":"Long ago","55a":"Do a double-take, e.g.","57a":"Painless","58a":"Whistle time","59a":"Start","60a":"Word providing a hint to the hidden theme answers","61a":"Lamebrain","62a":"Pauperish","63a":"\"Phoo!\"","1d":"Some","2d":"Zsa Zsa's real name","3d":"Art supplies","4d":"Recess, often","5d":"Coin","6d":"Endures","7d":"Villa d'___","8d":"LAX posting","9d":"Dieter's target","10d":"The oldest Huxtable","11d":"\"The Egg ___\"","12d":"Mr. Witter","13d":"Shed item","21d":"British music man","23d":"Equine dinner","25d":"Some piano music","26d":"Architect van der Rohe","27d":"Recur, as arthritis","28d":"Judge","29d":"Sharp argument","30d":"\"Phoo!\"","31d":"Got up","33d":"Trial rounds","35d":"\"Wide Sargasso Sea\" author","37d":"Abut","38d":"Peter of \"Heidi,\" e.g.","40d":"Hip","41d":"Joust","43d":"Threaten","44d":"Actor who debuted in \"Deliverance\"","46d":"Cut finely","47d":"Harmonious relationship","48d":"File, e.g.","49d":"Suffix with buck","50d":"Headquarters","51d":"Den","52d":"Thessalian high spot","53d":"One Security Council vote","56d":"Compass point"},"answers":{"1a":"ASOF","5a":"SWEEP","10a":"SADR","14a":"FAIR","15a":"PESTO","16a":"ONEA","17a":"ERLE","18a":"EATAT","19a":"NDAK","20a":"WISEACRE","22a":"BODINE","24a":"TRIS","25a":"DEAR","26a":"MARINE","29a":"SULTANA","32a":"ICAME","33a":"HEELS","34a":"ERR","36a":"ETTE","37a":"BETTY","38a":"GROH","39a":"SUE","40a":"COATS","41a":"TOTSY","42a":"PRIORTO","44a":"BIASES","45a":"MODS","46a":"DELT","47a":"STAPLE","50a":"BIATHLON","54a":"YORE","55a":"REACT","57a":"EASY","58a":"NOON","59a":"ONSET","60a":"RISE","61a":"CLOD","62a":"NEEDY","63a":"DRAT","1d":"AFEW","2d":"SARI","3d":"OILS","4d":"FREETIME","5d":"SPECIE","6d":"WEARS","7d":"ESTE","8d":"ETA","9d":"POTBELLY","10d":"SONDRA","11d":"ANDI","12d":"DEAN","13d":"RAKE","21d":"ARNE","23d":"OATS","25d":"DUETS","26d":"MIES","27d":"ACTUP","28d":"RATER","29d":"SETTO","30d":"NERTS","31d":"AROSE","33d":"HEATS","35d":"RHYS","37d":"BORDERON","38d":"GOATHERD","40d":"COOL","41d":"TILT","43d":"IMPEND","44d":"BEATTY","46d":"DICED","47d":"SYNC","48d":"TOOL","49d":"AROO","50d":"BASE","51d":"LAIR","52d":"OSSA","53d":"NYET","56d":"ENE"}}