{"numbers":[["1","2","3","4","-","5","6","7","8","-","-","9","10","11","12"],["13","","","","-","14","","","","15","-","16","","",""],["17","","","","18","","","","","","19","","","",""],["20","","","-","21","","","-","-","22","","","","",""],["23","","","24","","-","25","26","27","","","","-","-","-"],["-","28","","","","29","-","30","","","","-","31","32","33"],["-","-","34","","","","-","35","","","-","36","","",""],["37","38","","","","","39","","","","40","","","",""],["41","","","","-","42","","","-","43","","","","-","-"],["44","","","-","45","","","","-","46","","","","47","-"],["-","-","-","48","","","","","49","-","50","","","","51"],["52","53","54","","","","-","-","55","56","","-","57","",""],["58","","","","","","59","60","","","","61","","",""],["62","","","","-","63","","","","","-","64","","",""],["65","","","","-","-","66","","","","-","67","","",""]],"clues":{"1a":"Gutter site","5a":"Insomnia cause?","9a":"Marmon ___ (first auto to win the Indy 500)","13a":"Sick as ___","14a":"Onetime Aegean land","16a":"Actress Chase","17a":"Start of a quotation by 9-Down","20a":"Neighbor of Braz.","21a":"Popular machine","22a":"Detroit products","23a":"Kind of code","25a":"25, e.g.","28a":"Runway","30a":"___ -daisy","31a":"Signal since 1912","34a":"Indulgent","35a":"Sister of Selene","36a":"Straddling","37a":"Middle of quote","41a":"All ___ (attentive)","42a":"Zinger","43a":"Acht, ___, zehn","44a":"1994 U.S. Open golf champion","45a":"Star of \"Mon Oncle\"","46a":"Tidy up","48a":"Poznan's location","50a":"Seats, slangily","52a":"Peacock \"eyes\"","55a":"Addition","57a":"Suffix with insist","58a":"End of quote","62a":"\"___ boy!\"","63a":"Ruth's mother-in-law","64a":"Western star Richard","65a":"Admit, with \"up\"","66a":"Girlie show props","67a":"Certain investor's agreement, for short","1d":"Gobble","2d":"More than appreciates","3d":"1985 Tom Hanks comedy","4d":"Kind of maniac","5d":"Losing proposition","6d":"Offerings of 7-Down","7d":"Rest stop","8d":"Noisy bird","9d":"See 17-Across","10d":"___ Romeo","11d":"Potato part","12d":"Mountain route","15d":"1991 Sondheim show","18d":"Bag","19d":"Like a haunted house","24d":"Hamas adherents","26d":"San ___","27d":"Savvy about","29d":"Galatea's sculptor, in myth","31d":"Salisbury Plain attraction","32d":"Comic strip reaction","33d":"Aix-les-Bains, e.g.","36d":"Chills","37d":"One of 18","38d":"Movie computer","39d":"Bit","40d":"___, Minn. (1862 Sioux uprising site)","45d":"Highway robbery?","47d":"Ballpoint part","48d":"Guilty and others","49d":"Stuffed deli delicacy","51d":"Dictator's aide","52d":"One of five Norse kings","53d":"Ile de la ___","54d":"Salamanders","56d":"Ad exec George ___","59d":"Capture","60d":"Gunk","61d":"___ Lingus"},"answers":{"1a":"EAVE","5a":"DRIP","9a":"WASP","13a":"ADOG","14a":"IONIA","16a":"ILKA","17a":"TOLOVEONESELFIS","20a":"URU","21a":"ATM","22a":"SEDANS","23a":"PENAL","25a":"SQUARE","28a":"STRIP","30a":"UPSY","31a":"SOS","34a":"EASY","35a":"EOS","36a":"ATOP","37a":"THEBEGINNINGOFA","41a":"EARS","42a":"MOT","43a":"NEUN","44a":"ELS","45a":"TATI","46a":"SWEEP","48a":"POLAND","50a":"USHES","52a":"OCELLI","55a":"ELL","57a":"ENT","58a":"LIFELONGROMANCE","62a":"ATTA","63a":"NAOMI","64a":"EGAN","65a":"FESS","66a":"BOAS","67a":"REPO","1d":"EATUP","2d":"ADORES","3d":"VOLUNTEERS","4d":"EGO","5d":"DIET","6d":"ROOMS","7d":"INN","8d":"PIE","9d":"WILDE","10d":"ALFA","11d":"SKIN","12d":"PASS","15d":"ASSASSINS","18d":"VALISE","19d":"EERY","24d":"ARABS","26d":"QUENTIN","27d":"UPON","29d":"PYGMALION","31d":"STONEHENGE","32d":"OOF","33d":"SPA","36d":"AGUES","37d":"TEE","38d":"HAL","39d":"IOTA","40d":"NEWULM","45d":"TOLL","47d":"PENCAP","48d":"PLEAS","49d":"DERMA","51d":"STENO","52d":"OLAF","53d":"CITE","54d":"EFTS","56d":"LOIS","59d":"NAB","60d":"GOO","61d":"AER"}}