{"numbers":[["1","2","3","4","5","-","-","-","6","7","8","9","10","11","12"],["13","","","","","14","-","-","15","","","","","",""],["16","","","","","","17","-","18","","","","","",""],["19","","","-","20","","","21","","","","-","22","",""],["23","","","24","-","25","","","","","-","26","","",""],["27","","","","28","-","29","","","-","30","","","",""],["-","31","","","","32","","","","33","","","-","-","-"],["-","-","34","","","","","","","","","","35","-","-"],["-","-","-","36","","","","","","","","","","37","-"],["38","39","40","","","-","41","","","-","42","","","","43"],["44","","","","-","45","","","","46","-","47","","",""],["48","","","-","49","","","","","","50","-","51","",""],["52","","","53","","","","-","54","","","55","","",""],["56","","","","","","","-","-","57","","","","",""],["58","","","","","","","-","-","-","59","","","",""]],"clues":{"1a":"\"Alas\"","6a":"\"Chariots of the Gods\" author Erich Von ___","13a":"John Denver's \"___Song\"","15a":"Iridescent","16a":"Jordan River's outlet","18a":"Extirpates","19a":"Yodeler's perch","20a":"Apt to fall apart","22a":"Astuteness","23a":"Start of a classic question","25a":"Twinkle-toed","26a":"Size up","27a":"Abraham's wife in Genesis","29a":"Ship's heading","30a":"Husky-voiced singer from Vienna","31a":"Post-kickoff game status","34a":"Rudolph Valentine, e.g.","36a":"Kind of suit","38a":"Israel's Arens","41a":"\"My mamma done ___ me\"","42a":"Welles of the Mercury Theater","44a":"Play money?","45a":"Fire fighter","47a":"God of destruction","48a":"Reagan program: Abbr.","49a":"1966 musical featuring 30-Across","51a":"Calif. neighbor","52a":"Food preservative","54a":"Get cozy","56a":"Mark a marker?","57a":"House Speaker, 1977-86","58a":"Some car deals","59a":"Singer James and others","1d":"Former AI-Qubbah Palace residents","2d":"15 slices, maybe","3d":"Visored hat style","4d":"Go to bat for","5d":"Family tree abbr.","6d":"Traitorous ones","7d":"Beatles record label","8d":"___ a one","9d":"1969 Nobel Peace Prize winner: Abbr.","10d":"Of a Plains people","11d":"Something or someone","12d":"Lipton competitor","14d":"Word repeated in a Doris Day song","17d":"Site of one of Hercules's labors","21d":"F. Scott Fitzgerald's birthplace","24d":"Otologist's case","26d":"Impressionist collection","28d":"Carpet fiber","30d":"Resulted in","32d":"Argentine aunt","33d":"Mannerism","35d":"Blowing one's cool","37d":"\"Billy Budd,\" e.g.","38d":"Chess or bridge ranking","39d":"Sir Frederick Ashton ballet","40d":"Smarts","43d":"Adam and Eve lacked them","45d":"Give up","46d":"Where exes are made","49d":"Scuttle load","50d":"Adjust","53d":"Brother","55d":"Pick up"},"answers":{"1a":"SOSAD","6a":"DANIKEN","13a":"ANNIES","15a":"OPALINE","16a":"DEADSEA","18a":"UPROOTS","19a":"ALP","20a":"CRUMBLY","22a":"WIT","23a":"TOBE","25a":"AGILE","26a":"RATE","27a":"SARAI","29a":"ENE","30a":"LENYA","31a":"FIRSTANDTEN","34a":"MATINEEIDOL","36a":"CLASSACTION","38a":"MOSHE","41a":"TOL","42a":"ORSON","44a":"ANTE","45a":"WATER","47a":"SIVA","48a":"SDI","49a":"CABARET","51a":"NEV","52a":"TINFOIL","54a":"SNUGGLE","56a":"ENGRAVE","57a":"ONEILL","58a":"RESALES","59a":"ETTAS","1d":"SADATS","2d":"ONELOAF","3d":"SNAPBRIM","4d":"AID","5d":"DESC","6d":"DOUBLEDEALERS","7d":"APPLE","8d":"NARY","9d":"ILO","10d":"KIOWAN","11d":"ENTITY","12d":"NESTEA","14d":"SERA","17d":"AUGEANSTABLES","21d":"MINNESOTA","24d":"EARACHE","26d":"RENOIRS","28d":"ISTLE","30d":"LEDTO","32d":"TIA","33d":"TIC","35d":"LOSINGIT","37d":"NOVELLA","38d":"MASTER","39d":"ONDINE","40d":"STINGS","43d":"NAVELS","45d":"WAIVE","46d":"RENO","49d":"COAL","50d":"TUNE","53d":"FRA","55d":"GET"}}