{"numbers":[["1","2","3","4","5","6","7","-","8","9","10","11","12","13","14"],["15","","","","","","","-","16","","","","","",""],["17","","","","","","","-","18","","","","","",""],["19","","","","","-","20","21","","-","22","","","",""],["23","","","","-","24","","","","25","-","26","","",""],["27","","","-","28","","","","","","29","-","30","",""],["31","","","32","","","","","-","33","","34","","","-"],["-","-","-","35","","","","-","36","","","","-","-","-"],["-","37","38","","","","-","39","","","","","40","41","42"],["43","","","-","44","","45","","","","","-","46","",""],["47","","","48","-","49","","","","","-","50","","",""],["51","","","","52","-","53","","","-","54","","","",""],["55","","","","","56","","-","57","58","","","","",""],["59","","","","","","","-","60","","","","","",""],["61","","","","","","","-","62","","","","","",""]],"clues":{"1a":"Certain sled riders","8a":"Gabber","15a":"Dish with toast","16a":"Played the coonhound","17a":"Spaghetti sauce seasoning","18a":"Quips","19a":"Friend of Theodore and Simon","20a":"D.C. insider","22a":"Diagonal spar","23a":"Slay","24a":"Practicer","26a":"A bit","27a":"It might need to be cleaned up","28a":"Informal phrase of endearment","30a":"Gunslinger Hardin","31a":"One ready to take a fall?","33a":"Felicity","35a":"Ad infinitum","36a":"Site of Jesus' first miracle","37a":"Brand outlet?","39a":"Puccini opera","43a":"Enclosure with a MS","44a":"Filmdom's Brandon","46a":"It's east of the Atl.","47a":"Unionize","49a":"Legal papers","50a":"Held up","51a":"Attended","53a":"Thirst quencher","54a":"Blackbirds","55a":"As planned","57a":"Women's society","59a":"Intended","60a":"Constituent of DNA and RNA","61a":"\"Where Angels Fear to Tread\" novelist","62a":"Like shaked roofs","1d":"New England speech feature","2d":"Gunwale feature","3d":"Pithiness","4d":"Get going","5d":"\"Invoice of Israel\" author","6d":"Old Kobe coin","7d":"Drop in","8d":"Jo Anne of \"Laugh-in\"","9d":"Suffix with correct or collect","10d":"Captures","11d":"Fumbles","12d":"One-wheeled vehicles","13d":"Occasionally","14d":"Daring deeds of yesteryear","21d":"Nonpareil","24d":"Hung over","25d":"Actor who played Howard in \"Melvin and Howard\"","28d":"Experienced","29d":"They connect to carpi","32d":"Aberdeen's river","34d":"Writer Buruma","36d":"Quiet street","37d":"Friend of Antonio in \"The Merchant of Venice\"","38d":"Launch of 1962","39d":"Bound","40d":"Letter opener","41d":"Preliminary sketch","42d":"Done up in braids","43d":"Sever, in a way","45d":"More diluted","48d":"\"The one that got away\" and others","50d":"Woman's name meaning \"lionlike\"","52d":"Way with words","54d":"TV palomino","56d":"Passing mark","58d":"Pope's \"___ on Solitude\""},"answers":{"1a":"BOBBERS","8a":"WINDBAG","15a":"RAREBIT","16a":"OVERATE","17a":"OREGANO","18a":"RETORTS","19a":"ALVIN","20a":"POL","22a":"SPRIT","23a":"DOIN","24a":"HONER","26a":"SOME","27a":"ACT","28a":"LOVEYOU","30a":"WES","31a":"SKYDIVER","33a":"BLISS","35a":"EVER","36a":"CANA","37a":"STEER","39a":"TURANDOT","43a":"SAE","44a":"DEWILDE","46a":"EUR","47a":"ALLY","49a":"DEEDS","50a":"LATE","51a":"WASAT","53a":"ADE","54a":"MERLS","55a":"ONTRACK","57a":"SOROSIS","59a":"FIANCEE","60a":"ADENINE","61a":"FORSTER","62a":"CEDARED","1d":"BROADAS","2d":"OARLOCK","3d":"BREVITY","4d":"BEGIN","5d":"EBAN","6d":"RIN","7d":"STOPOVER","8d":"WORLEY","9d":"IVE","10d":"NETS","11d":"DROPS","12d":"BARROWS","13d":"ATTIMES","14d":"GESTES","21d":"ONER","24d":"HOVERED","25d":"ROBARDS","28d":"LIVED","29d":"ULNAE","32d":"DEE","34d":"IAN","36d":"CULDESAC","37d":"SALANIO","38d":"TELSTAR","39d":"TIED","40d":"DEARSIR","41d":"OUTLINE","42d":"TRESSED","43d":"SAWOFF","45d":"WEAKER","48d":"YARNS","50d":"LEONA","52d":"TACT","54d":"MRED","56d":"CEE","58d":"ODE"}}