{"numbers":[["1","2","3","4","5","-","6","7","8","-","9","10","11","12","13"],["14","","","","","-","15","","","-","16","","","",""],["17","","","","","18","","","","-","19","","","",""],["20","","","","-","21","","","","-","22","","","",""],["23","","","-","24","","","-","25","26","","","-","-","-"],["-","-","27","28","","","-","29","","","","-","30","31","32"],["33","34","","","","-","35","","","","","36","","",""],["37","","","","-","38","","","","","-","39","","",""],["40","","","","41","","","","","-","42","","","",""],["43","","","-","44","","","","-","45","","","","-","-"],["-","-","-","46","","","","-","47","","","-","48","49","50"],["51","52","53","","","-","54","55","","","-","56","","",""],["57","","","","","-","58","","","","59","","","",""],["60","","","","","-","61","","","-","62","","","",""],["63","","","","","-","64","","","-","65","","","",""]],"clues":{"1a":"Say \"I do\" again","6a":"March starter","9a":"Diplomatic skills","14a":"Dwelling place","15a":"U.N. member","16a":"Honolulu hello","17a":"Scrabble, anagrams, etc.","19a":"Bottoms of graphs","20a":"Disney dog","21a":"House of Lords members","22a":"Mosque chiefs","23a":"Ave. crossers","24a":"\"I've been ___!\"","25a":"City on the Brazos","27a":"Ear cleaner","29a":"___ race (finished first)","30a":"Lived","33a":"Oaxaca waters","35a":"Dictionaries and thesauruses","37a":"Organic soil","38a":"Subject of this puzzle","39a":"Lockup","40a":"Preambles","42a":"\"You ___ Have to Be So Nice\"","43a":"\"The Sultan of Sulu\" author","44a":"Crooner Williams","45a":"Jokester's props","46a":"Nightclub bits","47a":"Tricia Nixon ___","48a":"New Deal org.","51a":"Move furtively","54a":"Barely open","56a":"Bewail","57a":"Start of the French workweek","58a":"Some of them are famous","60a":"Not ___ in the world","61a":"Prayer word","62a":"___ nous","63a":"Ex-baseball commish Ueberroth","64a":"Light time","65a":"Lucy's landlady","1d":"Singer Lou","2d":"Enemy vessel","3d":"What THIS, HERE, IRON and SENT form","4d":"Whirlpool","5d":"B.A. or Ph.D.","6d":"Like August weather, perhaps","7d":"Client","8d":"Computer access codes","9d":"City vehicle","10d":"Battle depicted in \"The Last Command\"","11d":"Hip joint","12d":"Not us","13d":"Freshness","18d":"Quickly: Abbr.","24d":"Towel word","26d":"Connectors","28d":"Housebroken","29d":"Circumlocutory","30d":"Poet laureate, 1843-50","31d":"Similar","32d":"Mil. officer","33d":"___ Romeo","34d":"Well-mannered","35d":"Incoherent speech","36d":"Off Broadway award","38d":"Is obstinate","41d":"More erratic","42d":"Humanitarian Dorothea","45d":"Where a cruise calls","46d":"Previn or Kostelanetz","47d":"Disk jockey Kasem","49d":"San Diego pro","50d":"Photographer Adams","51d":"Masher's comeuppance","52d":"Politico Clare Boothe ___","53d":"___ the finish","55d":"AI Hirt hit","56d":"___ Blanc","59d":"Itsy-bitsy"},"answers":{"1a":"REWED","6a":"HUP","9a":"TACTS","14a":"ABODE","15a":"USA","16a":"ALOHA","17a":"WORDGAMES","19a":"XAXES","20a":"LADY","21a":"SIRS","22a":"IMAMS","23a":"STS","24a":"HAD","25a":"WACO","27a":"QTIP","29a":"WONA","30a":"WAS","33a":"AGUAS","35a":"WORDBOOKS","37a":"LOAM","38a":"WORDS","39a":"BRIG","40a":"FOREWORDS","42a":"DIDNT","43a":"ADE","44a":"ANDY","45a":"PIES","46a":"ACTS","47a":"COX","48a":"WPA","51a":"SLINK","54a":"AJAR","56a":"MOAN","57a":"LUNDI","58a":"LASTWORDS","60a":"ACARE","61a":"AVE","62a":"ENTRE","63a":"PETER","64a":"DAY","65a":"ETHEL","1d":"RAWLS","2d":"EBOAT","3d":"WORDSQUARE","4d":"EDDY","5d":"DEG","6d":"HUMID","7d":"USER","8d":"PASSWORDS","9d":"TAXICAB","10d":"ALAMO","11d":"COXA","12d":"THEM","13d":"SASS","18d":"ASAP","24d":"HIS","26d":"ANDS","28d":"TAME","29d":"WORDY","30d":"WORDSWORTH","31d":"AKIN","32d":"SSGT","33d":"ALFA","34d":"GOOD","35d":"WORDSALAD","36d":"OBIE","38d":"WONT","41d":"WACKIER","42d":"DIX","45d":"PORT","46d":"ANDRE","47d":"CASEY","49d":"PADRE","50d":"ANSEL","51d":"SLAP","52d":"LUCE","53d":"INAT","55d":"JAVA","56d":"MONT","59d":"WEE"}}