{"numbers":[["1","2","3","4","-","-","5","6","7","8","-","9","10","11","12"],["13","","","","14","-","15","","","","-","16","","",""],["17","","","","","-","18","","","","-","19","","",""],["20","","","","","21","","","","","22","","","","-"],["23","","","-","24","","","","-","25","","","","-","-"],["-","-","-","26","","","-","-","27","","","-","28","29","30"],["31","32","33","","","","34","35","","-","36","37","","",""],["38","","","","-","39","","","","40","-","41","","",""],["42","","","","43","-","44","","","","45","","","",""],["46","","","-","47","48","","-","-","49","","","-","-","-"],["-","-","50","51","","","-","52","53","","","-","54","55","56"],["-","57","","","","","58","","","","","59","","",""],["60","","","","-","61","","","","-","62","","","",""],["63","","","","-","64","","","","-","65","","","",""],["66","","","","-","67","","","","-","-","68","","",""]],"clues":{"1a":"Luggage","5a":"Sneaking suspicion","9a":"Waist material","13a":"Broadway aunt","15a":"\"The Old Curiosity Shop\" heroine","16a":"Words of enlightenment","17a":"Everybody's opposite","18a":"Brickbat","19a":"Bear head, once","20a":"Sgt. Friday's comment at the office equipment store?","23a":"Check-cashing needs","24a":"Insubstantial","25a":"Biblical initials","26a":"Lend a hand","27a":"Tour grp.","28a":"\"Mighty ___a Rose\"","31a":"Big salmon order for a security firm?","36a":"Unvarnished","38a":"\"Don't tell me!\"","39a":"Goes it alone","41a":"___ -European","42a":"___ the iceberg","44a":"Part of the cost of floor covering?","46a":"___ Canals","47a":"Comic Philips","49a":"High dudgeon","50a":"\"___ tell\"","52a":"Clock part","54a":"Emulate","57a":"Musical instrument that throws Troy Aikman for a loss?","60a":"\"___ never fly\"","61a":"Nobel chemist Harold","62a":"Championship","63a":"Clock part","64a":"Clears (of)","65a":"Have the helm","66a":"Grand Ole ___","67a":"Crime battler of 60's TV","68a":"Once, once","1d":"Movie pooch","2d":"Not sotto voce","3d":"Shine","4d":"Wired","5d":"Actress Stevens","6d":"More than ennoble","7d":"Exile site","8d":"Writer de Tocqueville","9d":"Eastern lute","10d":"Bushwhacker","11d":"Where ends meet","12d":"That ship","14d":"Kind of price","21d":"Squirrels away","22d":"Alphabet quartet","26d":"Peek ending","27d":"Wife, to Caesar","29d":"Verdi's slave girl","30d":"Landon's running mate, 1936","31d":"Pointillist's marks","32d":"Wheeling's river","33d":"Out of style","34d":"Bats","35d":"Suffix with pay","37d":"Lo-cal","40d":"Star in Virgo","43d":"Misgiving","45d":"Pitches, in a way","48d":"1989 Nancy Reagan book","51d":"Comeback","52d":"Bandleader Waring et al.","53d":"Gaping hole","54d":"Sunflower, in furniture decoration","55d":"Loses color","56d":"Wield","57d":"Ear spear","58d":"Albany-to-Buffalo route","59d":"Tom of golf","60d":"Words before a kiss?"},"answers":{"1a":"BAGS","5a":"IDEA","9a":"SASH","13a":"ELLER","15a":"NELL","16a":"ISEE","17a":"NOONE","18a":"GIBE","19a":"TSAR","20a":"JUSTTHEFAXMAAM","23a":"IDS","24a":"AIRY","25a":"INRI","26a":"AID","27a":"USO","28a":"LAK","31a":"DOUBLELOX","36a":"PLAIN","38a":"OHNO","39a":"SOLOS","41a":"INDO","42a":"TIPOF","44a":"CARPETTAX","46a":"SOO","47a":"EMO","49a":"IRE","50a":"PRAY","52a":"FACE","54a":"APE","57a":"QUARTERBACKSAX","60a":"ITLL","61a":"UREY","62a":"TITLE","63a":"DIAL","64a":"RIDS","65a":"STEER","66a":"OPRY","67a":"NESS","68a":"ERST","1d":"BENJI","2d":"ALOUD","3d":"GLOSS","4d":"SENT","5d":"INGER","6d":"DEIFY","7d":"ELBA","8d":"ALEXIS","9d":"SITAR","10d":"ASSAILANT","11d":"SEAM","12d":"HER","14d":"RETAIL","21d":"HIDES","22d":"MNOP","26d":"ABOO","27d":"UXOR","29d":"AIDA","30d":"KNOX","31d":"DOTS","32d":"OHIO","33d":"UNPOPULAR","34d":"LOCO","35d":"OLA","37d":"LITE","40d":"SPICA","43d":"FEAR","45d":"ERECTS","48d":"MYTURN","51d":"RALLY","52d":"FREDS","53d":"ABYSS","54d":"ASTER","55d":"PALES","56d":"EXERT","57d":"QTIP","58d":"ERIE","59d":"KITE","60d":"IDO"}}