{"numbers":[["1","2","3","-","-","-","4","5","6","7","-","8","9","10","11"],["12","","","-","13","14","","","","","-","15","","",""],["16","","","-","17","","","","","","18","","","",""],["19","","","20","","","","-","-","21","","","","",""],["-","-","-","22","","","","23","-","-","24","","","",""],["25","26","27","","","","","","28","29","","","-","-","-"],["30","","","","","-","-","31","","","","-","32","33","34"],["35","","","","-","36","37","","","","-","38","","",""],["39","","","-","40","","","","-","-","41","","","",""],["-","-","-","42","","","","","43","44","","","","",""],["45","46","47","","","-","-","48","","","","","-","-","-"],["49","","","","","50","-","-","51","","","","52","53","54"],["55","","","","","","56","57","","","","-","58","",""],["59","","","","-","60","","","","","","-","61","",""],["62","","","","-","63","","","","-","-","-","64","",""]],"clues":{"1a":"Chew the fat","4a":"Feature of Doyle's \"The Adventure of the Dancing Men\"","8a":"Faceup card in faro","12a":"Fraternal one","13a":"Region in NW Greece","15a":"Don Juan's mother","16a":"Mr. Potato Head accessory","17a":"Poser","19a":"Lab tube","21a":"Busy","22a":"Lobster claw","24a":"Kind of acid","25a":"Poser","30a":"Golden statuette","31a":"Jejune","32a":"Humbug?","35a":"Drink of old","36a":"Incite a hen?","38a":"Farm baby","39a":"Prince Valiant's son","40a":"Approach","41a":"Physics particle","42a":"Poser","45a":"Wooden shoe","48a":"Louis XVI's wife","49a":"Air-raid warnings","51a":"Angry","55a":"Poser","58a":"___ Ben Canaan of \"Exodus\"","59a":"Soprano Moffo","60a":"Reduces","61a":"Slate-cutting tool","62a":"Spotted","63a":"Boris Godunov, e.g.","64a":"TV Tarzan","1d":"Vehicle since 1940","2d":"Jai ___","3d":"Cincinnati letters","4d":"Tyson of \"Sounder\"","5d":"Two-time Smythe Trophy winner","6d":"Couple in Rome","7d":"This: Sp.","8d":"Use a heliograph","9d":"Best Supporting Actress, 1973","10d":"Tooth: Prefix","11d":"Montezuma, e.g.","13d":"Old Testament book","14d":"Gunn with a gun","18d":"Partner of dangerous","20d":"Outward","23d":"Coasters for Socrates, e.g.","25d":"Site for a Cezanne: Abbr.","26d":"W.W. I battle site","27d":"Scrutinize","28d":"El Dorado loot","29d":"Sauterne, e.g.","32d":"Ruth's husband","33d":"Manor head, maybe","34d":"Actress Sommer","36d":"Some doctor's reading: Abbr.","37d":"Empty talk","38d":"Large-headed match","40d":"Capone's chief enforcer","41d":"Counterpanes","42d":"River in an old spiritual","43d":"Football coach Pop ___","44d":"Poet Matthew","45d":"\"Heimskringla\" et al.","46d":"Solo","47d":"European capital","50d":"Save, with \"away\"","52d":"Stupefy","53d":"Caspian feeder","54d":"Folklore figure","56d":"Vetoes","57d":"___ Zulu (South African region)"},"answers":{"1a":"JAW","4a":"CODE","8a":"SODA","12a":"ELK","13a":"EPIRUS","15a":"INEZ","16a":"EAR","17a":"SECRETAGENT","19a":"PIPETTE","21a":"ORNATE","22a":"CHELA","24a":"MALIC","25a":"MYSTERYNOVEL","30a":"OSCAR","31a":"ARID","32a":"BEE","35a":"MEAD","36a":"EGGON","38a":"FOAL","39a":"ARN","40a":"NEAR","41a":"QUARK","42a":"JIGSAWPUZZLE","45a":"SABOT","48a":"MARIE","49a":"ALERTS","51a":"RILEDUP","55a":"GORDIANKNOT","58a":"ARI","59a":"ANNA","60a":"LOWERS","61a":"ZAX","62a":"SEEN","63a":"TSAR","64a":"ELY","1d":"JEEP","2d":"ALAI","3d":"WKRP","4d":"CICELY","5d":"ORR","6d":"DUE","7d":"ESTO","8d":"SIGNAL","9d":"ONEAL","10d":"DENTI","11d":"AZTEC","13d":"ESTHER","14d":"PETER","18d":"ARMED","20d":"ECTAD","23d":"ANAGRAM","25d":"MOMA","26d":"YSER","27d":"SCAN","28d":"ORO","29d":"VIN","32d":"BOAZ","33d":"EARL","34d":"ELKE","36d":"EEG","37d":"GAS","38d":"FUZEE","40d":"NITTI","41d":"QUILTS","42d":"JORDAN","43d":"WARNER","44d":"PRIOR","45d":"SAGAS","46d":"ALONE","47d":"BERNE","50d":"SALT","52d":"DAZE","53d":"URAL","54d":"PIXY","56d":"NOS","57d":"KWA"}}