{"numbers":[["1","2","3","4","-","5","6","7","8","9","-","10","11","12","13"],["14","","","","-","15","","","","","-","16","","",""],["17","","","","18","","","","","","19","","","",""],["20","","","","","-","-","21","","","","","","",""],["-","-","-","22","","23","-","-","-","24","","","","",""],["25","26","27","","","","28","29","30","","","-","-","-","-"],["31","","","","-","32","","","","-","33","34","35","36","37"],["38","","","","39","-","40","","","-","41","","","",""],["42","","","","","-","43","","","44","-","45","","",""],["-","-","-","-","46","47","","","","","48","","","",""],["49","50","51","52","","","-","-","-","53","","","-","-","-"],["54","","","","","","55","56","-","-","57","","58","59","60"],["61","","","","","","","","62","63","","","","",""],["64","","","","-","65","","","","","-","66","","",""],["67","","","","-","68","","","","","-","69","","",""]],"clues":{"1a":"Irrational art","5a":"One of the Huxtables","10a":"Summer getaway","14a":"Not on the level","15a":"Radio-related","16a":"___ -Altaic (language group)","17a":"Start of a quote by Will Durant","20a":"Isaac or Howard","21a":"Put into difficulties","22a":"Old spy grp.","24a":"\"On Golden Pond\" playwright Thompson","25a":"Quote continued","31a":"Prefix with valence","32a":"Jabir al-Sabah, e.g.","33a":"Take forcibly","38a":"Local life","40a":"Storm heading","41a":"Pang","42a":"Mount","43a":"Pedal pushers?","45a":"Greek peak","46a":"Quote continued","49a":"Shaver","53a":"Pricing word","54a":"Touch a chord","57a":"Racket","61a":"End of the quote","64a":"Crosses","65a":"In heraldry, having small projections in the upper corners","66a":"Distribute","67a":"Glamour rival","68a":"Assemblies","69a":"Kind of money","1d":"Judo levels","2d":"Much","3d":"Fawn","4d":"Choice of Paris","5d":"Preserve","6d":"Blockhead","7d":"The blue of baby blues","8d":"Opposite of gormandize","9d":"Small posy","10d":"Show rudeness in traffic","11d":"Glacial formation","12d":"Shocks of a sort","13d":"Spy of a sort","18d":"Split sec.","19d":"\"Groovy\"","23d":"1967 Monkees song","25d":"Yaks","26d":"Drop","27d":"Reed","28d":"John Ciardi's \"___ Man\"","29d":"Curtain fabric","30d":"Esurience","34d":"Places for displaying wares","35d":"Constellation name","36d":"Optimistic","37d":"They're sometimes split","39d":"Arithmetic figure","44d":"Easy mark","47d":"Stumped","48d":"Advanced","49d":"Babble","50d":"Kind of eagle","51d":"Nary ___","52d":"Constrictor","55d":"Language akin to Shan","56d":"Site of Galway Bay","58d":"Noncommittal response","59d":"Give a bellyful","60d":"Surveyed","62d":"Bottom line","63d":"Mdse."},"answers":{"1a":"DADA","5a":"CLIFF","10a":"CAMP","14a":"ALOP","15a":"AURAL","16a":"URAL","17a":"NOTHINGISOFTENA","20a":"STERN","21a":"STRAITEN","22a":"OSS","24a":"ERNEST","25a":"GOODTHINGTO","31a":"AMBI","32a":"EMIR","33a":"USURP","38a":"BIOTA","40a":"ENE","41a":"THROE","42a":"STEED","43a":"TOES","45a":"OSSA","46a":"DOANDALWAYS","49a":"PLANER","53a":"PER","54a":"RESONATE","57a":"NOISE","61a":"AGOODTHINGTOSAY","64a":"TAUS","65a":"EARED","66a":"METE","67a":"ELLE","68a":"DIETS","69a":"SEED","1d":"DANS","2d":"ALOT","3d":"DOTE","4d":"APHRODITE","5d":"CAN","6d":"LUG","7d":"IRIS","8d":"FAST","9d":"FLORET","10d":"CUTIN","11d":"ARETE","12d":"MANES","13d":"PLANT","18d":"INST","19d":"FAROUT","23d":"SHE","25d":"GABS","26d":"OMIT","27d":"OBOE","28d":"IMETA","29d":"NINON","30d":"GREED","34d":"SHOWROOMS","35d":"URSA","36d":"ROSY","37d":"PEAS","39d":"ADDEND","44d":"SAP","47d":"ORATED","48d":"LENT","49d":"PRATE","50d":"LEGAL","51d":"ASOUL","52d":"NOOSE","55d":"THAI","56d":"EIRE","58d":"ISEE","59d":"SATE","60d":"EYED","62d":"NET","63d":"GDS"}}