{"numbers":[["1","2","3","4","5","6","7","8","9","10","-","11","12","13","14"],["15","","","","","","","","","","-","16","","",""],["17","","","","","","","","","","-","18","","",""],["19","","","-","20","","","","-","-","21","","","",""],["22","","","23","-","-","-","-","24","25","","","","",""],["26","","","","27","-","28","29","","","","-","30","",""],["-","-","-","31","","32","","","","","-","33","","",""],["-","34","35","","","","","","","","36","","","","-"],["37","","","","-","38","","","","","","","-","-","-"],["39","","","-","40","","","","","-","41","","42","43","44"],["45","","","46","","","","-","-","-","-","47","","",""],["48","","","","","-","-","49","50","51","52","-","53","",""],["54","","","","-","55","56","","","","","57","","",""],["58","","","","-","59","","","","","","","","",""],["60","","","","-","61","","","","","","","","",""]],"clues":{"1a":"Invasion group of 1964","11a":"\"___ here\"","15a":"River vehicle","16a":"Chick ending","17a":"Belafonte's trademark garb","18a":"Off","19a":"Father and son","20a":"1994 Shirley MacLaine role","21a":"Miler Steve","22a":"Z ___ zebra","24a":"Mean","26a":"Chesterfields","28a":"Ornery folks","30a":"Eur. nation","31a":"Absent","33a":"Alimony collectors","34a":"Sure things?","37a":"\"Buenos ___\"","38a":"With class","39a":"Leb. neighbor","40a":"Quechua speakers","41a":"Mountain transports","45a":"ABC news exec","47a":"Gallows","48a":"\"Don't It Make My Brown Eyes Blue\" singer","49a":"The Crimson Tide","53a":"Danube feeder","54a":"Dream states","55a":"Watson and Crick, for two","58a":"Kyrgyz mountains","59a":"1955 Magnani film with \"The\"","60a":"Where to go for the gold","61a":"Part of 1 Across","1d":"\"A Child's Christmas in Wales\" poet","2d":"Slangy comment of optimism","3d":"Should it be that","4d":"Artist Shahn","5d":"While opener","6d":"Flu symptom","7d":"Speaker of baseball","8d":"Lawrence of Scandinavia","9d":"Newt","10d":"Peter, Paul and Mary: Abbr.","11d":"Mollifier","12d":"Obsession","13d":"Shows of good faith","14d":"Fits (in)","21d":"Fifth qtrs.","23d":"Tot protectors","24d":"___ nails","25d":"More than encourages","27d":"Shakespeare's Sir Toby, e.g.","28d":"Monopoly card","29d":"___-car","32d":"Chas. Addams character","33d":"Put out","34d":"1st Earl of Beaconsfield","35d":"Archeologist's study","36d":"A.B.A. member","37d":"Blueprint","40d":"Chemical suffix","42d":"Mexican War general Mariano","43d":"Coach","44d":"Security device","46d":"Noted spokescow","49d":"Anchorman?","50d":"Shake ___","51d":"Lorre role","52d":"Kin of khans","55d":"Chilly comment","56d":"Binary five","57d":"Chas. Addams character"},"answers":{"1a":"THEBEATLES","11a":"SIGN","15a":"HOVERCRAFT","16a":"ADEE","17a":"OPENSHIRTS","18a":"LESS","19a":"MEN","20a":"TESS","21a":"OVETT","22a":"ASIN","24a":"HATEFUL","26a":"SOFAS","28a":"CRABS","30a":"IRE","31a":"NOTHERE","33a":"EXES","34a":"DEATHANDTAXES","37a":"DIAS","38a":"INTASTE","39a":"ISR","40a":"INCAS","41a":"TRAMS","45a":"ARLEDGE","47a":"TREE","48a":"GAYLE","49a":"BAMA","53a":"INN","54a":"REMS","55a":"BIOLOGISTS","58a":"ALAI","59a":"ROSETATTOO","60a":"MINE","61a":"RINGOSTARR","1d":"THOMAS","2d":"HOPESO","3d":"EVENIF","4d":"BEN","5d":"ERST","6d":"ACHE","7d":"TRIS","8d":"LARS","9d":"EFT","10d":"STS","11d":"SALVE","12d":"IDEEFIXE","13d":"GESTURES","14d":"NESTLES","21d":"OTS","23d":"NANAS","24d":"HARDAS","25d":"ABETS","27d":"SOT","28d":"CHANCE","29d":"RENTA","32d":"THING","33d":"EXERT","34d":"DISRAELI","35d":"EARLYMAN","36d":"ATT","37d":"DIAGRAM","40d":"IDE","42d":"ARISTA","43d":"MENTOR","44d":"SENSOR","46d":"ELSIE","49d":"BOSN","50d":"ALEG","51d":"MOTO","52d":"AGAS","55d":"BRR","56d":"IOI","57d":"ITT"}}