{"numbers":[["1","2","3","4","5","-","6","7","8","9","10","-","11","12","13","14","15","-","16","17","18","19","20"],["21","","","","","-","22","","","","","-","23","","","","","-","24","","","",""],["25","","","","","-","26","","","","","-","27","","","","","-","28","","","",""],["29","","","","","30","","","","","","-","31","","","","","32","","","-","-","-"],["-","-","-","33","","","","","","-","-","34","","","","-","35","","","","36","37","38"],["39","40","41","-","42","","","-","43","44","45","","","","-","-","46","","","-","47","",""],["48","","","49","","","","50","-","51","","","","-","52","53","","","","-","54","",""],["55","","","","","","-","56","57","","","-","-","58","","","","","-","59","","","-"],["60","","","","","-","-","61","","","","62","63","","","","-","-","64","","","","65"],["66","","","","-","67","68","","","","-","69","","","","","-","70","","","","",""],["71","","","-","72","","","","-","73","74","","","","","-","75","","","","","",""],["-","-","76","77","","","","","78","-","79","","","-","80","81","","","","","","-","-"],["82","83","","","","","","-","84","85","","","","86","-","87","","","","-","88","89","90"],["91","","","","","","-","92","","","","","-","93","94","","","","-","95","","",""],["96","","","","","-","-","97","","","","","98","","","","-","-","99","","","",""],["-","100","","","-","101","102","","","","-","-","103","","","","-","104","","","","",""],["105","","","-","106","","","","","-","107","108","","","-","109","110","","","","","",""],["111","","","-","112","","","-","-","113","","","","","114","-","115","","","-","116","",""],["117","","","118","","","","-","119","","","","-","-","120","121","","","","122","-","-","-"],["-","-","-","123","","","","124","","","","-","125","126","","","","","","","127","128","129"],["130","131","132","","","-","133","","","","","-","134","","","","","-","135","","","",""],["136","","","","","-","137","","","","","-","138","","","","","-","139","","","",""],["140","","","","","-","141","","","","","-","142","","","","","-","143","","","",""]],"clues":{"1a":"Ancient Yemen","6a":"Domain","11a":"Basic wage","16a":"Closes the gap?","21a":"Certain angler","22a":"Mrs. Banks of \"Father of the Bride\"","23a":"Red dye","24a":"Prohibit","25a":"House of the Seven Gables site","26a":"Imitate Crosby","27a":"Scholia","28a":"Like caramel","29a":"'Smiler's goal?","31a":"'Smothering?","33a":"Pinfold residents","34a":"Blond","35a":"Is forthcoming","39a":"Goggle boxes, so to speak","42a":"Scudded","43a":"Demesne","46a":"Born","47a":"Compass dir.","48a":"Knolls","51a":"Details handler","52a":"Like a rainbow","54a":"\"Dreams and Projects\" author","55a":"Galahad's mother","56a":"___ spout (house part)","58a":"\"Eight Days ___\"","59a":"Bikini part","60a":"Stuck (to)","61a":"'Swine enthusiast?","64a":"Spain's ___ del Sol","66a":"Emilia's husband","67a":"Let out, perhaps","69a":"Like ___ of buffalo","70a":"Pierced","71a":"Mountain ___","72a":"Sweetheart, in Savoie","73a":"Sagacious","75a":"Proofs","76a":"Dowers","79a":"Unified","80a":"Most dolorous","82a":"Cleopatra's Needle, for one","84a":"Running, but not getting anywhere","87a":"Catches","88a":"Uffizi contents","91a":"Pulitzer-winner composer George et al.","92a":"Parisians think of them","93a":"Up the bet","95a":"Part of a Civil War signature","96a":"Contemporary author Canin","97a":"'Slavish account?","99a":"Ancient Roman gown","100a":"Dale's favorite cowboy","101a":"Lightens up?","103a":"Stake","104a":"They can be mental","105a":"\"Hey ___!\"","106a":"City on the Rhone","107a":"Belted","109a":"Firm","111a":"Diminutive suffixes","112a":"Centennial State: Abbr.","113a":"Actor James","115a":"Noted Warhol subject","116a":"Tee neighbor","117a":"Cabbie's query","119a":"Verily","120a":"Tenure of John Paul II","123a":"'Slug off?","125a":"'Smart money?","130a":"Onetime Clinton cause","133a":"Ammonia compound","134a":"Ship's shipment","135a":"The Supremes' \"___ a Symphony\"","136a":"Nearby","137a":"Twerps","138a":"Test","139a":"Standards","140a":"Chutzpah","141a":"\"Swell\"","142a":"Words between Friends","143a":"Graylag or specklebelly","1d":"Mtg. of Congress","2d":"Make whole","3d":"Singer Fitzgerald","4d":"Warning sounds","5d":"Eagle flier","6d":"Start a Model T again","7d":"One of the Jetsons","8d":"Burns poem \"To ___\"","9d":"Symbol of St. Mark","10d":"Patch","11d":"Having esthesia","12d":"The ___ Monster","13d":"Up and around","14d":"Claim","15d":"Settle snugly","16d":"Ordained","17d":"Visibly frightened","18d":"Map abbr.","19d":"Immediately","20d":"Bond, for one","30d":"___ to the finish","32d":"Sneak ___","34d":"Rage","36d":"'Scornful book?","37d":"Not G, PG, R or X","38d":"Life","39d":"Spook house?","40d":"Country homes","41d":"'Shah's palace?","44d":"Relishes","45d":"Row","49d":"Prefix with type","50d":"Sonnet's end","52d":"Kind of ceremony","53d":"Tear","57d":"Siamang, e.g.","58d":"\"___ Good Men\"","59d":"\"Treasure Island\" captain Billy","62d":"Besmirch","63d":"Polish","64d":"Burdens","65d":"Blurbs","67d":"Make ___ of (muddle)","68d":"7.92 inches","70d":"Overhang","72d":"Tabloid cover topic, maybe","74d":"Golfer's goals","75d":"Vitamin amts.","77d":"Mollify","78d":"Moves furtively","81d":"Patient one","82d":"Unsealed, in poesy","83d":"Affiance","85d":"___ ex machina","86d":"Lowly laborers, in slang","89d":"Fills a vacancy","90d":"Ribs","92d":"Key","94d":"Colony member","95d":"Collective abbr.","98d":"Diet","99d":"Some amorousness","101d":"Prefix with type","102d":"Permissive","104d":"Spanish composer Albeniz","105d":"Ground hemlock","106d":"Cellophane substitute","107d":"Most griseous","108d":"Auberge","110d":"Puts to good use","113d":"Actress Blake","114d":"Uncrowded","118d":"Queue after Q","119d":"Hawn film \"Bird on ___\"","121d":"Spirogyras","122d":"Bumpkin","124d":"New World abbr.","125d":"Specialty of 3 Down","126d":"Pound","127d":"\"Camelot\" co-star","128d":"Herds of humpbacks","129d":"Celtic tongue","130d":"Actress Grey","131d":"Basketball's Saperstein","132d":"In favor of"},"answers":{"1a":"SHEBA","6a":"REALM","11a":"SCALE","16a":"DARNS","21a":"EELER","22a":"ELLIE","23a":"EOSIN","24a":"ESTOP","25a":"SALEM","26a":"CROON","27a":"NOTES","28a":"CHEWY","29a":"SLAPSAROUND","31a":"SKINCARE","33a":"STRAYS","34a":"FAIR","35a":"OPENSUP","39a":"TVS","42a":"RAN","43a":"ESTATE","46a":"NEE","47a":"ENE","48a":"HILLOCKS","51a":"AIDE","52a":"ARCED","54a":"ARP","55a":"ELAINE","56a":"EAVE","58a":"AWEEK","59a":"BRA","60a":"CLUNG","61a":"SPORTSFAN","64a":"COSTA","66a":"IAGO","67a":"ALTER","69a":"AHERD","70a":"LANCED","71a":"ASH","72a":"AMIE","73a":"SHREWD","75a":"REREADS","76a":"TALENTS","79a":"ONE","80a":"SADDEST","82a":"OBELISK","84a":"IDLING","87a":"BAGS","88a":"ART","91a":"PERLES","92a":"IDEES","93a":"RAISE","95a":"ELEE","96a":"ETHAN","97a":"SLUSHFUND","99a":"STOLA","100a":"ROY","101a":"PALES","103a":"ANTE","104a":"IMAGES","105a":"YOU","106a":"ARLES","107a":"GIRT","109a":"RESOLUTE","111a":"ETS","112a":"COL","113a":"ARNESS","115a":"MAO","116a":"ESS","117a":"WHERETO","119a":"AMEN","120a":"PAPACY","123a":"STOWAWAY","125a":"SMALLCHANGE","130a":"NAFTA","133a":"IMINE","134a":"CARGO","135a":"IHEAR","136a":"ABOUT","137a":"NERDS","138a":"ASSAY","139a":"NORMS","140a":"NERVE","141a":"GREAT","142a":"THEES","143a":"GOOSE","1d":"SESS","2d":"HEAL","3d":"ELLA","4d":"BEEPS","5d":"ARMSTRONG","6d":"RECRANK","7d":"ELROY","8d":"ALOUSE","9d":"LION","10d":"MEND","11d":"SENSATE","12d":"COOKIE","13d":"ASTIR","14d":"LIEN","15d":"ENSCONCE","16d":"DECREED","17d":"ASHEN","18d":"RTE","19d":"NOW","20d":"SPY","30d":"ARACE","32d":"APEEK","34d":"FAD","36d":"SEARSCATALOGUE","37d":"UNRATED","38d":"PEP","39d":"THECIA","40d":"VILLAS","41d":"SLAUGHTERHOUSE","44d":"SAVORS","45d":"TIER","49d":"LINO","50d":"SESTET","52d":"AWARDS","53d":"REND","57d":"APE","58d":"AFEW","59d":"BONES","62d":"TARNISH","63d":"SHEEN","64d":"CARES","65d":"ADS","67d":"AMESS","68d":"LINK","70d":"LEDGE","72d":"ALIEN","74d":"HOLES","75d":"RDAS","77d":"ALLAY","78d":"SIDLES","81d":"ABIDER","82d":"OPE","83d":"BETROTH","85d":"DEUS","86d":"GRUNTS","89d":"RELETS","90d":"TEASES","92d":"ISLE","94d":"ANT","95d":"ETAL","98d":"FARE","99d":"SMOOCHING","101d":"PROTO","102d":"ALLOWING","104d":"ISAAC","105d":"YEW","106d":"ACETATE","107d":"GREYEST","108d":"INN","110d":"EMPLOYS","113d":"AMANDA","114d":"SPARSE","118d":"RSTUV","119d":"AWIRE","121d":"ALGAE","122d":"YAHOO","124d":"AMER","125d":"SCAT","126d":"MASH","127d":"NERO","128d":"GAMS","129d":"ERSE","130d":"NAN","131d":"ABE","132d":"FOR"}}