{"numbers":[["1","2","3","4","-","5","6","7","8","9","10","-","11","12","13"],["14","","","","-","15","","","","","","-","16","",""],["17","","","","18","","","","","","","-","19","",""],["20","","","-","21","","","","-","22","","23","","",""],["24","","","25","","","","-","26","","","","","-","-"],["-","-","-","27","","","-","28","","","","","","29","-"],["30","31","32","","","-","33","","","","","-","34","","35"],["36","","","","-","37","","","","","-","38","","",""],["39","","","-","40","","","","","-","41","","","",""],["-","42","","43","","","","","-","44","","","-","-","-"],["-","-","45","","","","","-","46","","","","47","48","49"],["50","51","","","","","-","52","","","","-","53","",""],["54","","","-","55","","56","","","","","57","","",""],["58","","","-","59","","","","","","-","60","","",""],["61","","","-","62","","","","","","-","63","","",""]],"clues":{"1a":"Protection in a purse","5a":"Start, as a trip","11a":"Actor Max ___ Sydow","14a":"Lawyer Dershowitz","15a":"Dragon's prey","16a":"Author Levin","17a":"Ex-heavyweight champ","19a":"Galley slave's tool","20a":"\"___ been had!\"","21a":"Bad grades","22a":"\"Is that so?\"","24a":"Colonist","26a":"Rock's ___ Vanilli","27a":"Brit. ref. work","28a":"Triangular-sailed ships","30a":"Pencil name","33a":"Hotel lobby","34a":"\"Ich ___ ein Berliner\"","36a":"\"Famous\" cookie man","37a":"Little bits","38a":"Dumb ox","39a":"Fourposter","40a":"Linen shades","41a":"Leafy shelter","42a":"Small seals","44a":"Journalist Nellie","45a":"Get rid of, in slang","46a":"Deejay's need","50a":"Los Angeles player","52a":"Orbit period","53a":"Lumberjack's tool","54a":"Singer ___ Rose","55a":"Noble acts","58a":"___ time (golfer's starting point)","59a":"Niagara Falls craft?","60a":"\"Java\" player Al","61a":"\"___ day now ...\"","62a":"The \"E\" of H.R.E.","63a":"Chocolate-covered morsels","1d":"Baseball's Roger","2d":"Extant","3d":"Middy opponent","4d":"Epilogue","5d":"Ran the show","6d":"Almighty","7d":"Lobster eaters' accessories","8d":"Hubbub","9d":"Second drafts","10d":"Pew attachment","11d":"A concert-master holds it","12d":"Kind of vaccine","13d":"Not any","18d":"Ambitionless one","23d":"Pub drink","25d":"Stocking parts","26d":"Yucatan people","28d":"Name in computer software","29d":"7D, e.g.","30d":"Early Beatles describer","31d":"\"Rag Mop\" brothers","32d":"Legendary bluesman","33d":"Onward","35d":"Neither's mate","37d":"It sometimes comes in bars","38d":"Cassidy portrayer William","40d":"Uganda airport","41d":"Boombox sound","43d":"Jazz date","44d":"Long-eared pooch","46d":"Witch, at times","47d":"Fine cloth","48d":"Strive","49d":"Schick et al.","50d":"Disk contents","51d":"The yoke's on them","52d":"Cosmonaut Gagarin","56d":"Dada founder","57d":"___ Na Na"},"answers":{"1a":"MACE","5a":"EMBARK","11a":"VON","14a":"ALAN","15a":"MAIDEN","16a":"IRA","17a":"RIDDICKBOWE","19a":"OAR","20a":"IVE","21a":"DEES","22a":"REALLY","24a":"SETTLER","26a":"MILLI","27a":"OED","28a":"LATEENS","30a":"FABER","33a":"FOYER","34a":"BIN","36a":"AMOS","37a":"IOTAS","38a":"BOZO","39a":"BED","40a":"ECRUS","41a":"BOWER","42a":"SIGNETS","44a":"BLY","45a":"DITCH","46a":"HEADSET","50a":"DODGER","52a":"YEAR","53a":"AXE","54a":"AXL","55a":"BEAUXGESTES","58a":"TEE","59a":"BARREL","60a":"HIRT","61a":"ANY","62a":"EMPIRE","63a":"ANTS","1d":"MARIS","2d":"ALIVE","3d":"CADET","4d":"END","5d":"EMCEED","6d":"MAKER","7d":"BIBS","8d":"ADO","9d":"REWRITES","10d":"KNEELER","11d":"VIOLINBOW","12d":"ORAL","13d":"NARY","18d":"IDLER","23d":"ALE","25d":"TOES","26d":"MAYAS","28d":"LOTUS","29d":"SIZE","30d":"FAB","31d":"AMES","32d":"BODIDDLEY","33d":"FORTH","35d":"NOR","37d":"ICECREAM","38d":"BOYD","40d":"ENTEBBE","41d":"BLARE","43d":"GIG","44d":"BEAGLE","46d":"HEXER","47d":"SATIN","48d":"EXERT","49d":"TESTS","50d":"DATA","51d":"OXEN","52d":"YURI","56d":"ARP","57d":"SHA"}}