{"numbers":[["1","2","3","-","4","5","6","7","8","9","-","10","11","12","13"],["14","","","-","15","","","","","","-","16","","",""],["17","","","-","18","","","","","","19","","","",""],["20","","","21","-","22","","","-","23","","","","",""],["24","","","","25","","","-","26","","","","-","-","-"],["-","-","27","","","","-","28","","","","","29","30","31"],["32","33","","","","-","34","","","","","-","35","",""],["36","","","","-","37","","","","","-","38","","",""],["39","","","-","40","","","","","-","41","","","",""],["42","","","43","","","","","-","44","","","","-","-"],["-","-","-","45","","","","-","46","","","","","47","48"],["49","50","51","","","","-","52","","","-","53","","",""],["54","","","","","","55","","","","56","-","57","",""],["58","","","","-","59","","","","","","-","60","",""],["61","","","","-","62","","","","","","-","63","",""]],"clues":{"1a":"Forlorn","4a":"Poker actions","10a":"Is appropriate","14a":"Actress MacGraw","15a":"State boldly","16a":"British title","17a":"Cover","18a":"Animated myope","20a":"Type of lily","22a":"Neighbor of Switz.","23a":"Oriental tea","24a":"Plant with cup-shaped flowers","26a":"Skirt opening","27a":"Communists","28a":"Clamorous advertising","32a":"Part of a book","34a":"Down the ___","35a":"Word of rejection","36a":"Escape vehicles","37a":"Misprint","38a":"Mr. Kadiddlehopper","39a":"In the past","40a":"False temptress","41a":"Targets of 40-Across","42a":"Ta-ta","44a":"Fictional plantation","45a":"Gypsies","46a":"Cold dessert","49a":"One of the Borgias","52a":"Rimsky-Korsakov's \"Le Coq ___\"","53a":"Rival of Brown","54a":"Aussie hopper","57a":"Actor Cariou","58a":"First name in mysteries","59a":"Flair","60a":"Any person","61a":"Son of Seth","62a":"Small piano","63a":"The \"o\" in Cheerios","1d":"Latin beat","2d":"1979 sci-fi hit","3d":"Musical instrument from Down Under","4d":"Collide head-on","5d":"Vietnamese and Nepalese, e.g.","6d":"Point of contention","7d":"Match parts","8d":"Afore","9d":"Tot toter","10d":"Allegiance","11d":"Venetian troublemaker","12d":"1982 Disney film","13d":"Work long and hard","19d":"Works long and hard","21d":"Portents","25d":"Pindar piece","26d":"Wooden shoe","28d":"Beast of burden","29d":"Uproar","30d":"S-shaped curve","31d":"Resistance units","32d":"Tiff","33d":"Okefenokee resident","34d":"Small combos","37d":"Strunk and White's \"The ___ of Style\"","38d":"Transport","40d":"Botanist's concern","41d":"West of Hollywood","43d":"Big quackers","44d":"Seat of power","46d":"Philosopher Kierkegaard","47d":"Russian writer Bonner","48d":"Religious principle","49d":"Ontario tribe","50d":"Merit","51d":"Town near Caen","52d":"Dream pictures artist","55d":"Hiatus","56d":"Legendary Giant"},"answers":{"1a":"SAD","4a":"RAISES","10a":"FITS","14a":"ALI","15a":"ASSERT","16a":"EARL","17a":"LID","18a":"MISTERMAGOO","20a":"SEGO","22a":"AUS","23a":"OOLONG","24a":"ANEMONE","26a":"SLIT","27a":"REDS","28a":"BALLYHOO","32a":"SPINE","34a":"TUBES","35a":"UGH","36a":"PODS","37a":"ERROR","38a":"CLEM","39a":"AGO","40a":"FLIRT","41a":"MALES","42a":"TOODLEOO","44a":"TARA","45a":"ROMS","46a":"SHERBET","49a":"CESARE","52a":"DOR","53a":"YALE","54a":"RATKANGAROO","57a":"LEN","58a":"ERLE","59a":"TALENT","60a":"ONE","61a":"ENOS","62a":"SPINET","63a":"OAT","1d":"SALSA","2d":"ALIEN","3d":"DIDGERIDOO","4d":"RAM","5d":"ASIANS","6d":"ISSUE","7d":"SETS","8d":"ERE","9d":"STROLLER","10d":"FEALTY","11d":"IAGO","12d":"TRON","13d":"SLOG","19d":"MOILS","21d":"OMENS","25d":"ODE","26d":"SABOT","28d":"BURRO","29d":"HULLABALOO","30d":"OGEE","31d":"OHMS","32d":"SPAT","33d":"POGO","34d":"TRIOS","37d":"ELEMENTS","38d":"CARRY","40d":"FLORA","41d":"MAE","43d":"DRAKES","44d":"THRONE","46d":"SOREN","47d":"ELENA","48d":"TENET","49d":"CREE","50d":"EARN","51d":"STLO","52d":"DALI","55d":"GAP","56d":"OTT"}}