{"numbers":[["1","2","3","4","-","-","5","6","7","-","-","8","9","10","11"],["12","","","","13","14","","","","15","-","16","","",""],["17","","","","","","","","","","18","","","",""],["19","","","","","","-","20","","","","","","",""],["-","-","-","21","","","-","-","22","","","-","-","-","-"],["23","24","25","-","26","","27","28","-","29","","30","31","32","33"],["34","","","35","-","36","","","37","-","38","","","",""],["39","","","","40","","","","","41","","","","",""],["42","","","","","-","43","","","","-","44","","",""],["45","","","","","46","-","47","","","48","-","49","",""],["-","-","-","-","50","","51","-","-","52","","53","-","-","-"],["54","55","56","57","","","","58","-","59","","","60","61","62"],["63","","","","","","","","64","","","","","",""],["65","","","","-","66","","","","","","","","",""],["67","","","","-","-","68","","","-","-","69","","",""]],"clues":{"1a":"Funeral stand","5a":"Lick","8a":"A little night music","12a":"Like matzoh","16a":"Della's creator","17a":"18th-century monarch, too familiarly?","19a":"Tributary","20a":"Residents of Meshed","21a":"Still","22a":"Miss Merkel","23a":"Baby food","26a":"Items that are piled","29a":"Overwhelms","34a":"Shah Jahan's building site","36a":"Salve base","38a":"Ennoble","39a":"Lake Ontario outlet, too familiarly?","42a":"Indian follower","43a":"TV's Ricky","44a":"Tangent's cousin","45a":"Shenanigans","47a":"Frond holder","49a":"It makes towels plushy","50a":"Indy 500 advertiser","52a":"Actress Thompson","54a":"Available, as retail goods","59a":"Bill collector","63a":"Architectural refinement, too familiarly?","65a":"Press for","66a":"Took orders, in a way","67a":"By and by","68a":"Bygone platters","69a":"Those for","1d":"Bare skin","2d":"Concerning, at law","3d":"Robt. ___","4d":"Singer Helen","5d":"Athletic supporter?","6d":"Against","7d":"Indian leader","8d":"Actress Garr","9d":"Vicinage","10d":"Map out","11d":"Goes down","13d":"\"Do, ___, a female...\"","14d":"Kind of reality","15d":"Academic heads","18d":"Beaver, for one","23d":"Turkish bigwig","24d":"In addition","25d":"Art sale item","27d":"Wrap name","28d":"Chafed places","30d":"W.W.II foe","31d":"Know-it-all","32d":"Full assemblies","33d":"Pharyngeal invader","35d":"\"The King ___\"","37d":"Aforetime","40d":"University of Arizona site","41d":"Surrenderer","46d":"Last item?","48d":"Verdun's river","51d":"Jail-related","53d":"Overeager","54d":"Greenish-blue","55d":"Crank","56d":"Utah's state flower","57d":"Adult-to-be","58d":"Small cut","60d":"Letters from Wall Street","61d":"Parmenides's birthplace","62d":"Stop lights","64d":"Como's \"___ Impossible\""},"answers":{"1a":"BIER","5a":"TAN","8a":"TAPS","12a":"UNLEAVENED","16a":"ERLE","17a":"FREDDIETHEGREAT","19a":"FEEDER","20a":"IRANIANS","21a":"YET","22a":"UNA","23a":"PAP","26a":"RUGS","29a":"SWAMPS","34a":"AGRA","36a":"ALOE","38a":"EXALT","39a":"SAINTLARRYRIVER","42a":"HINDU","43a":"DESI","44a":"SINE","45a":"ANTICS","47a":"STEM","49a":"NAP","50a":"STP","52a":"LEA","54a":"ATSTORES","59a":"DUNNER","63a":"QUEENANNIESTYLE","65a":"URGE","66a":"WAITRESSED","67a":"ANON","68a":"LPS","69a":"YEAS","1d":"BUFF","2d":"INRE","3d":"ELEE","4d":"REDDY","5d":"TEE","6d":"ANTI","7d":"NEHRU","8d":"TERI","9d":"AREA","10d":"PLAN","11d":"SETS","13d":"ADEER","14d":"VIRTUAL","15d":"DEANS","18d":"GNAWER","23d":"PASHA","24d":"AGAIN","25d":"PRINT","27d":"GLAD","28d":"SORES","30d":"AXIS","31d":"MAVIN","32d":"PLENA","33d":"STREP","35d":"ANDI","37d":"ERST","40d":"TUCSON","41d":"YIELDER","46d":"STRAW","48d":"MEUSE","51d":"PENAL","53d":"ANTSY","54d":"AQUA","55d":"TURN","56d":"SEGO","57d":"TEEN","58d":"SNIP","60d":"NYSE","61d":"ELEA","62d":"REDS","64d":"ITS"}}