{"numbers":[["1","2","3","4","-","5","6","7","-","-","8","9","10","11","12"],["13","","","","-","14","","","15","-","16","","","",""],["17","","","","18","","","","","-","19","","","",""],["-","-","20","","","","","","","21","","-","22","",""],["-","-","-","23","","","","-","24","","","25","","-","-"],["26","27","28","","-","-","29","30","","","-","31","","32","33"],["34","","","","35","36","","","-","37","38","","","",""],["39","","","-","40","","","","41","","","-","42","",""],["43","","","44","","","-","45","","","","46","","",""],["47","","","","-","48","49","","","-","-","50","","",""],["-","-","51","","52","","","-","53","54","55","","-","-","-"],["56","57","","-","58","","","59","","","","","60","-","-"],["61","","","62","","-","63","","","","","","","64","65"],["66","","","","","-","67","","","","-","68","","",""],["69","","","","","-","-","70","","","-","71","","",""]],"clues":{"1a":"1980 Olympics host","5a":"Writer ___ Louise Huxtable","8a":"Setting","13a":"Computer list","14a":"Outfielders' throws","16a":"Sleeping problem","17a":"One-legged ballet pose","19a":"\"Swan Lake\" wardrobe","20a":"Ballet spin","22a":"Fernando of \"The French Connection\"","23a":"___ Grande, Ariz.","24a":"Cafe cup","26a":"Bull in Chihuahua","29a":"New Mexico artists' town","31a":"Spots on the face","34a":"Drinkers' heavens","37a":"1935 Astaire/Rogers musical","39a":"\"Great Expectations\" boy","40a":"Helpmate of sorts","42a":"Oil-rich ___ Dhabi","43a":"\"In\" site, in a phrase","45a":"Took hold again, as a plant","47a":"Riga resident","48a":"Old Syria","50a":"Latin life","51a":"\"If ___ Hammer\"","53a":"Where Cuzco is","56a":"Took it easy","58a":"Hopping step, in ballet","61a":"Plie spots","63a":"Anna Pavlova, e.g.","66a":"Accustom","67a":"Garfield pal","68a":"Desirous Greek god","69a":"___ incognita (old map notation)","70a":"D.C. lawmaker","71a":"Writer Kantor","1d":"Thurman of \"Henry and June\"","2d":"Eccl. talk","3d":"Lose it","4d":"Limiting line","5d":"Lhasa ___ (hairy terriers)","6d":"Pas ___ (dance for four)","7d":"The shivers","8d":"Contents","9d":"Computer's heart, for short","10d":"Ballet leaps","11d":"Opposite of alte","12d":"Smooth","15d":"Begin in earnest","18d":"Time of importance","21d":"Sampler","25d":"Weaken","26d":"\"Fiddler\" actor","27d":"Express a view","28d":"Ballet coach","30d":"Ad ___ per Aspera (Kansas' motto)","32d":"Local theaters","33d":"Old music magazine","35d":"Cote sound","36d":"Rub","38d":"Cortes's quest","41d":"Series of connected ballet movements","44d":"Biblical verb ending","46d":"Artists' lifeworks","49d":"Stallone role","52d":"Voyaging","54d":"Stephen Foster's \"___ Bayne\"","55d":"Female ruff","56d":"Theatrical bit","57d":"Murray of song","59d":"Softens","60d":"Aer Lingus land","62d":"Be wrong","64d":"\"___ a chance!\"","65d":"Oar wood"},"answers":{"1a":"USSR","5a":"ADA","8a":"SCENE","13a":"MENU","14a":"PEGS","16a":"APNEA","17a":"ARABESQUE","19a":"TUTUS","20a":"PIROUETTE","22a":"REY","23a":"CASA","24a":"TASSE","26a":"TORO","29a":"TAOS","31a":"ACNE","34a":"OPENBARS","37a":"TOPHAT","39a":"PIP","40a":"ABETTER","42a":"ABU","43a":"ONEEAR","45a":"REROOTED","47a":"LETT","48a":"ARAM","50a":"ESSE","51a":"IHADA","53a":"PERU","56a":"SAT","58a":"TEMPSLEVE","61a":"KNEES","63a":"BALLERINA","66a":"INURE","67a":"ODIE","68a":"EROS","69a":"TERRA","70a":"SEN","71a":"SETH","1d":"UMA","2d":"SER","3d":"SNAP","4d":"RUBICON","5d":"APSOS","6d":"DEQUATRE","7d":"AGUE","8d":"SATES","9d":"CPU","10d":"ENTRECHATS","11d":"NEUE","12d":"EASY","15d":"SETTO","18d":"ERA","21d":"TASTER","25d":"SAP","26d":"TOPOL","27d":"OPINE","28d":"REPETITEUR","30d":"ASTRA","32d":"NABES","33d":"ETUDE","35d":"BAA","36d":"ABRADE","38d":"ORO","41d":"TEMPSLIE","44d":"ETH","46d":"OEUVRES","49d":"RAMBO","52d":"ATSEA","54d":"ELLEN","55d":"REE","56d":"SKIT","57d":"ANNE","59d":"PADS","60d":"EIRE","62d":"ERR","64d":"NOT","65d":"ASH"}}