{"numbers":[["1","2","3","4","-","-","5","6","7","8","-","9","10","11","12"],["13","","","","-","14","","","","","-","15","","",""],["16","","","","17","","","","","","18","","","",""],["19","","","-","20","","","","","-","21","","","",""],["22","","","-","23","","","","","-","24","","","",""],["25","","","26","-","-","27","","","28","-","-","29","",""],["30","","","","31","-","32","","","","33","34","","","-"],["-","-","-","35","","36","","","","","","","-","-","-"],["-","37","38","","","","","","","-","39","","40","41","42"],["43","","","-","-","44","","","","-","-","45","","",""],["46","","","47","48","-","49","","","50","51","-","52","",""],["53","","","","","-","54","","","","","-","55","",""],["56","","","","","57","","","","","","58","","",""],["59","","","","-","60","","","","","-","61","","",""],["62","","","","-","63","","","","-","-","64","","",""]],"clues":{"1a":"Come clean, with \"up\"","5a":"Attitudinize","9a":"Matthew, originally","13a":"Lung opening?","14a":"\"___ Speaks!\" (1961 autobiography)","15a":"Well briefed about","16a":"Disarmament treaty concerns","19a":"Douglas, e.g.","20a":"Coeur d'___, Idaho","21a":"Draw out","22a":"The difference between Jan and Joan?","23a":"Kingdom east of Fiji","24a":"Air freshener option","25a":"Edwin Drood's betrothed","27a":"1991 flick \"Bill and ___ Bogus Journey\"","29a":"Suffix with exist or insist","30a":"High muck-a-mucks","32a":"Frequent figure in Renaissance paintings","35a":"Shoreline drive","37a":"Wipeout","39a":"Turning points","43a":"\"Welcome\" item","44a":"Apple-pie pros","45a":"Hard to believe","46a":"Chipped in","49a":"Mogul mogul","52a":"Swell place?","53a":"Shooter's request","54a":"Connacht county","55a":"Certainly may","56a":"Curacao, e.g.","59a":"Classical theaters","60a":"Stop- ___","61a":"Shaving cream additive","62a":"Joanne Dru's \"Red River\" role","63a":"Fwys.","64a":"Mystery writer John Dickson ___","1d":"Hoopla","2d":"September event","3d":"Sweetener","4d":"1905 song girl","5d":"Minor need, at times?","6d":"Toast topping","7d":"Leave the nest","8d":"Sister of Selene","9d":"Montreal Monday","10d":"Shoulder piece","11d":"Spitfire, so to speak","12d":"Creepy-crawly","14d":"Overhead projection?","17d":"Dig in","18d":"It's shocking!","26d":"Experts","28d":"Mrs., abroad","31d":"Serpent's sound","33d":"Author LeShan","34d":"Copy","36d":"Robin's co-star in 70's TV","37d":"Artificial","38d":"Get-ups","40d":"Where \"Turandot\" premiered","41d":"Wife of England's Henry II","42d":"Calumny","43d":"Billiken","47d":"Literature Nobelist Canetti","48d":"Party girl","50d":"Exchange premium","51d":"Derek and others","57d":"Except for","58d":"Varnish ingredient"},"answers":{"1a":"FESS","5a":"POSE","9a":"LEVI","13a":"AQUA","14a":"HARPO","15a":"UPON","16a":"NUCLEARARSENALS","19a":"FIR","20a":"ALENE","21a":"EDUCE","22a":"ANO","23a":"TONGA","24a":"LILAC","25a":"ROSA","27a":"TEDS","29a":"ENT","30a":"EXECS","32a":"AMORETTO","35a":"ESPLANADE","37a":"MASSACRE","39a":"AXLES","43a":"MAT","44a":"MOMS","45a":"TALL","46a":"ANTED","49a":"NAWAB","52a":"SEA","53a":"SMILE","54a":"SLIGO","55a":"CAN","56a":"CARIBBEANISLAND","59a":"ODEA","60a":"ANDGO","61a":"ALOE","62a":"TESS","63a":"RTES","64a":"CARR","1d":"FANFARE","2d":"EQUINOX","3d":"SUCROSE","4d":"SAL","5d":"PARENTALCONSENT","6d":"ORANGEMARMALADE","7d":"SPREADONESWINGS","8d":"EOS","9d":"LUNDI","10d":"EPAULET","11d":"VOLCANO","12d":"INSECT","14d":"HALO","17d":"EAT","18d":"EEL","26d":"ACES","28d":"SRA","31d":"SSS","33d":"EDA","34d":"TEXT","36d":"PAM","37d":"MANMADE","38d":"ATTIRES","40d":"LASCALA","41d":"ELEANOR","42d":"SLANDER","43d":"MASCOT","47d":"ELIAS","48d":"DEB","50d":"AGIO","51d":"BOS","57d":"BAR","58d":"LAC"}}