{"numbers":[["1","2","3","4","-","5","6","7","8","-","9","10","11","12","13"],["14","","","","-","15","","","","-","16","","","",""],["17","","","","-","18","","","","-","19","","","",""],["20","","","","21","","","","","22","","","","","-"],["-","-","-","23","","","","-","-","24","","","-","-","-"],["25","26","27","","","","-","28","29","","-","30","31","32","33"],["34","","","-","35","","36","","","-","-","37","","",""],["38","","","39","","","","","","40","41","","","",""],["42","","","","-","-","43","","","","","-","44","",""],["45","","","","-","46","","","-","47","","48","","",""],["-","-","-","49","50","","-","-","51","","","","-","-","-"],["-","52","53","","","","54","55","","","","","56","57","58"],["59","","","","","-","60","","","","-","61","","",""],["62","","","","","-","63","","","","-","64","","",""],["65","","","","","-","66","","","","-","67","","",""]],"clues":{"1a":"Yin's partner","5a":"Toy gun ammo","9a":"Rift","14a":"___ patriae (patriotism)","15a":"Together, in music","16a":"\"It ___ Be You\"","17a":"Parisian entree","18a":"Vatican City monetary unit","19a":"Down Under soldier","20a":"1954 Hitchcock hit","23a":"Bonny one","24a":"Singer Acuff","25a":"Beautify","28a":"Barley bristle","30a":"Buddy","34a":"Spanish wave","35a":"Passage","37a":"Cain's nephew","38a":"Behave","42a":"Clam supper","43a":"Sacred song","44a":"Onetime medicinal herb","45a":"German donkey","46a":"Elan","47a":"Charitable foundations, e.g.","49a":"Chinese ideal","51a":"Part of a wagon train","52a":"Merit award","59a":"Use","60a":"Candy brand","61a":"Paint unskillfully","62a":"Mesa ___ National Park","63a":"Felipe, Jesus or Matty","64a":"Former Mormon chief ___Taft Benson","65a":"Shipping amount","66a":"Desires","67a":"___ Bien Phu (1954 battle site)","1d":"Croquet locale","2d":"French call for help","3d":"___ cloud in the sky","4d":"Edsel feature","5d":"Soft leather","6d":"Farewell","7d":"Result of tummy rubbing?","8d":"Ore layer","9d":"Maria Rosario Pilar Martinez","10d":"Jacks-of-all-trades","11d":"Wood trimmer","12d":"Weekly World News rival","13d":"Beaded shoe, for short","21d":"Chinese-Portuguese enclave","22d":"Coffee server","25d":"Ice cream mold","26d":"Biblical prophet","27d":"Thanks, in Thuringen","28d":"Journalist Joseph","29d":"Grieved","31d":"\"My Dinner With ___\"","32d":"Brimless hat","33d":"Test car maneuvers","36d":"18-wheeler","39d":"Iron pumper's pride","40d":"Diligent","41d":"Lagoon former","46d":"Actress Caldwell","48d":"Lacked","50d":"Locale in van Gogh paintings","51d":"Breakfast fruit","52d":"At any time","53d":"Betting game","54d":"Kind of vision","55d":"Fiddlers' king","56d":"\"Schindler's List\" extra","57d":"Fix","58d":"Israeli diplomat","59d":"Dow Jones fig."},"answers":{"1a":"YANG","5a":"CAPS","9a":"CHASM","14a":"AMOR","15a":"ADUE","16a":"HADTO","17a":"ROTI","18a":"LIRA","19a":"ANZAC","20a":"DIALMFORMURDER","23a":"LASS","24a":"ROY","25a":"BEDECK","28a":"AWN","30a":"MATE","34a":"OLA","35a":"AISLE","37a":"ENOS","38a":"MINDONESPSANDQS","42a":"BAKE","43a":"MOTET","44a":"RUE","45a":"ESEL","46a":"ZIP","47a":"DONEES","49a":"TAO","51a":"MULE","52a":"EFOREXCELLENCE","59a":"AVAIL","60a":"ROLO","61a":"DAUB","62a":"VERDE","63a":"ALOU","64a":"EZRA","65a":"GROSS","66a":"YENS","67a":"DIEN","1d":"YARD","2d":"AMOI","3d":"NOTA","4d":"GRILLE","5d":"CALFSKIN","6d":"ADIOS","7d":"PURR","8d":"SEAM","9d":"CHARO","10d":"HANDYMEN","11d":"ADZE","12d":"STAR","13d":"MOC","21d":"MACAO","22d":"URN","25d":"BOMBE","26d":"ELIAS","27d":"DANKE","28d":"ALSOP","29d":"WEPT","31d":"ANDRE","32d":"TOQUE","33d":"ESSES","36d":"SEMI","39d":"DELTOIDS","40d":"SEDULOUS","41d":"ATOLL","46d":"ZOE","48d":"NEEDED","50d":"ARLES","51d":"MELON","52d":"EVER","53d":"FARO","54d":"XRAY","55d":"COLE","56d":"NAZI","57d":"CURE","58d":"EBAN","59d":"AVG"}}