{"numbers":[["-","-","1","2","3","4","-","5","6","7","8","9","10","11","12"],["-","13","","","","","-","14","","","","","","",""],["15","","","","","","-","16","","","","","","",""],["17","","","","","-","18","","","","-","-","19","",""],["20","","","","","21","","","","-","-","22","","",""],["23","","","","","","","-","-","24","25","","","",""],["26","","","","-","27","","28","-","29","","","","",""],["-","-","-","-","30","","","","31","","","-","-","-","-"],["32","33","34","35","","","-","36","","","-","37","38","39","40"],["41","","","","","","-","-","42","","43","","","",""],["44","","","","-","-","45","46","","","","","","",""],["47","","","-","-","48","","","","-","49","","","",""],["50","","","51","52","","","","-","53","","","","",""],["54","","","","","","","","-","55","","","","","-"],["56","","","","","","","","-","57","","","","-","-"]],"clues":{"1a":"Relief provider since 1945","5a":"'48 Bob Hope spoof, With \"The\"","13a":"Cherbourg chow","14a":"Duncan and others","15a":"Bracelet array","16a":"Twice-baked bread","17a":"Title role for a Greek","18a":"Muslim call to prayer","19a":"X for Xenophon","20a":"\"East of Eden\" director","22a":"Noah's firstborn","23a":"Most immediate","24a":"Select, as a career","26a":"Kind of mail","27a":"English poet Hughes","29a":"Walpurgis, e.g.","30a":"Fast eddies' place","32a":"Cottonwood","36a":"Arena cry","37a":"Physical start","41a":"Revolt","42a":"Ohio college","44a":"Recite, with \"off\"","45a":"Lake transit","47a":"Feminizing suffix","48a":"Gull's perch","49a":"Bête ___","50a":"Upscale ski resort","53a":"Damon Runyon's birthplace","54a":"Grooming","55a":"Support for a plea","56a":"Incapable of issue","57a":"Rodin work, With \"The\"","1d":"\"Sweet\" transport","2d":"Grounds for some fighters","3d":"New issue","4d":"Anne's double","5d":"Sliced food","6d":"Egyptian water barrier","7d":"Reposed","8d":"Palindromic Dutch city","9d":"It's often chained","10d":"Mythical maiden in a weaving contest","11d":"Official seals","12d":"Northern natives","13d":"Spiny, treelike cactus","15d":"From Plzen","18d":"Quetzalcoatl worshiper","21d":"Goggling","22d":"Blood brother, e.g.","24d":"Shady spot in the park","25d":"It goes around the middle","28d":"Schubert's \"Grand ___\"","30d":"Madison, for one: Abbr.","31d":"Foreign-exchange listing","32d":"Fanatics of a sort","33d":"Women's shoe style","34d":"Nursery resident","35d":"\"___ Folks\" (original name of \"Peanuts\")","37d":"Castanet player of minstrels","38d":"Thompson girl and namesakes","39d":"Papal headgear","40d":"Parts of pots","43d":"Verdi opus","45d":"Benji and others","46d":"Is syrupy","48d":"Be gullible","51d":"Requiring many candles","52d":"Budd. or Jud., e.g.","53d":"Hoods in hoods: Abbr."},"answers":{"1a":"CARE","5a":"PALEFACE","13a":"CHIEN","14a":"ISADORAS","15a":"CHARMS","16a":"ZWIEBACK","17a":"ZORBA","18a":"AZAN","19a":"CHI","20a":"ELIAKAZAN","22a":"SHEM","23a":"CLOSEST","24a":"GOINTO","26a":"HATE","27a":"TED","29a":"ABBESS","30a":"JACUZZI","32a":"POPLAR","36a":"OLE","37a":"META","41a":"UPRISE","42a":"OBERLIN","44a":"REEL","45a":"MOTORBOAT","47a":"INE","48a":"BUOY","49a":"NOIRE","50a":"STMORITZ","53a":"KANSAS","54a":"TOILETTE","55a":"KNEES","56a":"SEEDLESS","57a":"KISS","1d":"CHARIOT","2d":"AIRBASE","3d":"REMAKE","4d":"ENS","5d":"PIZZA","6d":"ASWAN","7d":"LAIN","8d":"EDE","9d":"FOB","10d":"ARACHNE","11d":"CACHETS","12d":"ESKIMOS","13d":"CHOLLA","15d":"CZECH","18d":"AZTEC","21d":"ASTARE","22d":"SIB","24d":"GAZEBO","25d":"OBI","28d":"DUO","30d":"JAS","31d":"ZLOTY","32d":"PURISTS","33d":"OPENTOE","34d":"PREEMIE","35d":"LIL","37d":"MRBONES","38d":"ELOISES","39d":"TIARAS","40d":"ANTES","43d":"ERNANI","45d":"MUTTS","46d":"OOZES","48d":"BITE","51d":"OLD","52d":"REL","53d":"KKK"}}