{"numbers":[["1","2","3","4","-","5","6","7","8","9","-","-","10","11","12","13","-","14","15","16","17"],["18","","","","-","19","","","","","-","20","","","","","-","21","","",""],["22","","","","23","","","","","","-","24","","","","","25","","","",""],["26","","","","","","","","-","27","28","","","","-","29","","","","",""],["-","-","-","30","","","-","-","31","","","","","-","32","","","","","",""],["33","34","35","","","","36","37","","","","","-","38","","","","","-","-","-"],["39","","","","","-","40","","","","","-","41","","","","","-","42","43","44"],["45","","","-","-","-","46","","","","","-","47","","","","-","48","","",""],["49","","","50","51","52","","","","-","53","54","","","-","-","55","","","",""],["56","","","","","","","-","-","57","","","","","58","-","59","","","",""],["-","-","-","60","","","","61","62","","-","63","","","","64","","","-","-","-"],["65","66","67","","","-","68","","","","69","","-","-","70","","","","71","72","73"],["74","","","","","-","-","75","","","","-","76","77","","","","","","",""],["78","","","","-","79","80","","","-","81","82","","","","-","-","-","83","",""],["84","","","-","85","","","","","-","86","","","","","-","87","88","","",""],["-","-","-","89","","","","","-","90","","","","","","91","","","","",""],["92","93","94","","","","","-","95","","","","","-","-","96","","","-","-","-"],["97","","","","","","-","98","","","","","-","99","100","","","","101","102","103"],["104","","","","","","105","","","","-","106","107","","","","","","","",""],["108","","","","-","109","","","","","-","110","","","","","-","111","","",""],["112","","","","-","113","","","","-","-","114","","","","","-","115","","",""]],"clues":{"1a":"Panchen ___ (spiritual leader)","5a":"Overload","10a":"Fail to mention","14a":"Short end of the stick","18a":"Spirit","19a":"Locked passageway","20a":"Mr. Agnew","21a":"Diminish","22a":"Which came first, the chicken or the egg?","24a":"Subject of 1962's Best Picture","26a":"Lowered","27a":"Bird hunter's shelter","29a":"Intensify","30a":"___ generis","31a":"Writer O'Faolain et al.","32a":"\"Sorry, I can't come\"","33a":"Spicy cuisine","38a":"Experiences","39a":"Grow accustomed","40a":"Noted war story","41a":"Pet rocks, once","42a":"Extinct bird","45a":"Warship of old","46a":"Property may have these","47a":"Lawn care product","48a":"Curse","49a":"Out of favor","53a":"End of a fitting phrase","55a":"Hash","56a":"More cowlike?","57a":"Convenient","59a":"Provoked","60a":"Persisted","63a":"Castigates","65a":"Overhead","68a":"Some parties","70a":"Crusades combatant","74a":"Sir Freddie of Skytrain","75a":"Kudzu, e.g.","76a":"Zap","78a":"Open slightly","79a":"Third man","81a":"Golfer Calvin","83a":"Northernmost city of ancient Palestine","84a":"Right to decide","85a":"___ tectonics","86a":"Record","87a":"\"Kiss an Angel Good Mornin'\" county singer","89a":"Enjoys, with \"in\"","90a":"Takes to heart","92a":"___ Springs, Colo.","95a":"Histrion","96a":"___-o'-shanter","97a":"Click beetle","98a":"Geometrical solid","99a":"Emulate Voltaire","104a":"Gainsay","106a":"Flabbergasted","108a":"It needs to be broken","109a":"Polite refusal","110a":"Some cheeses","111a":"Miracle site","112a":"Distantly","113a":"Flowering shrub","114a":"Coup ___","115a":"Scout's handiwork","1d":"Impart","2d":"Ship's direction","3d":"Impair","4d":"Kicks in, initially","5d":"Suitable for a postcard","6d":"Sale item","7d":"It was given by St. Nicholas","8d":"Staff, in a way","9d":"Common","10d":"Bids one club","11d":"Temperate","12d":"A Gershwin","13d":"Allergy victim's fate","14d":"Asseverates","15d":"\"La plume de ma ___\"","16d":"Intact","17d":"Page noises","20d":"Abscam, for one","23d":"Frequent","25d":"Groove for a sliding door","28d":"Orbiting photographer","31d":"One who gets a lift?","32d":"Clear of debris","33d":"Antilles native","34d":"\"A Bell for ___\"","35d":"House supports","36d":"Crude container","37d":"Melange","38d":"One response to a challenge","41d":"Scrub","42d":"Flash Gordon's foe","43d":"Previously","44d":"Canceled","48d":"Puzzle type","50d":"Letter closing","51d":"Nostalgic film of 1982","52d":"Multivolume ref.","54d":"Tommy Dorsey's \"___ Is It\"","55d":"Transport to the Tuileries","57d":"Gulf of ___","58d":"Make out","61d":"Fixes firmly","62d":"Baby Doc Duvalier, e.g.","64d":"DeSoto or Hudson","65d":"Sadly","66d":"Californian's vacation spot, informally","67d":"Approve","69d":"Thinks better of","71d":"Port NW of Gibraltar","72d":"Get clear of","73d":"Barcelona babies","76d":"Foot pattern?","77d":"Passage","79d":"Losers","80d":"Kasparov's birthplace","82d":"Holed up, in a way","85d":"Dad","87d":"Black Watch, for one","88d":"Canyon's edge","89d":"Acrimonious","90d":"More slippery","91d":"Corroborate","92d":"Hajj objective","93d":"Cool","94d":"___ Devi (second-highest peak in India)","95d":"Football Hall-of-Famer Herber","98d":"Coin of Chihuahua","99d":"Kind of team","100d":"Heroine of Tennessee William's \"Summer and Smoke\"","101d":"Mr. Lendl","102d":"Paradoxical philosopher","103d":"Part of Q.E.D.","105d":"TV knob abbr.","107d":"Jonson wrote one to himself"},"answers":{"1a":"LAMA","5a":"SWAMP","10a":"OMIT","14a":"STUB","18a":"ELAN","19a":"CANAL","20a":"SPIRO","21a":"WANE","22a":"NEITHERONE","24a":"TELAWRENCE","26a":"DEMEANED","27a":"BLIND","29a":"HEATUP","30a":"SUI","31a":"SEANS","32a":"REGRETS","33a":"CAJUNCOOKING","38a":"FEELS","39a":"ADAPT","40a":"ILIAD","41a":"CRAZE","42a":"MOA","45a":"RAM","46a":"LIENS","47a":"LIME","48a":"JINX","49a":"INBADODOR","53a":"ATEE","55a":"MINCE","56a":"BOSSIER","57a":"ATHAND","59a":"EGGED","60a":"ENDURED","63a":"INDICTS","65a":"ABOVE","68a":"MIXERS","70a":"SARACEN","74a":"LAKER","75a":"VINE","76a":"MICROWAVE","78a":"AJAR","79a":"ABEL","81a":"PEETE","83a":"DAN","84a":"SAY","85a":"PLATE","86a":"ENTER","87a":"PRIDE","89a":"BASKS","90a":"INTERNALIZES","92a":"MANITOU","95a":"ACTOR","96a":"TAM","97a":"ELATER","98a":"PRISM","99a":"SATIRIZE","104a":"CONTRAVENE","106a":"BOWLEDOVER","108a":"CODE","109a":"NOSIR","110a":"EDAMS","111a":"CANA","112a":"AFAR","113a":"SLOE","114a":"DETAT","115a":"KNOT","1d":"LEND","2d":"ALEE","3d":"MAIM","4d":"ANTESUP","5d":"SCENIC","6d":"WARE","7d":"ANOD","8d":"MAN","9d":"PLEBEIAN","10d":"OPENS","11d":"MILD","12d":"IRA","13d":"TOWHEEZE","14d":"SWEARS","15d":"TANTE","16d":"UNCUT","17d":"BEEPS","20d":"STING","23d":"HAUNT","25d":"REGLE","28d":"LANDSAT","31d":"SKIER","32d":"REAM","33d":"CARIB","34d":"ADANO","35d":"JAMBS","36d":"OILDRUM","37d":"OLIO","38d":"FRIEND","41d":"CLEAN","42d":"MING","43d":"ONCE","44d":"AXED","48d":"JIGSAW","50d":"ASEVER","51d":"DINER","52d":"OED","54d":"THIS","55d":"METRO","57d":"ADEN","58d":"DISCERN","61d":"RIVETS","62d":"EXILE","64d":"CAR","65d":"ALAS","66d":"BAJA","67d":"OKAY","69d":"REPENTS","71d":"CADIZ","72d":"EVADE","73d":"NENES","76d":"METER","77d":"ITER","79d":"ALSORANS","80d":"BAKU","82d":"ENTOMBED","85d":"PATER","87d":"PLAID","88d":"RIMROCK","89d":"BITTER","90d":"ICIER","91d":"ATTEST","92d":"MECCA","93d":"ALOOF","94d":"NANDA","95d":"ARNIE","98d":"PESO","99d":"SWAT","100d":"ALMA","101d":"IVAN","102d":"ZENO","103d":"ERAT","105d":"VOL","107d":"ODE"}}