{"numbers":[["1","2","3","4","5","-","6","7","8","9","-","10","11","12","13"],["14","","","","","-","15","","","","-","16","","",""],["17","","","","","18","","","","","-","19","","",""],["-","20","","","","","-","21","","","22","-","23","",""],["-","-","-","-","24","","25","-","-","26","","27","","",""],["28","29","30","31","","","","32","-","33","","","-","-","-"],["34","","","","-","35","","","36","-","37","","38","39","40"],["41","","","","42","","","","","43","","","","",""],["44","","","","","-","45","","","","-","46","","",""],["-","-","-","47","","48","-","49","","","50","","","",""],["51","52","53","","","","-","-","54","","","-","-","-","-"],["55","","","-","56","","57","58","-","59","","60","61","62","-"],["63","","","64","-","65","","","66","","","","","","67"],["68","","","","-","69","","","","-","70","","","",""],["71","","","","-","72","","","","-","73","","","",""]],"clues":{"1a":"Day in Hollywood","6a":"Like a V.P.","10a":"Hula hoops, mood rings, etc.","14a":"Live","15a":"Talk drunkenly","16a":"Revise","17a":"Like Macaulay Culkin, in a 1990 movie","19a":"Mr. Mostel","20a":"Diner signs","21a":"The Boston ___","23a":"Sense of self","24a":"___ Moines","26a":"One of the Greats","28a":"Loathed","33a":"Zilch","34a":"Egyptian deity","35a":"Jeanne d'Arc and others: Abbr.","37a":"Asp","41a":"Straddler's spot","44a":"Ordinary talk","45a":"Roman \"fiddler\"","46a":"Composer Thomas","47a":"Western Indian","49a":"Hair curls","51a":"Cheerleader's prop","54a":"Kind of nut or brain","55a":"Live","56a":"Verne captain","59a":"Cut in a hurry","63a":"Poses","65a":"Intersection concern","68a":"Mound","69a":"Tickled-pink feeling","70a":"Declaim","71a":"Confederate","72a":"Paradise","73a":"Big books","1d":"N.J. neighbor","2d":"Plow pullers","3d":"Abundant","4d":"Ratio words","5d":"Bleachers","6d":"Mary Kay of cosmetics","7d":"Hog filler?","8d":"Certain wrestler","9d":"Boring tool","10d":"Turk topper","11d":"Run like ___","12d":"Somber tune","13d":"Remained firm","18d":"Trypanosome carrier","22d":"Divide the pie","25d":"___ fire (ignite)","27d":"Certain wallpaper design","28d":"Dewy","29d":"Eastern V.I.P.","30d":"Fuss","31d":"Finishes","32d":"Postpone","36d":"Not a one-panel cartoon","38d":"Yawn inducer","39d":"Go into hysterics","40d":"Soft drinks","42d":"Pretend","43d":"\"I'm telling the truth!\"","48d":"Appear","50d":"Awkward bloke","51d":"Bygone title","52d":"Bay window","53d":"Kind of detector","57d":"Fine, temperature-wise","58d":"Convex/concave molding","60d":"Dated hairdo","61d":"Did laps in the pool","62d":"Abhor","64d":"Mata Hari, e.g.","66d":"Hatcher","67d":"Favorable vote"},"answers":{"1a":"DORIS","6a":"ASST","10a":"FADS","14a":"EXIST","15a":"SLUR","16a":"EDIT","17a":"LEFTATHOME","19a":"ZERO","20a":"NEONS","21a":"POPS","23a":"EGO","24a":"DES","26a":"ALFRED","28a":"DETESTED","33a":"NIL","34a":"AMON","35a":"STES","37a":"COBRA","41a":"MIDDLEOFTHEROAD","44a":"PROSE","45a":"NERO","46a":"ARNE","47a":"UTE","49a":"RINGLETS","51a":"POMPOM","54a":"PEA","55a":"ARE","56a":"NEMO","59a":"SLASH","63a":"SITS","65a":"RIGHTOFWAY","68a":"HEAP","69a":"GLEE","70a":"ORATE","71a":"ALLY","72a":"EDEN","73a":"TOMES","1d":"DEL","2d":"OXEN","3d":"RIFE","4d":"ISTO","5d":"STANDS","6d":"ASH","7d":"SLOP","8d":"SUMO","9d":"TREPAN","10d":"FEZ","11d":"ADEER","12d":"DIRGE","13d":"STOOD","18d":"TSETSE","22d":"SLICE","25d":"SETON","27d":"FLORAL","28d":"DAMP","29d":"EMIR","30d":"TODO","31d":"ENDSUP","32d":"DEFER","36d":"STRIP","38d":"BORE","39d":"RANT","40d":"ADES","42d":"LETON","43d":"HONEST","48d":"EMERGE","50d":"GALOOT","51d":"PASHA","52d":"ORIEL","53d":"METAL","57d":"MILD","58d":"OGEE","60d":"AFRO","61d":"SWAM","62d":"HATE","64d":"SPY","66d":"HEN","67d":"YES"}}