{"numbers":[["1","2","3","-","4","5","6","-","7","8","9","10","11","12","-"],["13","","","-","14","","","-","15","","","","","","16"],["17","","","18","","","","-","19","","","","","",""],["20","","","","-","21","","22","-","-","23","","","",""],["24","","","","25","","","","26","27","","","-","-","-"],["-","-","-","28","","","-","29","","","","-","30","31","32"],["33","34","35","","","-","-","36","","","-","37","","",""],["38","","","","","39","40","","","","41","","","",""],["42","","","","-","43","","","-","-","44","","","",""],["45","","","-","46","","","","-","47","","","-","-","-"],["-","-","-","48","","","","","49","","","","50","51","52"],["53","54","55","","","-","-","56","","","-","57","","",""],["58","","","","","59","60","-","61","","62","","","",""],["63","","","","","","","-","64","","","-","65","",""],["-","66","","","","","","-","67","","","-","68","",""]],"clues":{"1a":"Bedwear, informally","4a":"Essen exclamation","7a":"Move back","13a":"Sports org.","14a":"___ tai","15a":"Ethanol and dimethyl ether, e.g.","17a":"Germinating","19a":"One of 38-Across","20a":"Unchanged","21a":"Sounds of happiness","23a":"Hose material","24a":"One of 38-Across","28a":"Actress Lupino","29a":"Distinctive quality","30a":"Drink cat-style","33a":"River to the Seine","36a":"Telecommunications giant","37a":"Uncommon","38a":"Theme of this puzzle","42a":"Missing","43a":"Dam-building org.","44a":"Gather","45a":"Gaze at","46a":"Afrikaner","47a":"To and ___","48a":"One of 38-Across","53a":"Lumberjacks' competition","56a":"Vote for","57a":"It is in Spain","58a":"Concern of 38-Across","61a":"Beg","63a":"Fame","64a":"Nipper's co.","65a":"Black and tan ingredient","66a":"Texas city","67a":"Driver's license info","68a":"Cobb and Hardin","1d":"Pari ___ (at an equal rate): Lat.","2d":"One of 38-Across","3d":"Finland, to the Finns","4d":"\"What ___, chopped liver?\"","5d":"One of 38-Across","6d":"Weather data","7d":"Semi","8d":"Language suffix","9d":"Pupil's protector","10d":"Oscars' cousins","11d":"Good buy","12d":"Cubemaker Rubik","16d":"Antonym's antonym: Abbr.","18d":"Add color to again","22d":"Shower's counterpart","25d":"River in Hesse","26d":"Saturn or Mercury, e.g.","27d":"Not kosher","30d":"Pelee output","31d":"Lover of Aphrodite","32d":"Bics, e.g.","33d":"Homeowner's pymt.","34d":"Sailor's cry","35d":"Actress Russo","37d":"More distant","39d":"Sioux Indian","40d":"Iris's place","41d":"Wraparound dress","46d":"Litters","47d":"One of 38-Across","48d":"Type","49d":"Rathskeller servings","50d":"\"Have ___\" (interviewer's request)","51d":"One of 38-Across","52d":"N.B.A.'s Thurmond and Archibald","53d":"Scale notes","54d":"Eight: Prefix","55d":"Fill, as bases","59d":"Yr. parts","60d":"Singer Sumac","62d":"Strain"},"answers":{"1a":"PJS","4a":"ACH","7a":"RECEDE","13a":"AAU","14a":"MAI","15a":"ISOMERS","17a":"SPORING","19a":"GERMANY","20a":"SAME","21a":"AHS","23a":"NYLON","24a":"UNITEDSTATES","28a":"IDA","29a":"AURA","30a":"LAP","33a":"MARNE","36a":"GTE","37a":"RARE","38a":"THEGROUPOFSEVEN","42a":"GONE","43a":"TVA","44a":"AMASS","45a":"EYE","46a":"BOER","47a":"FRO","48a":"GREATBRITAIN","53a":"ROLEO","56a":"YEA","57a":"ESTA","58a":"ECONOMY","61a":"ENTREAT","63a":"STARDOM","64a":"RCA","65a":"ALE","66a":"ODESSA","67a":"SEX","68a":"TYS","1d":"PASSU","2d":"JAPAN","3d":"SUOMI","4d":"AMI","5d":"CANADA","6d":"HIGHS","7d":"RIG","8d":"ESE","9d":"CORNEA","10d":"EMMYS","11d":"DEAL","12d":"ERNO","16d":"SYN","18d":"RETINGE","22d":"STAGPARTY","25d":"EDER","26d":"AUTO","27d":"TREF","30d":"LAVA","31d":"ARES","32d":"PENS","33d":"MTGE","34d":"AHOY","35d":"RENE","37d":"REMOTER","39d":"OTOE","40d":"UVEA","41d":"SARI","46d":"BROODS","47d":"FRANCE","48d":"GENRE","49d":"BEERS","50d":"ASEAT","51d":"ITALY","52d":"NATES","53d":"RES","54d":"OCTO","55d":"LOAD","59d":"MOS","60d":"YMA","62d":"TAX"}}