{"numbers":[["1","2","3","4","-","5","6","7","8","9","-","10","11","12","13"],["14","","","","-","15","","","","","-","16","","",""],["17","","","","18","","","","","","-","19","","",""],["20","","","-","21","","","","-","22","23","","","",""],["-","-","-","24","","","","-","25","","","","","","-"],["26","27","28","","","","-","29","","","","","-","-","-"],["30","","","","","-","31","","","","-","32","33","34","35"],["36","","","","-","37","","","","","-","38","","",""],["39","","","","-","40","","","","-","41","","","",""],["-","-","-","42","43","","","","-","44","","","","",""],["-","45","46","","","","","-","47","","","","-","-","-"],["48","","","","","","-","49","","","","-","50","51","52"],["53","","","","-","54","55","","","","","56","","",""],["57","","","","-","58","","","","","-","59","","",""],["60","","","","-","61","","","","","-","62","","",""]],"clues":{"1a":"Speleology topic","5a":"Plane egresses","10a":"Pedestal topper","14a":"C.I.A. profiler Philip","15a":"Paradigm","16a":"Savvy about","17a":"Canine laryngitis?","19a":"Mutant heroes of modern comics","20a":"Not gross","21a":"Gain","22a":"Fanciful","24a":"Doubtful story","25a":"Fancies up","26a":"Record lists","29a":"Uses a cheat-sheet","30a":"\"The Many ___ of Dobie Gillis\"","31a":"Watkins ___, N.Y.","32a":"Gridiron period","36a":"Candid","37a":"First-aid contrivance","38a":"Stage curtain","39a":"Encircle","40a":"Way with words","41a":"Sneak preview","42a":"Posh","44a":"Like some hair","45a":"Words preceding film credits","47a":"Kingsley et al.","48a":"Warned with a horn","49a":"South of France","50a":"Shocking word","53a":"The least concern","54a":"Experimental canine?","57a":"Adjective for an antique store","58a":"TV exec Spelling","59a":"Hors d'oeuvre spread","60a":"Former empire","61a":"Acknowledge","62a":"Like certain trays","1d":"\"Three Coins in the Fountain\" lyricist","2d":"Chills","3d":"Third piece of three","4d":"\"A mouse!\"","5d":"Richard Sheridan play, with \"The\"","6d":"Be gaga over","7d":"Chow ___","8d":"Lobbying acronym","9d":"Winter sport","10d":"Canine underwear?","11d":"Frighten to the core","12d":"Cut flowers","13d":"\"West Side Story\" beau","18d":"Lady Gregory cohort","23d":"Deprive (of)","24d":"Stylish canine?","25d":"\"___You Glad You're You?\" (1946 hit)","26d":"Stop (up)","27d":"Snake dancers","28d":"Maintain","29d":"Succeed, informally","31d":"Endocrine, e.g.","33d":"Loads","34d":"Juice flavor","35d":"Rations","37d":"Not get hit?","41d":"Dither","43d":"Miniature","44d":"Failing business's woe","45d":"Trunk items","46d":"Gangsters","47d":"Plains critter","48d":"Commandment word","49d":"Vidal's Breckinridge","50d":"\"Gil ___\"","51d":"Courtroom ritual","52d":"Comply with","55d":"Contemptuous cry","56d":"Bath, for one"},"answers":{"1a":"CAVE","5a":"RAMPS","10a":"BUST","14a":"AGEE","15a":"IDEAL","16a":"ONTO","17a":"HUSKYVOICE","19a":"XMEN","20a":"NET","21a":"EARN","22a":"DREAMY","24a":"TALE","25a":"ADORNS","26a":"CHARTS","29a":"CRIBS","30a":"LOVES","31a":"GLEN","32a":"HALF","36a":"OPEN","37a":"SLING","38a":"OLIO","39a":"GIRD","40a":"TACT","41a":"PROMO","42a":"SWANK","44a":"RATTED","45a":"THEEND","47a":"BENS","48a":"TOOTED","49a":"MIDI","50a":"BOO","53a":"HOOT","54a":"PHYSICSLAB","57a":"OLDE","58a":"AARON","59a":"PATE","60a":"USSR","61a":"THANK","62a":"ASHY","1d":"CAHN","2d":"AGUE","3d":"VEST","4d":"EEK","5d":"RIVALS","6d":"ADORE","7d":"MEIN","8d":"PAC","9d":"SLEDDING","10d":"BOXERSHORTS","11d":"UNMAN","12d":"STEMS","13d":"TONY","18d":"YEATS","23d":"ROB","24d":"TRENDSETTER","25d":"ARENT","26d":"CLOG","27d":"HOPI","28d":"AVER","29d":"CLICK","31d":"GLAND","33d":"ALOT","34d":"LIME","35d":"FOOD","37d":"STANDPAT","41d":"PANIC","43d":"WEE","44d":"REDINK","45d":"TOOLS","46d":"HOODS","47d":"BISON","48d":"THOU","49d":"MYRA","50d":"BLAS","51d":"OATH","52d":"OBEY","55d":"HAH","56d":"SPA"}}