{"numbers":[["1","2","3","4","5","6","7","-","-","8","9","10","11","12","13"],["14","","","","","","","-","15","","","","","",""],["16","","","","","","","-","17","","","","","",""],["18","","","","","-","19","20","","-","21","","","",""],["22","","","","-","23","","","","24","-","25","","",""],["26","","","-","27","","","","","","28","-","29","",""],["-","30","","31","","","","-","32","","","33","","",""],["-","-","-","34","","","-","-","-","35","","","-","-","-"],["36","37","38","","","","39","-","40","","","","41","42","-"],["43","","","-","44","","","45","","","","-","46","","47"],["48","","","49","-","50","","","","","-","51","","",""],["52","","","","53","-","54","","","-","55","","","",""],["56","","","","","57","","-","58","59","","","","",""],["60","","","","","","","-","61","","","","","",""],["62","","","","","","-","-","63","","","","","",""]],"clues":{"1a":"Jam maker","8a":"Mounds of arms","14a":"Facsimile","15a":"Tour follower","16a":"Occupy","17a":"Treadmill","18a":"They may try you","19a":"RR depot","21a":"Borders","22a":"Look up and down","23a":"\"No bid\"","25a":"Curve between musical notes","26a":"\"Agnus ___\"","27a":"Crustacean catcher","29a":"Before","30a":"Scopes Trial defender","32a":"Fit into the schedule","34a":"Coal container","35a":"Razor-billed bird","36a":"Reindeer relative","40a":"Like this answer","43a":"Constellation next to Scorpius","44a":"Membership fee for 39-Down?","46a":"Shipping letters","48a":"\"___ Was a Rollin' Stone\" (1972 hit)","50a":"Picker-uppers","51a":"Stories","52a":"Uses a knife","54a":"Sullivan Award grp.","55a":"Sommelier's offerings","56a":"\"Four Quartets\" poet","58a":"Temporary","60a":"Sprays, perhaps","61a":"Ruin, as plans","62a":"Naguib's successor","63a":"Originally","1d":"Shooter supporter","2d":"Took back","3d":"Highest orbital points","4d":"Get wider","5d":"Whopper juniors","6d":"Henri's here","7d":"Dupe","8d":"Bathing suit top","9d":"Bit","10d":"Takes to the street edge","11d":"Uniform attachment","12d":"Visualize","13d":"Is incensed","15d":"Comprehends","20d":"Drink opener","23d":"Resolve, as differences","24d":"Consoles","27d":"Kid corrals","28d":"City on the Loire","31d":"Baseball stat","33d":"Ring result","36d":"Where nautical rope is wound","37d":"Uzbek lake","38d":"Duelers' equipment","39d":"W.W. II craft","40d":"Masters tournament location","41d":"Freeloader","42d":"Cracker toppers","45d":"Certain code carrier","47d":"Ruthless ruler","49d":"Book containing legends","51d":"Florentine painter","53d":"Spot","55d":"\"Star Trek\" Klingon","57d":"Finish'd","59d":"Youngster"},"answers":{"1a":"TRAFFIC","8a":"BICEPS","14a":"REPLICA","15a":"GROUPIE","16a":"INHABIT","17a":"RATRACE","18a":"PEERS","19a":"STA","21a":"ABUTS","22a":"OGLE","23a":"IPASS","25a":"SLUR","26a":"DEI","27a":"CRABPOT","29a":"ERE","30a":"DARROW","32a":"SLOTTED","34a":"BIN","35a":"AUK","36a":"CARIBOU","40a":"ACROSS","43a":"ARA","44a":"SUBDUES","46a":"PPD","48a":"PAPA","50a":"TONGS","51a":"LORE","52a":"SLITS","54a":"AAU","55a":"WINES","56a":"TSELIOT","58a":"STOPGAP","60a":"AERATES","61a":"TORPEDO","62a":"NASSER","63a":"ATFIRST","1d":"TRIPOD","2d":"RENEGED","3d":"APHELIA","4d":"FLARE","5d":"FIBS","6d":"ICI","7d":"CATSPAW","8d":"BRA","9d":"IOTA","10d":"CURBS","11d":"EPAULET","12d":"PICTURE","13d":"SEESRED","15d":"GRASPS","20d":"TAB","23d":"IRONOUT","24d":"SOLACES","27d":"CRIBS","28d":"TOURS","31d":"RBI","33d":"TKO","36d":"CAPSTAN","37d":"ARALSEA","38d":"RAPIERS","39d":"UBOATS","40d":"AUGUSTA","41d":"SPONGER","42d":"SPREADS","45d":"DNA","47d":"DESPOT","49d":"ATLAS","51d":"LIPPI","53d":"SITE","55d":"WORF","57d":"OER","59d":"TOT"}}