{"numbers":[["1","2","3","4","-","5","6","7","8","9","-","10","11","12","13"],["14","","","","-","15","","","","","-","16","","",""],["17","","","","18","","","","","","-","19","","",""],["20","","","-","21","","","","-","-","-","22","","",""],["23","","","24","","-","25","","26","27","28","","","",""],["29","","","","-","-","-","-","30","","","-","31","",""],["32","","","","33","-","34","35","","","","-","36","",""],["-","-","-","37","","38","","","","","","39","-","-","-"],["40","41","42","-","43","","","","","-","44","","45","46","47"],["48","","","-","49","","","-","-","-","-","50","","",""],["51","","","52","","","","53","54","-","55","","","",""],["56","","","","-","-","-","57","","58","","-","59","",""],["60","","","","-","61","62","","","","","63","","",""],["64","","","","-","65","","","","","-","66","","",""],["67","","","","-","68","","","","","-","69","","",""]],"clues":{"1a":"Macintosh predecessor","5a":"Fish feature","10a":"Crumples","14a":"Joie de vivre","15a":"Less racy","16a":"Unbalanced","17a":"Start of an excerpt from an Edna St. Vincent Millay poem","19a":"Elvis, for one","20a":"\"Read this\"","21a":"Chaser, perhaps","22a":"Norm's wife, on \"Cheers\"","23a":"Physicist Joliot-Curie","25a":"Excerpt, part 2","29a":"A, to Mozart","30a":"Not sanguine","31a":"Ball perch","32a":"Having a ranking","34a":"Chateau-dotted valley","36a":"Wind up","37a":"Excerpt, part 3","40a":"Pendant","43a":"Zigzags","44a":"Oscitates","48a":"Antecedent period","49a":"Year of Trajan's victory over Dacia","50a":"Ruined","51a":"Excerpt, part 4","55a":"Comical Anne","56a":"Province","57a":"Young men's club","59a":"Moore's \"___ the Last Rose of Summer\"","60a":"Kind of stew","61a":"Excerpt, part 5","64a":"Icicle holder","65a":"What a skimmer skims","66a":"Box","67a":"Half-note feature","68a":"It's a crying need","69a":"Baseball Hall-of-Famer Coveleski","1d":"More verdant","2d":"\"Twelfth Night\" setting","3d":"Conspicuous","4d":"What's more","5d":"Eye problem","6d":"Old Testament scout","7d":"Dean Martin subject","8d":"Deighton or Dawson","9d":"Dyne-centimeter","10d":"Give up","11d":"Not too soft","12d":"Openers","13d":"Like a newborn's legs","18d":"Tad's dad","24d":"1970 Nobel physicist Louis","26d":"Most bears, biologically","27d":"One of TV's Cleavers","28d":"Them, with \"the\"","33d":"Quit flying","34d":"Massenet opera","35d":"Black or red tree","38d":"___ bean","39d":"Pave the way","40d":"Is mannerly","41d":"Pig out","42d":"Leave desolate","45d":"This and that","46d":"Onetime dictator","47d":"Eisenhower confidant","52d":"1692 trial site","53d":"Commonly","54d":"Inflict","55d":"V.J. employer","58d":"Land force","61d":"\"___liebe dich\"","62d":"Powerful D.C. lobby","63d":"Superways"},"answers":{"1a":"LISA","5a":"SCALE","10a":"WADS","14a":"ELAN","15a":"TAMER","16a":"ALOP","17a":"ALLDAYLONG","19a":"IDOL","20a":"FYI","21a":"BEER","22a":"VERA","23a":"IRENE","25a":"BETWEENMY","29a":"EINE","30a":"WAN","31a":"TEE","32a":"RATED","34a":"LOIRE","36a":"END","37a":"LIFEANDME","40a":"BOB","43a":"TACKS","44a":"YAWNS","48a":"EVE","49a":"CVI","50a":"SHOT","51a":"HERSHADOW","55a":"MEARA","56a":"AREA","57a":"FRAT","59a":"TIS","60a":"VEAL","61a":"INTERVENES","64a":"EAVE","65a":"CREAM","66a":"LOGE","67a":"STEM","68a":"HANKY","69a":"STAN","1d":"LEAFIER","2d":"ILLYRIA","3d":"SALIENT","4d":"AND","5d":"STYE","6d":"CALEB","7d":"AMORE","8d":"LEN","9d":"ERG","10d":"WAIVE","11d":"ALDENTE","12d":"DOORMEN","13d":"SPLAYED","18d":"ABE","24d":"NEEL","26d":"TWINS","27d":"WARD","28d":"ENEMY","33d":"DITCH","34d":"LECID","35d":"OAK","38d":"FAVA","39d":"EASE","40d":"BEHAVES","41d":"OVEREAT","42d":"BEREAVE","45d":"WHATNOT","46d":"NORIEGA","47d":"STASSEN","52d":"SALEM","53d":"OFTEN","54d":"WREAK","55d":"MTV","58d":"ARMY","61d":"ICH","62d":"NRA","63d":"ELS"}}