{"numbers":[["1","2","3","4","-","-","-","5","6","7","-","8","9","10","11"],["12","","","","-","13","14","","","","-","15","","",""],["16","","","","17","","","","","","18","","","",""],["-","-","-","19","","","","","","-","20","","","",""],["21","22","23","-","24","","","","-","25","","","-","-","-"],["26","","","27","","","","-","28","","","-","29","30","31"],["32","","","","","-","33","34","","","-","35","","",""],["36","","","","","37","","","","","38","","","",""],["39","","","","-","40","","","","-","41","","","",""],["42","","","-","43","","","-","44","45","","","","",""],["-","-","-","46","","","-","47","","","","-","48","",""],["49","50","51","","","-","52","","","","","53","-","-","-"],["54","","","","","55","","","","","","","56","57","58"],["59","","","","-","60","","","","","-","61","","",""],["62","","","","-","63","","","-","-","-","64","","",""]],"clues":{"1a":"Not straight","5a":"Plan","8a":"Operate","12a":"Ballerina Zorina","13a":"Share","15a":"Pierre's date","16a":"Book by 36 Across, with \"An\"","19a":"Russian whips","20a":"Families usually share them","21a":"Constantine the Great's birthplace","24a":"Samovars","25a":"Hole number?","26a":"Joined","28a":"Mister","29a":"Wad","32a":"Prospect","33a":"Fort Presque Isle site","35a":"Chuck-a-luck equipment","36a":"Author born August 27, 1871","39a":"Bad word to hear at a china shop","40a":"Take out","41a":"Habitual disagreer","42a":"Pulse takers, briefly","43a":"Sustained","44a":"Southwestern bandit","46a":"Kind of code","47a":"Turkish money","48a":"J.F.K. sight","49a":"Utter disdain","52a":"Dumbfound","54a":"Book by 36 Across","59a":"Ringo Starr's \"___ Song\"","60a":"Tapered seams","61a":"Irritate","62a":"Frog-kicked","63a":"\"Kenilworth\" woman","64a":"Alter","1d":"Rock video award","2d":"\"Solaris\" author","3d":"Hematite, e.g.","4d":"Common","5d":"Coins","6d":"It relates the conversion of St. Paul","7d":"___ cent","8d":"Hazard","9d":"1976 horror hit, with \"The\"","10d":"Heckle","11d":"Passe-partouts","13d":"XX","14d":"Cleaned","17d":"Habituated","18d":"Petri dish contents","21d":"Adviser of the Greeks at Troy","22d":"Korean War invasion site","23d":"Brews","25d":"Bridge support","27d":"Grandson of Adam","28d":"Secondary attraction","29d":"Contrivances","30d":"Thalassographers' topics","31d":"Sotheby Parke ___ (auction house, formerly)","34d":"Electrical unit","35d":"Christian of note","37d":"Baltic feeder","38d":"The ultimate","43d":"Gear for Sally Rand","45d":"Peloponnesian city","46d":"Kind of corn","47d":"It might carry coal to Newcastle","49d":"Without","50d":"Vittles","51d":"Lady Chaplin","52d":"Widest part","53d":"Colleen's home","55d":"Highest peak on Crete","56d":"Produced","57d":"\"The Lion of God\"","58d":"Besides"},"answers":{"1a":"ALOP","5a":"MAP","8a":"WORK","12a":"VERA","13a":"SLICE","15a":"AMIE","16a":"AMERICANTRAGEDY","19a":"KNOUTS","20a":"GENES","21a":"NIS","24a":"URNS","25a":"PAR","26a":"ENTERED","28a":"SIR","29a":"GOB","32a":"SCENE","33a":"ERIE","35a":"DICE","36a":"THEODOREDREISER","39a":"OOPS","40a":"DELE","41a":"NOMAN","42a":"RNS","43a":"FED","44a":"LADRONE","46a":"BAR","47a":"LIRA","48a":"SST","49a":"SCORN","52a":"BOGGLE","54a":"AHOOSIERHOLIDAY","59a":"NONO","60a":"DARTS","61a":"RILE","62a":"SWAM","63a":"AMY","64a":"EDIT","1d":"AVA","2d":"LEM","3d":"ORE","4d":"PARK","5d":"MINTS","6d":"ACTS","7d":"PER","8d":"WAGER","9d":"OMEN","10d":"RIDE","11d":"KEYS","13d":"SCORE","14d":"LAUNDERED","17d":"INURED","18d":"AGAR","21d":"NESTOR","22d":"INCHON","23d":"STEEPS","25d":"PIER","27d":"ENOS","28d":"SIDELIGHT","29d":"GISMOS","30d":"OCEANS","31d":"BERNET","34d":"REL","35d":"DIOR","37d":"ODER","38d":"ENDALL","43d":"FANS","45d":"ARGOS","46d":"BROOM","47d":"LORRY","49d":"SANS","50d":"CHOW","51d":"OONA","52d":"BEAM","53d":"EIRE","55d":"IDA","56d":"DID","57d":"ALI","58d":"YET"}}