{"numbers":[["1","2","3","4","5","6","-","-","-","7","8","9","10","-","11","12","13","14","15","16","17"],["18","","","","","","-","19","20","","","","","-","21","","","","","",""],["22","","","","","","-","23","","","","","","24","","","","","","",""],["25","","","-","26","","27","","","","-","28","","","","","","-","29","",""],["30","","","-","31","","","","-","32","33","","","","","-","34","35","","",""],["36","","","37","-","38","","","39","","","","","","","40","","","-","-","-"],["-","41","","","42","-","-","43","","","","-","-","44","","","-","45","46","47","48"],["-","-","49","","","50","-","-","51","","","52","53","","-","54","55","","","",""],["56","57","","","","","58","59","-","-","60","","","","-","-","61","","","",""],["62","","","","","","","","63","64","","","","-","65","66","","-","67","",""],["68","","","","-","69","","","","","-","70","","71","","","-","72","","",""],["73","","","-","74","","","-","75","","76","","","","","","77","","","",""],["78","","","79","","-","-","80","","","","-","-","81","","","","","","",""],["82","","","","","83","-","84","","","","85","86","-","-","87","","","","-","-"],["88","","","","-","89","90","","-","-","91","","","92","-","-","93","","","94","-"],["-","-","-","95","96","","","","97","98","","","","","99","100","-","101","","","102"],["103","104","105","","","-","106","","","","","","-","107","","","108","-","109","",""],["110","","","-","111","112","","","","","-","113","114","","","","","-","115","",""],["116","","","117","","","","","","","118","","","","-","119","","120","","",""],["121","","","","","","","-","122","","","","","","-","123","","","","",""],["124","","","","","","","-","125","","","","-","-","-","126","","","","",""]],"clues":{"1a":"Nursery","7a":"Ointment","11a":"Former occupant","18a":"Gas fuel","19a":"Microgrooves","21a":"The scholarly life","22a":"Fast writers","23a":"Lillian Hellman title from The Song of Solomon","25a":"Call to the U.S.C.G.","26a":"\"Domani\" singer, 1955","28a":"Worst","29a":"Calendario period","30a":"Flightless bird","31a":"King of comedy","32a":"Swedish currency","34a":"Rival of Hires","36a":"Lacking","38a":"Irwin Shaw title from Psalms","41a":"Its HQ is in Brussels","43a":"Jupiter, e.g.","44a":"Set the pace","45a":"Medical suffix","49a":"Zhivago's love","51a":"In","54a":"Meaning","56a":"Guinness superlative","60a":"Basin adjunct","61a":"Arab League member","62a":"Pearl Buck title from Mark","65a":"Long opening","67a":"Golden time","68a":"Bore","69a":"Exactitude","70a":"Mazda model","72a":"One ___ (ball game)","73a":"Number of Disney Dalmatians","74a":"Penultimate letter","75a":"Upton Sinclair title from Matthew","78a":"Spiteful","80a":"Writing on the biblical wall","81a":"Late afternoons in Kensington","82a":"Starts of 29 Across","84a":"Some simians","87a":"Bathe","88a":"Sinclair rival","89a":"Lodge","91a":"Primary source: Abbr.","93a":"Lord's worker","95a":"John Hersey title from Psalms","101a":"Something to follow","103a":"Model material","106a":"French seaport","107a":"\"My People\" author","109a":"Plane heading","110a":"Philanthropist Lilly","111a":"Pass, as on the golf course","113a":"Convenient","115a":"Repose","116a":"William Faulkner title from II Samuel","119a":"University of California campus","121a":"Mosaic piece","122a":"Razes","123a":"Manifest","124a":"Enters by osmosis","125a":"Some tests, for short","126a":"Papyrus plants","1d":"Nobel physicist Victor et al.","2d":"Living room piece","3d":"Ernest Hemingway title from Ecclesiastes","4d":"Exception","5d":"___ Gay","6d":"Make ocean water drinkable","7d":"Escape","8d":"Need a doctor","9d":"Covered, as with paint","10d":"Parceling (out)","11d":"1980's sitcom","12d":"Bullets","13d":"Beach cover-up","14d":"___ Annie of \"Oklahoma!\"","15d":"Ross Perot, e.g.","16d":"Tinker with the text","17d":"Plant again","19d":"High","20d":"Fractional suffixes","24d":"Fisherman, perhaps","27d":"Fan's encouragement","33d":"Cursory","35d":"Unanimously","37d":"Liberty Island attraction","39d":"House vote","40d":"Surplus","42d":"Vein contents","46d":"James Jones title from Mark","47d":"Echo","48d":"Places for whips","50d":"Murphy Brown's baby","52d":"\"You ___ one\"","53d":"Middle fingers","55d":"Watch","56d":"Special performance","57d":"Glenn and Metzenbaum","58d":"Mrs. Paul Simon","59d":"Fix","63d":"He swears","64d":"One of Chekhov's \"Three Sisters\"","65d":"Kitchen extension","66d":"1986 Indy winner Bobby","71d":"Nova Scotia hrs.","72d":"Statistical graphs","74d":"Casper's st.","76d":"Afresh","77d":"Sched. info","79d":"Prat of a French countdown","80d":"Flamenco guitarist Carlos","83d":"Watch junior","85d":"Particles","86d":"Part of R.S.V.P.","90d":"\"God is ___, that he should lie\": Numbers","92d":"Sparkles","94d":"Bankroll","96d":"City near Vesuvius","97d":"Telescope name","98d":"Chirac's home","99d":"\"Cabaret\" lyricist Fred","100d":"Crimson rivals","102d":"Prairie homes","103d":"Rhythms","104d":"\"Tiny Alice\" playwright","105d":"Gauze fabric","108d":"Moxie","112d":"Actress ___ Singer","114d":"Mr. Sun","117d":"Daddy Warbucks henchman, with \"The\"","118d":"Part of e.r.a.: Abbr.","120d":"Kid-___ (children's TV)"},"answers":{"1a":"HOTBED","7a":"BALM","11a":"VACATER","18a":"ETHANE","19a":"STRIAE","21a":"ACADEME","22a":"STENOS","23a":"THELITTLEFOXES","25a":"SOS","26a":"LAROSA","28a":"DIREST","29a":"ANO","30a":"EMU","31a":"ALAN","32a":"KRONOR","34a":"AANDW","36a":"SANS","38a":"THEYOUNGLIONS","41a":"NATO","43a":"DEUS","44a":"LED","45a":"OSIS","49a":"LARA","51a":"ATHOME","54a":"DENOTE","56a":"MOSTEVER","60a":"EWER","61a":"YEMEN","62a":"AHOUSEDIVIDED","65a":"ERE","67a":"ERA","68a":"TIRE","69a":"RIGOR","70a":"MIATA","72a":"OCAT","73a":"IOI","74a":"WYE","75a":"WIDEISTHEGATE","78a":"NASTY","80a":"MENE","81a":"TEATIMES","82a":"ENEROS","84a":"ORANGS","87a":"LAVE","88a":"ESSO","89a":"INN","91a":"ORIG","93a":"SERF","95a":"INTOTHEVALLEY","101a":"SUIT","103a":"BALSA","106a":"TOULON","107a":"EBAN","109a":"NNE","110a":"ELI","111a":"PLAYBY","113a":"USABLE","115a":"NAP","116a":"ABSALOMABSALOM","119a":"IRVINE","121a":"TESSERA","122a":"LEVELS","123a":"EVINCE","124a":"SEEPSIN","125a":"EEGS","126a":"SEDGES","1d":"HESSES","2d":"OTTOMAN","3d":"THESUNALSORISES","4d":"BAN","5d":"ENOLA","6d":"DESALT","7d":"BREAKOUT","8d":"AIL","9d":"LAIDON","10d":"METING","11d":"VALERIE","12d":"ACES","13d":"CAFTAN","14d":"ADO","15d":"TEXAN","16d":"EMEND","17d":"RESOW","19d":"STONED","20d":"THS","24d":"TROLLER","27d":"RAH","33d":"RUSHED","35d":"ASONE","37d":"STATUE","39d":"YEA","40d":"ODD","42d":"ORES","46d":"SOMECAMERUNNING","47d":"ITERATE","48d":"SENATES","50d":"AVERY","52d":"OWEME","53d":"MEDII","55d":"EYE","56d":"MATINEE","57d":"OHIOANS","58d":"EDIE","59d":"RIG","63d":"VOWER","64d":"IRINA","65d":"ETTE","66d":"RAHAL","71d":"AST","72d":"OGIVES","74d":"WYO","76d":"DENOVO","77d":"ETAS","79d":"TROIS","80d":"MONTOYA","83d":"SIT","85d":"GRANULES","86d":"SIL","90d":"NOTAMAN","92d":"GLEAMS","94d":"FINANCE","96d":"NAPLES","97d":"HUBBLE","98d":"ELYSEE","99d":"EBB","100d":"YALIES","102d":"TEPEES","103d":"BEATS","104d":"ALBEE","105d":"LISSE","108d":"NERVE","112d":"LORI","114d":"SOL","117d":"ASP","118d":"AVG","120d":"VID"}}