{"numbers":[["1","2","3","4","5","-","6","7","8","9","-","10","11","12","13"],["14","","","","","-","15","","","","-","16","","",""],["17","","","","","-","18","","","","-","19","","",""],["20","","","","","21","","","","","22","","","",""],["-","-","-","-","23","","","-","-","24","","","","",""],["25","26","27","28","","","-","29","30","","","","-","-","-"],["31","","","","-","-","-","32","","","","-","33","34","35"],["36","","","","37","38","39","","","","","40","","",""],["41","","","-","42","","","","-","-","-","43","","",""],["-","-","-","44","","","","","-","45","46","","","",""],["47","48","49","","","","-","-","50","","","-","-","-","-"],["51","","","","","","52","53","","","","54","55","56","57"],["58","","","","-","59","","","","-","60","","","",""],["61","","","","-","62","","","","-","63","","","",""],["64","","","","-","65","","","","-","66","","","",""]],"clues":{"1a":"Battle of 1836","6a":"Snoozes","10a":"Read, as bar codes","14a":"Actress Linda","15a":"Song for one","16a":"Tropical food plant","17a":"\"Great!\"","18a":"Shaker contents","19a":"___ -European","20a":"Rarely","23a":"Zero","24a":"They use lassos","25a":"Product with Ammonia-D","29a":"Ineptly","31a":"Counterpart of Mars","32a":"Jai ___","33a":"Kind of cow, dog or horse","36a":"Hercule Poirot's pride","41a":"Feminizing suffix","42a":"The last word?","43a":"Seamstress Betsy","44a":"Cons","45a":"TV secretary","47a":"New York's ___ Island","50a":"Wide's partner","51a":"Surrenders","58a":"Double-reed woodwind","59a":"\"The Wind in the Willows\" character","60a":"Something to fall back on?","61a":"Stir up","62a":"Toledo's lake","63a":"Heavy reading","64a":"Lump","65a":"Auction off","66a":"Baker's need","1d":"In addition","2d":"White House area","3d":"With: Fr.","4d":"Roger Bannister's distance","5d":"Connected to the information superhighway","6d":"Twang type","7d":"Show horse","8d":"Tablet","9d":"Sinatra's \"___ Night\"","10d":"Part of a 90's TV duo","11d":"Transport for Hiawatha","12d":"Zeal","13d":"Middays","21d":"Overrule","22d":"Windblown","25d":"Cloth texture","26d":"Showy flower","27d":"Snares","28d":"Summer hrs.","29d":"Owls' hangouts","30d":"Pub draught","33d":"___ gin fizz","34d":"Otherwise","35d":"Like some profs.","37d":"Intertwines","38d":"Flows forth","39d":"Small wonder","40d":"Blunder","44d":"Addison contemporary Richard","45d":"Plopped (down)","46d":"Peace maker","47d":"Like some enemies","48d":"No-no","49d":"Eschew","50d":"Cuba's Castro","52d":"Had on","53d":"\"___, Caesar!\"","54d":"Ice chunk","55d":"South American capital","56d":"\"Honest\" one and namesakes","57d":"Essence"},"answers":{"1a":"ALAMO","6a":"NAPS","10a":"SCAN","14a":"LAVIN","15a":"ARIA","16a":"TARO","17a":"SWELL","18a":"SALT","19a":"INDO","20a":"ONCEINABLUEMOON","23a":"NIL","24a":"ROPERS","25a":"WINDEX","29a":"BADLY","31a":"ARES","32a":"ALAI","33a":"SEA","36a":"LITTLEGREYCELLS","41a":"ESS","42a":"AMEN","43a":"ROSS","44a":"SCAMS","45a":"STREET","47a":"STATEN","50a":"FAR","51a":"WAVESAWHITEFLAG","58a":"OBOE","59a":"TOAD","60a":"ALIBI","61a":"ROIL","62a":"ERIE","63a":"TOMES","64a":"NODE","65a":"SELL","66a":"YEAST","1d":"ALSO","2d":"LAWN","3d":"AVEC","4d":"MILE","5d":"ONLINE","6d":"NASAL","7d":"ARAB","8d":"PILL","9d":"SATURDAY","10d":"STIMPY","11d":"CANOE","12d":"ARDOR","13d":"NOONS","21d":"NIX","22d":"EOLIC","25d":"WALE","26d":"IRIS","27d":"NETS","28d":"DST","29d":"BARNS","30d":"ALE","33d":"SLOE","34d":"ELSE","35d":"ASST","37d":"LACES","38d":"EMANATES","39d":"GEM","40d":"ERR","44d":"STEELE","45d":"SAT","46d":"TREATY","47d":"SWORN","48d":"TABOO","49d":"AVOID","50d":"FIDEL","52d":"WORE","53d":"HAIL","54d":"FLOE","55d":"LIMA","56d":"ABES","57d":"GIST"}}