{"numbers":[["1","2","3","4","5","-","6","7","8","9","-","10","11","12","13"],["14","","","","","-","15","","","","-","16","","",""],["17","","","","","18","","","","","19","","","",""],["20","","","","","","","","-","21","","","","",""],["-","-","-","-","22","","","-","23","","","","-","-","-"],["24","25","26","27","","","","28","","","","","29","30","-"],["31","","","","","-","-","32","","","","-","33","","34"],["35","","","","-","36","37","","","","-","38","","",""],["39","","","-","40","","","","-","-","41","","","",""],["-","42","","43","","","","","44","45","","","","",""],["-","-","-","46","","","","-","47","","","-","-","-","-"],["48","49","50","","","","-","51","","","","52","53","54","55"],["56","","","","","","57","","","","","","","",""],["58","","","","-","59","","","","-","60","","","",""],["61","","","","-","62","","","","-","63","","","",""]],"clues":{"1a":"By the side","6a":"In the back","10a":"Hoarded","14a":"1936 Leslie Howard role","15a":"Nose (out)","16a":"Actress Nazimova","17a":"Foes at Gaugamela","20a":"Mythological lineup","21a":"Whomps","22a":"___ Claire","23a":"Loyal","24a":"Foes at the falls of Reichenbach","31a":"Topple","32a":"Leisure","33a":"Card","35a":"June honoree, for short","36a":"Taxable income","38a":"Philippine island","39a":"Plaintive","40a":"Out of business","41a":"Camera carriage","42a":"Foes at Troy","46a":"Fix, artwise","47a":"\"Flying Down to ___\"","48a":"Bundle barley","51a":"Cosmetic items","56a":"Foes at Tenochtitlan","58a":"Mayberry moppet","59a":"Simulacrum","60a":"Ferber title","61a":"Level","62a":"Not stifling","63a":"Levels off","1d":"Not give ___","2d":"\"Damn Yankees\" role","3d":"Sign from on high","4d":"Barber's call","5d":"Green light","6d":"Pilot's vision problem","7d":"Nirvana","8d":"Cabinet dept.","9d":"Group based in Geneva","10d":"First name in the N.B.A.","11d":"Literary pseudonym","12d":"Jack Horner's surprise","13d":"Itar- ___ (news agency)","18d":"Circa","19d":"As ___ (generally)","23d":"\"Take ___!\"","24d":"Tankard's kin","25d":"Rival of Sally","26d":"\"The Cloister and the Hearth\" author","27d":"N.Y.C. subway line","28d":"Busybody","29d":"Reb general Richard","30d":"Dear pelt","34d":"Fellows","36d":"Colonial African land","37d":"Prefix with Disney","38d":"Mil. rank","40d":"Caniff's \"___ Canyon\"","41d":"Bishop's bailiwick","43d":"Oregon's ___ Lake","44d":"Narrow opening","45d":"\"Hey you!\" sound","48d":"Dundee denizen","49d":"Original Arizonan","50d":"Gannon University home","51d":"Marston ___ (1644 battle site)","52d":"Don River's outlet","53d":"Hayseed","54d":"Ugandan exile","55d":"Needs a facelift","57d":"AT and T alternative"},"answers":{"1a":"ALONG","6a":"REAR","10a":"KEPT","14a":"ROMEO","15a":"EDGE","16a":"ALLA","17a":"ALEXANDERDARIUS","20a":"PANTHEON","21a":"CREAMS","22a":"EAU","23a":"TRUE","24a":"MORIARTYHOLMES","31a":"UPEND","32a":"EASE","33a":"WAG","35a":"GRAD","36a":"RENTS","38a":"CEBU","39a":"SAD","40a":"SHUT","41a":"DOLLY","42a":"HECTORACHILLES","46a":"REDO","47a":"RIO","48a":"SHEAVE","51a":"MASCARAS","56a":"CORTESMONTEZUMA","58a":"OPIE","59a":"ICON","60a":"SOBIG","61a":"TIER","62a":"AIRY","63a":"EVENS","1d":"ARAP","2d":"LOLA","3d":"OMEN","4d":"NEXT","5d":"GOAHEAD","6d":"REDOUT","7d":"EDEN","8d":"AGR","9d":"REDCROSS","10d":"KAREEM","11d":"ELIA","12d":"PLUM","13d":"TASS","18d":"NEAR","19d":"ARULE","23d":"THAT","24d":"MUGS","25d":"OPRAH","26d":"READE","27d":"IND","28d":"YENTA","29d":"EWELL","30d":"SABLE","34d":"GUYS","36d":"RHODESIA","37d":"EURO","38d":"COL","40d":"STEVE","41d":"DIOCESE","43d":"CRATER","44d":"CRANNY","45d":"HIST","48d":"SCOT","49d":"HOPI","50d":"ERIE","51d":"MOOR","52d":"AZOV","53d":"RUBE","54d":"AMIN","55d":"SAGS","57d":"MCI"}}