{"numbers":[["1","2","3","4","5","-","6","7","8","9","-","10","11","12","13"],["14","","","","","-","15","","","","-","16","","",""],["17","","","","","-","18","","","","-","19","","",""],["-","20","","","","21","","","","","-","22","","",""],["-","-","-","-","23","","","","-","24","25","","","",""],["26","27","28","29","","","-","30","31","","","","-","-","-"],["32","","","","-","33","34","","","-","35","","36","37","38"],["39","","","","40","","","-","41","42","","","","",""],["43","","","","","-","44","45","","","-","46","","",""],["-","-","-","47","","48","","","-","49","50","","","",""],["51","52","53","","","","-","54","55","","","-","-","-","-"],["56","","","","-","57","58","","","","","59","60","61","-"],["62","","","","-","63","","","","-","64","","","","65"],["66","","","","-","67","","","","-","68","","","",""],["69","","","","-","70","","","","-","71","","","",""]],"clues":{"1a":"Son of Abraham","6a":"RR stops","10a":"Ill-considered","14a":"Hajj destination","15a":"Justice Black","16a":"\"... and to ___ good night\"","17a":"Whittles down","18a":"The sun, to the skin","19a":"Hera's husband","20a":"Noted baseball announcer","22a":"Give the boot to","23a":"Actor Ray","24a":"Lustily robust","26a":"Cervantes's ___ Panza","30a":"Improvise","32a":"Mountain of central Russia","33a":"Defense acronym","35a":"Actress Christine","39a":"Fixed shoes","41a":"Emancipates","43a":"Borgnine's \"From Here to Eternity\" role","44a":"Pronounced","46a":"Abstract artist Paul","47a":"Clear, as a tape","49a":"Loco","51a":"Quarterback, often","54a":"Misplace","56a":"Compassion","57a":"All worked up","62a":"Concept","63a":"Tastes","64a":"\"___ of Athens\"","66a":"First name in casino ownership","67a":"Option word","68a":"Gentry","69a":"Educator Sullivan","70a":"Noticed","71a":"Acted grandmotherly","1d":"Mischief-maker","2d":"Cook quickly","3d":"Caldwell's \"God's Little ___\"","4d":"Scored on a serve","5d":"Algiers quarter","6d":"Archeologist's fragment","7d":"Harbor helper","8d":"Author James","9d":"Horse color","10d":"Clinton's home team","11d":"Certain Alaskan","12d":"Kind of fund","13d":"Cursory","21d":"By oneself","25d":"Is sickly","26d":"Malibu sight","27d":"Neighborhood","28d":"Cartoonist Thomas","29d":"Near miss","31d":"Celebrated Freud case","34d":"Hubbubs","36d":"Dance performed in a grass skirt","37d":"High schooler","38d":"Sinking-in phrase","40d":"Knowledge","42d":"\"Aeneid\" queen","45d":"Setback","48d":"Gets up","50d":"Cleared","51d":"Jazz trumpeter Louis","52d":"\"The Age of Anxiety\" poet","53d":"Shock jock Howard","55d":"Novelist Tillie","58d":"Cairo's river","59d":"Hawaiian seaport","60d":"Spew forth","61d":"Dull routine","65d":"Pulp penman Buntline"},"answers":{"1a":"ISAAC","6a":"STAS","10a":"RASH","14a":"MECCA","15a":"HUGO","16a":"ALLA","17a":"PARES","18a":"AGER","19a":"ZEUS","20a":"REDBARBER","22a":"OUST","23a":"ALDO","24a":"EARTHY","26a":"SANCHO","30a":"ADLIB","32a":"URAL","33a":"NATO","35a":"LAHTI","39a":"RESOLED","41a":"RESCUES","43a":"FATSO","44a":"ORAL","46a":"KLEE","47a":"ERASE","49a":"INSANE","51a":"PASSER","54a":"LOSE","56a":"RUTH","57a":"INALATHER","62a":"IDEA","63a":"SIPS","64a":"TIMON","66a":"MERV","67a":"ELSE","68a":"ELITE","69a":"ANNE","70a":"SEEN","71a":"DOTED","1d":"IMP","2d":"SEAR","3d":"ACRE","4d":"ACED","5d":"CASBAH","6d":"SHARD","7d":"TUGBOAT","8d":"AGEE","9d":"SORREL","10d":"RAZORBACKS","11d":"ALEUT","12d":"SLUSH","13d":"HASTY","21d":"ALONE","25d":"AILS","26d":"SURF","27d":"AREA","28d":"NAST","29d":"CLOSESHAVE","31d":"DORA","34d":"ADOS","36d":"HULA","37d":"TEEN","38d":"ISEE","40d":"LORE","42d":"ELISA","45d":"RELAPSE","48d":"ARISES","50d":"NETTED","51d":"PRIMA","52d":"AUDEN","53d":"STERN","55d":"OLSEN","58d":"NILE","59d":"HILO","60d":"EMIT","61d":"ROTE","65d":"NED"}}