{"numbers":[["1","2","3","4","5","-","6","7","8","9","-","10","11","12","13"],["14","","","","","-","15","","","","-","16","","",""],["17","","","","","-","18","","","","-","19","","",""],["20","","","","","-","21","","","","22","","","",""],["-","23","","","","24","","","-","25","","","-","-","-"],["-","-","-","26","","","","","-","27","","","28","29","30"],["31","32","33","-","34","","","","-","-","35","","","",""],["36","","","37","","","","-","38","39","","","","",""],["40","","","","","-","-","41","","","","-","42","",""],["43","","","","","44","-","45","","","","46","-","-","-"],["-","-","-","47","","","-","48","","","","","49","50","-"],["51","52","53","","","","54","","","-","55","","","","56"],["57","","","","-","58","","","","-","59","","","",""],["60","","","","-","61","","","","-","62","","","",""],["63","","","","-","64","","","","-","65","","","",""]],"clues":{"1a":"Author Bret","6a":"Oberon's imp","10a":"Not vivid","14a":"\"Goodbye, mon ami\"","15a":"King Harald's capital","16a":"Cameo stone","17a":"\"___ to Belong to You\" (1939 song)","18a":"McKern and Carroll","19a":"\"Auld Lang ___\"","20a":"Tough toy","21a":"Apollo, Aphrodite, etc.","23a":"Without exception","25a":"Scrap","26a":"Interstate haulers","27a":"What's sweet about parting","31a":"Discouraging word","34a":"Burden","35a":"\"Behold!\"","36a":"Massachusetts vacation spot","38a":"Brandy cocktail","40a":"Loose","41a":"Bruce or Laura","42a":"Elephant's org.","43a":"Offering vistas","45a":"Long tales","47a":"High note","48a":"Site of 36-Across and 22-Down","51a":"Accept, after negotiation","55a":"Like a mouse","57a":"Kind of arch","58a":"1986. #1 hit by Starship","59a":"\"La Gioconda,\" e.g.","60a":"Taximeter reading","61a":"In ___ (stuck)","62a":"Alate","63a":"Tennis score","64a":"Seven Hills site","65a":"What roll calls count","1d":"Reagan pal Al","2d":"Extemporize","3d":"Spanish wine","4d":"Domingo and others","5d":"1936 Literature Nobelist","6d":"Victim of Hamlet","7d":"Vain","8d":"Become tiresome","9d":"Greek universe","10d":"Physics particle","11d":"Author Seton","12d":"Actress Redgrave","13d":"Alimony getters","22d":"___ Players (theater group)","24d":"Atlanta sports site, with \"The\"","28d":"Diana of \"The Avengers\"","29d":"Ersatz butter","30d":"Twist","31d":"So","32d":"Lip- ___","33d":"Model Moss","37d":"Sophomore's age, maybe","38d":"Divide","39d":"Stumble","41d":"Propriety","44d":"Onetime chief of 64-Across","46d":"Opponent of Hannibal","49d":"Foreshadowings","50d":"Lament for the dead","51d":"It can hide a bed","52d":"\"Oh, my!\"","53d":"Garr of \"Tootsie\"","54d":"Casino game","56d":"Calendar pages"},"answers":{"1a":"HARTE","6a":"PUCK","10a":"PALE","14a":"ADIEU","15a":"OSLO","16a":"ONYX","17a":"ILONG","18a":"LEOS","19a":"SYNE","20a":"GIJOE","21a":"OLYMPIANS","23a":"BARNONE","25a":"ORT","26a":"SEMIS","27a":"SORROW","31a":"TSK","34a":"ONUS","35a":"VOILA","36a":"HYANNIS","38a":"STINGER","40a":"UNTIE","41a":"DERN","42a":"GOP","43a":"SCENIC","45a":"EPICS","47a":"ELA","48a":"CAPECOD","51a":"SETTLEFOR","55a":"TIMID","57a":"OGEE","58a":"SARA","59a":"OPERA","60a":"FARE","61a":"ARUT","62a":"WINGY","63a":"ADIN","64a":"ROME","65a":"NOSES","1d":"HAIG","2d":"ADLIB","3d":"RIOJA","4d":"TENORS","5d":"EUGENEONEILL","6d":"POLONIUS","7d":"USELESS","8d":"CLOY","9d":"KOSMOS","10d":"POSITRON","11d":"ANYA","12d":"LYNN","13d":"EXES","22d":"PROVINCETOWN","24d":"OMNI","28d":"RIGG","29d":"OLEO","30d":"WARP","31d":"THUS","32d":"SYNC","33d":"KATE","37d":"NINETEEN","38d":"SEPARATE","39d":"TRIP","41d":"DECORUM","44d":"CAESAR","46d":"SCIPIO","49d":"OMENS","50d":"DIRGE","51d":"SOFA","52d":"EGAD","53d":"TERI","54d":"FARO","56d":"DAYS"}}