{"numbers":[["1","2","3","-","4","5","6","-","7","8","9","-","10","11","12"],["13","","","-","14","","","-","15","","","-","16","",""],["17","","","-","18","","","19","","","","-","20","",""],["21","","","22","","","","","","","","-","23","",""],["-","-","-","24","","","-","25","","","","26","","",""],["27","28","29","","-","30","31","","","-","32","","","",""],["33","","","","-","34","","","-","-","35","","","-","-"],["36","","","","-","37","","","38","39","-","40","","41","42"],["-","-","43","","44","-","-","45","","","-","46","","",""],["47","48","","","","-","49","","","","-","50","","",""],["51","","","","","52","","","-","53","54","","-","-","-"],["55","","","-","56","","","","57","","","","58","59","60"],["61","","","-","62","","","","","","","-","63","",""],["64","","","-","65","","","-","66","","","-","67","",""],["68","","","-","69","","","-","70","","","-","71","",""]],"clues":{"1a":"Cleo player","4a":"Nods","7a":"Healing waters","10a":"Bottom-of-letter abbr.","13a":"Greek nickname","14a":"\"Barney Miller\" regular Jack","15a":"1964 Murray Schisgal play","16a":"Vietnam's My ___","17a":"Place for coming to grips?","18a":"Prom flowers","20a":"Toast word","21a":"Oven for a singer?","23a":"Peking finale","24a":"Mr. Buchwald","25a":"Sign maker","27a":"\"Damn Yankees\" team","30a":"\"___ well...\"","32a":"Pope's \"An ___ on Man\"","33a":"Immensely","34a":"Man's name meaning \"red\"","35a":"\"Le Coq ___\"","36a":"Amenable","37a":"Big name in top 40","40a":"Backbiter?","43a":"Govt. help for mom-and-pop stores","45a":"\"Alice\" role","46a":"Radar reception","47a":"Come about","49a":"\"Runaround Sue\" singer","50a":"Get in return","51a":"Skipper's command","53a":"Jazz's ___ Winding","55a":"Oxlike critter","56a":"Sea for a singer?","61a":"First name in tyranny","62a":"More sluggish","63a":"By way of","64a":"Literary monogram","65a":"Long spell","66a":"Exactly right","67a":"Charley Weaver's Mt.___","68a":"Author Harper","69a":"___ - Cat (arctic vehicle)","70a":"Kidnapping grp., 1974","71a":"Bandleader Brown","1d":"Religious leader","2d":"It's south of Georgia","3d":"Tubular pasta","4d":"Award for \"Wings\"","5d":"Actress friend of Prince Andrew","6d":"Take up like a sponge","7d":"Quenches","8d":"Washington waterway","9d":"Staved off","10d":"Grain for a playwright?","11d":"Revulsion","12d":"Like apple juice","19d":"Forte for an actress?","22d":"Flavor sensor","26d":"Arcane","27d":"Annoyer","28d":"Menu phrase","29d":"Voyage for an actor?","31d":"Mauna ___","38d":"\"Xanadu\" rock grp.","39d":"Rare aquatic","41d":"Half a dance","42d":"Keystone figure","44d":"Plowed lands","47d":"#1 hit for the Chi-Lites, 1972","48d":"Wicked one","49d":"Family name of F.D.R.'s mother","52d":"Squash","54d":"It comes straight from the heart","57d":"Puppies' barks","58d":"Baudelaire's \"The Flowers of___\"","59d":"Orderly","60d":"Senate votes"},"answers":{"1a":"LIZ","4a":"OKS","7a":"SPA","10a":"ENC","13a":"ARI","14a":"SOO","15a":"LUV","16a":"LAI","17a":"MAT","18a":"CORSAGE","20a":"MUD","21a":"ANITASBAKER","23a":"ESE","24a":"ART","25a":"LETTERER","27a":"NATS","30a":"ALLS","32a":"ESSAY","33a":"ALOT","34a":"ROY","35a":"DOR","36a":"GAME","37a":"KASEM","40a":"TICK","43a":"SBA","45a":"FLO","46a":"ECHO","47a":"OCCUR","49a":"DION","50a":"REAP","51a":"HARDALEE","53a":"KAI","55a":"GNU","56a":"BILLYSOCEAN","61a":"IDI","62a":"LEADIER","63a":"VIA","64a":"RLS","65a":"EON","66a":"PAT","67a":"IDY","68a":"LEE","69a":"SNO","70a":"SLA","71a":"LES","1d":"LAMA","2d":"IRAN","3d":"ZITI","4d":"OSCAR","5d":"KOOSTARK","6d":"SORB","7d":"SLAKES","8d":"PUGET","9d":"AVERTED","10d":"ELMERSRICE","11d":"NAUSEA","12d":"CIDERY","19d":"SALLYSFIELD","22d":"TASTEBUD","26d":"ESOTERIC","27d":"NAG","28d":"ALA","29d":"TOMSCRUISE","31d":"LOA","38d":"ELO","39d":"MONKSEAL","41d":"CHA","42d":"KOP","44d":"ARABLES","47d":"OHGIRL","48d":"CANDLE","49d":"DELANO","52d":"LIEON","54d":"AORTA","57d":"YIPS","58d":"EVIL","59d":"AIDE","60d":"NAYS"}}