{"numbers":[["1","2","3","4","5","6","-","7","8","9","10","11","12","13","14"],["15","","","","","","-","16","","","","","","",""],["17","","","","","","-","18","","","","","","",""],["19","","","-","20","","21","","","","","-","22","",""],["23","","","24","-","25","","","","","-","26","","",""],["27","","","","28","-","29","","","-","30","","","",""],["31","","","","","32","-","33","","34","","","","",""],["-","-","-","35","","","36","-","37","","","","-","-","-"],["38","39","40","","","","","41","-","42","","","43","44","45"],["46","","","","","-","47","","48","-","49","","","",""],["50","","","","-","51","","","","52","-","53","","",""],["54","","","-","55","","","","","","56","-","57","",""],["58","","","59","","","","","-","60","","61","","",""],["62","","","","","","","","-","63","","","","",""],["64","","","","","","","","-","65","","","","",""]],"clues":{"1a":"Roomy sleeve","7a":"In the cards","15a":"Symphony written for Napoleon","16a":"Furniture polish ingredient","17a":"Spreads the news","18a":"With no exceptions","19a":"Poet's contraction","20a":"One who's squeezed in","22a":"Mauna ___","23a":"Rough it","25a":"Seating areas","26a":"Say truly","27a":"Up a ___","29a":"Kittenish response","30a":"Fiery dance","31a":"Team originally called the Colt .45s","33a":"Guard","35a":"Not clerical","37a":"Split","38a":"Founder of Detroit","42a":"Smith of sorts","46a":"Prince Valiant's wife","47a":"Fanatic","49a":"Succinct","50a":"Scream and shout","51a":"Traveling aids","53a":"Business letter encl.","54a":"Actor Vigoda","55a":"Quiescent","57a":"Poison ___","58a":"Nymph changed into a bear","60a":"Like Don Juan","62a":"Added up","63a":"Drill","64a":"Stonecutter","65a":"Less muscle-bound","1d":"Daphne du Maurier novel","2d":"In ___ (behind)","3d":"Bon vivant","4d":"Year in Claudius's reign","5d":"Romans preceder","6d":"Countryish, in a way","7d":"Made a toast","8d":"Critic","9d":"A shaman uses them","10d":"Dull fellow","11d":"Jane Fonda farce \"___ Wednesday\"","12d":"Library item","13d":"Family tree","14d":"___ of Aquitaine","21d":"Computer capacity, for short","24d":"Plant growth medium","26d":"Cloaks","28d":"Zoo critter","30d":"Adoxy","32d":"Part of R.S.V.P.","34d":"Small number","36d":"Kitchen container","38d":"Cat with tufted ears","39d":"Creek Indian land","40d":"Unfold","41d":"Charge","43d":"Wall hanging","44d":"Gist","45d":"Join again","48d":"Mai ___","51d":"Goddess of the hearth","52d":"Herbal alcoholic drink","55d":"Part that's thrown away","56d":"Catch hold of","59d":"Him, in Marseilles","61d":"Inspector Van ___ Valk (literary detective)"},"answers":{"1a":"RAGLAN","7a":"PROBABLE","15a":"EROICA","16a":"LEMONOIL","17a":"BRUITS","18a":"EVERYONE","19a":"EER","20a":"SARDINE","22a":"KEA","23a":"CAMP","25a":"LOGES","26a":"MEAN","27a":"CREEK","29a":"MEW","30a":"TANGO","31a":"ASTROS","33a":"DEFENDER","35a":"LAIC","37a":"RENT","38a":"CADILLAC","42a":"WELDER","46a":"ALETA","47a":"NUT","49a":"TERSE","50a":"RAVE","51a":"VISAS","53a":"SASE","54a":"ABE","55a":"RESTING","57a":"PEN","58a":"CALLISTO","60a":"ARDENT","62a":"AMOUNTED","63a":"PIERCE","64a":"LAPIDARY","65a":"SPRYER","1d":"REBECCA","2d":"ARREARS","3d":"GOURMET","4d":"LII","5d":"ACTS","6d":"NASAL","7d":"PLEDGED","8d":"REVIEWER","9d":"OMENS","10d":"BORE","11d":"ANY","12d":"BOOKEND","13d":"LINEAGE","14d":"ELEANOR","21d":"ROM","24d":"PERLITE","26d":"MANTLES","28d":"KOALA","30d":"TENET","32d":"SIL","34d":"FEW","36d":"CANISTER","38d":"CARACAL","39d":"ALABAMA","40d":"DEVELOP","41d":"CUSTODY","43d":"DRAPERY","44d":"ESSENCE","45d":"REENTER","48d":"TAI","51d":"VESTA","52d":"SNAPS","55d":"RIND","56d":"GRIP","59d":"LUI","61d":"DER"}}