{"numbers":[["1","2","3","4","5","6","-","7","8","9","10","11","12","13","14"],["15","","","","","","-","16","","","","","","",""],["17","","","","","","-","18","","","","","","",""],["19","","","","","-","20","","","","","-","21","",""],["22","","","","-","23","","","","","-","24","","",""],["25","","","-","26","","","","","-","27","","","",""],["28","","","29","","","","","-","30","","","-","-","-"],["31","","","","","","","","32","","","","33","34","35"],["-","-","-","36","","","-","37","","","","","","",""],["38","39","40","","","-","41","","","","","-","42","",""],["43","","","","-","44","","","","","-","45","","",""],["46","","","-","47","","","","","-","48","","","",""],["49","","","50","","","","","-","51","","","","",""],["52","","","","","","","","-","53","","","","",""],["54","","","","","","","","-","55","","","","",""]],"clues":{"1a":"Plunder","7a":"Tangible tribute","15a":"Sweet-talk","16a":"Investigation subject","17a":"Picket fence","18a":"Disciple of Socrates","19a":"Agreeing (with)","20a":"Spica's location","21a":"So. state","22a":"Norton Sound city","23a":"100: Prefix","24a":"Go ga-ga","25a":"Old record label","26a":"Surroundings","27a":"\"...the ___ are getting fat\": \"Beggar's Rhyme\"","28a":"Referee's assistant","30a":"Word with street or buffet","31a":"Old World breed","36a":"Out of sight","37a":"Gone with the wind","38a":"Misses","41a":"Needles","42a":"Football positions: Abbr.","43a":"Saltwater lake","44a":"Counts' equivalents","45a":"Dreadful","46a":"Silly Caesar","47a":"Seed coats","48a":"\"Paradise Lost\" character","49a":"Not bought","51a":"Learned scholar","52a":"Takes up","53a":"Manifest","54a":"Forum honchos","55a":"Tried by fire","1d":"Changes walls","2d":"Structural as opposed to functional","3d":"Trigger, for example","4d":"Ammonia derivative","5d":"Zilch","6d":"Physics unit","7d":"New World breed","8d":"Wields","9d":"Juicy fruit","10d":"Novel that begins with a mutiny","11d":"Final letters?","12d":"Suck up","13d":"Ancient region in Asia Minor","14d":"Delaware Indian","20d":"Miles and others","23d":"Sticky","24d":"Iron: Prefix","26d":"Actor John","27d":"Outfits","29d":"One of the Barrymores","30d":"Saturn's daughter","32d":"Money holders","33d":"Princess's pea, e.g.","34d":"On ramp","35d":"Took the wrong way","38d":"Machine loads","39d":"Jim Palmer, notably","40d":"Bedlamites","41d":"Commando","44d":"Lady with a lyre","45d":"Cup name","47d":"Part of conjugation practice","48d":"But","50d":"The \"I Don't Care Girl\" Tanguay","51d":"Implant"},"answers":{"1a":"RAPINE","7a":"MEMORIAL","15a":"ENAMOR","16a":"EXAMINEE","17a":"PALING","18a":"XENOPHON","19a":"ATONE","20a":"VIRGO","21a":"ALA","22a":"NOME","23a":"HECTO","24a":"FLIP","25a":"EMI","26a":"AURAS","27a":"GEESE","28a":"LINESMAN","30a":"CAR","31a":"SCOTTISHTERRIER","36a":"HID","37a":"AIRBORNE","38a":"WOMEN","41a":"RILES","42a":"RTS","43a":"ARAL","44a":"EARLS","45a":"DIRE","46a":"SID","47a":"ARILS","48a":"SATAN","49a":"HOMEMADE","51a":"SAVANT","52a":"ELEVATES","53a":"EVINCE","54a":"SENATORS","55a":"TESTED","1d":"REPANELS","2d":"ANATOMIC","3d":"PALOMINO","4d":"IMINE","5d":"NONE","6d":"ERG","7d":"MEXICANHAIRLESS","8d":"EXERTS","9d":"MANGO","10d":"OMOO","11d":"RIP","12d":"INHALE","13d":"AEOLIS","14d":"LENAPE","20d":"VERAS","23d":"HUMID","24d":"FERRO","26d":"ASTIN","27d":"GARBS","29d":"ETHEL","30d":"CERES","32d":"TILLS","33d":"IRRITANT","34d":"ENTRANCE","35d":"RESENTED","38d":"WASHES","39d":"ORIOLE","40d":"MADMEN","41d":"RAIDER","44d":"ERATO","45d":"DAVIS","47d":"AMAT","48d":"SAVE","50d":"EVA","51d":"SET"}}