{"numbers":[["1","2","3","4","-","5","6","7","8","9","-","10","11","12","-","13","14","15","16","17","18"],["19","","","","-","20","","","","","-","21","","","-","22","","","","",""],["23","","","","24","","","","","","25","","","","-","26","","","","",""],["27","","","","","","","","-","28","","","","","-","-","-","29","","",""],["-","-","-","30","","","","-","31","","","","","-","32","33","34","","","-","-"],["35","36","37","","","","-","38","","","","","-","39","","","","","","40","41"],["42","","","","-","43","44","","","","","","45","","","","","-","46","",""],["47","","","","-","-","48","","","-","-","-","49","","","","-","50","","",""],["51","","","-","52","53","","","","54","55","56","","","-","-","57","","","",""],["58","","","-","59","","","","-","60","","","","","-","61","","","","",""],["-","-","62","63","","","","-","64","","","","","-","65","","","","","-","-"],["66","67","","","","","-","68","","","","","-","69","","","","-","70","71","72"],["73","","","","","-","-","74","","","","","75","","","","","-","76","",""],["77","","","","-","78","79","","","-","-","-","80","","","-","-","81","","",""],["82","","","-","83","","","","","84","85","86","","","","87","-","88","","",""],["89","","","90","","","","","-","91","","","","","-","92","93","","","",""],["-","-","94","","","","","-","95","","","","","-","96","","","","-","-","-"],["97","98","","","-","-","-","99","","","","","-","100","","","","","101","102","103"],["104","","","","105","106","-","107","","","","","108","","","","","","","",""],["109","","","","","","-","110","","","-","111","","","","","-","112","","",""],["113","","","","","","-","114","","","-","115","","","","","-","116","","",""]],"clues":{"1a":"Quite the rage","5a":"\"Throw ___ from the Train\"","10a":"Abbr. in car ads","13a":"Gilt","19a":"Top of the line","20a":"Ne plus ultra","21a":"Associate of Tigger the Tiger","22a":"One of the Beverly Hillbillies","23a":"1990 Craig Lucas play","26a":"Rich fabric","27a":"Go with","28a":"Old-fashioned","29a":"Galatea's beloved","30a":"Agathe and others: Abbr.","31a":"Lofty perch","32a":"Onetime Hershey's rival","35a":"Contributing ___","38a":"\"It is a nipping ___ eager air\": Shakespeare","39a":"Location of many bars","42a":"Side petals of a flower","43a":"1966 Wilson Pickett hit","46a":"Anderson's \"High ___\"","47a":"Skedaddles","48a":"___-distant (so-called)","49a":"Good-sized","50a":"Sphinx site","51a":"Sample","52a":"\"Hurts So Good\" singer","57a":"Dred Scott Justice","58a":"Purpose","59a":"Robt. ___","60a":"Worker, informally","61a":"Disposes of evidence, in a way","62a":"Colorful perennial","64a":"Sculptor George","65a":"Stone heap","66a":"One of the twins in \"Twins\"","68a":"___-ski","69a":"Caramel-topped dessert","70a":"Literary monogram","73a":"Copacetic state","74a":"Shelley work","76a":"___ glance","77a":"Criticized","78a":"L.B.J. biographer Robert","80a":"Propeller","81a":"France's ___ de Glenans","82a":"Sorority letter","83a":"1954 Kurosawa classic, with \"The\"","88a":"Give way","89a":"Boost the battery","91a":"Cache","92a":"Let down one's guard","94a":"Tilts","95a":"Person with a mission","96a":"___ cosa (something else): Sp.","97a":"Small airport craft, for short","99a":"First woman in the British Parliament","100a":"Places for doctors' strikes?","104a":"Author Raymond","107a":"Oklahoma group","109a":"News interruption","110a":"Chess champ Mikhail","111a":"Certain addicts","112a":"Actress ___ May Oliver","113a":"Fit","114a":"Rte. 66, e.g.","115a":"Feminist Lucy","116a":"Baritone","1d":"Bullfighter's red cloak","2d":"___ de combat","3d":"___ de Castro (Spanish noblewoman)","4d":"Piano pedals that mute the strings","5d":"College test","6d":"\"Waiting for Lefty\" playwright","7d":"\"Take ___ your leader\"","8d":"Much-quoted luminary","9d":"San Francisco suburb","10d":"Stemming","11d":"Group on horseback","12d":"Looking up","13d":"Nightwear, for short","14d":"Wildflower site","15d":"Onslaught","16d":"Hammett character","17d":"\"... ___ saw Elba\"","18d":"Capos","24d":"Golden-rule word","25d":"It starts \"In the name of Allah...\"","31d":"Prank","32d":"Not shrinking","33d":"Paris designation","34d":"Piggery","35d":"Disloyal","36d":"Novelist Robbe-Grillet","37d":"Carter compact","38d":"Collectively","39d":"Laissez-___","40d":"Displayed, as charm","41d":"Dentist's shots","44d":"House of Poe","45d":"Stop running","50d":"\"Mr. Mom\" co-star, 1983","52d":"Overhang","53d":"Low-fat alternative","54d":"\"Yolanta,\" e.g.","55d":"Presses","56d":"\"___ Alice\" (antidrug film)","57d":"\"Just ___!\"","61d":"Mosel feeder","63d":"Spot","64d":"Scoop (up)","65d":"David Copperfield's mother","66d":"Adventurous one","67d":"Gush","68d":"Up ___ (stuck)","69d":"Distress signal","71d":"Publisher Hoffenberg","72d":"Let up","75d":"Porter's \"___ Got That Thing\"","78d":"Legal writ from an appeals court, briefly","79d":"Middle amts.","81d":"Influenced","83d":"___ Bruno, Calif.","84d":"First word of \"Ulysses\"","85d":"Fire","86d":"Times hence","87d":"High-powered","90d":"Honeyed Turkish confection","93d":"Range of expertise","95d":"\"Fiddlesticks!\"","96d":"Tie ___","97d":"Lowlife","98d":"Runner's goal","99d":"Pituitary hormone, for short","100d":"Vegas attraction","101d":"Man Friday","102d":"Corn cake","103d":"Cereal sound","105d":"When Paris sizzles","106d":"Raw","108d":"Do-it-yourselfer's start"},"answers":{"1a":"CHIC","5a":"MOMMA","10a":"APR","13a":"PLATED","19a":"AONE","20a":"IDEAL","21a":"ROO","22a":"JETHRO","23a":"PRELUDETOAKISS","26a":"SATEEN","27a":"ASSENTTO","28a":"MOSSY","29a":"ACIS","30a":"STES","31a":"AERIE","32a":"BOSCO","35a":"FACTOR","38a":"ANDAN","39a":"FORTKNOX","42a":"ALAE","43a":"MUSTANGSALLY","46a":"TOR","47a":"LAMS","48a":"SOI","49a":"TIDY","50a":"GIZA","51a":"SIP","52a":"JOHNCOUGAR","57a":"TANEY","58a":"END","59a":"ELEE","60a":"PROLE","61a":"SHREDS","62a":"ASTER","64a":"SEGAL","65a":"CAIRN","66a":"DEVITO","68a":"APRES","69a":"FLAN","70a":"TSE","73a":"AMITY","74a":"TOASKYLARK","76a":"ATA","77a":"RODE","78a":"CARO","80a":"OAR","81a":"ILES","82a":"ETA","83a":"SEVENSAMURAI","88a":"MOVE","89a":"RECHARGE","91a":"TROVE","92a":"NAPPED","94a":"CANTS","95a":"PADRE","96a":"OTRA","97a":"STOL","99a":"ASTOR","100a":"KNEECAPS","104a":"CARVER","107a":"CHEROKEENATION","109a":"UPDATE","110a":"TAL","111a":"WINOS","112a":"EDNA","113a":"MESHED","114a":"HWY","115a":"STONE","116a":"DEEP","1d":"CAPA","2d":"HORS","3d":"INES","4d":"CELESTES","5d":"MIDTERM","6d":"ODETS","7d":"METO","8d":"MAO","9d":"ALAMEDA","10d":"ARISING","11d":"POSSE","12d":"ROSY","13d":"PJS","14d":"LEA","15d":"ATTACK","16d":"THECONTINENTALOP","17d":"EREI","18d":"DONS","24d":"UNTO","25d":"KORAN","31d":"ANTIC","32d":"BOLD","33d":"ORLY","34d":"STY","35d":"FALSE","36d":"ALAIN","37d":"CAMPDAVIDACCORDS","38d":"ASONE","39d":"FAIRE","40d":"OOZED","41d":"XRAYS","44d":"USHER","45d":"STALL","50d":"GARR","52d":"JETTY","53d":"OLEO","54d":"OPERA","55d":"URGES","56d":"GOASK","57d":"THINK","61d":"SAAR","63d":"SITE","64d":"SPOON","65d":"CLARA","66d":"DARER","67d":"EMOTE","68d":"ATREE","69d":"FLARE","71d":"STEVE","72d":"EASED","75d":"YOUVE","78d":"CERT","79d":"AVGS","81d":"IMPACTED","83d":"SAN","84d":"STATELY","85d":"ARDOR","86d":"MORROWS","87d":"INTENSE","90d":"HALVAH","93d":"AREA","95d":"PSHAW","96d":"ONEON","97d":"SCUM","98d":"TAPE","99d":"ACTH","100d":"KENO","101d":"AIDE","102d":"PONE","103d":"SNAP","105d":"ETE","106d":"RED","108d":"KIT"}}