{"numbers":[["1","2","3","4","5","-","6","7","8","9","-","10","11","12","13"],["14","","","","","-","15","","","","-","16","","",""],["17","","","","","18","","","","","-","19","","",""],["20","","","","-","21","","","","-","22","","","",""],["-","-","-","-","23","","","","-","24","","","","","-"],["25","26","27","28","","","-","29","30","","","","","-","-"],["31","","","","","-","32","","","","","-","33","34","35"],["36","","","","","37","","-","38","","","39","","",""],["40","","","-","41","","","42","","-","43","","","",""],["-","-","44","45","","","","","-","46","","","","",""],["-","47","","","","","-","48","49","","","-","-","-","-"],["50","","","","","-","51","","","","-","52","53","54","55"],["56","","","","-","57","","","","","58","","","",""],["59","","","","-","60","","","","-","61","","","",""],["62","","","","-","63","","","","-","64","","","",""]],"clues":{"1a":"Brazilian dance","6a":"Teen woe","10a":"Loot","14a":"\"The Tempest\" sprite","15a":"Avoid","16a":"Sherwood Anderson's \"Winesburg, ___\"","17a":"Letter turner","19a":"Home for some crocodiles","20a":"Crimson foes","21a":"Ones who brood","22a":"Sees socially","23a":"Artist Magritte","24a":"Measured (out)","25a":"Sir Isaac","29a":"Teeter","31a":"Singer Merman","32a":"Beauty's companion","33a":"Oklahoma city","36a":"Comedian Jerry","38a":"Neck artery","40a":"Tit for ___","41a":"Destroy for fun","43a":"Tip over","44a":"Storied Plaza girl","46a":"Alarms","47a":"Square, e.g.","48a":"Help in mischief","50a":"Makes a mess","51a":"Off base, maybe","52a":"Use a letter opener","56a":"Papal name","57a":"\"Perils of Pauline\" star","59a":"Otherwise","60a":"First name in mysteries","61a":"Movado rival","62a":"Not natural","63a":"Olympian's quest","64a":"You'll get a rise out of this","1d":"Pack rat's motto","2d":"Asia's ___ Sea","3d":"60's fashion","4d":"Writer Hecht and others","5d":"Pie ___ mode","6d":"Wan","7d":"One-fifth of humankind","8d":"Goofy","9d":"Opposite WSW","10d":"\"Moonlight,\" e.g.","11d":"Arkansas location","12d":"Felt below par","13d":"\"Here ___!\"","18d":"Invitation info","22d":"Ruin","23d":"Stylish desks","24d":"Tableland","25d":"Egg container","26d":"Ms. Kett of old comics","27d":"Executive branch","28d":"Part of ITT: Abbr.","30d":"Per","32d":"Women's support group?","34d":"Eat well","35d":"Puts two and two together","37d":"Admiral Perry victory site","39d":"W.W. ll agcy.","42d":"Beach protector","45d":"Like an unpaid policy","46d":"Wall Street order","47d":"In a foxy way","49d":"Yawning?","50d":"Raced","51d":"Space prefix","52d":"Tree locale","53d":"Valentino co-star ___ Lei","54d":"Residents: Suffix","55d":"Not pictures","57d":"\"___ o' My Heart\"","58d":"Kind of humor"},"answers":{"1a":"SAMBA","6a":"ACNE","10a":"SWAG","14a":"ARIEL","15a":"SHUN","16a":"OHIO","17a":"VANNAWHITE","19a":"NILE","20a":"ELIS","21a":"HENS","22a":"DATES","23a":"RENE","24a":"METED","25a":"NEWTON","29a":"SEESAW","31a":"ETHEL","32a":"BEAST","33a":"ADA","36a":"STILLER","38a":"CAROTID","40a":"TAT","41a":"TRASH","43a":"UPEND","44a":"ELOISE","46a":"SCARES","47a":"SHAPE","48a":"ABET","50a":"SLOPS","51a":"AWOL","52a":"SLIT","56a":"PIUS","57a":"PEARLWHITE","59a":"ELSE","60a":"ERLE","61a":"ROLEX","62a":"DYED","63a":"GOLD","64a":"YEAST","1d":"SAVE","2d":"ARAL","3d":"MINI","4d":"BENS","5d":"ALA","6d":"ASHEN","7d":"CHINESE","8d":"NUTS","9d":"ENE","10d":"SONATA","11d":"WHITEWATER","12d":"AILED","13d":"GOES","18d":"WHEN","22d":"DESTRUCT","23d":"ROLLTOPS","24d":"MESA","25d":"NEST","26d":"ETTA","27d":"WHITEHOUSE","28d":"TEL","30d":"EACH","32d":"BRAS","34d":"DINE","35d":"ADDS","37d":"ERIE","39d":"OPA","42d":"SEAWALL","45d":"LAPSED","46d":"SELL","47d":"SLILY","49d":"BORED","50d":"SPED","51d":"AERO","52d":"SHOE","53d":"LILA","54d":"ITES","55d":"TEXT","57d":"PEG","58d":"WRY"}}