{"numbers":[["1","2","3","4","-","5","6","7","8","9","-","10","11","12","13"],["14","","","","-","15","","","","","-","16","","",""],["17","","","","-","18","","","","","-","19","","",""],["-","20","","","21","","","","","","22","","","",""],["23","","","-","24","","","-","-","-","25","","","",""],["26","","","27","","","","28","29","30","","-","-","-","-"],["31","","","","","-","-","32","","","","-","33","34","35"],["36","","","","-","37","38","","","","-","39","","",""],["40","","","-","41","","","","-","-","42","","","",""],["-","-","-","-","43","","","","44","45","","","","",""],["46","47","48","49","","-","-","-","50","","","-","51","",""],["52","","","","","53","54","55","","","","56","","","-"],["57","","","","-","58","","","","","-","59","","","60"],["61","","","","-","62","","","","","-","63","","",""],["64","","","","-","65","","","","","-","66","","",""]],"clues":{"1a":"Buddy","5a":"Balance sheet listing","10a":"Helper: Abbr.","14a":"New Rochelle college","15a":"They fly in formation","16a":"Wife of ___ (Chaucer pilgrim)","17a":"Ordnance","18a":"Fill with glee","19a":"Out of the weather","20a":"Battle in which Lee defeated Pope","23a":"Sunday talk: Abbr.","24a":"Activity","25a":"Fountain treat, for short","26a":"Battle in which Bragg defeated Rosecrans","31a":"Singer Coolidge et al.","32a":"Corner","33a":"11th-century date","36a":"Heaven on earth","37a":"Change","39a":"Earth sci.","40a":"Marry","41a":"Fine poker holdings","42a":"Hawks","43a":"Battle in which Grant defeated Bragg","46a":"John Wilkes Booth, e.g.","50a":"Tempe sch.","51a":"Items on a \"must\" list","52a":"Battle in which Lee defeated Burnside","57a":"Retread, e.g.","58a":"Go along (with)","59a":"Wrangler's pal","61a":"Overlook","62a":"Some are heroic","63a":"Mideast land","64a":"Promontory","65a":"Kilmer opus","66a":"Nino's nothing","1d":"Spy grp.","2d":"Baseball, informally","3d":"Not deserved","4d":"Not fem.","5d":"Work to do","6d":"Infrequently","7d":"Petticoat junction","8d":"\"Como ___ usted?\"","9d":"Chelsea Clinton, e.g.","10d":"Embarrass","11d":"Nacho topping","12d":"Rib-eye","13d":"Ones nearby","21d":"Dumbarton ___ (1944 meeting site)","22d":"P.D.Q.","23d":"Item in a hardware bin","27d":"Fire","28d":"Nuclear experiment","29d":"Coffee server","30d":"Start for fly or about","33d":"Three-hanky film","34d":"City once named for Stalin","35d":"Rick's beloved et al.","37d":"Herr's \"Oh!\"","38d":"\"Cry ___ River\"","39d":"General Motors make","41d":"Parcel of land","42d":"High-hat","44d":"Words before \"I'm yours\"","45d":"Tax","46d":"\"Sweet\" river of song","47d":"Record blot","48d":"Actress Garr et al.","49d":"Playwright Clifford","53d":"Engrossed","54d":"Mr. Stravinsky","55d":"Saskatchewan tribe","56d":"Atop","60d":"Kind of testing"},"answers":{"1a":"CHUM","5a":"ASSET","10a":"ASST","14a":"IONA","15a":"GEESE","16a":"BATH","17a":"ARMS","18a":"ELATE","19a":"ALEE","20a":"SECONDMANASSAS","23a":"SER","24a":"ADO","25a":"SHAKE","26a":"CHICKAMAUGA","31a":"RITAS","32a":"TRAP","33a":"MVI","36a":"EDEN","37a":"AMEND","39a":"GEOL","40a":"WED","41a":"ACES","42a":"SELLS","43a":"CHATTANOOGA","46a":"ACTOR","50a":"ASU","51a":"DOS","52a":"FREDERICKSBURG","57a":"TIRE","58a":"AGREE","59a":"PARD","61a":"OMIT","62a":"POEMS","63a":"OMAN","64a":"NESS","65a":"TREES","66a":"NADA","1d":"CIA","2d":"HORSEHIDE","3d":"UNMERITED","4d":"MASC","5d":"AGENDA","6d":"SELDOM","7d":"SEAM","8d":"ESTA","9d":"TEEN","10d":"ABASH","11d":"SALSA","12d":"STEAK","13d":"THESE","21d":"OAKS","22d":"ASAP","23d":"SCREW","27d":"CAN","28d":"ATEST","29d":"URN","30d":"GAD","33d":"MELODRAMA","34d":"VOLGOGRAD","35d":"ILSAS","37d":"ACH","38d":"MEA","39d":"GEO","41d":"ACRE","42d":"SNUB","44d":"TAKEME","45d":"ASSESS","46d":"AFTON","47d":"CRIME","48d":"TERIS","49d":"ODETS","53d":"RAPT","54d":"IGOR","55d":"CREE","56d":"UPON","60d":"DNA"}}