{"numbers":[["1","2","3","4","5","-","-","6","7","8","9","-","10","11","12"],["13","","","","","-","14","","","","","15","","",""],["16","","","","","-","17","","","","","","","",""],["-","-","-","18","","19","","","-","20","","","-","-","-"],["21","22","23","-","24","","","-","25","","","","26","27","28"],["29","","","30","","","-","31","","","","-","32","",""],["33","","","","","","-","34","","","-","35","","",""],["36","","","","-","37","38","","","","-","39","","",""],["40","","","","-","41","","","-","42","43","","","",""],["44","","","-","45","","","","-","46","","","","",""],["47","","","48","","","","-","49","","","-","50","",""],["-","-","-","51","","","-","52","","","","53","-","-","-"],["54","55","56","","","","57","","","-","58","","59","60","61"],["62","","","","","","","","","-","63","","","",""],["64","","","-","65","","","","-","-","66","","","",""]],"clues":{"1a":"Bombay V.I.P.","6a":"Hacienda part","10a":"Money grp.","13a":"With 16-Across, financially O.K.","14a":"By its very nature","16a":"See 13-Across","17a":"Lab containers","18a":"Hemmed","20a":"James Murray work: Abbr.","21a":"Air hero","24a":"Pro ___","25a":"Kind of violet","29a":"Hawaiian verandas","31a":"Cousin of a mlle.","32a":"Inseparable","33a":"Lake ___ (Mississippi's source)","34a":"German \"I\"","35a":"Musical ending","36a":"Composer with a clavier","37a":"Mississippi waterway","39a":"Gland finale?","40a":"Der ___ (Adenauer)","41a":"Coll. srs. exam","42a":"Sophisticated","44a":"Scare word","45a":"Jungle squeezers","46a":"California team","47a":"Approve","49a":"The nth degree?","50a":"Festival time","51a":"Postal abbr.","52a":"Soviet workers' cooperative","54a":"Robin's transport","58a":"See 63-Across","62a":"Cost containment measure","63a":"With 58-Across, blockaded","64a":"Firecracker's path","65a":"Fun-house cries","66a":"Pretender","1d":"Green","2d":"\"The ___ Daba Honeymoon\"","3d":"Write a bit","4d":"Former ova","5d":"Abelard, e.g.","6d":"Rushed","7d":"Balaam's beast","8d":"See 9-Down","9d":"With 8-Down, a reply's start","10d":"Banned chemical compound","11d":"Had a little lamb","12d":"Lettuce variety","14d":"Agenda listing","15d":"German import","19d":"See 45-Down","21d":"Legendary Arabian hero","22d":"Make a list","23d":"Doer","25d":"With a bow, musically","26d":"Radiator fluid","27d":"Faster than adagio","28d":"Least remote","30d":"Late apartheid opponent","31d":"Appraises, with \"up\"","35d":"Sierra Maestra country","38d":"Flaherty's \"Man of ___\"","43d":"Takes the elevator, perhaps","45d":"With 19-Down, predeparture words","48d":"Author Bombeck","49d":"Make ready, informally","52d":"\"Poor pitiful me!\"","53d":"Prefix with type","54d":"Merit badge grp.","55d":"Swiss river","56d":"Hosp. attention","57d":"Word of disgust","59d":"Both Begleys","60d":"\"Huh!\"","61d":"Sin"},"answers":{"1a":"RAJAH","6a":"SALA","10a":"PAC","13a":"ABOVE","14a":"IPSOFACTO","16a":"WATER","17a":"TESTTUBES","18a":"SEWED","20a":"OED","21a":"ACE","24a":"TEM","25a":"AFRICAN","29a":"LANAIS","31a":"SRTA","32a":"ONE","33a":"ITASCA","34a":"ICH","35a":"CODA","36a":"BACH","37a":"YAZOO","39a":"ULAR","40a":"ALTE","41a":"GRE","42a":"URBANE","44a":"BOO","45a":"BOAS","46a":"GIANTS","47a":"AGREEON","49a":"PHD","50a":"TET","51a":"RFD","52a":"ARTEL","54a":"BATMOBILE","58a":"SIEGE","62a":"SALARYCAP","63a":"UNDER","64a":"ARC","65a":"EEKS","66a":"POSER","1d":"RAW","2d":"ABA","3d":"JOT","4d":"AVES","5d":"HERETIC","6d":"SPED","7d":"ASS","8d":"LOTOFTHOUGHT","9d":"AFTERA","10d":"PCB","11d":"ATE","12d":"COS","14d":"ITEM","15d":"AUDI","19d":"WESAYGOODBYE","21d":"ALIBABA","22d":"CATALOG","23d":"ENACTOR","25d":"ARCO","26d":"COOLANT","27d":"ANDANTE","28d":"NEAREST","30d":"ASHE","31d":"SIZES","35d":"CUBA","38d":"ARAN","43d":"RIDESUP","45d":"BEFORE","48d":"ERMA","49d":"PREP","52d":"ALAS","53d":"LINO","54d":"BSA","55d":"AAR","56d":"TLC","57d":"ICK","59d":"EDS","60d":"GEE","61d":"ERR"}}