{"numbers":[["1","2","3","4","5","6","-","7","8","9","10","-","11","12","13"],["14","","","","","","-","15","","","","16","","",""],["17","","","","","","18","","","","","","","",""],["19","","","","-","20","","","","","-","21","","",""],["22","","","-","23","","","","","","24","-","25","",""],["26","","","27","","-","28","","","-","29","30","","",""],["31","","","","","32","","-","33","34","","","-","-","-"],["35","","","","","","-","-","-","36","","","37","38","39"],["-","-","-","40","","","41","-","42","","","","","",""],["43","44","45","","","-","46","47","","","-","48","","",""],["49","","","-","50","51","","","","-","52","","","",""],["53","","","54","-","55","","","","56","","-","57","",""],["58","","","","59","","","","","","","60","","",""],["61","","","","","","","","-","62","","","","",""],["63","","","-","64","","","","-","65","","","","",""]],"clues":{"1a":"Some of the Dead Sea Scrolls","7a":"Guitarist Hendrix","11a":"Bygone cause","14a":"Way to Brooklyn or Broadway, in song","15a":"Breakdowns","17a":"Pithy depiction","19a":"Garnets","20a":"Mystery author Lathen et al.","21a":"Drive away","22a":"Brilliant conclusion","23a":"Fitness guru","25a":"Heed","26a":"Create a fragrant aura","28a":"The end, to some","29a":"Baseball Hall-of-Famer Combs","31a":"Crystal mineral","33a":"Miniplay","35a":"Bad-mouths","36a":"Faithless","40a":"Kiss, to 47 Down","42a":"Massed forces","43a":"Full-up","46a":"Spirit","48a":"Throw off","49a":"Neighbor of Scorpius","50a":"Catch on","52a":"Chuck","53a":"Tomb articles","55a":"1955 Preakness and Belmont winner","57a":"Study","58a":"Apt medium for 17 Across","61a":"From now on","62a":"Remove blubber from","63a":"___ judicata","64a":"Plant-growth retardant","65a":"Turned out","1d":"Soprano Munsel et al.","2d":"Reading room","3d":"Girl in Beatles song","4d":"Tubers","5d":"Thorax protector","6d":"Private","7d":"\"The Travels of ___ McPheeters\"","8d":"Nonborder regions","9d":"Tricky shot, on baize","10d":"Order","11d":"Job's forerunner","12d":"Take on more fuel","13d":"Not at sea","16d":"Sandburg's \"___, the Dead Speak to Us\"","18d":"Floor","23d":"Round coffeecake","24d":"Queen, to Juan Carlos","27d":"Quench","30d":"Churchill's successor in 1945","32d":"Craft with delta wings","34d":"Bowie the commish","37d":"Months of dawn-to-dusk fasting","38d":"Miss ___","39d":"Far out","41d":"Courtesan of ancient Attica","42d":"Disease, in combos","43d":"\"She-Bop\" singer, 1984","44d":"Check in","45d":"Flings of a sort","47d":"One who avoids \"sissies\"?","51d":"Matriculate","52d":"Little Iodine's creator","54d":"Dover or Hörmuz: Abbr.","56d":"Defunct sports grp.","59d":"She was Glory in \"Mad Dog and Glory\"","60d":"Bus. mogul"},"answers":{"1a":"PAPYRI","7a":"JIMI","11a":"ERA","14a":"ATRAIN","15a":"ANALYSES","17a":"THUMBNAILSKETCH","19a":"REDS","20a":"EMMAS","21a":"SHOO","22a":"INE","23a":"TRAINER","25a":"EAR","26a":"CENSE","28a":"ZED","29a":"EARLE","31a":"EUCLASE","33a":"SKIT","35a":"SMEARS","36a":"UNTRUE","40a":"KITH","42a":"PHALANX","43a":"LADEN","46a":"ELAN","48a":"EMIT","49a":"ARA","50a":"GETIT","52a":"HEAVE","53a":"URNS","55a":"NASHUA","57a":"DEN","58a":"PICTUREPOSTCARD","61a":"EVERMORE","62a":"FLENSE","63a":"RES","64a":"ALAR","65a":"LOOSED","1d":"PATRICES","2d":"ATHENEUM","3d":"PRUDENCE","4d":"YAMS","5d":"RIB","6d":"INNER","7d":"JAIMIE","8d":"INLANDS","9d":"MASSE","10d":"ILK","11d":"ESTHER","12d":"RECOAL","13d":"ASHORE","16d":"YES","18d":"AMAZE","23d":"TEARING","24d":"REINA","27d":"SLAKE","30d":"ATTLEE","32d":"SST","34d":"KUHN","37d":"RAMADANS","38d":"UNIVERSE","39d":"EXTENDED","41d":"HETAERA","42d":"PATHO","43d":"LAUPER","44d":"ARRIVE","45d":"DANCES","47d":"LISPER","51d":"ENROL","52d":"HATLO","54d":"STR","56d":"USFL","59d":"UMA","60d":"CEO"}}