{"numbers":[["1","2","3","4","-","5","6","7","8","9","-","-","10","11","12","13","-","14","15","16","17"],["18","","","","-","19","","","","","-","20","","","","","-","21","","",""],["22","","","","23","","","","","","-","24","","","","","25","","","",""],["26","","","","","","","","-","27","28","","","","-","29","","","","",""],["-","-","-","30","","","","-","31","","","","","-","32","","","","-","-","-"],["33","34","35","","","","-","36","","","","","-","37","","","","","38","39","40"],["41","","","","","-","42","","","","","","43","","","","","-","44","",""],["45","","","","-","46","","","","-","-","-","47","","","","-","48","","",""],["49","","","-","50","","","","","51","52","53","","","","-","54","","","",""],["-","-","55","56","","","","","-","57","","","","","-","58","","","","",""],["-","59","","","","","-","-","60","","","","","-","-","61","","","","","-"],["62","","","","","","-","63","","","","","-","64","65","","","","","-","-"],["66","","","","","-","67","","","","","","68","","","","","-","69","70","71"],["72","","","","-","73","","","","-","-","-","74","","","","-","75","","",""],["76","","","-","77","","","","","78","79","80","","","","-","81","","","",""],["82","","","83","","","","","-","84","","","","","-","85","","","","",""],["-","-","-","86","","","","-","87","","","","","-","88","","","","-","-","-"],["89","90","91","","","","-","92","","","","","-","93","","","","","94","95","96"],["97","","","","","","98","","","","-","99","100","","","","","","","",""],["101","","","","-","102","","","","","-","103","","","","","-","104","","",""],["105","","","","-","106","","","","-","-","107","","","","","-","108","","",""]],"clues":{"1a":"Blacksmith's tool","5a":"Easter Island head, e.g.","10a":"Sacred symbols at Thebes","14a":"Nutmeg's sister","18a":"\"___ you!\" (words in a tot's game)","19a":"Kafka novel, with \"The\"","20a":"Medicine Nobelist Severo ___","21a":"Impulse carrier","22a":"N.F.L. carrier?","24a":"N.F.L. lumber?","26a":"Outstanding feature","27a":"Football-like","29a":"Exercises","30a":"Ontario native","31a":"Make challah","32a":"Bandleader Kenton","33a":"Brownie ingredients, sometimes","36a":"Not slick","37a":"Laptop, e.g.","41a":"In agreement","42a":"Supreme Court Justice from the N.F.L.?","44a":"Foreign article","45a":"Words of wisdom","46a":"Mountain pool","47a":"Memo sign-off","48a":"Cosmetics applicator","49a":"It may have a ring","50a":"N.F.L. recruiters?","54a":"Artist Andrea del ___","55a":"Plenty","57a":"Copper source","58a":"It sounds on the hour","59a":"Words","60a":"Painters' needs","61a":"Contend with","62a":"Juntos","63a":"\"___ the Conqueror\" (1988 Best Foreign Film)","64a":"Devoted swain","66a":"Do penance","67a":"N.F.L. transportation?","69a":"King Arthur's steward Sir ___","72a":"Laugh-a-minute","73a":"Bit of saltwater?","74a":"Ill-favored","75a":"Queen of the heavens","76a":"Suffix with consist","77a":"When an N.F.L.er is feted?","81a":"Go by car","82a":"Some flower beds","84a":"Antibacterial virus","85a":"Chap","86a":"\"Buffalo ___\" (old song favorite)","87a":"Like a flophouse","88a":"Gives the heave-ho","89a":"Annual report listing","92a":"Put on the line","93a":"Film holder","97a":"Cuddly N.F.L. mascot?","99a":"N.F.L. subduers?","101a":"Roberts of \"Star 80\"","102a":"Reggie and Michael Jackson, e.g.","103a":"Dropping the ball, e.g.","104a":"Trapped like ___","105a":"Just say no","106a":"A canonical hour","107a":"Actor Aiello","108a":"Bering Sea port","1d":"Cookout fare","2d":"Minor place","3d":"Deal in","4d":"Christian symbols of charity","5d":"Diamonds","6d":"Harness strap","7d":"Brian Friel's home","8d":"Stripling","9d":"Slowpoke","10d":"Biting","11d":"Like show horses","12d":"Explosive sound","13d":"Hazard","14d":"Daughter of Pericles, in Shakespeare","15d":"Double or triple feat","16d":"Welsh product","17d":"They're sometimes loose","20d":"Orchestra member","23d":"Copyright treaty city","25d":"Katzenjammer Kids, e.g.","28d":"Like all outdoors","31d":"Pickling agent","32d":"Biological bodies","33d":"Yesterdays","34d":"The Bible's \"hairy one\"","35d":"N.F.L. footwear?","36d":"Van Doren and Van Vechten","37d":"It goes par avion","38d":"Where some N.F.L.ers shop?","39d":"Drop frame","40d":"Soothsayer's home","42d":"Solomonic","43d":"Moves by rail","46d":"Powders","48d":"Put aside","50d":"Ancient magistrate","51d":"50's actress Gia","52d":"Kind of beans","53d":"Exxon Valdez, e.g.","54d":"\"Rocky\" co-star","56d":"Praying figure","58d":"Back-room fellow","59d":"Barrio resident","60d":"Bacteriologist J.R. ___","62d":"Thoughtful soul","63d":"Compote ingredients","64d":"Fish food","65d":"\"What's My Line\" host John","67d":"Leaps for Peter Martins","68d":"Not thin","70d":"Buck add-on","71d":"Tall one","73d":"Pilot's danger","75d":"Quartet member","77d":"Whitney's business partner","78d":"Covent Garden offerings","79d":"Pat Boone's \"___ I Love\"","80d":"Ready to be ridden","81d":"The brainy bunch","83d":"Reuters, for one","85d":"Turnover","87d":"Edge","88d":"Paternoster preceder","89d":"Fossilized","90d":"Stable parent","91d":"Pitcher Johnny","92d":"Not right now","93d":"Skier's snow","94d":"Mr. T's last name","95d":"Amusement park transport","96d":"Villa d'___","98d":"Trouble","100d":"It can be in C.D.'s"},"answers":{"1a":"RASP","5a":"STELA","10a":"ASPS","14a":"MACE","18a":"ISEE","19a":"TRIAL","20a":"OCHOA","21a":"AXON","22a":"BILLBOARDS","24a":"BROWNBREAD","26a":"SALIENCE","27a":"OVOID","29a":"DRILLS","30a":"CREE","31a":"BRAID","32a":"STAN","33a":"PECANS","36a":"CRASS","37a":"PORTABLE","41a":"ASONE","42a":"SAINTTHOMAS","44a":"EIN","45a":"SAWS","46a":"TARN","47a":"ASAP","48a":"WAND","49a":"TUB","50a":"EAGLESCOUTS","54a":"SARTO","55a":"OODLES","57a":"CHILE","58a":"CHIMER","59a":"LYRIC","60a":"PAILS","61a":"RIVAL","62a":"CABALS","63a":"PELLE","64a":"ADORER","66a":"ATONE","67a":"JETAIRPLANE","69a":"KAY","72a":"RIOT","73a":"TEAR","74a":"UGLY","75a":"HERA","76a":"ENT","77a":"PATRIOTSDAY","81a":"MOTOR","82a":"ROSARIES","84a":"PHAGE","85a":"PERSON","86a":"GALS","87a":"SEEDY","88a":"CANS","89a":"ASSETS","92a":"AIRED","93a":"CASSETTE","97a":"GIANTPANDA","99a":"LIONTAMERS","101a":"ERIC","102a":"IDOLS","103a":"ERROR","104a":"ARAT","105a":"DENY","106a":"NONE","107a":"DANNY","108a":"NOME","1d":"RIBS","2d":"ASIA","3d":"SELL","4d":"PELICANS","5d":"STONES","6d":"TRACE","7d":"EIRE","8d":"LAD","9d":"ALSORAN","10d":"ACRID","11d":"SHOD","12d":"POW","13d":"SANDTRAP","14d":"MARINA","15d":"AXEL","16d":"COAL","17d":"ENDS","20d":"OBOIST","23d":"BERNE","25d":"BRATS","28d":"VAST","31d":"BRINE","32d":"SOMAS","33d":"PAST","34d":"ESAU","35d":"COWBOYBOOTS","36d":"CARLS","37d":"POSTE","38d":"BEARMARKETS","39d":"LINTEL","40d":"ENDOR","42d":"SAGE","43d":"HAULS","46d":"TALCS","48d":"WAIVE","50d":"EDILE","51d":"SCALA","52d":"CHILI","53d":"OILER","54d":"SHIRE","56d":"ORANT","58d":"CRONY","59d":"LATINO","60d":"PETRI","62d":"CARER","63d":"PEARS","64d":"ALGAE","65d":"DALY","67d":"JETES","68d":"PUDGY","70d":"AROO","71d":"YARN","73d":"TAILSPIN","75d":"HORSEMAN","77d":"PRATT","78d":"OPERAS","79d":"THEE","80d":"SADDLED","81d":"MENSA","83d":"AGENCY","85d":"PASTRY","87d":"SIDLE","88d":"CANON","89d":"AGED","90d":"SIRE","91d":"SAIN","92d":"ANON","93d":"CORN","94d":"TERO","95d":"TRAM","96d":"ESTE","98d":"ADO","100d":"IRA"}}