{"numbers":[["1","2","3","4","5","-","6","7","8","9","-","10","11","12","13"],["14","","","","","-","15","","","","-","16","","",""],["17","","","","","18","","","","","-","19","","",""],["20","","","","-","21","","","","","-","22","","",""],["-","-","-","-","23","","","","","-","24","","","","-"],["25","26","27","28","","-","29","","","-","30","","","-","-"],["31","","","","","32","-","-","33","34","","-","35","36","37"],["38","","","","","","39","-","40","","","41","","",""],["42","","","-","43","","","-","-","44","","","","",""],["-","-","45","46","","-","47","48","49","-","50","","","",""],["-","51","","","","-","52","","","53","","-","-","-","-"],["54","","","","-","55","","","","","-","56","57","58","59"],["60","","","","-","61","","","","","62","","","",""],["63","","","","-","64","","","","-","65","","","",""],["66","","","","-","67","","","","-","68","","","",""]],"clues":{"1a":"Hypothetical eccentricities in time","6a":"Competition","10a":"Jail unit","14a":"\"___ man with seven wives\"","15a":"Miss Cinders of old comics","16a":"Singer Guthrie","17a":"Brightly sunburned","19a":"Leaning","20a":"60's space chimp","21a":"Heroic legends","22a":"Teen woe","23a":"Beelzebub","24a":"Aware of","25a":"French painter Jean","29a":"Hesitation sounds","30a":"___ -di-dah","31a":"Sports sites","33a":"Mr. Whitney","35a":"Slippery one","38a":"Calms medically","40a":"Car gear","42a":"Mount St. Helens spew","43a":"\"How dry ___\"","44a":"Cylindrical","45a":"Self","47a":"Pass receiver","50a":"\"M*A*S*H\" character","51a":"Flake material","52a":"Boors","54a":"Cordial","55a":"They get smashed","56a":"Clumsy ships","60a":"One of five","61a":"Oscar winner for \"Sayonara\"","63a":"Lease","64a":"___ Stanley Gardner","65a":"Boundary","66a":"Advantage","67a":"Philosopher A.J. ___","68a":"Versifiers","1d":"Use Western Union","2d":"Prayer's closing","3d":"Effect a makeover","4d":"School orgs.","5d":"Airline to Stockholm","6d":"Cash back","7d":"Sour brew","8d":"Under-the-sink item","9d":"Sups","10d":"Poolside hut","11d":"Greenland settler","12d":"Grassy plain","13d":"Mislay","18d":"Botanist Gray","23d":"Depot","24d":"Hardy and North","25d":"Pedro's house","26d":"Silver holders","27d":"It misleads","28d":"Broadway's \"Three Men ___ Horse\"","32d":"Ocean","34d":"Permit","36d":"This, in Barcelona","37d":"Amorous gaze","39d":"Place of refinement","41d":"Baseball stat","46d":"Reproductive cell","48d":"Kind of soup","49d":"Not so clever","51d":"Exposed","53d":"Houston sch.","54d":"Had been","55d":"Length x width, for a rectangle","56d":"Prefix with sphere","57d":"Judicial cover?","58d":"Mend, as bones","59d":"Speedy planes","62d":"Spigot"},"answers":{"1a":"WARPS","6a":"RACE","10a":"CELL","14a":"IMETA","15a":"ELLA","16a":"ARLO","17a":"REDASABEET","19a":"BIAS","20a":"ENOS","21a":"SAGAS","22a":"ACNE","23a":"SATAN","24a":"ONTO","25a":"COROT","29a":"ERS","30a":"LAH","31a":"ARENAS","33a":"ELI","35a":"EEL","38a":"SEDATES","40a":"REVERSE","42a":"ASH","43a":"IAM","44a":"TERETE","45a":"EGO","47a":"END","50a":"RADAR","51a":"BRAN","52a":"LOUTS","54a":"WARM","55a":"ATOMS","56a":"ARKS","60a":"ERIE","61a":"REDBUTTONS","63a":"RENT","64a":"ERLE","65a":"AMBIT","66a":"EDGE","67a":"AYER","68a":"POETS","1d":"WIRE","2d":"AMEN","3d":"REDO","4d":"PTAS","5d":"SAS","6d":"REBATE","7d":"ALEGAR","8d":"CLEANSER","9d":"EATS","10d":"CABANA","11d":"ERICTHERED","12d":"LLANO","13d":"LOSE","18d":"ASA","23d":"STATION","24d":"OLIVERS","25d":"CASA","26d":"ORES","27d":"REDHERRING","28d":"ONA","32d":"SEA","34d":"LET","36d":"ESTA","37d":"LEER","39d":"SMELTERY","41d":"ERA","46d":"GAMETE","48d":"NOODLE","49d":"DUMBER","51d":"BARED","53d":"TSU","54d":"WERE","55d":"AREA","56d":"ATMO","57d":"ROBE","58d":"KNIT","59d":"SSTS","62d":"TAP"}}