{"numbers":[["1","2","3","4","-","5","6","7","8","-","9","10","11","12","13"],["14","","","","-","15","","","","-","16","","","",""],["17","","","","-","18","","","","-","19","","","",""],["20","","","-","21","","","","","22","","","","",""],["23","","","24","","","","-","25","","","","-","-","-"],["-","-","26","","","","-","27","","","","","28","29","30"],["31","32","","","","-","33","","","","","-","34","",""],["35","","","","-","36","","","","","-","37","","",""],["38","","","-","39","","","","","-","40","","","",""],["41","","","42","","","","","-","43","","","","-","-"],["-","-","-","44","","","","-","45","","","","","46","47"],["48","49","50","","","","","51","","","","-","52","",""],["53","","","","","-","54","","","","-","55","","",""],["56","","","","","-","57","","","","-","58","","",""],["59","","","","","-","60","","","","-","61","","",""]],"clues":{"1a":"First name in Solidarity","5a":"Festive","9a":"Philatelist's item","14a":"Jai ___","15a":"Mideast gulf","16a":"Eunomia, Dike and Irene","17a":"Partner of pieces","18a":"Schindler's request","19a":"Kind of orange","20a":"Feminine suffix","21a":"1928 A.L. batting champ","23a":"Correspondence","25a":"\"It's a sin to tell ___\"","26a":"Alias of Romain de Tirtoff","27a":"Substitutes","31a":"Tupelo's favorite son","33a":"Impersonators","34a":"Nosh","35a":"Fizzles out","36a":"\"___ Jacques\"","37a":"Carol syllables","38a":"Governor Richards","39a":"Kind of table, informally","40a":"She played Lady L in \"Lady L\"","41a":"Singer Jim and others","43a":"Novi Sad native","44a":"\"Diary of ___ Housewife\"","45a":"Parched","48a":"CNN newsman","52a":"Thou, today","53a":"Poet's almost","54a":"Frown","55a":"Bulkhead","56a":"Terrify","57a":"Folk follower","58a":"Hazzard County officer, on TV","59a":"Risk","60a":"Butterine","61a":"1169 erupter","1d":"Stick-on","2d":"Moliere girl","3d":"\"Peace Train\" singer","4d":"Towel word","5d":"Aplenty","6d":"Felipe's farewell","7d":"Minus","8d":"U.C.-Irvine's nickname","9d":"Easy winners","10d":"Type of salad","11d":"Uzbekistan's ___ Sea","12d":"Creche figures","13d":"Hammer part","21d":"\"Smoke ___ in Your Eyes\"","22d":"Tinted windows prevent it","24d":"Cleveland's Speaker","27d":"Scharnhorst commander et al.","28d":"Crimson Tide coach","29d":"Buckley's \"God and Man at ___\"","30d":"Cartoonist Drake","31d":"Cheese town","32d":"Part of a fishing trio","33d":"Sticky-tongued critter","36d":"Newspaper edition","37d":"Actress Loughlin","39d":"Tambourine","40d":"Comic Lew","42d":"Expedition in Kenya","43d":"Mono's successor","45d":"Sky-blue","46d":"Athenian statesman","47d":"Oral Roberts University site","48d":"Big stinger","49d":"Formerly","50d":"Limerick man","51d":"Wrench, e.g.","55d":"Tiny"},"answers":{"1a":"LECH","5a":"GALA","9a":"STAMP","14a":"ALAI","15a":"ADEN","16a":"HORAE","17a":"BITS","18a":"LIST","19a":"OSAGE","20a":"ESS","21a":"GOOSEGOSLIN","23a":"LETTERS","25a":"ALIE","26a":"ERTE","27a":"STANDBYS","31a":"ELVIS","33a":"APERS","34a":"EAT","35a":"DIES","36a":"FRERE","37a":"LALA","38a":"ANN","39a":"TIMES","40a":"LOREN","41a":"MESSINAS","43a":"SERB","44a":"AMAD","45a":"ATHIRST","48a":"WOLFBLITZER","52a":"YOU","53a":"ANEAR","54a":"LOUR","55a":"WALL","56a":"SCARE","57a":"LORE","58a":"ENOS","59a":"PERIL","60a":"OLEO","61a":"ETNA","1d":"LABEL","2d":"ELISE","3d":"CATSTEVENS","4d":"HIS","5d":"GALORE","6d":"ADIOS","7d":"LESS","8d":"ANTEATERS","9d":"SHOOINS","10d":"TOSSED","11d":"ARAL","12d":"MAGI","13d":"PEEN","21d":"GETS","22d":"GLARE","24d":"TRIS","27d":"SPEES","28d":"BEARBRYANT","29d":"YALE","30d":"STAN","31d":"EDAM","32d":"LINE","33d":"ARMADILLO","36d":"FINAL","37d":"LORI","39d":"TIMBREL","40d":"LEHR","42d":"SAFARI","43d":"STEREO","45d":"AZURE","46d":"SOLON","47d":"TULSA","48d":"WASP","49d":"ONCE","50d":"LEAR","51d":"TOOL","55d":"WEE"}}