{"numbers":[["1","2","3","4","-","5","6","7","8","9","-","10","11","12","13"],["14","","","","-","15","","","","","-","16","","",""],["17","","","","18","","","","","","19","","","",""],["20","","","-","21","","","-","-","-","22","","","","-"],["23","","","-","24","","","25","26","27","","-","28","","29"],["30","","","31","-","-","-","32","","","-","-","33","",""],["-","-","-","34","35","36","37","","","","38","-","39","",""],["40","41","42","","","","","","","","","43","","",""],["44","","","-","45","","","","","","","","-","-","-"],["46","","","-","-","47","","","-","-","-","48","49","50","51"],["52","","","-","53","","","","54","55","56","-","57","",""],["-","58","","59","","-","-","-","60","","","-","61","",""],["62","","","","","63","64","65","","","","66","","",""],["67","","","","-","68","","","","","-","69","","",""],["70","","","","-","71","","","","","-","72","","",""]],"clues":{"1a":"Hunter's prey","5a":"Batter's woe","10a":"They're big for conceited folks","14a":"General under Dwight","15a":"Resort lake","16a":"Author Emile","17a":"Cabdrivers do this","20a":"Start for step or stop","21a":"Fix, as in gambling","22a":"Wild talk","23a":"Uganda's Amin","24a":"Show biz routine","28a":"Rummy cry","30a":"Repetitious","32a":"Simile center","33a":"\"What Kind of Fool ___\"","34a":"Its symbol is five rings","39a":"Write","40a":"Optometrists do this","44a":"Silent communication","45a":"Tributes","46a":"Expert","47a":"Kind of room","48a":"Animal stomach","52a":"Stole","53a":"Battery's partner","57a":"Show to a seat, informally","58a":"What you pay at sales","60a":"Way of Lao-tzu","61a":"World traveler of note","62a":"Lip readers do this","67a":"Conductor Klemperer","68a":"Friend of Mercutio","69a":"Cabin wood","70a":"Unmixed, at a mixer","71a":"Hanker","72a":"Busy bodies","1d":"\"Get cracking!\"","2d":"Blake of \"Gunsmoke\"","3d":"Succeed","4d":"Before","5d":"Having a stiff upper lip","6d":"Har-de-har-har","7d":"TV band","8d":"Stock response","9d":"Each","10d":"Metrical Pound","11d":"Flipping","12d":"Nostalgic","13d":"Enclosure with a MS.","18d":"'93, '94, etc.","19d":"Aquatic zoo","25d":"Pudding ingredient","26d":"\"Of Thee ___\"","27d":"Big stickers","29d":"Diamond digit","31d":"Fine, to a pilot","35d":"Caustic agent","36d":"Letter sign-off","37d":"Slippers for the stubborn?","38d":"1989 comedy \"___ -Devil\"","40d":"Page (through)","41d":"Kiss","42d":"Victor Herbert work","43d":"Computer key abbr.","49d":"Emphasizes, as an embarrassing error","50d":"Obliquely","51d":"\"Certainly!\"","53d":"Lenten symbol","54d":"Absolute","55d":"Imperative to Macduff","56d":"Overly","59d":"Dundee dweller","62d":"Persuaded to marry","63d":"Not straight","64d":"Millet's \"Man With the ___\"","65d":"Doctors' org.","66d":"Put ___ fight"},"answers":{"1a":"GAME","5a":"SLUMP","10a":"EGOS","14a":"OMAR","15a":"TAHOE","16a":"ZOLA","17a":"TAKEYOUFORARIDE","20a":"ONE","21a":"RIG","22a":"RANT","23a":"IDI","24a":"SCHTICK","28a":"GIN","30a":"TATA","32a":"ASA","33a":"AMI","34a":"OLYMPICS","39a":"PEN","40a":"LOOKYOUINTHEEYE","44a":"ESP","45a":"EULOGIES","46a":"ACE","47a":"REC","48a":"CRAW","52a":"FUR","53a":"ASSAULT","57a":"USH","58a":"LESS","60a":"TAO","61a":"BLY","62a":"WATCHWHATYOUSAY","67a":"OTTO","68a":"ROMEO","69a":"PINE","70a":"NEAT","71a":"YEARN","72a":"ANTS","1d":"GOTOIT","2d":"AMANDA","3d":"MAKEIT","4d":"ERE","5d":"STOIC","6d":"LAUGH","7d":"UHF","8d":"MOO","9d":"PER","10d":"EZRA","11d":"GOINGAPE","12d":"OLDTIMEY","13d":"SAE","18d":"YRS","19d":"ARK","25d":"TAPIOCA","26d":"ISING","27d":"CACTI","29d":"NINE","31d":"AOK","35d":"LYE","36d":"YOURS","37d":"MULES","38d":"SHE","40d":"LEAF","41d":"OSCULATE","42d":"OPERETTA","43d":"ESC","49d":"RUBSIN","50d":"ASLANT","51d":"WHYYES","53d":"ASH","54d":"UTTER","55d":"LAYON","56d":"TOO","59d":"SCOT","62d":"WON","63d":"WRY","64d":"HOE","65d":"AMA","66d":"UPA"}}