{"numbers":[["1","2","3","4","5","-","6","7","8","9","-","10","11","12","13"],["14","","","","","-","15","","","","-","16","","",""],["17","","","","","-","18","","","","-","19","","",""],["-","20","","","","21","","","","","22","","","",""],["-","-","-","23","","","-","-","24","","","","","","-"],["25","26","27","","-","28","29","30","-","31","","","-","-","-"],["32","","","-","33","","","","34","-","35","","36","37","38"],["39","","","40","","","","","","41","","","","",""],["42","","","","","-","43","","","","","-","44","",""],["-","-","-","45","","46","-","47","","","-","48","","",""],["-","49","50","","","","51","-","-","52","53","","-","-","-"],["54","","","","","","","55","56","","","","57","58","-"],["59","","","","-","60","","","","-","61","","","","62"],["63","","","","-","64","","","","-","65","","","",""],["66","","","","-","67","","","","-","68","","","",""]],"clues":{"1a":"Land for development","6a":"Small nail","10a":"___ Observer (1992 mission)","14a":"Move like a chopper","15a":"Greek liqueur","16a":"Wanted G.I.","17a":"___ Gay","18a":"Comics canine","19a":"___ fide (in bad faith)","20a":"Heirloom tool?","23a":"Carte start","24a":"Run an art show","25a":"Red giant, e.g.","28a":"TV's \"___ Academic\"","31a":"N.L. cap monogram","32a":"Schlemiel","33a":"Knock for a loop","35a":"Casino request","39a":"President Lincoln's tools?","42a":"Hightail it","43a":"Hummer's instrument","44a":"Month in which D.D.E. was born","45a":"Astronaut Grissom","47a":"Cornell's Big ___","48a":"Disturb, with \"up\"","49a":"Peloponnesian War participant","52a":"Antipollution grp.","54a":"Secret military tool?","59a":"100 kurus","60a":"___ du Lac, Wis.","61a":"Puts out","63a":"In a frenzied fashion","64a":"Former Hawaii Senator Hiram","65a":"Annual visitor","66a":"Kind of loaf","67a":"___ eyed","68a":"Actress Georgia","1d":"Word ignored in indexing","2d":"Gossipy Barrett","3d":"Admit","4d":"Home of the 1962 Mets","5d":"Park way","6d":"Flub, as a grounder","7d":"Wife of Boaz","8d":"Conqueree of 1521","9d":"Goofball","10d":"Class to which all of us belong","11d":"Look for","12d":"Esther of \"Good Times\"","13d":"Dispatch","21d":"Attaches","22d":"Joint: Prefix","25d":"Drenches","26d":"1 on the Mohs' scale","27d":"Way off","29d":"Transported","30d":"Until now","33d":"Our longest bones","34d":"Level","36d":"Commandment starter","37d":"Certain raingear","38d":"C.P.R. specialists","40d":"1945 blast site","41d":"Augured","46d":"Doesn't tip","48d":"Lunatic","49d":"Goo","50d":"Word of mouth","51d":"Play for ___","53d":"Bel ___ cheese","54d":"Decked out","55d":"___ time (right away)","56d":"1988 Dick Francis thriller, with \"The\"","57d":"Throw barbs at","58d":"Kitchen addition?","62d":"Pitcher Maglie"},"answers":{"1a":"TRACT","6a":"BRAD","10a":"MARS","14a":"HOVER","15a":"OUZO","16a":"AWOL","17a":"ENOLA","18a":"OTTO","19a":"MALA","20a":"AWLINTHEFAMILY","23a":"ALA","24a":"CURATE","25a":"STAR","28a":"ITS","31a":"STL","32a":"OAF","33a":"FLOOR","35a":"HITME","39a":"PLANESOFABRAHAM","42a":"SCRAM","43a":"KAZOO","44a":"OCT","45a":"GUS","47a":"RED","48a":"MUSS","49a":"SPARTA","52a":"EPA","54a":"CLASSIFIEDADZE","59a":"LIRA","60a":"FOND","61a":"EMITS","63a":"AMOK","64a":"FONG","65a":"SANTA","66a":"DELI","67a":"SLOE","68a":"ENGEL","1d":"THE","2d":"RONA","3d":"AVOW","4d":"CELLAR","5d":"TRAIL","6d":"BOOT","7d":"RUTH","8d":"AZTEC","9d":"DOOFUS","10d":"MAMMALIA","11d":"AWAIT","12d":"ROLLE","13d":"SLAY","21d":"NAILS","22d":"ARTHRO","25d":"SOPS","26d":"TALC","27d":"AFAR","29d":"TOOK","30d":"SOFAR","33d":"FEMURS","34d":"RAZE","36d":"THOU","37d":"MACS","38d":"EMTS","40d":"NAGASAKI","41d":"BODED","46d":"STIFFS","48d":"MADMAN","49d":"SLIME","50d":"PAROL","51d":"AFOOL","53d":"PAESE","54d":"CLAD","55d":"INNO","56d":"EDGE","57d":"ZING","58d":"ETTE","62d":"SAL"}}