{"numbers":[["1","2","3","4","5","6","7","-","8","9","10","11","12","13","14"],["15","","","","","","","-","16","","","","","",""],["17","","","","","","","-","18","","","","","",""],["19","","","-","20","","","-","21","","","","","",""],["-","-","-","22","","","","23","-","24","","","-","-","-"],["25","26","27","","","","-","28","29","","","","30","31","32"],["33","","","","","-","34","","","","-","-","35","",""],["36","","","","-","37","","","","","-","38","","",""],["39","","","-","-","40","","","","-","41","","","",""],["42","","","43","44","","","","-","45","","","","",""],["-","-","-","46","","","-","47","48","","","","-","-","-"],["49","50","51","","","","52","-","53","","","-","54","55","56"],["57","","","","","","","-","58","","","59","","",""],["60","","","","","","","-","61","","","","","",""],["62","","","","","","","-","63","","","","","",""]],"clues":{"1a":"COPPER CHARGES","8a":"MERCURY WATER SOURCES","15a":"Furniture piece","16a":"Glee","17a":"Competitor","18a":"\"O, where is ___?\": Shakespeare","19a":"Hemingway novel setting","20a":"Bygone auto","21a":"Quarantine","22a":"Ship officers","24a":"Of oneself: Lat.","25a":"GOLDEN GALE","28a":"POTASSIUM PORTIONS","33a":"TIN SOURCE","34a":"HYDROGEN GAS","35a":"Auction offering","36a":"Mauritanian, e.g.","37a":"Like Oscar Wilde","38a":"Flintstone pet","39a":"Zip","40a":"Imagine that!","41a":"CARBON COOKER","42a":"SILVER DEBRIS","45a":"NEON PORTAL","46a":"O.T. book","47a":"Recreational drives","49a":"Grants","53a":"Take measures","54a":"Boz boy","57a":"Lets, in tennis","58a":"Bug River locale","60a":"Current instrument","61a":"Some new-car drivers","62a":"HELIUM DRINKS","63a":"ALUMINUM FISHING GEAR","1d":"Mediocre marks","2d":"The ___ Reader (alternative press magazine)","3d":"Pro ___","4d":"Cabinet dept.","5d":"Scented blossom","6d":"He went to camp in a 1987 movie","7d":"___ Hall","8d":"Port opening","9d":"Back-of-the-book section","10d":"Rad","11d":"Latin list extender","12d":"Actress Kedrova","13d":"Senator from Mississippi","14d":"Backwater","22d":"Bedroom community, for short","23d":"Kerrigan and company","25d":"Yoga position","26d":"Take apart","27d":"Strive mightily, with \"out\"","29d":"U.S. poet laureate ___ Dove","30d":"Former Twin batting champ","31d":"Largish singing group","32d":"Attack in away","34d":"Bury","37d":"Recalled","38d":"Follows hostilely","41d":"Indispensable","43d":"___ one's head","44d":"Slightly tapered","45d":"Monticello site","48d":"Comic Poundstone","49d":"Esau's wife","50d":"Approach","51d":"Search","52d":"Lith. and Lat., once","54d":"Deck","55d":"Memo words","56d":"Dining hall","59d":"Tempe sch."},"answers":{"1a":"CURATES","8a":"HGWELLS","15a":"ETAGERE","16a":"ELATION","17a":"ENTRANT","18a":"LOYALTY","19a":"SEA","20a":"REO","21a":"ISOLATE","22a":"BOSNS","24a":"SUI","25a":"AUGUST","28a":"KRATIONS","33a":"SNORE","34a":"HAIR","35a":"LOT","36a":"ARAB","37a":"WITTY","38a":"DINO","39a":"NIL","40a":"IDEA","41a":"COVEN","42a":"AGLITTER","45a":"NEGATE","46a":"NEH","47a":"SPINS","49a":"ACCORDS","53a":"ACT","54a":"TIM","57a":"DOOVERS","58a":"UKRAINE","60a":"AMMETER","61a":"LEASERS","62a":"HEBREWS","63a":"ALLURES","1d":"CEES","2d":"UTNE","3d":"RATA","4d":"AGR","5d":"TEAROSE","6d":"ERNEST","7d":"SETON","8d":"HELI","9d":"GLOSSARY","10d":"WAYOUT","11d":"ETALII","12d":"LILA","13d":"LOTT","14d":"SNYE","22d":"BURB","23d":"SKATERS","25d":"ASANA","26d":"UNRIG","27d":"GOALL","29d":"RITA","30d":"OLIVA","31d":"NONET","32d":"STONE","34d":"HIDE","37d":"WITHDREW","38d":"DOGS","41d":"CENTRAL","43d":"INOVER","44d":"TERETE","45d":"NICKEL","48d":"PAULA","49d":"ADAH","50d":"COME","51d":"COMB","52d":"SSRS","54d":"TIER","55d":"INRE","56d":"MESS","59d":"ASU"}}