{"numbers":[["-","1","2","3","4","5","6","-","-","7","8","9","10","11","-"],["12","","","","","","","13","-","14","","","","","15"],["16","","","","","","","","-","17","","","","",""],["18","","","","","","-","19","20","","","","","",""],["21","","","","","-","22","","","","-","23","","",""],["24","","","-","-","25","","","","-","26","","","",""],["27","","","-","28","","","-","29","30","","","-","-","-"],["31","","","32","","","","-","33","","","","34","35","36"],["-","-","-","37","","","","-","38","","","-","39","",""],["40","41","42","","","-","43","44","","","-","-","45","",""],["46","","","","-","47","","","","-","48","49","","",""],["50","","","","51","","","","-","52","","","","",""],["53","","","","","","-","54","55","","","","","",""],["56","","","","","","-","57","","","","","","",""],["-","58","","","","","-","-","59","","","","","","-"]],"clues":{"1a":"Shadowy","7a":"Throe","12a":"Informant","14a":"Brownish grays","16a":"Presumed","17a":"Female water spirit","18a":"Agronomists' studies","19a":"N.C.A.A.'S Cavaliers","21a":"Collect","22a":"Depression","23a":"Greenish blue","24a":"Scold","25a":"Mountain sign: Abbr.","26a":"Seating request","27a":"Summer abroad","28a":"Sporting org. with three million members","29a":"___ jure (by operation of law)","31a":"Like Errol Flynn","33a":"80 winks?","37a":"Little, e.g.","38a":"Musical syllable","39a":"Ventured","40a":"Elysian abodes","43a":"Plane starter","45a":"Rap's Dr. ___","46a":"Allow the use of","47a":"Burden","48a":"Antipasto ingredient","50a":"Oldest city in Ohio","52a":"Friendly","53a":"Bring out","54a":"Benedict Arnold, for one","56a":"Fix, as a chair","57a":"Inducted, in a way","58a":"Norman Fell role in \"Three's Company\"","59a":"On cloud nine","1d":"Snakes and lizards, taxonomically","2d":"Causes great resentment","3d":"Deli offerings","4d":"Spa features","5d":"Some Ivy Leaguers","6d":"Stimulate, with \"up\"","7d":"One who makes special deliveries?","8d":"Twinge","9d":"Try out","10d":"Echidna features","11d":"Like some jobs","12d":"Skewered","13d":"Theatrical event","15d":"Black Panthers leader","20d":"Poem that ends \"I am the captain of my soul\"","22d":"Egregious","25d":"River to Donegal Bay","26d":"Cinematic pooch","28d":"Tiny portions","30d":"Legal lead-in","32d":"Golfer's concern","34d":"Relinquish","35d":"Saturated","36d":"Made resolute","40d":"Gyrocompass inventor Sperry","41d":"Merchant","42d":"First name among tenors","44d":"Modern physics particle","47d":"Mink relative","48d":"Ending","49d":"Frothy","51d":"Der Spiegel article","52d":"Shade of blue","55d":"Chemical ending"},"answers":{"1a":"SOMBER","7a":"SPASM","12a":"SQUEALER","14a":"TAUPES","16a":"PUTATIVE","17a":"ONDINE","18a":"EARTHS","19a":"VIRGINIA","21a":"AMASS","22a":"FUNK","23a":"TEAL","24a":"RAG","25a":"ELEV","26a":"AISLE","27a":"ETE","28a":"NRA","29a":"IPSO","31a":"DASHING","33a":"CATNAPS","37a":"APER","38a":"TRA","39a":"BET","40a":"EDENS","43a":"AQUA","45a":"DRE","46a":"LEND","47a":"ONUS","48a":"OLIVE","50a":"MARIETTA","52a":"AMICAL","53a":"ELICIT","54a":"RENEGADE","56a":"RECANE","57a":"KNIGHTED","58a":"ROPER","59a":"ELATED","1d":"SQUAMATA","2d":"OUTRAGES","3d":"MEATS","4d":"BATHS","5d":"ELIS","6d":"REV","7d":"STORK","8d":"PANG","9d":"AUDITION","10d":"SPINES","11d":"MENIAL","12d":"SPEARED","13d":"REVUE","15d":"SEALE","20d":"INVICTUS","22d":"FLAGRANT","25d":"ERNE","26d":"ASTA","28d":"NIPS","30d":"PARA","32d":"HANDICAP","34d":"ABDICATE","35d":"PERVADED","36d":"STEELED","40d":"ELMER","41d":"DEALER","42d":"ENRICO","44d":"QUARK","47d":"OTTER","48d":"OMEGA","49d":"LIGHT","51d":"EINE","52d":"ANIL","55d":"ENE"}}