{"numbers":[["1","2","3","4","-","5","6","7","8","9","10","-","11","12","13","14","-","15","16","17","18"],["19","","","","-","20","","","","","","-","21","","","","-","22","","",""],["23","","","","24","","","","","","","25","","","","","-","26","","",""],["-","-","27","","","","","","-","-","-","28","","","","-","29","","","",""],["-","30","","","","","","","31","32","33","","","","","34","","","","","-"],["35","","","-","36","","","-","37","","","","","-","38","","","","-","-","-"],["39","","","40","","-","-","41","","","","","-","42","","","","-","43","44","45"],["46","","","","","47","48","","","","-","-","49","","","","-","50","","",""],["51","","","","-","52","","","-","-","53","54","","","-","-","55","","","",""],["-","-","-","56","57","","","-","58","59","","","","","60","61","","","","","-"],["-","-","62","","","","","63","","","","","","","","","","","","-","-"],["-","64","","","","","","","","","","","","-","65","","","","-","-","-"],["66","","","","","-","-","67","","","","-","-","68","","","-","69","70","71","72"],["73","","","","-","74","75","","","-","-","76","77","","","","78","","","",""],["79","","","-","80","","","","-","81","82","","","","-","-","83","","","",""],["-","-","-","84","","","","-","85","","","","","-","86","87","","-","88","",""],["-","89","90","","","","","91","","","","","","92","","","","93","","","-"],["94","","","","","-","95","","","","-","-","-","96","","","","","","-","-"],["97","","","","-","98","","","","","99","100","101","","","","","","","102","103"],["104","","","","-","105","","","","-","106","","","","","","-","107","","",""],["108","","","","-","109","","","","-","110","","","","","","-","111","","",""]],"clues":{"1a":"Actress Moore","5a":"Some are giant","11a":"Physicist Ernst","15a":"Muddle","19a":"Little Archer","20a":"\"The Night of the ___\"","21a":"Model-filled magazine","22a":"Pastiche","23a":"Novel about an aging tennis star?","26a":"Hockey position","27a":"Push ahead","28a":"Follow one's feet","29a":"Hole worlds to explore","30a":"Play based on a \"Wild Kingdom\" episode?","35a":"Basic question","36a":"Pulver's rank, in film: Abbr.","37a":"Overseas stop","38a":"Scholarship consideration","39a":"Amber, for one","41a":"Resigner before Richard","42a":"Boss","43a":"Minnesota poet Robert","46a":"Story of a tough town in Africa?","49a":"Ring around the castle","50a":"Gin fruit","51a":"Weevil, for one","52a":"Orinoco shocker","53a":"Grab (onto)","55a":"One home of 5 Across","56a":"Night predators","58a":"Expose of airline pricing?","62a":"Chubby Checker's autobiography?","64a":"Play about a singer's army years?","65a":"Like Nash's lama","66a":"Like Seattle","67a":"Cyan","68a":"Fatherhood-testing info","69a":"Small amount","73a":"Jackie's dresser","74a":"Wind gust","76a":"Sequel to \"Madame Bovary\"?","79a":"Author Kaufman","80a":"Proud, energetic, domineering ones, they say","81a":"Musket's name, often","83a":"An archangel","84a":"Arizona city","85a":"Creme-filled munchies","86a":"Damage","88a":"Mr. Turner","89a":"Trashy best seller?","94a":"Big Schott","95a":"Stuff","96a":"More work","97a":"Famous words of accusation","98a":"Fashion book that will make you look like a million bugs?","104a":"Mighty god","105a":"Teeny bit","106a":"Washington airport","107a":"French theater","108a":"Faxed","109a":"Algerian port","110a":"Agree out of court","111a":"Jazz singer Anita","1d":"3, on a phone","2d":"Newsworthy time","3d":"Way an organism develops","4d":"Grenoble's river","5d":"Frisbee forerunner","6d":"Shoelaces tips","7d":"None: Prefix","8d":"Equine mother","9d":"Even the slightest","10d":"Type of acct.","11d":"Giant slugger","12d":"Kareem's God","13d":"Mozart's \"La ___ di Tito\"","14d":"John Madden sentence starter","15d":"Author Fast","16d":"Piers Paul Read thriller","17d":"Tendon","18d":"Sloppy eaters","24d":"___ studies (college major)","25d":"Gluck hero","29d":"One-name star","30d":"Kind of song or park","31d":"Scruff","32d":"Determination","33d":"Three-time Hart Trophy winner","34d":"Plane reservation","35d":"Present coverage","40d":"Chanting","41d":"French seasoning","42d":"Snug","43d":"Guided only by instruments","44d":"Like Chandler's \"Goodbye\"","45d":"Term of endorsement","47d":"\"Family Matters\" actress Hopkins","48d":"Change to 000","49d":"Early synthesizers","50d":"Protector","53d":"Solemn","54d":"Director Riefenstahl","55d":"Cell suffix","57d":"Not straight","58d":"Place to play","59d":"Due process championer, familiarly","60d":"Air-mass boundary","61d":"Island veranda","62d":"One of the Durants","63d":"Picture poser","64d":"Seem trivial","66d":"\"Knock over\"","68d":"Letters after Moynihan's name","70d":"Lysine or tryptophan","71d":"Ruin, as calligraphy","72d":"Stoppage","74d":"Partly","75d":"Chung or Rather, e.g.","76d":"It's little matter","77d":"Space race participant","78d":"Moon of Jupiter","80d":"Heartthrob Perry","81d":"Upset solver?","82d":"Poet's contraction","84d":"Healthy lunch","85d":"\"The true measure ___ ...\"","86d":"Barbie maker","87d":"Words after \"loose as\" or \"silly as\"","89d":"Shaping tool","90d":"\"Loot\" playwright","91d":"Actress Scacchi","92d":"Erected","93d":"70's \"in\" spot","94d":"\"Miracle\" group","98d":"Monterrey uncle","99d":"Radical 60's grp.","100d":"Whom: Fr.","101d":"Nth: Abbr.","102d":"___ roll","103d":"\"Brat Farrar\" author"},"answers":{"1a":"DEMI","5a":"PANDAS","11a":"MACH","15a":"HASH","19a":"EROS","20a":"IGUANA","21a":"ELLE","22a":"OLIO","23a":"FAREWELLMYVOLLEY","26a":"WING","27a":"PROPEL","28a":"ROAM","29a":"CAVES","30a":"THEMATINGOFTHESHREW","35a":"WHO","36a":"ENS","37a":"ARRET","38a":"NEED","39a":"RESIN","41a":"SPIRO","42a":"CZAR","43a":"BLY","46a":"AMINSTREET","49a":"MOAT","50a":"SLOE","51a":"PEST","52a":"EEL","53a":"GLOM","55a":"CHINA","56a":"OWLS","58a":"FAREOFFLYING","62a":"ANAMERICANGYRATED","64a":"PRIVATEELVIS","65a":"ONEL","66a":"RAINY","67a":"BLUE","68a":"DNA","69a":"DASH","73a":"OLEG","74a":"SCUD","76a":"AUNTIEEMMA","79a":"BEL","80a":"LEOS","81a":"BETSY","83a":"URIEL","84a":"YUMA","85a":"OREOS","86a":"MAR","88a":"NAT","89a":"LOOKINGFORMRBAGODOR","94a":"MARGE","95a":"CRAM","96a":"UTOPIA","97a":"ETTU","98a":"THEMOSQUITOASCOT","104a":"THOR","105a":"IOTA","106a":"DULLES","107a":"CINE","108a":"SENT","109a":"ORAN","110a":"SETTLE","111a":"ODAY","1d":"DEF","2d":"ERA","3d":"MORPHOSIS","4d":"ISERE","5d":"PIEPAN","6d":"AGLETS","7d":"NULLI","8d":"DAM","9d":"ANY","10d":"SAV","11d":"MELOTT","12d":"ALLAH","13d":"CLEMENZA","14d":"HEY","15d":"HOWARD","16d":"ALIVE","17d":"SINEW","18d":"HOGS","24d":"WOMENS","25d":"ORFEO","29d":"CHER","30d":"THEME","31d":"NAPE","32d":"GRIT","33d":"ORR","34d":"SEAT","35d":"WRAP","40d":"INTONING","41d":"SEL","42d":"COMFY","43d":"BLIND","44d":"LONG","45d":"YEA","47d":"TELMA","48d":"RESET","49d":"MOOGS","50d":"SHIELDER","53d":"GRAVE","54d":"LENI","55d":"CYTE","57d":"WAVY","58d":"FIELD","59d":"ACLU","60d":"FRONT","61d":"LANAI","62d":"ARIEL","63d":"REBUS","64d":"PALE","66d":"ROB","68d":"DNY","70d":"AMINOACID","71d":"SMEAR","72d":"HALT","74d":"SEMI","75d":"COANCHOR","76d":"ATOM","77d":"USSR","78d":"EUROPA","80d":"LUKE","81d":"BROMO","82d":"EER","84d":"YOGURT","85d":"OFAMAN","86d":"MATTEL","87d":"AGOOSE","89d":"LATHE","90d":"ORTON","91d":"GRETA","92d":"BUILT","93d":"DISCO","94d":"METS","98d":"TIO","99d":"SDS","100d":"QUE","101d":"ULT","102d":"ONA","103d":"TEY"}}