{"numbers":[["1","2","3","4","5","-","6","7","8","9","-","10","11","12","13"],["14","","","","","-","15","","","","-","16","","",""],["17","","","","","18","","","","","-","19","","",""],["-","-","-","20","","","","","-","21","22","","","",""],["23","24","25","","","","-","26","27","","","","","",""],["28","","","-","29","","30","-","31","","","-","-","-","-"],["32","","","33","-","34","","35","","-","36","37","38","39","40"],["41","","","","42","","","","","43","","","","",""],["44","","","","","-","45","","","","-","46","","",""],["-","-","-","-","47","48","","-","49","","50","-","51","",""],["52","53","54","55","","","","56","-","57","","58","","",""],["59","","","","","","-","60","61","","","","-","-","-"],["62","","","","-","63","64","","","","","","65","66","67"],["68","","","","-","69","","","","-","70","","","",""],["71","","","","-","72","","","","-","73","","","",""]],"clues":{"1a":"Impudent youngster","6a":"Salesmen, briefly","10a":"Impudent talk","14a":"Cheapskate","15a":"Beasts of burden","16a":"Baseball's ___ brothers","17a":"1994 film role for Jim Carrey","19a":"Movers' trucks","20a":"More like winter sidewalks","21a":"Singer Estefan","23a":"Inge play","26a":"Closet spook","28a":"Nabokov novel","29a":"Clique","31a":"Norse deity","32a":"Film maker Wertmuller","34a":"Window surrounding","36a":"Fiery gems","41a":"Photographer's instruction","44a":"Rob","45a":"Neophyte","46a":"Paradise","47a":"Wedding vow","49a":"Soak (up)","51a":"Actor Tognazzi","52a":"By airmail from France","57a":"Dealer in cloth","59a":"\"___ Twist\"","60a":"England's Scilly ___","62a":"Call to the phone","63a":"Happy camper?","68a":"Kuwaiti honcho","69a":"Nile queen, for short","70a":"Neutral shade","71a":"Does lawnwork","72a":"Bakery bite","73a":"Of the eyes","1d":"New Deal grp.","2d":"Sot's interjection","3d":"Just manage, with \"out\"","4d":"Writer Ira of \"Sliver\"","5d":"Concise summary","6d":"Old-fashioned learning method","7d":"Long-distance commuter's home","8d":"For each","9d":"Full of obstacles","10d":"\"Stompin' at the ___\"","11d":"Wake-up noise","12d":"Actress Braga","13d":"\"Black-eyed\" girl","18d":"Most hospitable","22d":"\"Vive___!\" (old Parisian cry)","23d":"Becomes tiresome","24d":"Ninny","25d":"Tippy transportation","27d":"Those not mentioned","30d":"Arm art","33d":"Letters before an alias","35d":"Not outgoing","37d":"Leading prefix","38d":"Make sense","39d":"Feudal lord","40d":"Man of the casa","42d":"___ and kicking","43d":"Bribe money","48d":"Straightforward","50d":"Magician's word","52d":"Vatican leaders","53d":"Texas shrine","54d":"Strict","55d":"Declares","56d":"Neighbor of Chad","58d":"Songwriters' grp.","61d":"Tab's target","64d":"Pie ___ mode","65d":"No longer chic","66d":"Wire service","67d":"Old-time gumshoe"},"answers":{"1a":"WHELP","6a":"REPS","10a":"SASS","14a":"PIKER","15a":"OXEN","16a":"ALOU","17a":"ACEVENTURA","19a":"VANS","20a":"ICIER","21a":"GLORIA","23a":"PICNIC","26a":"BOGEYMAN","28a":"ADA","29a":"SET","31a":"TYR","32a":"LINA","34a":"SASH","36a":"OPALS","41a":"LOOKATTHEBIRDIE","44a":"STEAL","45a":"TYRO","46a":"EDEN","47a":"IDO","49a":"SOP","51a":"UGO","52a":"PARAVION","57a":"DRAPER","59a":"OLIVER","60a":"ISLES","62a":"PAGE","63a":"EAGLESCOUT","68a":"EMIR","69a":"CLEO","70a":"TAUPE","71a":"SODS","72a":"TART","73a":"OPTIC","1d":"WPA","2d":"HIC","3d":"EKE","4d":"LEVIN","5d":"PRECIS","6d":"ROTE","7d":"EXURB","8d":"PER","9d":"SNAGGY","10d":"SAVOY","11d":"ALARM","12d":"SONIA","13d":"SUSAN","18d":"NICEST","22d":"LEROI","23d":"PALLS","24d":"IDIOT","25d":"CANOE","27d":"OTHERS","30d":"TATTOO","33d":"AKA","35d":"SHY","37d":"PRE","38d":"ADDUP","39d":"LIEGE","40d":"SENOR","42d":"ALIVE","43d":"BOODLE","48d":"DIRECT","50d":"PRESTO","52d":"POPES","53d":"ALAMO","54d":"RIGID","55d":"AVERS","56d":"NIGER","58d":"ASCAP","61d":"SLOT","64d":"ALA","65d":"OUT","66d":"UPI","67d":"TEC"}}