{"numbers":[["1","2","3","4","5","-","6","7","8","-","-","9","10","11","12"],["13","","","","","14","","","","-","15","","","",""],["16","","","","","","","","","-","17","","","",""],["18","","","-","19","","","","-","20","","","","",""],["21","","","22","","-","23","","24","","","","","",""],["-","-","-","25","","26","-","27","","","-","-","-","-","-"],["28","29","30","","","","-","31","","","32","33","34","35","36"],["37","","","","","","-","-","-","38","","","","",""],["39","","","","","","40","41","-","42","","","","",""],["-","-","-","-","-","43","","","-","44","","","-","-","-"],["45","46","47","48","49","","","","50","-","51","","52","53","54"],["55","","","","","","-","56","","57","","-","58","",""],["59","","","","","-","60","","","","","61","","",""],["62","","","","","-","63","","","","","","","",""],["64","","","","-","-","65","","","-","66","","","",""]],"clues":{"1a":"Iron, e.g.","6a":"Unnamed fellow","9a":"New England soda fountains","13a":"Objects of repugnance","15a":"Winter ailment","16a":"Hospital's ___ ward","17a":"Lost a lap?","18a":"Mancinetti opera \"___ e Leandro\"","19a":"Some replies","20a":"Ipecac is one","21a":"Penned","23a":"Gathers data","25a":"KLM rival","27a":"Nod","28a":"Flower part","31a":"Pick users","37a":"Remove from the bulletin board","38a":"Sartre novel","39a":"Debark","42a":"Belgian seaport","43a":"___ gestae (deeds)","44a":"Grant","45a":"Frank conversations","51a":"Toots","55a":"Castle of St. George site","56a":"Pelvic bones","58a":"Biblical judge","59a":"Acquire","60a":"Suspect","62a":"Moves in on","63a":"Tea, hand or bath, e.g.","64a":"Garner","65a":"Driving maneuver","66a":"Surfers' mecca","1d":"Large plums","2d":"Unhidden","3d":"___ Soleil (Louis XIV)","4d":"Calendar abbr.","5d":"Triple-decker","6d":"Not excited","7d":"Agreements","8d":"U.S. Army medal","9d":"Sprinkle","10d":"Type opening","11d":"Gods of Asgard","12d":"Particle","14d":"Four-time Japanese premier","15d":"Fictional detective","20d":"Spanish for Spanish","22d":"Miss Kett et al.","24d":"Corrode","26d":"A sacred scripture","28d":"Bulldog's cousin","29d":"Odysseus' rescuer","30d":"WKRP, e.g.: Abbr.","32d":"Marlins' playground","33d":"Geological feature","34d":"Telegraph ending","35d":"Stimpy's pal","36d":"Down, so to speak","40d":"Bro., e.g.","41d":"Inuit and Yupik","45d":"Part of a palmist's reading","46d":"Skin disease","47d":"Jazz bassist Pettiford","48d":"Nora Ephron best seller","49d":"Rocky crags","50d":"Lots","52d":"Odd","53d":"Mass rally location","54d":"Located","57d":"France's ___ de Re","60d":"Lucie, e.g.: Abbr.","61d":"Silvery-gray"},"answers":{"1a":"GOLFCLUB","6a":"BUD","9a":"SPAS","13a":"AVERSIONS","15a":"STREP","16a":"GERIATRIC","17a":"AROSE","18a":"ERO","19a":"NOES","20a":"EMETIC","21a":"STIED","23a":"DOESSPADEWORK","25a":"TWA","27a":"NAP","28a":"PISTIL","31a":"STABBERS","37a":"UNTACK","38a":"NAUSEA","39a":"GOASHORE","42a":"OSTEND","43a":"RES","44a":"LET","45a":"HEARTTOHEARTTALKS","51a":"BEEPS","55a":"LISBON","56a":"ILIA","58a":"ELI","59a":"INCUR","60a":"SMELLARAT","62a":"NEARS","63a":"TOWELSIZE","64a":"EARN","65a":"ESS","66a":"DIAMONDHEAD","1d":"GAGES","2d":"OVERT","3d":"LEROI","4d":"FRI","5d":"CLUBSANDWICH","6d":"BORED","7d":"UNISONS","8d":"DSC","9d":"STREW","10d":"PROTO","11d":"AESIR","12d":"SPECK","14d":"ITO","15d":"SAMSPADE","20d":"ESPANOL","22d":"ETTAS","24d":"EAT","26d":"ALKORAN","28d":"PUG","29d":"INO","30d":"STA","32d":"BASEBALLDIAMOND","33d":"BUTTE","34d":"ESE","35d":"REN","36d":"SAD","40d":"REL","41d":"ESKIMOS","45d":"HEARTLINE","46d":"TINEA","47d":"OSCAR","48d":"HEARTBURN","49d":"TORS","50d":"SLEWS","52d":"EERIE","53d":"PLAZA","54d":"SITED","57d":"ILE","60d":"STE","61d":"ASH"}}