{"numbers":[["1","2","3","4","5","-","6","7","8","9","10","-","11","12","13"],["14","","","","","-","15","","","","","-","16","",""],["17","","","","","18","","","","","","-","19","",""],["20","","","","","","","-","21","","","22","","",""],["23","","","","-","24","","25","-","26","","","","-","-"],["-","-","-","27","28","","","","29","-","30","","","31","32"],["33","34","35","","","","-","36","","37","-","38","","",""],["39","","","-","40","","41","","","","42","-","43","",""],["44","","","45","-","46","","","-","47","","48","","",""],["49","","","","50","-","51","","52","","","","-","-","-"],["-","-","53","","","54","-","55","","","-","56","57","58","59"],["60","61","","","","","62","-","63","","64","","","",""],["65","","","-","66","","","67","","","","","","",""],["68","","","-","69","","","","","-","70","","","",""],["71","","","-","72","","","","","-","73","","","",""]],"clues":{"1a":"Literary Bret","6a":"From Cardiff","11a":"Fairy queen","14a":"Low-cholesterol spreads","15a":"Winged","16a":"Senora Peron","17a":"Rogue","19a":"Morning dampness","20a":"Not an expert","21a":"___ greens","23a":"Protein source","24a":"Chicle product","26a":"Lemon zest source","27a":"___ monkey","30a":"1945 meeting site","33a":"Fruit juice blend","36a":"___ cit. (footnote abbr.)","38a":"Canal to the Baltic","39a":"Hubbub","40a":"Rowdy one","43a":"Granada gold","44a":"Pocket item?","46a":"Opus ___ (work of God)","47a":"Off-campus nonstudent","49a":"Circus walker","51a":"Mexican state bordering Arizona","53a":"Zhivago's love","55a":"Diarist Anais","56a":"Cousin of the emu","60a":"Brownie ingredients","63a":"Peanuts","65a":"\"___ ever catch you ...\"","66a":"Stew","68a":"Avant-garde prefix","69a":"Sri Lankan native","70a":"Since: Sp.","71a":"Possess","72a":"Prepared to testify","73a":"C4H8O2, e.g.","1d":"Wedding dances","2d":"Hertz rival","3d":"Satisfy a debt","4d":"\"Just for openers ...\"","5d":"Suffix with opal","6d":"Carroll's carpenter's companion","7d":"Addition","8d":"Secular","9d":"Small porch","10d":"Regatta site","11d":"Cab symbol","12d":"State categorically","13d":"Floozy","18d":"Bored","22d":"Washington news source, maybe","25d":"Vertical dividing bar in windows","28d":"Cry of glee","29d":"___ -disant (self-styled)","31d":"Actress Garr","32d":"Burn soother","33d":"Snoozes","34d":"Abridge, perhaps","35d":"Do for debs","37d":"Benin's largest city","41d":"Bandleader Brown","42d":"Neither's counterpart","45d":"Author Paton","48d":"Coloratura's sounds","50d":"They're sometimes blind","52d":"Be finicky","54d":"Attorney ___","57d":"Thieves' work","58d":"Wear away","59d":"\"Mary Tyler Moore Show\" co-star","60d":"Souse","61d":"\"___ Good Men\"","62d":"Oriental combat","64d":"Ye ___ Shoppe","67d":"Russian for \"peace\""},"answers":{"1a":"HARTE","6a":"WELSH","11a":"MAB","14a":"OLEOS","15a":"ALATE","16a":"EVA","17a":"RAPSCALLION","19a":"DEW","20a":"AMATEUR","21a":"COLLARD","23a":"SOYA","24a":"GUM","26a":"PEEL","27a":"RHESUS","30a":"YALTA","33a":"NECTAR","36a":"LOC","38a":"KIEL","39a":"ADO","40a":"HELLION","43a":"ORO","44a":"PITA","46a":"DEI","47a":"TOWNIE","49a":"STILT","51a":"SONORA","53a":"LARA","55a":"NIN","56a":"RHEA","60a":"WALNUTS","63a":"GOOBERS","65a":"IFI","66a":"SLUMGULLION","68a":"NEO","69a":"TAMIL","70a":"DESDE","71a":"OWN","72a":"SWORE","73a":"ESTER","1d":"HORAS","2d":"ALAMO","3d":"REPAY","4d":"TOSTART","5d":"ESCE","6d":"WALRUS","7d":"ELL","8d":"LAIC","9d":"STOOP","10d":"HENLEY","11d":"MEDALLION","12d":"AVER","13d":"BAWD","18d":"AUGERED","22d":"LEAK","25d":"MULLION","28d":"HAH","29d":"SOI","31d":"TERI","32d":"ALOE","33d":"NAPS","34d":"EDIT","35d":"COTILLION","37d":"COTONOU","41d":"LES","42d":"NOR","45d":"ALAN","48d":"WARBLES","50d":"TRUSTS","52d":"NIGGLE","54d":"ATLAW","57d":"HEIST","58d":"ERODE","59d":"ASNER","60d":"WINO","61d":"AFEW","62d":"SUMO","64d":"OLDE","67d":"MIR"}}