{"numbers":[["1","2","3","4","-","5","6","7","8","-","9","10","11","12","13"],["14","","","","-","15","","","","-","16","","","",""],["17","","","","-","18","","","","-","19","","","",""],["20","","","","21","","","","","22","","","","","-"],["-","-","-","23","","","","-","24","","","","-","-","-"],["25","26","27","","","","-","28","","","","-","29","30","31"],["32","","","","","-","33","","","","-","34","","",""],["35","","","","","36","","","","","37","","","",""],["38","","","","-","39","","","","-","40","","","",""],["41","","","-","42","","","","-","43","","","","",""],["-","-","-","44","","","","-","45","","","","-","-","-"],["-","46","47","","","","","48","","","","","49","50","51"],["52","","","","","-","53","","","","-","54","","",""],["55","","","","","-","56","","","","-","57","","",""],["58","","","","","-","59","","","","-","60","","",""]],"clues":{"1a":"Tick off","5a":"Jerry Herman musical","9a":"Scarf","14a":"Tennis's Ivanisevic, often","15a":"\"Fatal Attraction\" villain","16a":"Bust finds","17a":"Diner's card","18a":"1953 Leslie Caron role","19a":"Long time","20a":"#1 song for Robert Palmer","23a":"At that point","24a":"Bookbinding leather","25a":"At regular intervals","28a":"Innocent one","29a":"Entirety","32a":"Communion table","33a":"TV's \"Batman,\" e.g.","34a":"Oil of ___","35a":"Learning method that \"works for me\"","38a":"\"Indecent Proposal\" director Adrian","39a":"Jokesters","40a":"One quadrillionth: Prefix","41a":"Vane dir.","42a":"Ill will","43a":"#, &amp; or %","44a":"Either star of \"Tea and Sympathy\"","45a":"To you, to Yves","46a":"Empty-calorie lover","52a":"Craze","53a":"Novel featuring Doctor Long Ghost","54a":"Bear in the sky","55a":"Keats or Wordsworth","56a":"Mash preceder","57a":"Sardine containers","58a":"Wash","59a":"Light submachine gun","60a":"Noted Renaissance name","1d":"Doll's cry","2d":"Like some tea","3d":"Ward (off)","4d":"Yuletide snack","5d":"Ice cream treat","6d":"Xenophobe's fear","7d":"Pinochle combo","8d":"Turnoffs","9d":"It fell in 1979","10d":"Attach, as a feed bag","11d":"King Harald's father","12d":"Folk tales","13d":"Slalom shape","21d":"Beloved","22d":"Energy","25d":"Humorist Mort et al.","26d":"Artful dodges","27d":"Pay the penalty","28d":"\"Tootsie\" Oscar winner","29d":"Out on ___","30d":"Milk: Prefix","31d":"Popular disinfectant","33d":"Checking places","34d":"\"Hold on ...\"","36d":"Happy, for one","37d":"1934 song \"The Very Thought ___\"","42d":"Goddess of Hades","43d":"One of the Virgin Islands","44d":"Filled turnover","45d":"Give ___ of one's own medicine","46d":"Nonsense song of 1918","47d":"Hand or foot","48d":"Exclude","49d":"Mr. Kristofferson","50d":"Does not exist","51d":"Life of Riley","52d":"Crowd around"},"answers":{"1a":"MIFF","5a":"MAME","9a":"STOLE","14a":"ACER","15a":"ALEX","16a":"KILOS","17a":"MENU","18a":"LILI","19a":"YEARS","20a":"ADDICTEDTOLOVE","23a":"THEN","24a":"ROAN","25a":"SPACED","28a":"LAMB","29a":"ALL","32a":"ALTAR","33a":"CAMP","34a":"OLAY","35a":"HOOKEDONPHONICS","38a":"LYNE","39a":"WAGS","40a":"FEMTO","41a":"SSE","42a":"HATE","43a":"SYMBOL","44a":"KERR","45a":"ATOI","46a":"JUNKFOODJUNKIE","52a":"MANIA","53a":"OMOO","54a":"URSA","55a":"ODIST","56a":"MISH","57a":"TINS","58a":"BATHE","59a":"STEN","60a":"ESTE","1d":"MAMA","2d":"ICED","3d":"FEND","4d":"FRUITCAKE","5d":"MALTED","6d":"ALIEN","7d":"MELD","8d":"EXITRAMPS","9d":"SKYLAB","10d":"TIEON","11d":"OLAV","12d":"LORE","13d":"ESS","21d":"CHERE","22d":"OOMPH","25d":"SAHLS","26d":"PLOYS","27d":"ATONE","28d":"LANGE","29d":"ALIMB","30d":"LACTO","31d":"LYSOL","33d":"COATROOMS","34d":"ONEMINUTE","36d":"DWARF","37d":"OFYOU","42d":"HEKATE","43d":"STJOHN","44d":"KNISH","45d":"ADOSE","46d":"JADA","47d":"UNIT","48d":"OMIT","49d":"KRIS","50d":"ISNT","51d":"EASE","52d":"MOB"}}