{"numbers":[["1","2","3","-","-","4","5","6","7","8","-","-","9","10","11"],["12","","","13","-","14","","","","","-","15","","",""],["16","","","","-","17","","","","","18","","","",""],["-","-","-","19","20","","","","","-","21","","","",""],["-","22","23","","","-","24","","","25","","","","",""],["26","","","","","27","-","-","-","28","","","-","-","-"],["29","","","","-","30","31","32","33","","","-","34","35","36"],["37","","","","-","38","","","","","-","39","","",""],["40","","","-","41","","","","","","-","42","","",""],["-","-","-","43","","","-","-","-","44","45","","","",""],["46","47","48","","","","49","50","51","-","52","","","","-"],["53","","","","","-","54","","","55","","","-","-","-"],["56","","","","","57","","","","","-","58","59","60","61"],["62","","","","-","63","","","","","-","64","","",""],["65","","","-","-","66","","","","","-","-","67","",""]],"clues":{"1a":"___ at Work","4a":"Diesel-engine submarine","9a":"Hindu title of address","12a":"The \"A\" in U.A.R.","14a":"Bull: Prefix","15a":"Pole","16a":"First name in humor","17a":"13-Down musical form","19a":"Kigali's land","21a":"Soak again","22a":"Company V.I.P.'s","24a":"Stately 13-Down dance","26a":"Americano","28a":"Carried out","29a":"Words from Caesar","30a":"13-Down dance in triple meter","34a":"Acid","37a":"Suit to ___","38a":"They often have twists","39a":"Receipts","40a":"Neighbor of Leb.","41a":"13-Down medium for Jean Baptiste Lully","42a":"Reactor factor","43a":"Amigo","44a":"Baby wrigglers","46a":"13-Down dance, in France","52a":"English royal house","53a":"Flood protection","54a":"Ornamental band","56a":"13-Down musical form","58a":"Faithful","62a":"Female deer","63a":"___ -Bismol","64a":"Prefix with Disney","65a":"Snaky shape","66a":"Deuce toppers","67a":"Big ___","1d":"Miss West","2d":"Slip","3d":"60's service site","4d":"Sundance Kid's girlfriend ___ Place","5d":"Manger locales","6d":"Literary pen name of old","7d":"Noisy","8d":"Woody Herman's \"___ Autumn\"","9d":"Give rise to","10d":"Judged","11d":"Hot under the collar","13d":"Highly embellished style","15d":"Slammin' Sammy","18d":"Circle","20d":"Sch. of the Northwest","22d":"Tart-tongued","23d":"Stage direction","25d":"\"___ Fideles\"","26d":"First side to vote","27d":"Old Chevrolet","31d":"\"___ say!\"","32d":"Lon ___","33d":"Western Indian","34d":"Not now","35d":"Baby bird?","36d":"Whom Reps. run against","39d":"Moderately quick 13-Down dance","41d":"Made hay?","43d":"Prayers","45d":"Drain cleaner ingredient","46d":"Clearing","47d":"Former Houston hockey team","48d":"Climbing plants","49d":"Marathoner","50d":"Hang","51d":"Deplete","55d":"Writer Anita","57d":"Inclined","59d":"Stroke","60d":"Yorkshire river","61d":"Long, long time"},"answers":{"1a":"MEN","4a":"EBOAT","9a":"SRI","12a":"ARAB","14a":"TAURI","15a":"SPAR","16a":"ERMA","17a":"TRIOSONATA","19a":"RWANDA","21a":"REWET","22a":"CEOS","24a":"SARABANDE","26a":"YANQUI","28a":"DID","29a":"ETTU","30a":"MINUET","34a":"LSD","37a":"ATEE","38a":"PLOTS","39a":"GATE","40a":"SYR","41a":"BALLET","42a":"ATOM","43a":"PAL","44a":"ELVERS","46a":"GAILLARDE","52a":"YORK","53a":"LEVEE","54a":"ARMLET","56a":"ARIADACAPO","58a":"TRUE","62a":"DOES","63a":"PEPTO","64a":"EURO","65a":"ESS","66a":"TREYS","67a":"BEN","1d":"MAE","2d":"ERR","3d":"NAM","4d":"ETTA","5d":"BARNS","6d":"OUIDA","7d":"AROAR","8d":"TIS","9d":"SPAWN","10d":"RATED","11d":"IRATE","13d":"BAROQUE","15d":"SNEAD","18d":"ORBIT","20d":"WSU","22d":"CATTY","23d":"ENTER","25d":"ADESTE","26d":"YEAS","27d":"IMPALA","31d":"ILL","32d":"NOL","33d":"UTE","34d":"LATER","35d":"STORK","36d":"DEMS","39d":"GAVOTTE","41d":"BALED","43d":"PLEAS","45d":"LYE","46d":"GLADE","47d":"AEROS","48d":"IVIES","49d":"RACER","50d":"DRAPE","51d":"EMPTY","55d":"LOOS","57d":"APT","59d":"RUB","60d":"URE","61d":"EON"}}