{"numbers":[["1","2","3","4","5","-","6","7","8","-","9","10","11","12","13"],["14","","","","","-","15","","","-","16","","","",""],["17","","","","","-","18","","","19","","","","",""],["20","","","","","21","","","","","","","","","-"],["22","","","","-","23","","","","","-","-","24","","25"],["26","","","-","27","","","-","-","-","28","29","","",""],["-","-","-","30","","","","31","-","32","","","","",""],["-","-","33","","","","","","34","","","","","-","-"],["35","36","","","","","-","37","","","","","-","-","-"],["38","","","","","-","-","-","39","","","-","40","41","42"],["43","","","-","-","44","45","46","","","-","47","","",""],["-","48","","49","50","","","","","","51","","","",""],["52","","","","","","","","","-","53","","","",""],["54","","","","","-","55","","","-","56","","","",""],["57","","","","","-","58","","","-","59","","","",""]],"clues":{"1a":"Producer Ponti","6a":"Madras mister","9a":"Ruinous","14a":"Southeast Asia product","15a":"Perfect rating","16a":"Make ___ (get tagged, e.g., in baseball)","17a":"Month before lyar","18a":"Soft-toned flutes","20a":"A STEIN'S LIQUEUR (anag.)","22a":"Shields for men-at-arms","23a":"Parodists","24a":"Left on the farm","26a":"Bishopric","27a":"Recipe meas.","28a":"Flora and fauna","30a":"Black tea","32a":"Coat","33a":"This puzzle's theme","35a":"Some Arabs","37a":"Poet's ponds","38a":"\"Marriage Italian Style\" star","39a":"Vigor, to Virgil","40a":"Spotted","43a":"\"Lord of the Rings\" creature","44a":"Earmark","47a":"Actor Robert","48a":"SIPS LAGER ON GIN (anag.)","52a":"Flight","53a":"The deep","54a":"Finnish coin","55a":"Scoreboard score","56a":"Thrash","57a":"Firework?","58a":"It makes molehills out of mountains","59a":"Record","1d":"Tales of adventure","2d":"Each","3d":"Blue","4d":"Island feasts","5d":"Prefix with science","6d":"Short of cash, informally","7d":"Candy manufacturer Harry","8d":"Acquire","9d":"Actor Jamie","10d":"TheBeatles' \"___ Love Her\"","11d":"Pavlova's slippers","12d":"Golden","13d":"Capt.'s subordinates","19d":"Common buttons","21d":"They may be batted","25d":"Type of paint","27d":"Botulin, e.g.","28d":"Czech statesman Eduard","29d":"Signs, in away","30d":"Twining plant stem","31d":"Benbow or Farragut: Abbr.","32d":"Macho","33d":"1938 \"invaders\"","34d":"Deeply respectful","35d":"Violinist Bull","36d":"Chimera or Sphinx","40d":"Most cunning","41d":"Congenitally attached","42d":"Much-soughtafter baseball card","44d":"Varnish ingredient","45d":"In pieces","46d":"Warrant officer","47d":"___ Highway","49d":"El ___ (weather phenomenon)","50d":"Jack-o'-lantern feature","51d":"\"___ it\" (\"Amen\")","52d":"Belgian resort town"},"answers":{"1a":"CARLO","6a":"SRI","9a":"FATAL","14a":"OPIUM","15a":"TEN","16a":"ANOUT","17a":"NISAN","18a":"RECORDERS","20a":"TEQUILASUNRISE","22a":"ECUS","23a":"APERS","24a":"HAW","26a":"SEE","27a":"TSP","28a":"BIOTA","30a":"BOHEA","32a":"VENEER","33a":"MIXEDDRINKS","35a":"OMANIS","37a":"MERES","38a":"LOREN","39a":"VIS","40a":"SAW","43a":"ENT","44a":"LABEL","47a":"ALDA","48a":"SINGAPORESLING","52a":"STAIRCASE","53a":"OCEAN","54a":"PENNI","55a":"RUN","56a":"BASTE","57a":"ARSON","58a":"TNT","59a":"ENTER","1d":"CONTES","2d":"APIECE","3d":"RISQUE","4d":"LUAUS","5d":"OMNI","6d":"STRAPPED","7d":"REESE","8d":"INCUR","9d":"FARR","10d":"ANDI","11d":"TOESHOES","12d":"AUREATE","13d":"LTS","19d":"ONS","21d":"LASHES","25d":"WAR","27d":"TOXIN","28d":"BENES","29d":"INKS","30d":"BINE","31d":"ADM","32d":"VIRILE","33d":"MARTIANS","34d":"REVERENT","35d":"OLE","36d":"MONSTER","40d":"SLIEST","41d":"ADNATE","42d":"WAGNER","44d":"LAC","45d":"APART","46d":"BOSUN","47d":"ALCAN","49d":"NINO","50d":"GRIN","51d":"SOBE","52d":"SPA"}}