{"numbers":[["1","2","3","4","5","6","7","8","9","10","11","-","12","13","14"],["15","","","","","","","","","","","-","16","",""],["17","","","","","","","","","","","-","18","",""],["-","19","","","","","-","-","20","","","21","","",""],["-","-","-","22","","","23","-","-","24","","","","",""],["25","26","27","","-","28","","29","30","","-","31","","",""],["32","","","-","-","-","33","","","","-","34","","",""],["35","","","36","-","37","","","","","-","38","","",""],["39","","","","-","40","","","","-","-","-","41","",""],["42","","","","-","43","","","","44","-","45","","",""],["46","","","","47","","-","-","48","","49","","-","-","-"],["50","","","","","","51","-","-","52","","","53","54","-"],["55","","","-","56","","","57","58","","","","","","59"],["60","","","-","61","","","","","","","","","",""],["62","","","-","63","","","","","","","","","",""]],"clues":{"1a":"Tops, with \"the\"","12a":"Sheep bleat","15a":"This is always out of time","16a":"\"___ no use!\"","17a":"Receiver of Niagara Falls","18a":"Price abbr.","19a":"Like \"J\" on a list","20a":"Yellow ribbon site","22a":"Dactylic","24a":"Carpentry projections","25a":"Elbows","28a":"Prefix with lineal","31a":"Weight","32a":"Ring yell","33a":"Smart","34a":"Corps","35a":"Le Gallienne and others","37a":"Silent greetings","38a":"Borgia in-law","39a":"Father","40a":"Baseball's LeFlore et al.","41a":"H+ or Ca++: e.g.","42a":"\"Where's the profit ___?\"","43a":"Best way to sing","45a":"Haul","46a":"Coleridge setting","48a":"Very, in Bonn","50a":"Preakness site","52a":"Geisel's pen name","55a":"Scheherazade hero","56a":"Certain sailing vessel","60a":"1800's, e.g.: Abbr.","61a":"Rampages","62a":"\"The Spanish Tragedy\" playwright","63a":"Remnants","1d":"31st state: Abbr.","2d":"Med. school hurdle","3d":"Heist tally","4d":"Hounds' leads","5d":"Snap","6d":"City near Utrecht","7d":"Write a bit","8d":"Compendium material","9d":"Joan of art","10d":"Frederic Prokosch novel, with \"The\"","11d":"Sandburg's \"___ and Steel\"","12d":"Marshall Islands site","13d":"Electric signal diminisher","14d":"Rating","21d":"Popular investment","23d":"Polyester brand","25d":"Famous swing voter","26d":"\"Blues Suite\" choreographer","27d":"Be aware of","29d":"Use one's head","30d":"Salon supplies","36d":"Bristly","37d":"Complained","44d":"Rubber stamp","45d":"Castaway of fame","47d":"\"Me too!\"","49d":"Rumored","51d":"Toward the mouth","53d":"Bowl over","54d":"Menu choice for e-mail","57d":"Occupational suffixes","58d":"That, in Tijuana","59d":"Map features: Abbr."},"answers":{"1a":"CATSPAJAMAS","12a":"MAA","15a":"ANACHRONISM","16a":"ITS","17a":"LAKEONTARIO","18a":"CTS","19a":"TENTH","20a":"OAKTREE","22a":"TOED","24a":"TENONS","25a":"JABS","28a":"MATRI","31a":"ONUS","32a":"OLE","33a":"CHIC","34a":"TEAM","35a":"EVAS","37a":"GRINS","38a":"ESTE","39a":"SIRE","40a":"RONS","41a":"ION","42a":"INIT","43a":"ONKEY","45a":"CART","46a":"XANADU","48a":"SEHR","50a":"PIMLICO","52a":"SEUSS","55a":"ALI","56a":"THREEMASTER","60a":"CEN","61a":"TEARSAROUND","62a":"KYD","63a":"ODDSANDENDS","1d":"CAL","2d":"ANAT","3d":"TAKE","4d":"SCENTS","5d":"PHOTO","6d":"ARNHEM","7d":"JOT","8d":"ANA","9d":"MIRO","10d":"ASIATICS","11d":"SMOKE","12d":"MICRONESIA","13d":"ATTENUATOR","14d":"ASSESSMENT","21d":"TNOTE","23d":"DACRON","25d":"JOESIXPACK","26d":"ALVINAILEY","27d":"BEARINMIND","29d":"THINK","30d":"RINSES","36d":"SETAL","37d":"GROUCHED","44d":"YESMAN","45d":"CRUSOE","47d":"DITTO","49d":"HEARD","51d":"ORAD","53d":"STUN","54d":"SEND","57d":"ERS","58d":"ESA","59d":"RDS"}}