{"numbers":[["1","2","3","4","5","-","6","7","8","9","10","-","11","12","13","14","15","-","16","17","18","19","20"],["21","","","","","-","22","","","","","-","23","","","","","-","24","","","",""],["25","","","","","26","","","","","","-","27","","","","","-","28","","","",""],["29","","","","-","30","","","","-","-","31","","","","-","-","-","32","","","",""],["33","","","-","34","","","","","35","36","","","","","37","38","39","-","40","","",""],["41","","","-","42","","","","-","43","","","","-","44","","","","-","45","","",""],["46","","","-","47","","","-","48","","","","","-","-","49","","","50","","","-","-"],["-","-","51","52","","-","-","53","","","","","","54","55","","","","","-","56","57","58"],["-","-","-","59","","60","-","61","","","","-","-","62","","","-","63","","64","","",""],["65","66","67","","-","68","69","","","-","-","70","71","","","","72","-","73","","","",""],["74","","","","-","75","","","-","76","77","","","","","-","78","79","","","","",""],["80","","","-","81","","","-","82","","","","","","","-","83","","","-","84","",""],["85","","","86","","","","-","87","","","","","","-","88","","","-","89","","",""],["90","","","","","-","91","92","","","","","-","-","93","","","","-","94","","",""],["95","","","","","96","-","97","","","-","-","98","99","","","-","100","101","","-","-","-"],["102","","","-","103","","104","","","","105","106","","","","","-","-","107","","108","-","-"],["-","-","109","110","","","","","-","-","111","","","","","-","112","113","","-","114","115","116"],["117","118","","","-","119","","","120","-","121","","","","-","122","","","","-","123","",""],["124","","","","-","125","","","","126","","","","","127","","","","","-","128","",""],["129","","","","130","-","-","-","131","","","","-","-","132","","","","-","133","","",""],["134","","","","","-","135","136","","","","-","137","138","","","","","139","","","",""],["140","","","","","-","141","","","","","-","142","","","","","-","143","","","",""],["144","","","","","-","145","","","","","-","146","","","","","-","147","","","",""]],"clues":{"1a":"Corrupt","6a":"Dupe","11a":"Rope materials","16a":"Measures","21a":"Li'l one","22a":"San Antonio attraction","23a":"Profit","24a":"De Valera of Ireland","25a":"Creature not yet found?","27a":"Celebrated tightwad of old","28a":"Meander","29a":"Zurich's and Zug's locale","30a":"North Carolina college","31a":"K follower","32a":"\"West Side Story\" girl","33a":"Actress Thompson","34a":"Meat, fruit, honey?","40a":"Wall fixture","41a":"It may be dead","42a":"TV's Dame ___ Everage","43a":"Up-to-the-minute","44a":"Photo add-on","45a":"Gets an A","46a":"Escort","47a":"Sailor's interjections","48a":"De Brunhoff's pachyderm","49a":"Spiritualist's device","51a":"Sequel title start","53a":"Cluck, crow, gobble, peep?","56a":"Poop deck's place","59a":"Tool handle wood","61a":"Forfeit","62a":"Directional suffix","63a":"Fixed","65a":"Pharisees, e.g.","68a":"Not nearby","70a":"Rings","73a":"Some game pieces","74a":"Yups' opposites","75a":"Workman's wheels","76a":"Sardines players","78a":"Kind of call","80a":"Ear: Prefix","81a":"Crystallize","82a":"Misbehaving antelopes?","83a":"Galena, e.g.","84a":"Scratch (out)","85a":"Auto summonses?","87a":"They hardly give a hoot","88a":"Defect","89a":"Still-life subject","90a":"___ Gay (W.W. II plane)","91a":"Lamb products","93a":"Kind of bread","94a":"See 58 Down","95a":"\"The ___ Class\" (O'Toole)","97a":"\"___ on parle francais\"","98a":"One-on-one sport","100a":"Easter preceder","102a":"Hot-tub locale","103a":"Uninvited swine?","107a":"Daily index, with \"the\"","109a":"Cleric, e.g.","111a":"Spreads","112a":"Oda ___ (Whoopi's role in \"Ghost\")","114a":"Hoo-ha","117a":"Nautical heading","119a":"Followers of printemps","121a":"Jurist Robert","122a":"Piquancy","123a":"Stole","124a":"Cougar","125a":"Biting, chest-thumping, roaring?","128a":"Brother","129a":"Choreographer Moiseyev et al.","131a":"Track competition","132a":"Ship sailed by Tiphys","133a":"Rock 'n' roll pioneer Freed","134a":"Former \"Masterpiece Theatre\" host","135a":"Keys in","137a":"Ranching that's growing by leaps and bounds?","140a":"Advantages","141a":"Hilly districts, to Brits","142a":"Saw","143a":"Al ___ (way to cook pasta)","144a":"Bank claims","145a":"More than big","146a":"Reach","147a":"Pundits","1d":"\"Hot\" ones","2d":"Chisholm Trail stop","3d":"Without restraint","4d":"Capone foe","5d":"Chemical prefix","6d":"Loose overcoats","7d":"Cave temple site in India","8d":"Golfer ___ Stewart","9d":"Presidential monogram","10d":"Near miss in tic-tac-toe","11d":"Aria for Carmer","12d":"Six-time U.S. Open champ","13d":"Praying one","14d":"A.T.M. access","15d":"Vulpine","16d":"Fashion line","17d":"South Florida city","18d":"Cuddly farm animal?","19d":"\"Every Breath You Take\" group, with \"the\"","20d":"Dastards","26d":"Impoverished","31d":"___ detector","34d":"The slightest amount, informally","35d":"Deli dishes","36d":"Marten","37d":"Adjust","38d":"Actress ___ Flynn Boyle","39d":"Some parties","48d":"Churl","50d":"Irritate","52d":"Toasted ___","53d":"Spanish dessert","54d":"Political family of India","55d":"Flagrant","57d":"Spotted","58d":"Canopies for 94 Across","60d":"First president of the Czech Republic","64d":"Distress","65d":"Sleep disturbers","66d":"Consumed","67d":"Brown ruminant?","69d":"Bogus","70d":"Bounds","71d":"Minimal change","72d":"Reconnoiter","76d":"Michener novel","77d":"Without forethought","79d":"It has many stops","81d":"Ricochet","82d":"\"The Garden of Earthly Delights\" artist","86d":"Clay today","88d":"Catafalque","89d":"Zaragoza's river","92d":"Carrie, for one","93d":"Pierre's pois","96d":"\"Peer Gynt\" composer","98d":"Film critic Roger","99d":"Sprite of Irish folklore","101d":"\"The Country Girl\" playwright","104d":"Concerning","105d":"___ oblige","106d":"Show smugness","108d":"Equivocating","110d":"Give heed","112d":"Simenon sleuth","113d":"Giant automaker supplier","115d":"He said \"Everybody wants to get into da act\"","116d":"Sevilles, e.g.","117d":"Of a summit","118d":"\"The Count\" biographee","120d":"___ Simon","122d":"Italian liqueur","126d":"Yorkshire city","127d":"Gem weight","130d":"Units for Sampras","133d":"Perplexed","135d":"Sophia Loren's \"___ Women\"","136d":"London lout","137d":"Harridan","138d":"Juice drink","139d":"Driver's lic. and others"},"answers":{"1a":"TAINT","6a":"REPRO","11a":"HEMPS","16a":"STEPS","21a":"ABNER","22a":"ALAMO","23a":"AVAIL","24a":"EAMON","25a":"MISSINGLYNX","27a":"BENNY","28a":"AMBLE","29a":"ALPS","30a":"ELON","31a":"MART","32a":"MARIA","33a":"LEA","34a":"BEARESSENTIALS","40a":"RACK","41a":"END","42a":"EDNA","43a":"LATE","44a":"STAT","45a":"ACES","46a":"SEE","47a":"AYS","48a":"BABAR","49a":"TRANCE","51a":"SON","53a":"FOWLLANGUAGE","56a":"AFT","59a":"ASH","61a":"LOSE","62a":"ERN","63a":"STABLE","65a":"SECT","68a":"AFAR","70a":"ECHOES","73a":"TILES","74a":"NAHS","75a":"VAN","76a":"HIDERS","78a":"COLLECT","80a":"OTO","81a":"GEL","82a":"BADGNUS","83a":"ORE","84a":"EKE","85a":"RECALLS","87a":"OWLETS","88a":"BUG","89a":"EWER","90a":"ENOLA","91a":"ESSAYS","93a":"PITA","94a":"BEDS","95a":"RULING","97a":"ICI","98a":"EPEE","100a":"NOR","102a":"SPA","103a":"CRASHINGBOAR","107a":"DOW","109a":"THEIST","111a":"OLEOS","112a":"MAE","114a":"ADO","117a":"ALEE","119a":"ETES","121a":"BORK","122a":"SALT","123a":"FUR","124a":"PUMA","125a":"GORILLATACTICS","128a":"FRA","129a":"IGORS","131a":"MEET","132a":"ARGO","133a":"ALAN","134a":"COOKE","135a":"TYPES","137a":"HARERAISING","140a":"ASSET","141a":"WOLDS","142a":"ADAGE","143a":"DENTE","144a":"LIENS","145a":"OBESE","146a":"GETAT","147a":"SAGES","1d":"TAMALES","2d":"ABILENE","3d":"INSPADES","4d":"NESS","5d":"TRI","6d":"RAGLANS","7d":"ELLORA","8d":"PAYNE","9d":"RMN","10d":"OOX","11d":"HABANERA","12d":"EVERT","13d":"MANTIS","14d":"PIN","15d":"SLY","16d":"SEAM","17d":"TAMARAC","18d":"EMBRACEABLEEWE","19d":"POLICE","20d":"SNEAKS","26d":"NEEDY","31d":"METAL","34d":"BEANS","35d":"SLAWS","36d":"SABLE","37d":"ATTUNE","38d":"LARA","39d":"STAGS","48d":"BOOR","50d":"NETTLE","52d":"OATS","53d":"FLAN","54d":"NEHRUS","55d":"GROSS","57d":"FLECKED","58d":"TESTERS","60d":"HAVEL","64d":"AIL","65d":"SNORERS","66d":"EATENUP","67d":"CHOCOLATEMOOSE","69d":"FALSE","70d":"EDGES","71d":"CENT","72d":"SCOUT","76d":"HAWAII","77d":"IDLY","79d":"ORGAN","81d":"GLANCE","82d":"BOSCH","86d":"ALI","88d":"BIER","89d":"EBRO","92d":"SISTER","93d":"PEAS","96d":"GRIEG","98d":"EBERT","99d":"POOKA","101d":"ODETS","104d":"ASTO","105d":"NOBLESSE","106d":"GLOAT","108d":"WAFFLING","110d":"HEARKEN","112d":"MAIGRET","113d":"ALCOA","115d":"DURANTE","116d":"ORANGES","117d":"APICAL","118d":"LUGOSI","120d":"SIMPLE","122d":"STREGA","126d":"LEEDS","127d":"CARAT","130d":"SETS","133d":"ASEA","135d":"TWO","136d":"YOB","137d":"HAG","138d":"ADE","139d":"IDS"}}