{"numbers":[["1","2","3","4","5","-","6","7","8","9","-","10","11","12","13"],["14","","","","","-","15","","","","-","16","","",""],["17","","","","","18","","","","","19","","","",""],["20","","","","","","","","","-","21","","","",""],["-","-","-","-","22","","","","-","23","","","","",""],["24","25","26","27","","","-","-","28","","","","-","-","-"],["29","","","","-","-","30","31","","","","-","32","33","34"],["35","","","","36","37","","","","","","38","","",""],["39","","","-","40","","","","","-","-","41","","",""],["-","-","-","42","","","","-","-","43","44","","","",""],["45","46","47","","","","-","48","49","","","-","-","-","-"],["50","","","","","-","51","","","","","52","53","54","55"],["56","","","","","57","","","","","","","","",""],["58","","","","-","59","","","","-","60","","","",""],["61","","","","-","62","","","","-","63","","","",""]],"clues":{"1a":"Extreme point in an orbit","6a":"\"Hogan's Heroes\" extra","10a":"Cole ___","14a":"Hayes's predecessor","15a":"Arabian sultanate","16a":"___ colada","17a":"Cecil B. DeMille epic, with \"The\"","20a":"Prohibition oasis?","21a":"Pilgrim John","22a":"What a ring lacks","23a":"\"Finally!\"","24a":"On ship","28a":"Plate scrapings","29a":"In a moment","30a":"Peculiar","32a":"Fast plane","35a":"English-French conflict beginning 1337","39a":"Greek vowel","40a":"Bay window","41a":"Prefix with pilot","42a":"\"Scram!\"","43a":"Went in a hurry","45a":"South American plains","48a":"Shock","50a":"___ acid","51a":"Jerk","56a":"What 17-Across had","58a":"Tooth pain","59a":"Los Angeles 11","60a":"Skater's figure","61a":"\"The ___ the limit\"","62a":"Relative of the heckelphone","63a":"Teacher's charge","1d":"10-percenters: Abbr.","2d":"Get ready, informally","3d":"Of sound mind","4d":"Native Peruvian","5d":"\"Dracula\" author Bram","6d":"Wanderer","7d":"Gather","8d":"Wacky","9d":"Neither Rep. nor Dem.","10d":"Takes part in a bee","11d":"One of the McCartneys","12d":"Opening bets","13d":"Jimmy Dorsey's \"___ It You?\"","18d":"Repair","19d":"Make a difference","23d":"Sills song","24d":"Late tennis V.I.P.","25d":"Title ___","26d":"Mrs. Chaplin","27d":"Also","28d":"Pitcher Hershiser","30d":"Revise copy","31d":"Potato feature","32d":"Done laps","33d":"Surfeit","34d":"Trampled","36d":"Florid","37d":"Times to write about","38d":"___ Paulo, Brazil","42d":"Treats with malice","43d":"Bantu people","44d":"\"Just a moment...\"","45d":"Drug-yielding plants","46d":"\"Alas and ___\"","47d":"Netted","48d":"Sad sack","49d":"The ones over there","51d":"Knife","52d":"Drop in a letter box","53d":"Actress Swenson","54d":"Old English letters","55d":"Beach-storming vessels: Abbr.","57d":"To and ___"},"answers":{"1a":"APSIS","6a":"NAZI","10a":"SLAW","14a":"GRANT","15a":"OMAN","16a":"PINA","17a":"TENCOMMANDMENTS","20a":"SPEAKEASY","21a":"ALDEN","22a":"ENDS","23a":"ATLAST","24a":"ABOARD","28a":"ORTS","29a":"SOON","30a":"EERIE","32a":"SST","35a":"HUNDREDYEARSWAR","39a":"ETA","40a":"ORIEL","41a":"AUTO","42a":"SCAT","43a":"ZOOMED","45a":"CAMPOS","48a":"STUN","50a":"OLEIC","51a":"SCHLEMIEL","56a":"CASTOFTHOUSANDS","58a":"ACHE","59a":"RAMS","60a":"EIGHT","61a":"SKYS","62a":"OBOE","63a":"CLASS","1d":"AGTS","2d":"PREP","3d":"SANE","4d":"INCA","5d":"STOKER","6d":"NOMAD","7d":"AMASS","8d":"ZANY","9d":"IND","10d":"SPELLS","11d":"LINDA","12d":"ANTES","13d":"WASNT","18d":"MEND","19d":"MATTER","23d":"ARIA","24d":"ASHE","25d":"BOUT","26d":"OONA","27d":"AND","28d":"OREL","30d":"EDIT","31d":"EYE","32d":"SWUM","33d":"SATE","34d":"TROD","36d":"ROCOCO","37d":"ERAS","38d":"SAO","42d":"SPITES","43d":"ZULU","44d":"ONESEC","45d":"COCAS","46d":"ALACK","47d":"MESHY","48d":"SCHMO","49d":"THOSE","51d":"STAB","52d":"MAIL","53d":"INGA","54d":"EDHS","55d":"LSTS","57d":"FRO"}}