{"numbers":[["1","2","3","4","-","5","6","7","8","9","-","10","11","12","13"],["14","","","","-","15","","","","","-","16","","",""],["17","","","","18","","","","","","-","19","","",""],["20","","","","","","","","-","21","22","","","",""],["-","-","-","23","","","","-","24","","","","","",""],["25","26","27","","","","-","28","","","","","-","-","-"],["29","","","","","-","30","","","","","-","31","32","33"],["34","","","","","35","","","","","","36","","",""],["37","","","-","38","","","","","-","39","","","",""],["-","-","-","40","","","","","-","41","","","","",""],["42","43","44","","","","","-","45","","","","-","-","-"],["46","","","","","","-","47","","","","","48","49","50"],["51","","","","-","52","53","","","","","","","",""],["54","","","","-","55","","","","","-","56","","",""],["57","","","","-","58","","","","","-","59","","",""]],"clues":{"1a":"\"Amo, ___, I love a lass\"","5a":"Rowing crew","10a":"Nickname for Barbara","14a":"Whip","15a":"Something to plight","16a":"Tennis score","17a":"Dickens classic","19a":"Neighborhood","20a":"Not fresh, as water","21a":"Cry in \"Arsenic and Old Lace\"","23a":"Goes out, in a card game","24a":"Millet subject","25a":"Ships' cranes","28a":"Pipe type","29a":"Pisces's follower","30a":"Use the Osterizer","31a":"Hauler's truck","34a":"Shaw classic","37a":"Gal of song","38a":"\"___ my case!\"","39a":"___ Mongolia","40a":"Is the worrywart","41a":"Olympics ceremony song","42a":"Peruvian pack animals","45a":"O.T. book","46a":"Scale's reading","47a":"He-man's display","51a":"Sham","52a":"Vincent Price classic","54a":"Applications","55a":"Eroded","56a":"Revenue","57a":"For fear that","58a":"Clown's prop, at times","59a":"British gun","1d":"Priests' robes","2d":"Ice cream treat","3d":"Cruising","4d":"More like far-fetched dog stories?","5d":"Alien and Frome","6d":"Jeremy of stage and screen","7d":"Pain in the joints","8d":"Altitudes: Abbr.","9d":"Jail, slangily","10d":"Market","11d":"Decorate","12d":"Hardly a show of self-restraint","13d":"Villain's look","18d":"Opposite of a purl","22d":"Boss of bosses","24d":"Adjective for Alexander","25d":"Dits' counterparts, in Morse code","26d":"Neighborhood","27d":"Pharmacist's container","28d":"\"God ___\" (sneeze response)","30d":"Makes java","31d":"The Bambino","32d":"Words of understanding","33d":"Seed","35d":"Whispers","36d":"Wins the strongman contest","40d":"Most wise","41d":"Immigrant's giveaway","42d":"Dire","43d":"Rent","44d":"Toll roads","45d":"Artist's stand","47d":"Conductor Riccardo","48d":"Take a swipe at","49d":"Earn","50d":"Clumsy ones?","53d":"___ bran"},"answers":{"1a":"AMAS","5a":"EIGHT","10a":"BABS","14a":"LASH","15a":"TROTH","16a":"ADIN","17a":"BLEAKHOUSE","19a":"ZONE","20a":"STAGNANT","21a":"CHARGE","23a":"GINS","24a":"GLEANER","25a":"DAVITS","28a":"BRIAR","29a":"ARIES","30a":"BLEND","31a":"RIG","34a":"HEARTBREAKHOUSE","37a":"SAL","38a":"IREST","39a":"OUTER","40a":"STEWS","41a":"ANTHEM","42a":"ALPACAS","45a":"ECCL","46a":"WEIGHT","47a":"MACHISMO","51a":"FAKE","52a":"HOUSEOFWAX","54a":"USES","55a":"EATEN","56a":"TAKE","57a":"LEST","58a":"STILT","59a":"STEN","1d":"ALBS","2d":"MALT","3d":"ASEA","4d":"SHAGGIER","5d":"ETHANS","6d":"IRONS","7d":"GOUT","8d":"HTS","9d":"THECLINK","10d":"BAZAAR","11d":"ADORN","12d":"BINGE","13d":"SNEER","18d":"KNITSTITCH","22d":"HEADHONCHO","24d":"GREAT","25d":"DAHS","26d":"AREA","27d":"VIAL","28d":"BLESS","30d":"BREWS","31d":"RUTH","32d":"ISEE","33d":"GERM","35d":"BREATHES","36d":"OUTLIFTS","40d":"SAGEST","41d":"ACCENT","42d":"AWFUL","43d":"LEASE","44d":"PIKES","45d":"EASEL","47d":"MUTI","48d":"SWAT","49d":"MAKE","50d":"OXEN","53d":"OAT"}}