{"numbers":[["1","2","3","4","-","5","6","7","8","9","-","10","11","12","13"],["14","","","","-","15","","","","","-","16","","",""],["17","","","","-","18","","","","","-","19","","",""],["20","","","","21","","","","-","22","23","","","",""],["-","-","-","24","","","","-","25","","","","-","-","-"],["26","27","28","","","","-","29","","","","","30","31","32"],["33","","","","","-","34","","","","-","-","35","",""],["36","","","","-","37","","","","","-","38","","",""],["39","","","-","-","40","","","","-","41","","","",""],["42","","","43","44","","","","-","45","","","","",""],["-","-","-","46","","","","-","47","","","","-","-","-"],["48","49","50","","","","-","51","","","","","52","53","54"],["55","","","","-","56","57","","","","-","58","","",""],["59","","","","-","60","","","","","-","61","","",""],["62","","","","-","63","","","","","-","64","","",""]],"clues":{"1a":"Under the weather","5a":"Dog-tired","10a":"With 19-Across, a pillar of the Bible","14a":"\"Damn Yankees\" role","15a":"Weeper","16a":"Woodwind","17a":"Sci. course","18a":"Tonkin Delta city","19a":"See 10-Across","20a":"See notepad","22a":"Aristotle's campus","24a":"Dealer's car","25a":"Dog's bane","26a":"Pixie","29a":"See notepad","33a":"Listens to","34a":"Lunchtime handful","35a":"___ v. Wade","36a":"Pilots' \"due points\": Abbr.","37a":"Khartoum's land","38a":"Lowly worker","39a":"Designer Norman ___ Geddes","40a":"Clothed","41a":"Dynamite","42a":"See notepad","45a":"Twits","46a":"Bowery ___","47a":"Sacred","48a":"Moola","51a":"See notepad","55a":"\"Deutschland ___ alles\"","56a":"Doughnut, e.g.","58a":"Oratorio solo","59a":"Martin nickname","60a":"Separate","61a":"Miss Durbeyfield","62a":"British carbine","63a":"Kathie Lee's co-host","64a":"Blue-pencil","1d":"Mine waste","2d":"One of the Hebrides","3d":"Auel subject","4d":"Summer serenaders","5d":"Plan","6d":"Madrid museum","7d":"Wilhelm's one","8d":"Art style prefix","9d":"National debt figure","10d":"Lite","11d":"Award since 1956","12d":"Protein-rich edible","13d":"Look to be","21d":"Shea squad","23d":"Urge","25d":"Capacitor unit","26d":"Yemen of old","27d":"Mr. Benchley","28d":"Domain","29d":"Silver Star, e.g.","30d":"Expanses","31d":"Wild West justice","32d":"Parking lot mementos","34d":"Maui dances","37d":"Curved sword","38d":"Sandbox friend","41d":"___ Labs","43d":"Fairy king","44d":"Jamaican export","45d":"Banquet recitations","47d":"Muslim nymph","48d":"Toggery","49d":"Sad news item","50d":"Artist Magritte","51d":"Rocky height","52d":"Angry","53d":"Pending, as a legal decree","54d":"Bridge seat","57d":"Unlock, in verse"},"answers":{"1a":"SICK","5a":"SPENT","10a":"LOTS","14a":"LOLA","15a":"CRIER","16a":"OBOE","17a":"ANAT","18a":"HANOI","19a":"WIFE","20a":"GANYMEDE","22a":"LYCEUM","24a":"DEMO","25a":"FLEA","26a":"SPRITE","29a":"MAINLAND","33a":"HEEDS","34a":"HERO","35a":"ROE","36a":"ETAS","37a":"SUDAN","38a":"PEON","39a":"BEL","40a":"CLAD","41a":"BLAST","42a":"ARMORIAL","45a":"TEASES","46a":"BUMS","47a":"HOLY","48a":"DOREMI","51a":"COALMINE","55a":"UBER","56a":"TORUS","58a":"ARIA","59a":"DINO","60a":"APART","61a":"TESS","62a":"STEN","63a":"REGIS","64a":"EDIT","1d":"SLAG","2d":"IONA","3d":"CLAN","4d":"KATYDIDS","5d":"SCHEME","6d":"PRADO","7d":"EINE","8d":"NEO","9d":"TRILLION","10d":"LOWCAL","11d":"OBIE","12d":"TOFU","13d":"SEEM","21d":"METS","23d":"YEN","25d":"FARAD","26d":"SHEBA","27d":"PETER","28d":"REALM","29d":"MEDAL","30d":"AREAS","31d":"NOOSE","32d":"DENTS","34d":"HULAS","37d":"SCIMITAR","38d":"PLAYMATE","41d":"BELL","43d":"OBERON","44d":"RUM","45d":"TOASTS","47d":"HOURI","48d":"DUDS","49d":"OBIT","50d":"RENE","51d":"CRAG","52d":"IRED","53d":"NISI","54d":"EAST","57d":"OPE"}}