{"numbers":[["1","2","3","4","5","-","6","7","8","9","10","-","11","12","13"],["14","","","","","-","15","","","","","-","16","",""],["17","","","","","18","","","","","","-","19","",""],["20","","","","","","","-","-","-","21","22","","",""],["-","-","-","-","-","23","","24","25","26","","","-","-","-"],["-","27","28","29","30","","","","","","","","31","32","-"],["33","","","","","-","34","","","","-","35","","","36"],["37","","","","","38","-","-","-","39","40","","","",""],["41","","","","-","42","43","44","45","-","46","","","",""],["-","47","","","48","","","","","49","","","","","-"],["-","-","-","50","","","","","","","-","-","-","-","-"],["51","52","53","","","-","-","-","54","","55","56","57","58","59"],["60","","","-","61","62","63","64","","","","","","",""],["65","","","-","66","","","","","-","67","","","",""],["68","","","-","69","","","","","-","70","","","",""]],"clues":{"1a":"Rational belief in God","6a":"Tee off","11a":"Terrorist's weapon","14a":"Addled","15a":"Scout master?","16a":"Brief time","17a":"Forgiving country singer?","19a":"B.O. announcement","20a":"Ruler measure","21a":"Ruth topper, 1974","23a":"Smith or Jones","27a":"Sick country singer?","33a":"Radii neighbors","34a":"Dueling method","35a":"Energy source","37a":"Doubles team member","39a":"Fix the shower wall","41a":"Attention","42a":"Flintstones pet","46a":"Seiko competitor","47a":"Tired country singer?","50a":"Likes immediately","51a":"Put down","54a":"Modern site of ancient Illyria","60a":"Coffee server","61a":"Comical country singer?","65a":"In the past","66a":"Ham it up","67a":"Bare","68a":"Gaining currency?","69a":"80's TV sleuths Jonathan and Jennifer","70a":"Accouterment","1d":"Pedestal part","2d":"007's alma mater","3d":"Spot in the ocean","4d":"Auto-","5d":"Cinco de ___ (Mexican holiday)","6d":"Height","7d":"Scenic-view spot","8d":"Purpose","9d":"From ___Z","10d":"Address for a French friend","11d":"SALT participant","12d":"Close (in on)","13d":"Symbol","18d":"Nosegay","22d":"Bubble machine","24d":"Dr. Dre's specialty","25d":"Laugh maker Louis","26d":"Declare","27d":"Ewe said it!","28d":"Mural starter","29d":"Bemoans","30d":"Grazing site","31d":"Practical","32d":"Cobbled","33d":"Mom's bro","36d":"Tex- ___ (cooking style)","38d":"Minn. neighbor","40d":"Palindromic preposition","43d":"Mineral suffix","44d":"Fraternity characters","45d":"Pump numbers","48d":"God, in Judaism","49d":"Rheinland city","51d":"Wharf","52d":"Press","53d":"In the near future","55d":"Combo","56d":"Way off","57d":"Microwave, in slang","58d":"Fateful day","59d":"Tags on","62d":"Singer Sumac","63d":"Negative correlative","64d":"Giant star"},"answers":{"1a":"DEISM","6a":"STEAM","11a":"UZI","14a":"ATSEA","15a":"TONTO","16a":"SEC","17a":"DOLLYPARDON","19a":"SRO","20a":"ONEFOOT","21a":"AARON","23a":"SURNAME","27a":"BILLYRAYVIRUS","33a":"ULNAE","34a":"EPEE","35a":"ATOM","37a":"NETMAN","39a":"RETILE","41a":"CARE","42a":"DINO","46a":"ROLEX","47a":"TANYATUCKERED","50a":"TAKESTO","51a":"QUASH","54a":"ALBANIA","60a":"URN","61a":"WYNONNAFUDD","65a":"AGO","66a":"EMOTE","67a":"NAKED","68a":"YEN","69a":"HARTS","70a":"DRESS","1d":"DADO","2d":"ETON","3d":"ISLE","4d":"SELF","5d":"MAYO","6d":"STATURE","7d":"TOR","8d":"END","9d":"ATO","10d":"MONAMI","11d":"USSR","12d":"ZERO","13d":"ICON","18d":"POSY","22d":"AERATOR","24d":"RAP","25d":"NYE","26d":"AVER","27d":"BLEAT","28d":"INTRA","29d":"LAMENTS","30d":"LEA","31d":"UTILE","32d":"SOLED","33d":"UNC","36d":"MEX","38d":"NDAK","40d":"ERE","43d":"ITE","44d":"NUS","45d":"OCTANES","48d":"YAHWEH","49d":"KOLN","51d":"QUAY","52d":"URGE","53d":"ANON","55d":"BAND","56d":"AFAR","57d":"NUKE","58d":"IDES","59d":"ADDS","62d":"YMA","63d":"NOR","64d":"OTT"}}