{"numbers":[["1","2","3","4","5","6","7","8","9","-","10","11","12","13","14"],["15","","","","","","","","","-","16","","","",""],["17","","","","","","","","","-","18","","","",""],["19","","","","-","20","","","","21","-","22","","",""],["23","","","","24","-","-","25","","","26","","","-","-"],["-","-","-","27","","28","29","","-","30","","","","31","-"],["32","33","34","-","35","","","","36","","","","","","37"],["38","","","39","-","40","","","","","-","41","","",""],["42","","","","43","","","","","","44","-","45","",""],["-","46","","","","","-","47","","","","48","-","-","-"],["-","-","49","","","","50","","-","-","51","","52","53","54"],["55","56","","","-","57","","","58","59","-","60","","",""],["61","","","","62","-","63","","","","64","","","",""],["65","","","","","-","66","","","","","","","",""],["67","","","","","-","68","","","","","","","",""]],"clues":{"1a":"Collectible coin","10a":"Mescal source","15a":"First efforts at compromise","16a":"Tied up","17a":"Communicate","18a":"Actor John","19a":"Broad beam","20a":"Plus","22a":"___ cloth (lingerie fabric)","23a":"Togetherness","25a":"Astronaut's supply","27a":"Web-footed bird","30a":"Overweight one","32a":"Turntable extension","35a":"Kind of book","38a":"Part of a Clue accusation","40a":"Earthy deposits","41a":"Car job","42a":"Kingmaker","45a":"Old veterans' org.","46a":"Onetime record label","47a":"Bullion","49a":"Buddhist teaching","51a":"Sheet of rock","55a":"Some MOMA art","57a":"Sweetly, in music","60a":"Anne McCaffrey's dragon world","61a":"Conjointly","63a":"Bit of trouble","65a":"Novelist Wyndham ___","66a":"Transmit, as to a satellite","67a":"Whaler's spear","68a":"Oiler locale","1d":"Scottish author James et al.","2d":"Brooks of \"Spenser: For Hire\"","3d":"Accept","4d":"Montmartre money","5d":"List shortener","6d":"Kirlian photography phenomenon","7d":"\"Napoleon at Eylau\" painter","8d":"Fugard play, with \"A\"","9d":"Favorite of Elizabeth","10d":"Like","11d":"Accelerator","12d":"It bit Marlon Brando","13d":"Blue vessel","14d":"Actress Purviance","21d":"Composed","24d":"In ___ signo vinces (ancient motto)","26d":"Belly","28d":"\"My Man Godfrey\" star","29d":"Come from ___","31d":"Island NE of Corsica","32d":"Torn-collage artist","33d":"Crucifix","34d":"Annihilated","36d":"Actress Sommer","37d":"Poetic adverb","39d":"Wrench user","43d":"Satcom co.","44d":"Politicked","48d":"Stopped","50d":"One of the Roman Fates","52d":"___-Bismol","53d":"Introduction","54d":"___-temps (interval): Fr.","55d":"\"The Corn Is Green\" Oscar nominee","56d":"On the briny","58d":"Kind of following","59d":"Elbe feeder","62d":"Nationality ending","64d":"Medical grp."},"answers":{"1a":"HALFEAGLE","10a":"AGAVE","15a":"OVERTURES","16a":"LACED","17a":"GETACROSS","18a":"ASTIN","19a":"GRIN","20a":"ASSET","22a":"PINA","23a":"SYNCH","25a":"OXYGEN","27a":"SOLAN","30a":"PUDGE","32a":"ARM","35a":"COFFEETABLE","38a":"ROOM","40a":"MARLS","41a":"LUBE","42a":"POWERBROKER","45a":"GAR","46a":"DECCA","47a":"METAL","49a":"DHARMA","51a":"NAPPE","55a":"DADA","57a":"DOLCE","60a":"PERN","61a":"ASONE","63a":"ROUGHSPOT","65a":"LEWIS","66a":"TELEMETER","67a":"LANCE","68a":"ASTRODOME","1d":"HOGGS","2d":"AVERY","3d":"LETIN","4d":"FRANCS","5d":"ETC","6d":"AURA","7d":"GROS","8d":"LESSONFROMALOES","9d":"ESSEX","10d":"ALA","11d":"GASPEDAL","12d":"ACTINGBUG","13d":"VEIN","14d":"EDNA","21d":"TYPESET","24d":"HOC","26d":"GUT","28d":"LOMBARD","29d":"AFAR","31d":"ELBA","32d":"ARP","33d":"ROOD","34d":"MOWEDDOWN","36d":"ELKE","37d":"EER","39d":"MECHANIC","43d":"RCA","44d":"RAN","48d":"LAPSED","50d":"MORTA","52d":"PEPTO","53d":"PROEM","54d":"ENTRE","55d":"DALL","56d":"ASEA","58d":"CULT","59d":"EGER","62d":"ESE","64d":"HMO"}}