{"numbers":[["1","2","3","4","5","6","7","8","9","-","-","10","11","12","13"],["14","","","","","","","","","-","15","","","",""],["16","","","","","","","","","-","17","","","",""],["18","","","-","19","","","","","20","","-","21","",""],["22","","","-","23","","","","","","","24","","-","-"],["-","-","-","25","","","","-","26","","","","","27","28"],["-","29","30","","","","","31","-","-","-","32","","",""],["33","","","","","-","34","","35","-","36","","","",""],["37","","","","-","-","-","38","","39","","","","","-"],["40","","","","41","42","43","-","44","","","","-","-","-"],["-","-","45","","","","","46","","","","-","47","48","49"],["50","51","","-","52","","","","","","","-","53","",""],["54","","","55","","-","56","","","","","57","","",""],["58","","","","","-","59","","","","","","","",""],["60","","","","-","-","61","","","","","","","",""]],"clues":{"1a":"Comic strip pianist","10a":"Defraud","14a":"London district","15a":"Bond man","16a":"Andrew Jackson's home, with \"the\"","17a":"The \"her\" of \"Leave Her to Heaven\"","18a":"Entanglement","19a":"Incites","21a":"Man of tomorrow","22a":"Roman art","23a":"\"The French Connection\" locale","25a":"Recipe words","26a":"Discards","29a":"Gulf and jet, e.g.","32a":"Legislature","33a":"Koln's river","34a":"Bow to gravity","36a":"\"Blubber\" writer","37a":"They're charged","38a":"Thanksgiving services","40a":"Dutch statesman Hugo","44a":"Blue Jays or Cardinals, e.g.","45a":"High-up apparatchik","47a":"Medical suffix","50a":"Basketball's Manute ___","52a":"Trumpet blast","53a":"Stylus","54a":"Eocene, for one","56a":"Finally had some luck","58a":"Corner","59a":"Three-time U.S. Open tennis champ","60a":"Common dog's name","61a":"Volunteer's place","1d":"Pronunciation symbol","2d":"Bronx ___","3d":"Parsley, sage, rosemary and thyme","4d":"Piston","5d":"Site of Eastern iniquity","6d":"\"CHiPs\" star","7d":"Parses, in a way","8d":"Just beats","9d":"___ Pieces","10d":"The sun","11d":"Body of members of equal authority","12d":"Field","13d":"Darn","15d":"___ Park, N.J.","20d":"Upton Sinclair novel","24d":"\"The Icarus Agenda\" author","25d":"Prefix with \"crat\"","27d":"Fixes the length of","28d":"Sault ___ Marie","29d":"Restaurateur Toots","30d":"Coffee break time","31d":"Didn't stir","33d":"Predetermine the outcome","35d":"Sunbathes","36d":"Not worth quitting over","39d":"Advice column start","41d":"\"Oh, now ___ bad guy!\"","42d":"Actress Thurman","43d":"Choir director's exhortation","46d":"Range","47d":"Says \"one club,\" maybe","48d":"Fort ___, Fla.","49d":"Talus site","50d":"Automotive pioneer","51d":"One of TV's Taylors","55d":"1969 Broadway hit","57d":"Legal matters"},"answers":{"1a":"SCHROEDER","10a":"SCAM","14a":"CHEAPSIDE","15a":"MOORE","16a":"HERMITAGE","17a":"ELLEN","18a":"WEB","19a":"URGESON","21a":"LAD","22a":"ARS","23a":"MARSEILLE","25a":"ADDA","26a":"SLOUGHS","29a":"STREAMS","32a":"DIET","33a":"RHEIN","34a":"SAG","36a":"BLUME","37a":"IONS","38a":"TEDEUMS","40a":"GROTIUS","44a":"TEAM","45a":"COMMISSAR","47a":"OMA","50a":"BOL","52a":"TANTARA","53a":"PEN","54a":"EPOCH","56a":"GOTABREAK","58a":"NICHE","59a":"IVANLENDL","60a":"ZEKE","61a":"TENNESSEE","1d":"SCHWA","2d":"CHEER","3d":"HERBS","4d":"RAM","5d":"OPIUMDEN","6d":"ESTRADA","7d":"DIAGRAMS","8d":"EDGES","9d":"REESES","10d":"SOL","11d":"COLLEGIUM","12d":"AREA","13d":"MEND","15d":"MENLO","20d":"OIL","24d":"LUDLUM","25d":"ARISTO","27d":"HEMS","28d":"STE","29d":"SHOR","30d":"TENOCLOCK","31d":"SAT","33d":"RIG","35d":"GETSATAN","36d":"BEARABLE","39d":"DEARANN","41d":"IMTHE","42d":"UMA","43d":"SINGIT","46d":"STOVE","47d":"OPENS","48d":"MEADE","49d":"ANKLE","50d":"BENZ","51d":"OPIE","55d":"CHE","57d":"RES"}}