{"numbers":[["1","2","3","4","5","6","7","-","8","9","10","11","12","13","14","-","15","16","17","18","19"],["20","","","","","","","-","21","","","","","","","-","22","","","",""],["23","","","","","","","24","","","","","","","","-","25","","","",""],["26","","","","-","27","","","","-","28","","","","-","29","","","","",""],["30","","","","31","-","32","","","33","","-","34","","35","","","-","-","-","-"],["-","-","36","","","37","-","38","","","-","39","","","","","","40","41","42","43"],["44","45","","","","","-","46","","","47","","","","","-","48","","","",""],["49","","","","","","50","-","-","51","","","-","52","","53","","","","",""],["54","","","-","55","","","56","57","","","","58","-","59","","","","","",""],["60","","","61","-","62","","","","-","63","","","64","-","65","","","-","-","-"],["66","","","","67","-","68","","","69","","","","","70","-","71","","72","73","74"],["-","-","-","75","","76","-","77","","","","-","78","","","79","-","80","","",""],["81","82","83","","","","84","-","85","","","86","","","","","87","-","88","",""],["89","","","","","","","90","-","91","","","-","-","92","","","93","","",""],["94","","","","","-","95","","96","","","","97","98","-","99","","","","",""],["100","","","","","101","","","","","-","102","","","-","103","","","","-","-"],["-","-","-","-","104","","","","","-","105","","","","106","-","107","","","108","109"],["110","111","112","113","","","-","114","","115","","-","116","","","117","-","118","","",""],["119","","","","","-","120","","","","","121","","","","","122","","","",""],["123","","","","","-","124","","","","","","","-","125","","","","","",""],["126","","","","","-","127","","","","","","","-","128","","","","","",""]],"clues":{"1a":"Blurred","8a":"Straighten, as the legs","15a":"Of a minor domain","20a":"Cassava dish","21a":"Little Warsaw, e.g.","22a":"Missouri tributary","23a":"Extra effort","25a":"Hereditary factors","26a":"Barrels","27a":"Wizened","28a":"Prefix with meter or motor","29a":"Senior","30a":"Author profiled in \"Shadowlands\"","32a":"River of Amiens","34a":"Botanical suffix","36a":"Moola","38a":"Baths","39a":"Dum-dum","44a":"Like Coast Guard rescues","46a":"1953 Ricardo Montalban western","48a":"Country singer Steve","49a":"Excuse","51a":"Welcome uncivilly","52a":"Show excitement","54a":"___ Fail (ancient crowning stone)","55a":"Medicinal doses","59a":"Gorge","60a":"Ex-superpower","62a":"Blackthorn","63a":"Easily imposed upon","65a":"South American monkey","66a":"Thin layer","68a":"Changing pitch","71a":"Editor's marks","75a":"Steve Martin song \"King ___\"","77a":"Not a neatnik","78a":"Cigarette substances","80a":"Invitation notation","81a":"Another finisher","85a":"Amplify","88a":"Osaka O.K.","89a":"Funnel-shaped flowers","91a":"Mod ending","92a":"Piano composition","94a":"Perform","95a":"Lacking support","99a":"Laundry stinker","100a":"Square element","102a":"Dance in France","103a":"Appropriate","104a":"Playwright Ayckbourn et al.","105a":"Desert lilies","107a":"Car style","110a":"Murder, e.g.","114a":"TV host John","116a":"Singer James","118a":"Columnist Bombeck","119a":"Cutting out","120a":"Monopolize","123a":"Himalayan kingdom","124a":"Make unnecessary","125a":"\"The Doctor in Spite of Himself\" dramatist","126a":"Tea treat","127a":"Kind of diving","128a":"\"The End of the World\" singer Davis","1d":"Unbelievable bargain","2d":"\"My Dinner with Andre\" director Louis","3d":"1970 Creedence Clearwater Revival hit","4d":"Most underhanded","5d":"Sticky stuff","6d":"Old French coins","7d":"Gertrude and Ophelia, e.g.","8d":"Fast-paced","9d":"Japanese drama","10d":"One of baseball's Boyers","11d":"Kimono","12d":"Unusually narrow, in a way","13d":"No-show job","14d":"Blue","15d":"Fairway description","16d":"Played for a fool","17d":"Bamboo stalk","18d":"Years and years","19d":"For fear that","24d":"Refuse","29d":"Light-colored wood","31d":"Ice fall","33d":"Dance in 4/4 time","35d":"Bargain model: Prefix","37d":"Takes to the limit","39d":"Danish change","40d":"Former Canadian P.M. Wilfrid","41d":"Highland tongue","42d":"Dog dogger","43d":"Experiment","44d":"Top-notch","45d":"Relative of 41 Down","47d":"Aussie flyer","50d":"Drying powder","53d":"Boob tubes","56d":"Old French coins","57d":"Celebrated hostess Mesta","58d":"Former Pac. pact","61d":"Prepare tabloid pictures","64d":"Trunk bulge","67d":"Petrify","69d":"Architectural spiral","70d":"Snatch","72d":"Leslie Caron film, with \"The\"","73d":"Duck","74d":"Peeping Tom","76d":"___ chi (meditative exercise)","79d":"German city","81d":"Mimic","82d":"Film maker Riefenstahl","83d":"Unaccompanied","84d":"U.S.-Mex.-Can. concordat","86d":"Wide receiver Don","87d":"Inventor Howe","90d":"Coming","93d":"Pelee Island location","96d":"Not down a break, in tennis","97d":"Herbal quaff","98d":"One of the deadly sins","101d":"Shifty","105d":"Skating gold medalist John et al.","106d":"Parts of pipes","108d":"\"That's ___\"","109d":"First to spot a comet, usually","110d":"Strikes out","111d":"Head honcho","112d":"Contemporary of Tu Fu","113d":"Son of Judah","115d":"Slight person","117d":"One way to run","120d":"Atlantic food fish","121d":"66, e.g.: Abbr.","122d":"Staffordshire product"},"answers":{"1a":"SMUDGED","8a":"UNCROSS","15a":"DUCAL","20a":"TAPIOCA","21a":"POLONIA","22a":"OSAGE","23a":"ELBOWGREASE","25a":"GENES","26a":"ALOT","27a":"SERE","28a":"TELE","29a":"OLDEST","30a":"LEWIS","32a":"SOMME","34a":"ACEAE","36a":"GELT","38a":"SPA","39a":"KNUCKLEHEAD","44a":"AIRSEA","46a":"SOMBRERO","48a":"EARLE","49a":"PRETEXT","51a":"BOO","52a":"ENTHUSES","54a":"LIA","55a":"TEASPOONS","59a":"OVEREAT","60a":"USSR","62a":"SLOE","63a":"MEEK","65a":"SAI","66a":"SHEET","68a":"CURVEBALL","71a":"DELES","75a":"TUT","77a":"SLOB","78a":"TARS","80a":"RSVP","81a":"ALSORAN","85a":"ELABORATE","88a":"HAI","89a":"PETUNIAS","91a":"ULE","92a":"BALLADE","94a":"ENACT","95a":"FOOTLESS","99a":"DIAPER","100a":"RIGHTANGLE","102a":"BAL","103a":"TAKE","104a":"ALANS","105a":"SEGOS","107a":"SEDAN","110a":"FELONY","114a":"TESH","116a":"ETTA","118a":"ERMA","119a":"AXING","120a":"CORNERTHEMARKET","123a":"NEPAL","124a":"OBVIATE","125a":"MOLIERE","126a":"SCONE","127a":"DEEPSEA","128a":"SKEETER","1d":"STEAL","2d":"MALLE","3d":"UPAROUNDTHEBEND","4d":"DIRTIEST","5d":"GOO","6d":"ECUS","7d":"DANES","8d":"UPTEMPO","9d":"NOH","10d":"CLETE","11d":"ROBE","12d":"ONELANE","13d":"SINECURE","14d":"SAD","15d":"DOGLEGLEFT","16d":"USED","17d":"CANE","18d":"AGES","19d":"LEST","24d":"DROSS","29d":"OAK","31d":"SLEET","33d":"MAMBO","35d":"ECONO","37d":"TAXES","39d":"KRONER","40d":"LAURIER","41d":"ERSE","42d":"FLEA","43d":"TEST","44d":"APLUS","45d":"IRISH","47d":"BOOMERANG","50d":"TALC","53d":"TVS","56d":"SOUS","57d":"PERLE","58d":"SEATO","61d":"RETOUCH","64d":"KNAR","67d":"TURNTOSTONE","69d":"VOLUTE","70d":"GRAB","72d":"LSHAPEDROOM","73d":"EVADE","74d":"SPIER","76d":"TAI","79d":"STADT","81d":"APER","82d":"LENI","83d":"STAG","84d":"NAFTA","86d":"BEEBE","87d":"ELIAS","90d":"SOONTOBE","93d":"LAKEERIE","96d":"ONSERVE","97d":"SAGETEA","98d":"SLOTH","101d":"SLY","105d":"SHEAS","106d":"STEMS","108d":"AMORE","109d":"NAMER","110d":"FANS","111d":"EXEC","112d":"LIPO","113d":"ONAN","115d":"SNIP","117d":"AMOK","120d":"COD","121d":"RTE","122d":"ALE"}}