{"numbers":[["1","2","3","4","5","-","6","7","8","9","-","10","11","12","13"],["14","","","","","-","15","","","","-","16","","",""],["17","","","","","-","18","","","","-","19","","",""],["20","","","","","21","","","","","22","","","-","-"],["23","","","","-","24","","","-","-","25","","","26","-"],["-","-","-","27","28","","","-","29","30","","","","","31"],["32","33","34","","","","-","35","","","","-","36","",""],["37","","","","","","38","","","","","39","","",""],["40","","","-","41","","","","-","42","","","","",""],["43","","","44","","","","-","45","","","","-","-","-"],["-","46","","","","-","-","47","","","-","48","49","50","51"],["-","-","52","","","53","54","","","","55","","","",""],["56","57","","","-","58","","","","-","59","","","",""],["60","","","","-","61","","","","-","62","","","",""],["63","","","","-","64","","","","-","65","","","",""]],"clues":{"1a":"___ Rica","6a":"Job for Perry Mason","10a":"Career summary","14a":"Top grade","15a":"\"___ We Got Fun?\"","16a":"Son of Seth","17a":"Jockey's handful","18a":"Govt. agent","19a":"Mounties: Abbr.","20a":"Meaningful silence","23a":"Prominent features of Alfred E. Neuman","24a":"Carnaval site","25a":"Shrimpish","27a":"University of Maryland player","29a":"Stumble","32a":"Antigone's sister","35a":"Mongolian desert","36a":"The Monkees' \"___ Believer\"","37a":"1987 Edward James Olmos film","40a":"Actor Chaney","41a":"Miner profits?","42a":"Guinea pig or groundhog","43a":"Emily Dickinson's hometown","45a":"Air freshener scent","46a":"Nixon and Schroeder","47a":"Black-eyed item","48a":"Shows approval","52a":"Film in which Hayley Mills played twins","56a":"Ballet leap","58a":"One of the Menendez brothers","59a":"Gaucho gear","60a":"Elliptical","61a":"Look","62a":"Last word of fairy tales","63a":"Cravings","64a":"Flexible Flyer, for one","65a":"Press secretary Dee Dee","1d":"___ diem (seize the day)","2d":"Puccini product","3d":"More like a fox","4d":"Filament material","5d":"Org.","6d":"Tabby treat","7d":"\"We ___ please\"","8d":"Breeze","9d":"Mediterranean spouter","10d":"Against","11d":"Stimulus","12d":"Mix of westerns","13d":"Venomous viper","21d":"Debts","22d":"Greek vowel","26d":"It's south of Saudi Arabia","28d":"Sign a check","29d":"Stylish, in the 60's","30d":"Basque, e.g.","31d":"Hair splitter","32d":"Mallorca, por ejemplo","33d":"Lively dance","34d":"Whisky-vermouth cocktail","35d":"Mdse.","38d":"Place to meet following a tennis match","39d":"Pick out of a lineup","44d":"Mertz and Merman","45d":"Looked too soon","47d":"Cracker Jack bonus","49d":"Speechify","50d":"Library gadget","51d":"Trains, in a way","53d":"Cribbage counters","54d":"Asia's ___ Sea","55d":"Streetcar","56d":"\"The ___ Luck Club\"","57d":"Night before"},"answers":{"1a":"COSTA","6a":"CASE","10a":"VITA","14a":"APLUS","15a":"AINT","16a":"ENOS","17a":"REINS","18a":"TMAN","19a":"RCMP","20a":"PREGNANTPAUSE","23a":"EARS","24a":"RIO","25a":"PUNY","27a":"TERP","29a":"MISSTEP","32a":"ISMENE","35a":"GOBI","36a":"IMA","37a":"STANDANDDELIVER","40a":"LON","41a":"ORES","42a":"RODENT","43a":"AMHERST","45a":"PINE","46a":"PATS","47a":"PEA","48a":"NODS","52a":"THEPARENTTRAP","56a":"JETE","58a":"ERIK","59a":"RIATA","60a":"OVAL","61a":"GAZE","62a":"AFTER","63a":"YENS","64a":"SLED","65a":"MYERS","1d":"CARPE","2d":"OPERA","3d":"SLIER","4d":"TUNGSTEN","5d":"ASSN","6d":"CATNIP","7d":"AIMTO","8d":"SNAP","9d":"ETNA","10d":"VERSUS","11d":"INCENTIVE","12d":"TOM","13d":"ASP","21d":"ARREARS","22d":"UPSILON","26d":"YEMEN","28d":"ENDORSE","29d":"MOD","30d":"IBERIAN","31d":"PART","32d":"ISLA","33d":"STOMP","34d":"MANHATTAN","35d":"GDS","38d":"NET","39d":"IDENTIFY","44d":"ETHELS","45d":"PEEKED","47d":"PRIZE","49d":"ORATE","50d":"DATER","51d":"SPARS","53d":"PEGS","54d":"ARAL","55d":"TRAM","56d":"JOY","57d":"EVE"}}