{"numbers":[["1","2","3","4","-","5","6","7","8","-","9","10","11","12","13"],["14","","","","-","15","","","","-","16","","","",""],["17","","","","18","","","","","19","","","","",""],["20","","","-","21","","","","-","22","","","","",""],["-","-","-","23","","","","-","24","","","","-","-","-"],["25","26","27","","","","-","28","","","","","29","30","31"],["32","","","","","","33","","","","","-","34","",""],["35","","","","-","-","36","","","-","-","37","","",""],["38","","","-","39","40","","","","41","42","","","",""],["43","","","44","","","","","-","45","","","","",""],["-","-","-","46","","","","-","47","","","","-","-","-"],["48","49","50","","","","-","51","","","","-","52","53","54"],["55","","","","","","56","","","","","57","","",""],["58","","","","","-","59","","","","-","60","","",""],["61","","","","","-","62","","","","-","63","","",""]],"clues":{"1a":"Not fully shut","5a":"Penalty","9a":"Ragu competitor","14a":"Richness","15a":"Irish Rose lover","16a":"Prepared potatoes, in a way","17a":"POUND","20a":"Denials","21a":"Computer insert","22a":"Discharges","23a":"Earring site","24a":"\"Ain't She Sweet?\" composer","25a":"Guarantee","28a":"Scottish Highlander","32a":"RAND","34a":"Knock the socks off","35a":"Away from the wind","36a":"Sorority character","37a":"Muslim officers","38a":"Calif. neighbor","39a":"SCHILLING","43a":"Love-lies-bleeding, for one","45a":"Parsons' places","46a":"Inventor Rubik","47a":"\"The Sweetest Taboo\" singer","48a":"Timmy's dog","51a":"Pulitzer winner Quindlen","52a":"Take to court","55a":"YEN","58a":"Really hurt","59a":"Iron or foot preceder","60a":"Singer Pinza","61a":"Servings of ale","62a":"Profits, informally","63a":"Antiprohibitionists","1d":"Wyoming's Simpson","2d":"O'Casey play \"___ and the Paycock\"","3d":"Turning point","4d":"\"Losing My Religion\" rock group","5d":"Bullet size","6d":"More than flabby","7d":"Swim's alternative","8d":"Gumshoe","9d":"Offspring","10d":"Stairway parts","11d":"Old French coins","12d":"Goldfinger portrayer Frobe","13d":"Lyric poems","18d":"Think the world of","19d":"Permitted","23d":"Time co-founder","24d":"To whom a caliph prays","25d":"Turkish city","26d":"Western capital","27d":"1983 Indy winner Tom","28d":"Work behind the plate","29d":"Biblical gift bearer","30d":"Cognizant","31d":"Hornets' homes","33d":"Fistfight","37d":"Bad marks?","39d":"Rinds","40d":"English novelist Hammond ___","41d":"Flow forth","42d":"Detection device","44d":"Take offense at","47d":"Move stealthily","48d":"Speech impediment","49d":"Prefix with skid","50d":"Throw for a loop","51d":"Jean Auel heroine","52d":"Capacity","53d":"Military group","54d":"Selves","56d":"Small lizard","57d":"Unused"},"answers":{"1a":"AJAR","5a":"COST","9a":"PREGO","14a":"LUXE","15a":"ABIE","16a":"RICED","17a":"ANIMALENCLOSURE","20a":"NOS","21a":"DISK","22a":"EGESTS","23a":"LOBE","24a":"AGER","25a":"ASSURE","28a":"CLANSMAN","32a":"DANCERSALLY","34a":"AWE","35a":"ALEE","36a":"ETA","37a":"AGAS","38a":"NEV","39a":"PITCHERCURT","43a":"AMARANTH","45a":"MANSES","46a":"ERNO","47a":"SADE","48a":"LASSIE","51a":"ANNA","52a":"SUE","55a":"INTENSEYEARNING","58a":"STUNG","59a":"FLAT","60a":"EZIO","61a":"PINTS","62a":"TAKE","63a":"WETS","1d":"ALAN","2d":"JUNO","3d":"AXIS","4d":"REM","5d":"CALIBER","6d":"OBESE","7d":"SINK","8d":"TEC","9d":"PROGENY","10d":"RISERS","11d":"ECUS","12d":"GERT","13d":"ODES","18d":"ADORE","19d":"LEGAL","23d":"LUCE","24d":"ALLAH","25d":"ADANA","26d":"SALEM","27d":"SNEVA","28d":"CATCH","29d":"MAGUS","30d":"AWARE","31d":"NESTS","33d":"SETTO","37d":"ACNE","39d":"PARINGS","40d":"INNES","41d":"EMANATE","42d":"RADAR","44d":"RESENT","47d":"SNEAK","48d":"LISP","49d":"ANTI","50d":"STUN","51d":"AYLA","52d":"SIZE","53d":"UNIT","54d":"EGOS","56d":"EFT","57d":"NEW"}}