{"numbers":[["1","2","3","4","5","-","6","7","8","9","-","10","11","12","13"],["14","","","","","-","15","","","","-","16","","",""],["17","","","","","18","","","","","19","","","",""],["20","","","","-","21","","","","-","22","","","",""],["-","-","-","23","24","","","-","25","26","","","-","-","-"],["-","27","28","","","","","29","","","","","30","31","32"],["33","","","","","-","-","34","","","","-","35","",""],["36","","","","-","37","38","","","","-","39","","",""],["40","","","-","41","","","","-","-","42","","","",""],["43","","","44","","","","","45","46","","","","","-"],["-","-","-","47","","","","-","48","","","","-","-","-"],["49","50","51","","","-","52","53","","","-","54","55","56","57"],["58","","","","","59","","","","","60","","","",""],["61","","","","-","62","","","","-","63","","","",""],["64","","","","-","65","","","","-","66","","","",""]],"clues":{"1a":"Horoscope","6a":"Pachacuti was one","10a":"Safety specifications","14a":"Personal care workers","15a":"Dickensian orphan","16a":"Stormy greeting?","17a":"Fat City dwelling?","20a":"Loudness unit","21a":"Jots","22a":"Actor Davis","23a":"Gatsby portrayer, with 36-Across","25a":"Just those of Juan things?","27a":"Outwit, in Fat City?","33a":"Was a busybody","34a":"Gibbons","35a":"Common Market money","36a":"See 23-Across","37a":"Warp","39a":"Parts of matches","40a":"Unstop, poetically","41a":"Germany's ___ Mountains","42a":"Munchkins","43a":"Fat City office attire?","47a":"Bearing","48a":"Inspector","49a":"Sphere, e.g.","52a":"Paraphernalia","54a":"Final words","58a":"Be insincere, in Fat City?","61a":"Crow's-nest cry","62a":"\"Little Sheba\" playwright","63a":"Yellow-fever mosquito","64a":"\"Ladders\" in hose","65a":"Turned gray","66a":"Take by force","1d":"1983 Tony musical","2d":"\"Farmer in the Dell\" syllables","3d":"Arabian Peninsula port","4d":"Prepared leftovers","5d":"General on Chinese menus","6d":"Bonkers","7d":"Requisite","8d":"Zoom-lens shots","9d":"Actor-director Kjellin","10d":"Ballroom glide","11d":"Boating couple","12d":"Actress Conn of \"Benson\"","13d":"Besides","18d":"Bountiful's state","19d":"Despoils","24d":"Old Ford","26d":"Printer's mark","27d":"Plot mathematically","28d":"Place to get down from","29d":"Fabric akin to felt","30d":"Chaucer pilgrim","31d":"Eightsome","32d":"Ado","33d":"Novelist's concern","37d":"Race's end","38d":"Using extortion","39d":"Barely mention","41d":"Johanna Spyri classic","42d":"Canton finish","44d":"Dickinson and Bronte","45d":"Halted","46d":"Rochester's beloved","49d":"Practice a la Marciano","50d":"Kauai neighbor","51d":"Where the Rhone meets the Saone","53d":"Sidle","55d":"Remain","56d":"Finishes the cake","57d":"Examine","59d":"___ mater (brain membrane)","60d":"Like sushi"},"answers":{"1a":"CHART","6a":"INCA","10a":"CODE","14a":"AIDES","15a":"NELL","16a":"HAIL","17a":"THEHOUSEOFLARDS","20a":"SONE","21a":"TADS","22a":"OSSIE","23a":"ALAN","25a":"ESOS","27a":"GETTHEBUTTEROF","33a":"PRIED","34a":"APES","35a":"ECU","36a":"LADD","37a":"TWIST","39a":"SETS","40a":"OPE","41a":"HARZ","42a":"ELVES","43a":"THREEPIECESUET","47a":"MIEN","48a":"EYER","49a":"SOLID","52a":"GEAR","54a":"OBIT","58a":"PAYLIPIDSERVICE","61a":"AHOY","62a":"INGE","63a":"AEDES","64a":"RUNS","65a":"AGED","66a":"WREST","1d":"CATS","2d":"HIHO","3d":"ADEN","4d":"REHEATED","5d":"TSO","6d":"INSANE","7d":"NEED","8d":"CLOSEUPS","9d":"ALF","10d":"CHASSE","11d":"OARS","12d":"DIDI","13d":"ELSE","18d":"UTAH","19d":"LOOTS","24d":"LTD","26d":"STET","27d":"GRAPH","28d":"EIDER","29d":"BAIZE","30d":"REEVE","31d":"OCTET","32d":"FUSS","33d":"PLOT","37d":"TAPE","38d":"WRINGING","39d":"SLUROVER","41d":"HEIDI","42d":"ESE","44d":"EMILYS","45d":"CEASED","46d":"EYRE","49d":"SPAR","50d":"OAHU","51d":"LYON","53d":"EDGE","55d":"BIDE","56d":"ICES","57d":"TEST","59d":"PIA","60d":"RAW"}}