{"numbers":[["1","2","3","4","5","-","-","6","7","8","9","10","11","12","13"],["14","","","","","15","-","16","","","","","","",""],["17","","","","","","-","18","","","","","","",""],["19","","","-","20","","21","","","","","-","22","",""],["23","","","24","-","25","","","","","-","26","","",""],["27","","","","28","-","29","","","-","30","","","",""],["31","","","","","32","-","33","","34","","","","","-"],["-","-","-","35","","","36","-","37","","","","-","-","-"],["-","38","39","","","","","40","-","41","","","42","43","44"],["45","","","","","-","46","","47","-","48","","","",""],["49","","","","-","50","","","","51","-","52","","",""],["53","","","-","54","","","","","","55","-","56","",""],["57","","","58","","","","","-","59","","60","","",""],["61","","","","","","","","-","62","","","","",""],["63","","","","","","","","-","-","64","","","",""]],"clues":{"1a":"Snacks in Santa Rosalia","6a":"Upright","14a":"Aligned","16a":"Elephantine","17a":"Rainier locale","18a":"Globe flattener, in a way","19a":"Interest rate: Abbr.","20a":"Negotiates a puddle","22a":"___ Khan","23a":"Superman's mother","25a":"Lake resort","26a":"Galway Bay isles","27a":"Accommodate","29a":"___ openers","30a":"Positive, for a shutterbug","31a":"Mugged a snoozer","33a":"Husky runners","35a":"Gouda's cousin","37a":"Berlin one","38a":"One kind of clutch","41a":"Sarge, for one","45a":"Playwright-lyricist Comden","46a":"Buff","48a":"Reuniongoer","49a":"Harry Golden's \"___ in America\"","50a":"Watered silk","52a":"___ rug","53a":"Altiplano tuber","54a":"Where Holstein cows originated","56a":"Catch some rays","57a":"Shaven, as a priest's head","59a":"Fix, as boundaries","61a":"Rooming-house convenience","62a":"Foul-ups","63a":"Quiet firework","64a":"\"Hero and Leander\" episode","1d":"Charteris detective Simon ___","2d":"Alligator pear","3d":"Old telephone exchange","4d":"Stop ___ dime","5d":"Slangy instants","6d":"Private eye","7d":"Kind of town","8d":"Think alike","9d":"Resins","10d":"Actress Zadora","11d":"Least of the Great Lakes","12d":"Rallying cries","13d":"Not an easy boss","15d":"Blockhead","21d":"Clod","24d":"More than enough","26d":"It's south of the Caucasus","28d":"Lingerie item","30d":"Tree with edible seeds","32d":"Apply makeup","34d":"Aunts and others","36d":"Ill-fated bullfighter","38d":"Place for brooding","39d":"1996 Olympics site","40d":"Dutch coin","42d":"Notarize","43d":"The eldest Titan","44d":"Most Scroogelike","45d":"Fair constructions","47d":"___ -la-la","50d":"Fable's point","51d":"Tackles' neighbors","54d":"\"The Incredible ___\"","55d":"Hollow","58d":"Time of yr.","60d":"___ and away"},"answers":{"1a":"TACOS","6a":"GOALPOST","14a":"EVENED","16a":"UNGAINLY","17a":"MONACO","18a":"MERCATOR","19a":"PCT","20a":"SLOSHES","22a":"AGA","23a":"LARA","25a":"TAHOE","26a":"ARAN","27a":"ADAPT","29a":"FOR","30a":"PRINT","31a":"ROLLED","33a":"ESKIMOS","35a":"EDAM","37a":"EINE","38a":"HANDBAG","41a":"NONCOM","45a":"BETTY","46a":"NUT","48a":"NIECE","49a":"ONLY","50a":"MOIRE","52a":"AREA","53a":"OCA","54a":"HOLLAND","56a":"TAN","57a":"TONSURED","59a":"DEFINE","61a":"HOTPLATE","62a":"SNAFUS","63a":"SPARKLER","64a":"TRYST","1d":"TEMPLAR","2d":"AVOCADO","3d":"CENTRAL","4d":"ONA","5d":"SECS","6d":"GUMSHOE","7d":"ONEHORSE","8d":"AGREE","9d":"LACS","10d":"PIA","11d":"ONTARIO","12d":"SLOGANS","13d":"TYRANT","15d":"DOLT","21d":"OAF","24d":"APLENTY","26d":"ARMENIA","28d":"TEDDY","30d":"PINON","32d":"DAB","34d":"KIN","36d":"MANOLETE","38d":"HENCOOP","39d":"ATLANTA","40d":"GUILDER","42d":"CERTIFY","43d":"OCEANUS","44d":"MEANEST","45d":"BOOTHS","47d":"TRA","50d":"MORAL","51d":"ENDS","54d":"HULK","55d":"DENT","58d":"SPR","60d":"FAR"}}