{"numbers":[["1","2","3","-","4","5","6","-","-","7","8","9","10","11","-"],["12","","","13","","","","-","14","","","","","","15"],["16","","","","","","","-","17","","","","","",""],["-","18","","","","","-","19","","","-","-","20","",""],["21","","","","","","22","","","","23","-","24","",""],["25","","","","-","-","26","","","-","27","28","","",""],["29","","","-","30","31","","","-","32","","","","",""],["-","-","-","33","","","","","34","","","","-","-","-"],["35","36","37","","","","-","38","","","","-","39","40","41"],["42","","","","","-","43","","","-","-","44","","",""],["45","","","-","46","47","","","","48","49","","","",""],["50","","","-","-","51","","","-","52","","","","","-"],["53","","","54","55","","","-","56","","","","","","57"],["58","","","","","","","-","59","","","","","",""],["-","60","","","","","-","-","61","","","-","62","",""]],"clues":{"1a":"Apple competitor","4a":"Gambler Holliday","7a":"Fifth-century pope","12a":"Green","14a":"The \"S\" in T.S. Eliot","16a":"Men of La Mancha","17a":"Farmer's tipcart","18a":"Cartridge type","19a":"Aviatrix, for short","20a":"Point of no return?","21a":"Hidden theme of this puzzle","24a":"Last word of \"Finnegans Wake\"","25a":"Make an appeal","26a":"White House monogram","27a":"Outfit","29a":"Make an appeal","30a":"Miners' sch.","32a":"Out of sorts","33a":"Friend of 21-Across","35a":"Affected by pollen","38a":"\"Clan of the Cave Bear\" heroine","39a":"Chosen number?","42a":"Anwar's successor","43a":"Pickpocket","44a":"Slangy hello","45a":"New York eng. sch.","46a":"Like 33-Across's apple","50a":"Suffix meaning \"small one\"","51a":"Pack animal?","52a":"Laid-back","53a":"Quick to blush","56a":"London barrister","58a":"Game officials","59a":"Making out","60a":"Hot time in Chile","61a":"Umpteen's ordinal?","62a":"Green lights","1d":"Hosp. hookups","2d":"Doctors often carry them","3d":"Franciscus TV drama of the 60's","4d":"\"Dream Lover\" singer","5d":"With no letup","6d":"Price abbr.","7d":"Material","8d":"Pro follower","9d":"Dog, for short","10d":"Proof goof","11d":"Minimal ante","13d":"A bit obtuse","14d":"Maze word","15d":"Droopy-eyed","19d":"Corset result, perhaps","21d":"Where fat cats get thin","22d":"\"I'm glad that's over!\"","23d":"Sealy rival","28d":"N.H.-Vt. neighbor","30d":"Open","31d":"Whirligig","32d":"Actor Gerard","33d":"Boxer's title, briefly","34d":"Short shot?","35d":"Daphne and hazel","36d":"It's like home?","37d":"Bomber Boomer","39d":"Beethoven's only opera","40d":"Sight saver?","41d":"Peaked","43d":"Cockpit display","44d":"Mrs. Rockefeller","47d":"Former capital of Bolivia","48d":"Underground event","49d":"___ gland","54d":"It ended in 1806: Abbr.","55d":"Two or go follower","56d":"X","57d":"Football linemen: Abbr."},"answers":{"1a":"IBM","4a":"DOC","7a":"STLEO","12a":"VERDANT","14a":"STEARNS","16a":"SENORES","17a":"TUMBREL","18a":"POPIN","19a":"WAF","20a":"ACE","21a":"SEVENDWARFS","24a":"THE","25a":"PRAY","26a":"HST","27a":"EQUIP","29a":"ASK","30a":"UTEP","32a":"GRUMPY","33a":"SNOWWHITE","35a":"SNEEZY","38a":"AYLA","39a":"FEW","42a":"HOSNI","43a":"DIP","44a":"HIYA","45a":"RPI","46a":"POISONLADEN","50a":"ULA","51a":"RAT","52a":"TYPEB","53a":"BASHFUL","56a":"TEMPLAR","58a":"SCORERS","59a":"ESPYING","60a":"ENERO","61a":"NTH","62a":"OKS","1d":"IVS","2d":"BEEPERS","3d":"MRNOVAK","4d":"DARIN","5d":"ONEND","6d":"CTS","7d":"STUFF","8d":"TEM","9d":"LAB","10d":"ERRATUM","11d":"ONECHIP","13d":"DOPEY","14d":"START","15d":"SLEEPY","19d":"WASPWAIST","21d":"SPA","22d":"WHEW","23d":"SERTA","28d":"QUE","30d":"UNZIP","31d":"TOY","32d":"GIL","33d":"SEN","34d":"HYPO","35d":"SHRUBS","36d":"NOPLACE","37d":"ESIASON","39d":"FIDELIO","40d":"EYEBANK","41d":"WAN","43d":"DIALS","44d":"HAPPY","47d":"ORURO","48d":"NTEST","49d":"LYMPH","54d":"HRE","55d":"FER","56d":"TEN","57d":"RGS"}}